Accident_Index,Vehicle_Reference,Vehicle_Type,Towing_and_Articulation,Vehicle_Manoeuvre,Vehicle_Location-Restricted_Lane,Junction_Location,Skidding_and_Overturning,Hit_Object_in_Carriageway,Vehicle_Leaving_Carriageway,Hit_Object_off_Carriageway,1st_Point_of_Impact,Was_Vehicle_Left_Hand_Drive?,Journey_Purpose_of_Driver,Sex_of_Driver,Age_of_Driver,Age_Band_of_Driver,Engine_Capacity_(CC),Propulsion_Code,Age_of_Vehicle,Driver_IMD_Decile,Driver_Home_Area_Type,Vehicle_IMD_Decile
2018610014218,1,9,0,7,0,0,0,0,0,0,2,1,6,2,45,7,1560,2,4,-1,1,-1
2018610014218,2,9,0,18,0,0,0,0,0,0,1,1,6,1,26,6,1968,2,7,-1,1,-1
2018610014318,1,9,0,18,0,0,0,0,7,0,1,1,1,2,18,4,998,1,4,-1,1,-1
2018610014418,1,9,0,17,0,0,0,0,7,0,1,1,1,1,35,6,1998,2,12,-1,1,-1
2018610014418,2,9,0,16,0,0,0,0,0,0,1,1,6,1,28,6,3123,1,12,-1,3,-1
2018610014518,1,9,0,17,0,0,2,0,7,11,1,1,6,1,46,8,1998,1,13,-1,1,-1
2018610014618,1,9,0,7,0,0,0,0,0,0,1,1,1,1,-1,-1,1197,1,7,-1,-1,-1
2018610014618,2,5,0,18,0,0,1,0,5,6,4,1,2,1,-1,-1,899,1,19,-1,-1,-1
2018610014718,1,9,0,2,0,0,0,0,1,11,1,1,6,2,30,6,1799,1,8,-1,1,-1
2018610014718,2,19,0,18,0,0,0,0,0,0,1,1,6,3,-1,-1,-1,-1,-1,-1,-1,-1
2018610014818,1,9,0,18,6,0,0,0,0,0,1,1,6,1,34,6,1753,2,12,-1,1,-1
2018610014818,2,9,0,18,6,0,0,0,0,0,1,1,6,2,48,8,1997,2,7,-1,1,-1
2018610014918,1,9,0,18,0,0,1,0,1,1,4,1,6,1,19,4,1800,1,-1,-1,1,-1
2018610015018,1,9,0,15,0,1,0,7,1,2,1,1,6,1,25,5,1896,2,14,-1,2,-1
2018610015118,1,9,0,17,0,8,2,0,1,11,1,1,2,1,38,7,1995,2,7,-1,1,-1
2018610015218,1,22,4,18,0,0,0,0,0,0,0,1,6,3,-1,-1,-1,-1,-1,-1,-1,-1
2018610015218,2,5,0,18,0,0,0,0,0,0,0,1,6,1,27,6,765,1,-1,7,3,7
2018610015318,1,9,0,18,0,6,0,0,0,0,1,1,6,1,-1,-1,2000,2,13,-1,-1,-1
2018610015318,2,9,0,18,0,1,0,0,0,0,1,1,2,2,31,6,-1,-1,-1,-1,1,-1
2018610015518,1,5,0,4,0,0,1,0,0,0,4,1,6,1,25,5,649,1,10,-1,1,-1
2018610015518,2,9,0,4,0,0,0,0,0,0,3,1,6,2,58,9,-1,-1,-1,-1,1,-1
2018610015618,1,9,0,9,0,1,0,0,0,0,2,1,1,2,50,8,1229,1,5,-1,1,-1
2018610015618,2,9,0,18,0,1,0,0,0,0,1,1,6,1,40,7,1781,1,13,-1,1,-1
2018610015718,1,9,0,18,0,0,1,0,0,0,1,1,6,1,18,4,-1,-1,-1,-1,1,-1
2018610015718,2,9,0,18,0,0,0,0,0,0,1,1,6,1,54,8,1999,2,1,-1,1,-1
2018610015818,1,9,0,18,0,4,0,0,0,0,1,1,6,2,29,6,1997,2,5,-1,-1,-1
2018610015818,2,9,0,3,0,4,0,0,0,0,2,1,6,2,59,9,1498,1,2,-1,-1,-1
2018610015918,1,3,0,18,0,1,0,0,0,0,3,1,6,1,28,6,124,1,7,-1,1,-1
2018610015918,2,9,0,10,0,1,0,0,0,0,1,1,6,1,63,9,1397,1,10,3,1,3
2018610016018,1,9,0,18,0,0,0,0,0,0,1,1,6,2,20,4,1199,1,3,-1,1,-1
2018610016018,2,9,0,18,0,0,0,0,0,0,2,1,6,1,20,4,998,1,3,-1,1,-1
2018610016018,3,9,0,18,0,0,0,0,0,0,2,1,6,2,22,5,1390,1,7,-1,1,-1
2018610016118,1,9,0,18,0,4,1,10,3,1,1,1,6,2,32,6,1995,2,11,-1,2,-1
2018610016218,1,9,0,3,0,3,0,0,0,0,2,1,6,2,52,8,1397,1,10,-1,1,-1
2018610016218,2,9,0,11,0,3,0,0,0,0,1,1,6,1,60,9,1686,2,8,-1,2,-1
2018610016318,1,11,0,4,0,0,0,0,0,0,4,1,1,1,40,7,3900,2,14,-1,1,-1
2018610016318,2,20,0,1,0,0,0,0,0,0,2,1,1,1,42,7,-1,-1,-1,-1,3,-1
2018610016418,1,9,0,7,0,1,0,0,0,0,1,1,6,2,38,7,1124,1,8,-1,-1,-1
2018610016518,1,9,0,18,0,0,0,0,0,0,1,1,6,1,-1,-1,-1,-1,-1,-1,-1,-1
2018610016618,1,9,0,18,0,3,0,10,6,2,1,1,6,2,84,11,1598,1,5,-1,1,-1
2018610016818,1,9,0,7,0,1,0,0,0,0,1,1,2,1,53,8,1895,1,18,-1,3,-1
2018610017018,1,11,0,18,0,8,0,0,0,0,3,1,1,1,-1,-1,-1,-1,-1,-1,1,-1
2018610017018,2,19,0,2,0,8,0,0,0,0,2,1,1,3,-1,-1,-1,-1,-1,-1,-1,-1
2018610017118,1,9,0,17,0,0,0,0,1,11,1,1,2,1,31,6,1998,1,15,-1,1,-1
2018610017218,1,9,4,9,0,1,0,0,0,0,4,1,1,1,52,8,2402,2,9,5,3,5
2018610017218,2,9,0,18,0,1,0,0,0,0,1,1,6,1,72,10,1968,2,5,-1,1,-1
2018610017318,1,9,0,18,0,7,0,0,4,0,2,1,6,1,32,6,-1,-1,-1,-1,1,-1
2018610017318,2,9,0,18,0,1,1,0,4,0,1,1,6,1,20,4,999,1,1,-1,1,-1
2018610017418,1,2,0,17,0,8,0,0,0,0,1,1,6,1,16,4,49,1,6,-1,3,-1
2018610017518,1,9,0,3,0,1,0,0,0,0,1,1,1,1,23,5,1200,1,1,-1,1,-1
2018610017518,2,9,0,18,0,1,0,0,0,0,2,1,4,1,35,6,1560,2,5,-1,1,-1
2018610017618,1,9,0,18,0,0,0,0,1,0,1,1,2,1,-1,-1,1390,1,16,-1,1,-1
2018610017618,2,9,0,18,0,0,0,0,0,0,2,1,2,1,-1,-1,1590,1,23,-1,-1,-1
2018610017718,1,5,0,16,0,4,1,0,0,0,4,1,6,1,26,6,583,1,22,-1,3,-1
2018610017818,1,9,0,16,0,0,1,0,0,0,1,1,6,1,17,4,-1,-1,-1,-1,1,-1
2018610017818,2,9,0,17,0,0,0,0,0,0,1,1,6,1,48,8,1560,2,2,-1,1,-1
2018610017918,1,9,0,18,0,8,0,0,2,11,1,1,6,2,72,10,1124,1,11,-1,3,-1
2018610018018,1,9,0,18,0,0,0,0,0,0,3,1,6,2,28,6,1388,1,11,-1,1,-1
2018610018118,1,9,0,2,0,0,0,0,0,0,0,1,3,1,28,6,1968,2,11,-1,-1,-1
2018610018118,2,19,0,15,0,0,0,0,0,0,3,1,6,1,-1,-1,2148,2,11,-1,-1,-1
2018610018218,1,9,0,18,0,0,0,0,0,0,1,1,1,2,62,9,996,1,1,-1,1,-1
2018610018218,2,19,0,18,0,0,0,0,0,0,1,1,1,1,25,5,2198,2,5,-1,1,-1
2018610018318,1,9,0,5,0,1,0,0,0,0,1,1,6,1,47,8,2179,2,9,-1,1,-1
2018610018318,2,9,0,5,0,1,0,0,0,0,2,1,6,1,76,11,1398,1,7,-1,1,-1
2018610018418,1,9,0,18,0,1,0,0,0,0,1,1,6,1,22,5,1896,2,10,-1,1,-1
2018610018418,2,9,0,18,0,1,0,0,0,0,2,1,6,1,66,10,1399,1,1,-1,1,-1
2018610018518,1,19,0,18,0,1,0,0,0,0,1,1,1,1,30,6,2143,2,7,6,1,6
2018610018518,2,9,0,18,0,1,0,0,0,0,2,1,6,1,30,6,1560,2,3,-1,-1,-1
2018610018618,1,9,0,17,0,0,0,0,0,0,1,1,6,1,45,7,1950,2,2,-1,2,-1
2018610018618,2,9,0,16,0,0,1,0,1,0,1,1,6,1,32,6,1390,1,15,-1,3,-1
2018610018718,1,9,0,17,0,0,2,0,7,0,3,1,2,1,20,4,1360,1,11,-1,3,-1
2018610018818,1,9,0,16,0,2,1,7,4,6,1,1,1,2,28,6,1560,2,8,-1,1,-1
2018610018918,1,9,0,9,0,1,1,0,0,0,1,1,6,2,18,4,998,1,7,-1,2,-1
2018610018918,2,3,0,18,0,1,0,0,0,0,4,1,6,1,20,4,124,1,1,-1,1,-1
2018610019018,1,9,0,18,0,0,0,0,0,0,3,1,6,1,24,5,1591,1,5,-1,-1,-1
2018610019118,1,9,0,18,0,0,0,0,0,0,0,1,6,1,-1,-1,-1,-1,-1,-1,-1,-1
2018610019318,1,9,0,18,0,4,0,0,0,0,1,1,6,2,28,6,1229,1,6,-1,1,-1
2018610019318,2,9,0,3,0,4,0,0,0,0,2,1,6,2,36,7,-1,-1,-1,-1,1,-1
2018610019318,3,9,0,3,0,4,0,0,0,0,2,1,6,1,25,5,1328,1,14,-1,2,-1
2018610019318,4,19,0,3,0,4,0,0,0,0,2,1,6,1,24,5,1461,2,3,-1,1,-1
2018610019418,1,19,0,16,0,4,5,0,7,7,1,1,6,1,39,7,2198,2,5,-1,1,-1
2018610019518,1,9,0,14,0,2,0,0,0,0,4,1,6,1,18,4,1364,1,3,-1,1,-1
2018610019618,1,9,0,16,0,0,0,0,0,0,1,1,6,1,20,4,1968,2,9,-1,1,-1
2018610019618,2,9,0,17,0,0,0,0,0,0,1,1,6,1,24,5,1499,1,-1,-1,-1,-1
2018610019718,1,9,0,18,0,0,0,0,0,0,0,1,2,2,20,4,-1,-1,-1,-1,-1,-1
2018610019718,2,19,0,18,0,0,0,0,0,0,1,1,2,1,50,8,1560,2,5,-1,2,-1
2018610019718,3,9,0,18,0,0,0,0,1,0,1,1,2,1,30,6,1396,1,7,-1,1,-1
2018610019818,1,9,0,18,0,0,1,0,0,0,1,1,6,1,38,7,1798,1,8,7,1,7
2018610019818,2,9,0,18,0,0,0,0,0,0,1,1,6,1,45,7,1968,2,8,-1,1,-1
2018610019918,1,9,0,18,0,0,0,0,0,0,2,1,6,1,43,7,-1,-1,-1,-1,1,-1
2018610019918,2,9,0,18,0,0,0,0,0,0,1,1,6,2,19,4,998,1,-1,-1,1,-1
2018610020018,1,9,0,4,0,0,0,0,0,0,1,1,6,2,60,9,1598,1,5,-1,-1,-1
2018610020018,2,9,0,4,0,0,0,0,0,0,2,1,6,2,36,7,998,1,1,-1,-1,-1
2018610020118,1,1,0,3,0,1,0,0,0,0,3,1,2,1,50,8,-1,-1,-1,-1,1,-1
2018610020118,2,98,0,3,0,1,0,0,0,0,4,1,1,1,-1,-1,-1,-1,-1,-1,-1,-1
2018610020218,1,9,0,2,0,0,0,0,0,0,0,1,6,1,37,7,1998,2,13,-1,1,-1
2018610020218,2,19,0,17,0,0,0,0,0,0,1,1,1,1,58,9,2198,2,4,-1,1,-1
2018610020218,3,1,0,18,0,0,0,0,0,0,0,1,6,1,42,7,-1,-1,-1,-1,1,-1
2018610020318,1,9,0,18,0,3,1,0,0,0,4,1,6,3,-1,-1,-1,-1,-1,-1,-1,-1
2018610020418,1,9,0,10,0,1,0,0,0,0,1,1,6,1,24,5,2143,2,4,-1,-1,-1
2018610020418,2,9,0,2,0,2,0,0,0,0,2,1,6,3,-1,-1,1242,1,11,-1,-1,-1
2018610020418,3,9,0,18,0,8,0,10,0,0,1,1,6,3,-1,-1,1390,1,7,-1,-1,-1
2018610020418,4,9,0,2,0,2,0,0,0,0,2,1,6,3,-1,-1,1910,2,10,-1,-1,-1
2018610020418,5,9,0,2,0,2,0,0,0,0,2,1,6,3,-1,-1,2143,2,2,-1,-1,-1
2018610020518,1,9,0,18,0,8,0,0,0,0,1,1,6,1,22,5,1596,1,7,-1,1,-1
2018610020518,2,9,0,18,0,8,5,0,0,0,4,1,6,1,22,5,1398,1,2,-1,1,-1
2018610020618,1,9,0,18,0,0,0,0,7,0,1,1,6,2,59,9,1560,2,4,-1,2,-1
2018610020618,2,9,0,2,0,0,0,0,0,0,2,1,6,3,-1,-1,1956,2,3,-1,-1,-1
2018610020718,1,9,0,16,0,0,1,6,7,7,1,1,2,1,54,8,-1,-1,-1,-1,2,-1
2018610020918,1,9,0,18,0,7,0,0,0,0,4,1,1,1,25,5,1686,2,12,-1,1,-1
2018610020918,2,1,0,18,0,5,0,0,0,0,4,1,6,1,18,4,-1,-1,-1,-1,1,-1
2018610021018,1,9,0,5,0,2,0,0,0,0,4,1,6,1,21,5,1149,1,10,-1,1,-1
2018610021018,2,2,0,16,0,1,1,0,0,0,1,1,6,1,18,4,125,1,6,-1,1,-1
2018610021018,3,9,0,17,0,1,0,0,0,0,1,1,6,1,75,10,1995,2,16,-1,-1,-1
2018610021118,1,9,0,18,0,0,0,0,0,0,1,1,6,1,-1,-1,1496,2,1,-1,1,-1
2018610021118,2,9,4,18,0,0,0,0,0,0,0,1,6,1,-1,-1,-1,-1,-1,-1,-1,-1
2018610021218,1,9,0,18,0,0,0,0,0,0,4,1,6,2,31,6,1995,2,7,-1,2,-1
2018610021318,1,9,0,5,0,1,0,0,0,0,1,1,6,2,28,6,1248,1,7,-1,3,-1
2018610021318,2,97,0,18,0,2,0,0,0,0,1,1,6,1,58,9,-1,-1,-1,-1,-1,-1
2018610021418,1,19,0,16,0,0,5,0,0,0,0,1,6,1,28,6,1753,2,14,-1,2,-1
2018610021518,1,9,0,18,0,1,0,0,0,0,4,1,6,1,-1,-1,-1,-1,-1,-1,-1,-1
2018610021618,1,9,0,5,0,0,0,0,0,0,0,1,1,2,36,7,1388,1,10,-1,2,-1
2018610021718,1,19,0,4,0,0,0,0,0,0,1,1,1,1,-1,-1,2143,2,3,-1,-1,-1
2018610021718,2,9,0,4,0,0,0,0,0,0,2,1,6,2,46,8,1598,2,3,-1,-1,-1
2018610021818,1,9,0,18,0,0,0,10,0,0,1,1,6,3,-1,-1,1360,1,16,-1,-1,-1
2018610021818,2,9,0,18,0,0,0,0,0,0,4,1,6,2,35,6,1399,2,9,-1,1,-1
2018610021818,3,9,0,2,0,0,0,0,0,0,3,1,6,1,52,8,1596,1,3,-1,1,-1
2018610021918,1,1,0,18,9,0,0,0,0,0,1,1,4,3,-1,-1,-1,-1,-1,-1,-1,-1
2018610022018,1,9,0,2,0,0,0,0,0,0,1,1,6,1,-1,-1,1560,2,2,-1,1,-1
2018610022018,2,9,0,4,0,0,1,0,0,0,2,1,6,2,31,6,1360,1,12,-1,1,-1
2018610022118,1,9,0,9,0,6,0,0,0,0,0,1,3,2,39,7,1598,1,8,-1,1,-1
2018610022118,2,9,0,18,0,1,0,0,0,0,1,1,1,1,42,7,-1,-1,-1,-1,1,-1
2018610022118,3,9,0,7,0,6,0,0,0,0,1,1,6,1,50,8,1596,1,11,-1,1,-1
2018610022118,4,9,0,7,0,1,0,0,0,0,1,1,6,1,49,8,1242,1,14,-1,1,-1
2018610022118,5,9,0,18,0,1,0,0,0,0,1,1,6,1,63,9,1896,2,14,-1,1,-1
2018610022218,1,9,0,1,0,0,0,0,0,0,2,1,6,2,41,7,1910,2,11,-1,-1,-1
2018610022218,2,1,0,18,0,0,0,0,0,0,1,1,6,2,28,6,-1,-1,-1,-1,1,-1
2018610022318,1,9,0,18,0,0,0,0,0,0,1,1,6,1,27,6,1598,2,5,-1,1,-1
2018610022318,2,9,0,18,0,0,0,0,0,0,2,1,6,1,41,7,1598,2,6,-1,1,-1
2018610022418,1,9,0,18,0,0,0,0,0,0,3,1,6,2,49,8,1796,1,10,-1,2,-1
2018610022418,2,9,0,5,0,0,0,0,0,0,1,1,6,1,-1,-1,1968,2,11,-1,-1,-1
2018610022518,1,9,0,18,0,1,0,0,0,0,1,1,6,1,-1,-1,1968,2,4,-1,-1,-1
2018610022518,2,9,0,8,0,1,0,0,0,0,2,1,6,2,-1,-1,1968,2,8,-1,1,-1
2018610022618,1,3,0,17,0,0,1,0,0,0,1,1,2,1,56,9,124,1,2,-1,1,-1
2018610022718,1,9,0,18,0,2,0,0,0,0,1,1,6,2,33,6,1242,1,8,-1,3,-1
2018610022818,1,19,0,18,0,0,0,0,0,0,2,1,1,1,46,8,1587,1,7,-1,1,-1
2018610022818,2,19,0,18,0,0,0,0,0,0,1,1,6,1,31,6,1998,2,14,-1,1,-1
2018610022918,1,1,0,18,9,8,0,0,0,0,2,1,6,1,53,8,-1,-1,-1,-1,-1,-1
2018610022918,2,1,0,18,9,8,0,0,0,0,1,1,6,1,44,7,-1,-1,-1,-1,-1,-1
2018610022918,3,1,0,18,9,8,0,0,0,0,0,1,6,1,39,7,-1,-1,-1,-1,-1,-1
2018610023018,1,9,0,1,9,0,0,0,0,0,2,1,6,1,55,8,1242,1,11,-1,-1,-1
2018610023118,1,2,0,8,0,0,0,0,0,0,1,1,6,1,18,4,50,1,2,-1,2,-1
2018610023218,1,9,0,9,0,6,0,0,7,10,3,1,6,1,38,7,1995,2,1,-1,1,-1
2018610023218,2,5,0,13,0,8,0,0,0,0,1,1,1,1,60,9,998,1,8,-1,1,-1
2018610023318,1,9,0,18,0,8,0,0,0,0,0,1,1,1,54,8,1997,1,14,3,2,3
2018610023318,2,9,0,9,0,6,0,7,7,2,0,1,6,2,62,9,1364,1,2,5,1,5
2018610023418,1,9,0,18,0,0,0,0,0,0,4,1,6,2,32,6,1229,1,6,-1,3,-1
2018610023418,2,9,0,5,0,0,0,0,0,0,1,1,6,1,23,5,1242,1,11,-1,1,-1
2018610023518,1,9,0,18,0,7,0,0,0,0,2,1,6,1,29,6,1398,1,1,-1,1,-1
2018610023518,2,9,0,18,0,7,0,0,0,0,1,1,6,1,-1,-1,-1,-1,-1,-1,-1,-1
2018610023618,1,4,0,18,0,0,0,0,0,0,3,1,6,1,44,7,125,1,2,-1,1,-1
2018610023618,2,4,0,13,0,0,0,0,0,0,4,1,6,1,38,7,125,1,2,-1,1,-1
2018610023718,1,9,0,9,0,6,0,0,0,0,0,1,2,1,35,6,1560,2,4,-1,1,-1
2018610023718,2,1,0,18,0,1,0,0,0,0,0,1,2,1,47,8,-1,-1,-1,-1,2,-1
2018610023818,1,5,0,17,0,1,1,0,0,11,4,1,6,1,52,8,1285,1,1,-1,-1,-1
2018610023818,2,9,0,18,0,6,0,0,0,0,2,1,6,1,31,6,1349,1,9,-1,1,-1
2018610023918,1,9,0,18,0,0,0,0,0,0,1,1,6,3,-1,-1,1753,2,13,-1,-1,-1
2018610023918,2,9,0,18,0,0,0,0,0,0,1,1,6,1,63,9,999,1,6,-1,1,-1
2018610023918,3,9,0,2,0,0,0,4,0,0,3,1,6,3,-1,-1,1086,1,8,-1,-1,-1
2018610023918,4,9,0,2,0,0,0,4,0,0,0,1,6,3,-1,-1,1560,2,4,-1,-1,-1
2018610024018,1,3,0,18,0,1,1,0,0,0,1,1,6,1,24,5,124,1,-1,-1,1,-1
2018610024018,2,9,0,9,0,1,0,0,0,0,3,1,6,2,51,8,1896,2,15,-1,1,-1
2018610024118,1,9,0,17,0,0,0,0,0,0,0,1,6,3,59,9,1798,1,-1,-1,2,-1
2018610024118,2,5,0,16,0,0,0,0,0,0,0,1,6,1,53,8,1164,1,16,-1,3,-1
2018610024218,1,9,0,13,0,0,1,0,0,0,1,1,6,1,34,6,-1,-1,-1,-1,1,-1
2018610024218,2,9,0,18,0,0,1,0,0,0,2,1,6,1,44,7,1461,2,2,-1,1,-1
2018610024218,3,19,0,18,0,0,0,0,0,0,3,1,6,1,30,6,2461,2,11,-1,1,-1
2018610024318,1,9,0,9,0,6,0,0,0,0,4,1,6,2,30,6,-1,-1,-1,-1,1,-1
2018610024318,2,4,0,18,0,1,0,0,0,0,1,1,6,1,-1,-1,321,1,2,-1,-1,-1
2018610024418,1,1,0,18,0,0,0,0,1,0,3,1,6,1,52,8,-1,-1,-1,-1,3,-1
2018610024418,2,9,4,13,0,0,1,0,0,0,4,1,6,1,30,6,2720,2,12,-1,3,-1
2018610024518,1,9,0,18,0,8,0,0,0,0,1,1,2,1,26,6,1686,2,14,-1,1,-1
2018610024518,2,9,0,9,0,5,0,0,0,0,4,1,6,1,19,4,1298,1,18,-1,1,-1
2018610024618,1,9,0,9,0,6,0,0,0,0,4,1,6,1,24,5,-1,-1,-1,-1,-1,-1
2018610024618,2,9,0,18,0,1,0,0,0,0,3,1,4,2,29,6,1242,1,8,-1,1,-1
2018610024718,1,9,0,18,0,3,1,0,0,0,2,1,6,1,53,8,1995,2,1,-1,3,-1
2018610024718,2,19,0,18,0,8,1,0,0,0,1,2,6,3,26,6,-1,-1,-1,-1,-1,-1
2018610024818,1,9,0,17,0,3,0,0,0,0,3,1,6,2,32,6,1390,1,9,-1,1,-1
2018610024818,2,9,0,17,0,3,0,0,0,0,1,1,6,3,-1,-1,-1,-1,-1,-1,-1,-1
2018610024918,1,9,0,13,0,0,0,0,0,0,1,1,1,1,27,6,1331,1,21,-1,1,-1
2018610024918,2,9,0,18,0,0,0,0,1,0,1,1,1,1,61,9,2148,2,14,-1,1,-1
2018610025018,1,9,0,6,8,2,0,0,0,0,3,1,6,1,18,4,1968,2,7,-1,1,-1
2018610025018,2,5,0,18,0,2,1,0,0,0,1,1,6,1,25,5,599,1,7,-1,1,-1
2018610025118,1,19,0,9,0,2,0,0,7,0,4,1,1,1,59,9,2998,2,6,-1,1,-1
2018610025118,2,9,0,18,0,1,1,0,1,0,1,1,6,1,23,5,1896,2,11,-1,1,-1
2018610025218,1,9,0,18,0,1,0,0,0,0,1,1,6,1,32,6,-1,-1,-1,-1,1,-1
2018610025218,2,9,0,9,0,6,0,0,0,0,4,1,6,2,31,6,1329,1,6,-1,3,-1
2018610025318,1,9,0,18,0,0,0,0,0,0,1,1,6,2,44,7,2987,2,4,-1,1,-1
2018610025318,2,9,0,18,0,0,1,0,1,10,1,1,6,2,18,4,1242,1,7,-1,1,-1
2018610025418,1,19,0,17,0,0,0,0,0,0,2,1,6,1,36,7,2402,2,7,5,1,5
2018610025418,2,9,0,16,0,0,5,0,2,10,1,1,6,1,49,8,1598,2,3,-1,1,-1
2018610025518,1,9,0,7,0,7,0,0,0,0,1,1,6,3,-1,-1,-1,-1,-1,-1,-1,-1
2018610025618,1,9,0,2,0,2,0,0,0,0,3,1,6,1,39,7,1598,1,11,-1,1,-1
2018610025618,2,1,0,18,0,1,0,0,0,0,1,1,1,1,46,8,-1,-1,-1,-1,-1,-1
2018610025718,1,9,0,18,0,1,0,0,0,0,1,1,6,3,-1,-1,-1,-1,-1,-1,-1,-1
2018610025718,2,9,0,18,0,2,0,0,0,0,1,1,6,2,50,8,1685,2,3,-1,2,-1
2018610025818,1,9,0,18,0,1,1,0,0,0,1,1,6,2,31,6,1968,2,8,-1,2,-1
2018610025818,2,9,0,9,0,1,1,0,0,0,1,1,6,3,-1,-1,1796,1,16,-1,-1,-1
2018610025918,1,9,0,6,0,6,0,0,0,0,3,1,6,1,77,11,1198,1,1,7,2,7
2018610025918,2,9,0,18,0,1,0,0,0,0,1,1,1,1,52,8,2993,2,8,-1,1,-1
2018610026018,1,9,0,10,0,0,0,0,0,0,2,1,1,1,42,7,-1,-1,-1,-1,2,-1
2018610026018,2,9,0,18,0,0,0,0,0,0,1,1,6,1,29,6,-1,-1,-1,-1,1,-1
2018610026118,1,8,0,9,0,6,0,0,7,0,1,1,6,1,52,8,2143,2,8,-1,3,-1
2018610026118,2,9,0,9,0,5,0,0,0,0,3,1,6,2,51,8,1390,1,7,-1,3,-1
2018610026218,1,9,0,18,0,1,0,7,0,0,1,1,6,1,23,5,-1,-1,-1,-1,1,-1
2018610026218,2,9,0,18,0,1,0,0,0,0,0,1,6,1,-1,-1,-1,-1,-1,-1,-1,-1
2018610026318,1,9,0,18,0,0,0,0,0,0,1,1,6,2,31,6,1896,2,15,-1,1,-1
2018610026318,2,9,0,18,0,0,0,0,1,0,1,1,6,3,-1,-1,1368,1,9,-1,-1,-1
2018610026418,1,9,0,15,0,0,0,0,0,0,3,1,6,3,-1,-1,-1,-1,-1,-1,-1,-1
2018610026418,2,1,0,18,0,0,0,0,0,0,4,1,6,1,48,8,-1,-1,-1,-1,1,-1
2018610026518,1,9,0,17,0,0,1,0,0,0,1,1,6,1,25,5,1984,1,1,-1,1,-1
2018610026518,2,9,0,4,0,0,0,0,0,0,2,2,6,1,21,5,-1,-1,-1,-1,-1,-1
2018610026518,3,9,0,2,9,0,0,0,0,0,2,1,6,2,45,7,1498,1,2,-1,1,-1
2018610026618,1,19,0,18,0,1,0,0,0,0,1,1,6,1,56,9,1560,2,8,5,3,5
2018610026618,2,9,0,3,0,1,0,0,0,0,2,1,6,1,22,5,2993,2,9,-1,3,-1
2018610026618,3,19,0,10,0,1,0,0,0,0,2,1,6,1,23,5,2287,2,7,-1,1,-1
2018610026718,1,9,0,5,0,0,0,0,0,0,0,1,6,1,44,7,3189,1,13,-1,2,-1
2018610026818,1,9,0,18,0,3,0,0,0,0,1,1,6,2,77,11,1242,1,12,-1,2,-1
2018610026818,2,9,0,18,0,4,0,0,0,0,2,1,6,1,71,10,1461,2,1,-1,1,-1
2018610026918,1,9,0,13,0,0,5,0,0,0,1,1,6,1,18,4,1461,2,-1,-1,1,-1
2018610026918,2,9,0,18,0,0,0,0,0,0,1,1,6,1,-1,-1,2993,2,4,-1,1,-1
2018610026918,3,9,0,18,0,0,0,0,0,0,0,1,6,1,44,7,1598,2,5,-1,1,-1
2018610026918,4,9,0,18,0,0,0,0,0,0,2,1,6,1,29,6,1598,2,2,-1,1,-1
2018610027018,1,9,0,18,0,0,0,0,0,0,1,1,1,1,60,9,1597,2,3,4,1,4
2018610027018,2,9,0,4,0,0,0,0,0,0,1,1,2,1,56,9,1298,1,8,-1,1,-1
2018610027018,3,9,0,4,0,0,0,0,0,0,2,1,2,1,32,6,2995,1,9,-1,1,-1
2018610027118,1,9,0,9,0,1,0,0,0,0,1,1,6,2,23,5,-1,-1,-1,-1,2,-1
2018610027218,1,8,0,9,0,5,0,0,0,0,3,1,1,1,28,6,1997,2,8,-1,-1,-1
2018610027318,1,9,0,18,0,1,0,0,0,0,1,1,6,1,35,6,1229,1,5,-1,1,-1
2018610027318,2,8,0,8,0,8,0,0,0,0,1,1,1,1,50,8,2148,2,10,-1,1,-1
2018610027418,1,9,0,18,0,0,0,0,0,0,1,1,6,2,22,5,1598,2,5,-1,2,-1
2018610027418,2,9,0,18,0,0,0,0,0,0,1,1,6,1,71,10,1364,1,10,-1,1,-1
2018610027518,1,9,0,18,0,0,0,0,0,0,3,1,6,2,21,5,-1,-1,-1,-1,2,-1
2018610027618,1,19,0,10,0,1,0,0,0,0,1,1,1,1,30,6,2198,2,4,-1,1,-1
2018610027618,2,9,0,18,0,1,0,0,0,0,1,1,6,1,69,10,1598,1,12,-1,2,-1
2018610027718,1,9,0,18,0,2,0,0,0,0,1,1,6,3,-1,-1,-1,-1,-1,-1,-1,-1
2018610027818,1,9,0,9,0,5,0,0,0,0,2,1,1,1,23,5,1364,1,1,-1,1,-1
2018610027818,2,9,0,18,0,2,0,0,0,0,1,1,2,1,60,9,1242,1,6,-1,3,-1
2018610027918,1,19,0,7,0,3,0,0,0,0,3,1,6,1,42,7,2148,2,12,-1,1,-1
2018610027918,2,9,0,7,0,3,5,0,1,0,4,1,6,2,44,7,1461,2,12,-1,2,-1
2018610028018,1,9,0,18,0,0,0,0,0,0,1,1,6,1,25,5,-1,-1,-1,1,1,1
2018610028018,2,9,0,4,0,0,0,0,0,0,2,1,6,2,23,5,2902,2,12,1,1,1
2018610028118,1,19,0,7,0,1,0,0,0,0,1,1,1,1,38,7,-1,-1,-1,-1,-1,-1
2018610028118,2,9,0,14,0,1,0,0,0,0,3,1,6,2,19,4,1248,1,1,-1,2,-1
2018610028118,3,9,0,2,0,2,0,0,0,0,2,1,6,2,-1,-1,1399,2,10,-1,-1,-1