Accident_Index,Vehicle_Reference,Vehicle_Type,Towing_and_Articulation,Vehicle_Manoeuvre,Vehicle_Location-Restricted_Lane,Junction_Location,Skidding_and_Overturning,Hit_Object_in_Carriageway,Vehicle_Leaving_Carriageway,Hit_Object_off_Carriageway,1st_Point_of_Impact,Was_Vehicle_Left_Hand_Drive?,Journey_Purpose_of_Driver,Sex_of_Driver,Age_of_Driver,Age_Band_of_Driver,Engine_Capacity_(CC),Propulsion_Code,Age_of_Vehicle,Driver_IMD_Decile,Driver_Home_Area_Type,Vehicle_IMD_Decile
2018610028218,1,9,0,18,0,8,0,0,1,7,4,1,2,2,-1,-1,1398,1,8,-1,3,-1
2018610028218,2,9,0,18,0,8,0,0,0,0,1,1,2,1,38,7,1968,2,7,-1,1,-1
2018610028318,1,9,0,9,0,1,0,0,0,0,3,1,6,2,48,8,1587,1,14,-1,3,-1
2018610028318,2,1,0,18,0,1,0,0,0,0,1,1,6,1,50,8,-1,-1,-1,7,3,7
2018610028418,1,8,0,18,0,8,0,0,0,0,1,1,1,1,36,7,1998,2,4,-1,1,-1
2018610028518,1,9,0,9,0,1,0,0,0,0,3,1,6,1,43,7,1461,2,1,-1,1,-1
2018610028518,2,9,0,9,0,1,0,0,0,0,1,1,6,1,73,10,2494,8,2,-1,2,-1
2018610028618,1,9,0,18,0,0,0,0,1,0,1,1,6,2,48,8,1124,1,16,-1,1,-1
2018610028718,1,9,0,5,0,2,0,0,0,0,3,1,6,1,32,6,1388,1,16,-1,1,-1
2018610028718,2,9,0,18,0,2,0,0,0,0,1,1,6,1,55,8,2946,1,11,-1,1,-1
2018610028818,1,9,0,18,0,0,0,0,0,0,0,1,2,2,33,6,1591,1,3,-1,2,-1
2018610028818,2,1,0,18,0,0,0,0,0,0,0,1,6,1,67,10,-1,-1,-1,-1,2,-1
2018610028918,1,9,0,9,0,8,0,0,0,0,1,1,6,1,19,4,1299,1,18,-1,1,-1
2018610028918,2,9,0,18,0,8,0,0,0,0,1,1,2,2,50,8,1560,2,12,-1,3,-1
2018610028918,3,9,0,18,0,8,0,0,0,0,1,1,6,2,55,8,1229,1,6,-1,-1,-1
2018610029018,1,19,0,5,0,0,0,0,0,0,1,1,1,1,44,7,2198,2,5,-1,1,-1
2018610029018,2,11,0,5,0,0,0,0,0,0,1,1,3,1,38,7,5900,2,14,-1,2,-1
2018610029118,1,9,0,18,0,8,1,4,1,11,1,1,2,1,66,10,-1,-1,-1,-1,-1,-1
2018610029118,2,9,0,18,0,8,0,0,0,0,1,1,3,1,39,7,1995,2,1,-1,1,-1
2018610029118,3,9,0,2,9,2,0,4,0,0,0,1,6,1,49,8,1762,1,19,-1,-1,-1
2018610029118,4,9,0,2,9,2,0,0,0,0,0,1,6,1,42,7,-1,-1,-1,-1,-1,-1
2018610029218,1,9,0,13,0,0,0,0,1,11,1,1,6,3,-1,-1,1299,1,16,-1,-1,-1
2018610029218,2,9,0,18,0,0,0,0,1,11,4,1,6,1,42,7,1598,2,7,-1,3,-1
2018610029218,3,9,0,18,0,0,0,0,0,0,0,1,6,2,42,7,1686,2,7,-1,3,-1
2018610029318,1,9,0,18,0,8,0,0,0,0,1,1,6,1,25,5,1753,2,15,-1,1,-1
2018610029318,2,9,0,18,0,8,0,0,0,0,1,1,6,1,-1,-1,2993,2,1,-1,-1,-1
2018610029318,3,9,0,8,0,1,0,0,0,0,1,1,6,1,64,9,1598,2,4,-1,1,-1
2018610029418,1,9,0,13,0,1,5,7,0,0,1,1,6,3,-1,-1,-1,-1,-1,-1,-1,-1
2018610029418,2,19,0,18,0,1,0,0,0,0,2,1,6,1,29,6,2198,2,7,-1,1,-1
2018610029418,3,9,0,18,0,1,0,0,0,0,0,1,1,2,-1,-1,2993,2,3,-1,-1,-1
2018610029518,1,9,0,4,0,0,0,0,0,0,0,1,1,1,70,10,-1,-1,-1,-1,1,-1
2018610029518,2,9,0,18,0,0,0,0,0,0,1,1,6,2,33,6,1461,2,1,-1,-1,-1
2018610029618,1,9,0,12,0,8,0,0,0,0,0,1,6,1,43,7,1560,2,5,-1,1,-1
2018610029618,2,5,0,18,0,8,0,0,0,0,1,1,2,1,48,8,599,1,13,-1,1,-1
2018610029718,1,9,0,9,0,6,0,0,0,0,3,1,2,2,47,8,2179,2,6,-1,1,-1
2018610029718,2,11,0,18,0,1,0,0,0,0,1,1,6,1,-1,-1,3900,2,13,-1,-1,-1
2018610029818,1,9,0,18,9,0,0,0,0,0,1,1,6,3,-1,-1,-1,-1,-1,-1,-1,-1
2018610029918,1,9,0,18,0,0,0,0,0,0,1,1,6,1,34,6,-1,-1,-1,-1,1,-1
2018610030018,1,19,0,18,0,0,0,0,0,0,2,1,6,2,86,11,2402,2,11,-1,-1,-1
2018610030118,1,9,0,4,0,2,0,0,0,0,1,1,6,2,58,9,1398,1,1,-1,1,-1
2018610030118,2,9,0,2,0,2,0,0,0,0,1,1,6,2,52,8,1296,1,12,-1,1,-1
2018610030118,3,9,0,2,0,2,0,0,0,0,1,1,6,2,38,7,1968,2,8,-1,1,-1
2018610030218,1,9,0,9,0,1,0,0,0,0,3,1,6,1,19,4,1299,1,14,-1,1,-1
2018610030218,2,9,0,18,0,2,0,0,0,0,1,1,6,1,65,9,1597,2,1,-1,1,-1
2018610030318,1,9,0,18,0,0,0,0,0,0,1,1,1,1,20,4,1198,1,11,-1,3,-1
2018610030318,2,9,0,18,0,0,0,0,0,0,1,1,6,1,58,9,1395,1,3,-1,1,-1
2018610030418,1,9,0,9,0,5,0,0,0,0,1,1,6,2,35,6,1229,1,5,-1,1,-1
2018610030418,2,1,0,7,0,5,0,0,0,0,1,1,6,1,43,7,-1,-1,-1,-1,-1,-1
2018610030518,1,9,0,18,0,3,0,0,1,0,1,1,6,2,25,5,1248,2,4,-1,1,-1
2018610030518,2,9,0,18,0,3,1,0,0,0,1,1,1,2,28,6,1395,1,-1,-1,-1,-1
2018610030618,1,9,0,18,0,4,0,0,0,0,1,1,6,1,22,5,1229,1,3,-1,1,-1
2018610030618,2,1,0,18,0,3,0,0,0,0,4,1,6,1,67,10,-1,-1,-1,-1,1,-1
2018610030718,1,9,0,4,0,0,0,0,0,0,2,1,6,1,49,8,1560,2,4,-1,1,-1
2018610030718,2,9,0,4,0,0,0,0,0,0,2,1,6,1,69,10,1997,2,18,-1,2,-1
2018610030718,3,9,0,16,0,0,0,0,0,0,1,1,6,2,28,6,2199,2,9,-1,1,-1
2018610030718,4,9,0,18,0,0,0,0,0,0,0,1,1,1,-1,-1,2993,2,4,-1,-1,-1
2018610030818,1,9,0,17,0,0,2,0,7,4,1,1,6,1,21,5,1198,1,12,-1,1,-1
2018610030918,1,9,0,18,0,1,0,0,0,0,3,1,6,1,44,7,1461,2,2,-1,1,-1
2018610030918,2,9,0,18,0,1,0,0,0,0,1,1,6,1,34,6,1998,1,13,-1,1,-1
2018610031018,1,9,3,18,0,0,4,0,0,0,0,1,6,1,68,10,4197,1,11,8,2,8
2018610031018,2,9,0,15,0,0,5,0,0,0,4,1,6,1,71,10,1461,2,1,8,1,8
2018610031118,1,8,0,5,0,1,0,0,0,0,0,1,6,1,-1,-1,-1,-1,-1,-1,-1,-1
2018610031218,1,8,0,18,0,0,0,0,0,0,1,2,6,1,22,5,-1,-1,-1,-1,-1,-1
2018610031218,2,9,0,4,0,0,0,0,0,0,2,1,6,1,56,9,1956,2,4,-1,3,-1
2018610031218,3,9,4,4,0,0,0,0,0,0,2,1,6,1,48,8,1422,2,13,-1,1,-1
2018610031318,1,9,0,18,0,3,0,0,0,0,2,1,2,1,66,10,1560,2,9,-1,-1,-1
2018610031318,2,21,0,11,0,3,0,0,0,0,1,1,6,1,66,10,6692,2,7,-1,-1,-1
2018610031418,1,11,0,5,0,4,0,0,0,0,3,1,6,1,-1,-1,9000,2,7,-1,-1,-1
2018610031418,2,19,0,13,0,4,0,0,0,0,4,1,6,1,-1,-1,-1,-1,-1,-1,-1,-1
2018610031518,1,5,0,18,0,1,1,0,0,0,1,1,6,1,55,8,1250,1,14,-1,1,-1
2018610031518,2,9,0,4,0,1,0,0,0,0,3,1,6,1,55,8,1198,1,8,-1,1,-1
2018610031618,1,9,0,18,9,0,0,0,0,0,0,1,2,2,34,6,1995,2,4,-1,1,-1
2018610031618,2,9,0,2,9,0,0,0,0,0,4,1,6,1,19,4,1364,1,10,-1,1,-1
2018610031718,1,9,0,18,0,0,2,0,0,11,1,1,6,1,35,6,2993,2,11,8,2,8
2018610031818,1,9,0,18,9,1,0,0,0,0,2,1,6,1,74,10,1598,1,12,-1,-1,-1
2018610031918,1,9,0,18,0,0,0,0,0,0,2,1,6,2,24,5,1242,1,-1,9,3,9
2018610031918,2,9,0,18,0,0,1,0,0,0,1,1,6,1,27,6,1390,1,12,-1,1,-1
2018610032018,1,9,0,5,0,4,0,0,0,0,2,1,6,1,52,8,1364,1,10,-1,1,-1
2018610032018,2,9,0,5,0,4,0,0,0,0,1,1,6,2,24,5,1242,1,1,-1,1,-1
2018610032118,1,9,0,5,0,0,0,0,0,0,1,1,6,1,64,9,1896,2,16,-1,1,-1
2018610032118,2,1,0,18,0,0,0,0,0,0,3,1,6,1,48,8,-1,-1,-1,-1,1,-1
2018610032218,1,9,0,18,0,1,0,0,0,0,4,1,6,1,-1,-1,-1,-1,-1,-1,-1,-1
2018610032318,1,9,0,7,0,5,0,0,0,0,1,1,6,3,26,6,1199,1,16,-1,-1,-1
2018610032318,2,9,0,18,0,1,0,0,0,0,1,1,6,1,26,6,1461,2,1,-1,1,-1
2018610032318,3,9,0,2,0,2,0,0,0,0,2,1,6,1,58,9,2148,2,16,-1,1,-1
2018610032418,1,9,0,7,0,5,0,0,0,0,1,1,6,1,38,7,998,1,12,-1,1,-1
2018610032418,2,9,0,5,0,1,0,0,0,0,4,1,6,1,-1,-1,1598,2,2,-1,1,-1
2018610032518,1,9,0,16,0,0,2,0,0,6,1,1,6,2,19,4,1595,1,11,-1,1,-1
2018610032618,1,9,0,9,0,1,0,0,0,0,4,1,6,1,54,8,1364,1,10,-1,1,-1
2018610032618,2,9,0,18,0,1,0,0,0,0,1,1,6,1,50,8,1968,2,11,-1,-1,-1
2018610032718,1,9,0,18,0,7,0,0,0,0,1,1,2,2,38,7,1991,2,12,-1,1,-1
2018610032718,2,9,0,18,0,7,0,10,5,6,2,1,2,2,19,4,1395,1,3,-1,-1,-1
2018610032818,1,9,0,18,0,6,0,0,0,0,1,1,6,1,18,4,1598,1,11,-1,1,-1
2018610032818,2,9,0,18,0,1,0,2,0,0,3,1,6,2,35,6,1999,2,-1,-1,1,-1
2018610032918,1,9,0,6,8,0,0,0,0,0,3,1,6,3,-1,-1,1398,2,16,-1,-1,-1
2018610032918,2,3,0,18,0,0,0,0,0,0,1,1,6,1,18,4,124,1,2,-1,1,-1
2018610033018,1,5,0,4,0,0,0,0,0,0,2,1,2,1,63,9,904,1,22,-1,1,-1
2018610033018,2,9,0,5,0,0,0,0,0,0,1,1,6,1,18,4,2000,2,13,-1,1,-1
2018610033118,1,9,0,2,0,0,0,0,0,0,3,1,6,1,53,8,1997,2,2,-1,1,-1
2018610033118,2,1,0,18,0,0,0,0,0,0,1,1,6,1,53,8,-1,-1,-1,-1,3,-1
2018610033218,1,9,0,16,9,4,1,9,1,11,1,1,6,1,18,4,1968,2,2,-1,3,-1
2018610033318,1,9,0,18,0,0,0,0,0,0,4,1,2,1,41,7,1395,1,1,-1,1,-1
2018610033318,2,1,0,18,0,0,0,0,0,0,2,1,2,1,34,6,-1,-1,-1,-1,1,-1
2018610033418,1,9,0,9,0,6,0,0,0,0,1,1,6,1,75,10,1560,2,9,-1,1,-1
2018610033418,2,9,0,18,0,1,0,0,0,0,1,1,6,1,60,9,4966,1,14,-1,1,-1
2018610033518,1,11,0,14,0,0,0,11,7,10,1,1,1,1,69,10,4249,2,5,-1,1,-1
2018610033518,2,9,0,18,0,0,1,0,0,0,0,1,6,1,32,6,2000,2,14,-1,1,-1
2018610033618,1,19,0,5,0,0,0,0,0,0,0,1,6,3,-1,-1,-1,-1,-1,-1,-1,-1
2018610033718,1,9,0,3,0,0,0,0,0,0,3,1,6,2,37,7,999,1,1,-1,1,-1
2018610033718,2,9,0,5,0,0,0,0,0,0,1,1,6,1,18,4,1395,1,3,-1,-1,-1
2018610033818,1,9,0,9,0,8,0,0,0,0,4,1,6,2,43,7,1198,1,15,-1,-1,-1
2018610033818,2,1,0,18,0,1,1,0,0,0,1,1,6,1,39,7,-1,-1,-1,-1,1,-1
2018610033918,1,8,0,5,0,0,0,0,0,0,1,1,1,1,-1,-1,2231,2,11,-1,-1,-1
2018610034018,1,9,0,1,0,0,0,0,0,0,2,1,6,2,-1,-1,1598,1,-1,-1,-1,-1
2018610034118,1,4,0,17,0,0,1,0,0,0,4,1,6,1,21,5,125,1,2,-1,1,-1
2018610034118,2,9,0,13,0,0,0,0,0,0,0,1,6,1,20,4,1360,1,14,-1,-1,-1
2018610034218,1,19,0,5,9,0,0,0,0,0,3,1,1,1,37,7,2143,2,2,-1,1,-1
2018610034318,1,9,0,3,0,0,0,0,0,0,2,1,6,2,41,7,998,1,2,-1,1,-1
2018610034318,2,9,0,18,0,0,0,0,0,0,1,1,6,1,22,5,1206,1,7,-1,1,-1
2018610034418,1,5,0,15,0,3,0,0,0,0,1,1,6,1,24,5,689,1,2,-1,-1,-1
2018610034418,2,9,0,18,0,3,0,0,0,0,1,1,6,2,38,7,-1,-1,-1,-1,-1,-1
2018610034518,1,9,0,18,0,0,0,0,0,0,0,1,6,2,83,11,-1,-1,-1,-1,1,-1
2018610034518,2,9,0,18,0,0,1,0,5,6,1,1,6,1,23,5,1299,1,16,-1,1,-1
2018610035218,1,9,0,18,0,0,0,0,0,0,1,1,6,1,72,10,1395,1,2,-1,3,-1
2018610035218,2,11,0,18,0,0,1,0,1,4,3,1,1,1,50,8,-1,-1,-1,4,1,4
2018610035318,1,9,0,18,0,0,0,0,2,7,1,1,6,2,21,5,1598,1,15,9,1,9
2018610035418,1,19,0,12,0,3,0,0,0,0,3,1,1,1,54,8,2198,2,5,-1,-1,-1
2018610035418,2,5,0,18,0,3,0,0,0,0,4,1,2,1,48,8,998,1,1,1,1,1
2018610035518,1,9,0,14,0,1,0,0,0,0,1,1,2,2,44,7,998,1,2,-1,1,-1
2018610035518,2,9,0,2,0,1,0,0,0,0,2,1,6,1,18,4,1796,2,5,-1,-1,-1
2018610035718,1,9,0,9,0,2,0,0,0,0,3,1,6,1,20,4,1499,2,3,-1,1,-1
2018610035718,2,9,0,18,0,1,0,0,0,0,1,1,6,1,18,4,998,1,3,-1,1,-1
2018610035818,1,9,0,7,0,8,0,0,0,0,1,1,1,2,36,7,2143,2,2,-1,1,-1
2018610035818,2,2,0,7,0,8,0,0,0,0,2,1,1,1,21,5,49,1,7,-1,1,-1
2018610035918,1,8,0,9,0,1,0,0,0,0,1,1,1,1,55,8,-1,-1,-1,-1,1,-1
2018610035918,2,9,0,18,0,1,0,0,0,0,4,1,6,1,19,4,-1,-1,-1,-1,1,-1
2018610036018,1,9,0,4,0,4,0,0,0,0,2,1,6,1,65,9,-1,-1,-1,-1,1,-1
2018610036018,2,19,0,5,0,4,0,0,0,0,1,1,1,3,-1,-1,1560,2,3,-1,-1,-1
2018610036118,1,9,0,9,0,8,0,0,0,0,1,1,6,1,54,8,1364,1,12,10,1,10
2018610036118,2,9,0,18,0,8,0,0,0,0,3,1,6,1,22,5,2495,2,19,-1,3,-1
2018610036218,1,9,0,18,0,0,0,0,0,0,1,1,6,2,66,10,999,1,9,-1,1,-1
2018610036218,2,9,0,3,0,0,0,0,0,0,2,1,6,1,37,7,1560,2,3,-1,1,-1
2018610036218,3,9,0,3,0,0,0,0,1,0,2,1,6,1,-1,-1,1246,1,12,-1,1,-1
2018610036218,4,9,0,3,0,0,0,0,0,0,2,1,6,1,-1,-1,1998,2,11,-1,1,-1
2018610036318,1,9,0,18,0,0,0,0,0,0,1,1,3,1,30,6,-1,-1,-1,-1,1,-1
2018610036418,1,19,0,18,0,0,1,0,0,0,1,1,1,1,30,6,2298,2,1,-1,1,-1
2018610036418,2,3,0,18,0,0,0,0,0,0,1,1,2,1,-1,-1,125,1,4,-1,1,-1
2018610036518,1,9,0,18,0,8,0,0,0,0,1,1,6,2,41,7,1398,1,-1,-1,2,-1
2018610036518,2,9,0,7,0,8,0,0,0,0,4,1,6,2,19,4,1198,1,4,-1,1,-1
2018610036618,1,9,0,18,0,0,0,0,0,0,4,1,1,1,43,7,1991,2,8,-1,1,-1
2018610036618,2,1,0,18,0,0,0,0,0,0,1,1,6,1,6,2,-1,-1,-1,-1,-1,-1
2018610036718,1,21,1,18,0,0,0,0,0,0,1,1,1,1,44,7,-1,-1,-1,1,1,1
2018610037018,1,9,0,18,0,0,0,0,0,0,4,1,6,2,34,6,1598,2,2,-1,1,-1
2018610037118,1,9,0,7,0,1,0,0,0,0,3,1,6,1,33,6,1998,2,10,-1,1,-1
2018610037118,2,19,0,18,0,1,0,0,0,0,1,1,1,1,26,6,1968,2,7,-1,1,-1
2018610037218,1,9,0,18,0,0,0,0,0,0,1,1,6,3,-1,-1,-1,-1,-1,-1,-1,-1
2018610037218,2,9,0,18,0,0,0,0,0,0,2,1,6,1,54,8,1685,2,5,5,1,5
2018610037218,3,9,0,18,0,0,0,0,0,0,2,1,6,1,34,6,1461,2,2,-1,1,-1
2018610037318,1,9,0,3,0,1,0,0,0,0,2,1,2,2,52,8,1242,1,3,-1,1,-1
2018610037318,2,9,0,4,0,1,0,0,0,0,1,1,2,1,53,8,1360,1,17,-1,1,-1
2018610037418,1,9,0,5,0,8,0,0,0,0,2,1,6,2,43,7,1248,1,4,-1,1,-1
2018610037418,2,8,0,5,0,8,0,0,0,0,1,1,6,1,30,6,-1,-1,-1,-1,-1,-1
2018610037518,1,9,0,18,0,0,0,0,0,0,1,1,6,2,25,5,1242,1,10,-1,1,-1
2018610037518,2,8,0,2,0,0,0,0,0,0,1,1,6,1,-1,-1,1998,2,4,-1,-1,-1
2018610037618,1,9,0,15,0,0,0,0,0,0,1,1,6,1,-1,-1,1388,1,14,-1,-1,-1
2018610037618,2,9,0,18,0,0,0,0,0,0,1,1,6,1,-1,-1,1997,2,4,-1,-1,-1
2018610037718,1,9,0,4,0,0,0,0,0,0,1,1,2,1,24,5,1995,1,7,-1,1,-1
2018610037718,2,9,0,4,0,0,0,0,0,0,2,1,2,1,24,5,1995,2,11,-1,1,-1
2018610037818,1,9,0,5,0,1,0,0,0,0,2,1,6,2,19,4,998,1,5,-1,-1,-1
2018610037818,2,9,0,5,0,1,0,0,0,0,1,1,6,2,50,8,998,1,13,-1,-1,-1
2018610037818,3,9,0,5,0,1,0,0,0,0,1,1,6,1,81,11,998,1,1,-1,1,-1
2018610037918,1,9,0,18,0,1,0,0,0,0,1,1,2,1,64,9,996,1,7,-1,1,-1
2018610037918,2,9,0,2,0,1,0,0,1,5,1,1,6,1,-1,-1,998,1,3,-1,1,-1
2018610038018,1,9,0,10,0,1,0,0,0,0,2,1,6,2,19,4,1299,1,10,-1,1,-1
2018610038018,2,9,0,4,0,1,0,0,0,0,1,1,1,1,20,4,1598,2,6,-1,1,-1
2018610038118,1,9,0,16,0,0,0,0,0,0,1,1,6,1,41,7,1390,1,13,-1,1,-1
2018610038118,2,97,0,17,0,0,0,0,0,0,1,1,6,1,40,7,-1,-1,-1,-1,1,-1
2018610038218,1,9,0,9,0,1,0,0,0,0,1,1,2,1,53,8,-1,-1,-1,-1,2,-1
2018610038218,2,1,0,17,0,1,0,10,1,1,1,1,6,1,39,7,-1,-1,-1,-1,1,-1
2018610038318,1,3,0,16,0,1,0,0,0,0,1,1,6,1,42,7,-1,-1,-1,6,1,6
2018610038318,2,5,0,17,0,1,0,0,0,0,1,1,6,1,64,9,-1,-1,-1,-1,1,-1
2018610038418,1,19,0,7,0,8,0,0,0,0,1,1,1,1,49,8,1995,2,5,-1,-1,-1
2018610038418,2,4,0,4,0,8,0,0,0,0,1,1,6,1,26,6,124,1,4,-1,1,-1
2018610038518,1,9,0,18,0,1,0,0,0,0,1,1,6,1,44,7,1590,1,22,-1,1,-1
2018610038618,1,9,0,9,0,8,0,0,0,0,3,1,6,1,73,10,2188,2,10,-1,1,-1
2018610038618,2,4,0,18,0,8,0,0,0,0,1,1,6,1,21,5,600,1,19,-1,1,-1
2018610038718,1,9,0,4,0,1,0,0,0,0,2,1,6,2,18,4,1968,2,7,-1,1,-1
2018610038718,2,9,0,4,0,1,0,0,0,0,1,1,6,1,33,6,1995,2,8,-1,1,-1
2018610038718,3,9,0,4,0,1,0,0,0,0,1,1,6,2,51,8,1242,1,3,-1,1,-1
2018610038718,4,9,0,18,0,1,0,0,0,0,1,1,6,1,42,7,1956,2,3,-1,1,-1
2018610038818,1,9,0,18,0,8,0,0,0,0,1,1,6,1,45,7,1956,2,4,-1,1,-1
2018610038818,2,9,0,9,0,2,0,0,3,0,3,1,6,1,37,7,1248,2,6,-1,1,-1
2018610038918,1,9,0,18,0,0,0,0,0,0,1,1,6,2,19,4,1200,1,15,-1,1,-1
2018610039018,1,9,0,18,0,0,1,0,0,7,1,1,6,2,21,5,1395,1,3,-1,1,-1
2018610039118,1,5,0,2,0,1,0,0,0,0,0,1,6,1,73,10,499,1,18,9,1,9
2018610039118,2,19,4,14,0,1,0,0,0,0,0,1,1,1,30,6,2402,2,9,-1,2,-1
2018610039218,1,9,0,13,0,1,0,11,0,0,1,1,6,3,-1,-1,1968,2,2,-1,-1,-1
2018610039218,2,9,0,4,0,1,0,11,0,0,2,1,6,1,31,6,1499,2,3,-1,1,-1
2018610039218,3,9,0,18,0,1,0,11,0,0,1,1,6,2,29,6,1388,1,8,-1,1,-1
2018610039318,1,9,0,17,0,0,0,4,0,0,1,1,6,1,76,11,1798,1,9,-1,3,-1
2018610039318,2,9,0,2,0,0,0,0,0,0,1,1,6,2,-1,-1,1997,1,12,-1,1,-1
2018610039418,1,9,0,7,0,2,0,0,0,0,1,1,6,1,19,4,1242,1,12,-1,1,-1
2018610039418,2,11,0,18,0,1,0,0,0,0,3,1,1,1,30,6,4580,2,10,-1,1,-1
2018610039518,1,9,0,18,0,0,0,0,0,0,1,1,6,2,-1,-1,-1,-1,-1,-1,-1,-1
2018610039618,1,9,0,5,9,1,0,0,0,0,3,1,6,1,-1,-1,1364,1,11,-1,1,-1
2018610039718,1,9,0,4,0,1,0,0,0,0,2,1,2,1,37,7,1560,2,9,-1,1,-1
2018610039718,2,9,0,4,0,1,0,0,0,0,1,1,6,1,-1,-1,-1,-1,-1,-1,-1,-1
2018610039818,1,9,0,18,0,0,2,0,8,4,3,1,6,1,18,4,999,1,7,-1,1,-1
2018610039918,1,9,0,5,0,8,0,0,0,0,4,1,6,1,25,5,1598,1,5,-1,1,-1
2018610039918,2,1,0,9,0,8,1,0,0,0,1,1,6,1,15,3,-1,-1,-1,-1,1,-1
2018610040018,1,9,0,5,0,0,0,10,7,0,1,1,6,2,-1,-1,1242,1,9,-1,1,-1
2018610040118,1,9,0,13,0,1,0,0,7,0,3,1,6,1,23,5,998,1,3,3,2,3
2018610040118,2,19,0,9,0,1,0,0,0,0,1,1,6,1,24,5,-1,-1,-1,-1,1,-1
2018610040118,3,9,0,18,0,1,0,0,0,0,1,1,6,1,27,6,1368,1,10,-1,1,-1
2018610040218,1,9,0,18,0,8,1,0,0,0,1,1,6,2,34,6,1995,2,9,-1,1,-1
2018610040218,2,9,0,18,0,8,1,0,0,0,1,1,6,1,57,9,1910,2,12,-1,1,-1
2018610040218,3,9,0,18,0,8,0,0,0,0,2,1,2,2,24,5,1686,2,8,-1,1,-1
2018610040418,1,9,0,18,0,8,0,0,0,0,1,1,6,1,84,11,1498,1,1,-1,1,-1
2018610040418,2,9,0,7,0,6,0,0,0,0,4,1,6,1,84,11,1395,1,5,-1,1,-1
2018610040518,1,9,0,18,0,4,0,0,0,0,1,1,1,1,67,10,1896,2,11,9,3,9
2018610040518,2,9,0,9,0,3,0,0,0,0,1,1,6,2,24,5,1596,1,7,-1,1,-1
2018610040618,1,9,0,18,0,1,0,0,0,0,1,1,6,2,37,7,1390,1,7,-1,1,-1
2018610040618,2,9,0,10,0,1,0,0,0,0,2,1,6,2,50,8,1560,2,13,-1,-1,-1
2018610040718,1,9,0,18,0,1,1,0,0,0,1,1,6,2,63,9,1598,1,8,-1,1,-1
2018610040718,2,9,0,3,0,1,0,0,0,0,2,1,6,2,22,5,1390,1,15,-1,1,-1
2018610040718,3,9,0,3,0,1,0,0,0,0,2,1,6,1,30,6,1398,1,2,-1,1,-1
2018610040818,1,9,0,5,8,1,0,0,0,0,1,1,6,2,79,11,1339,1,6,-1,3,-1
2018610040818,2,9,0,18,0,1,0,0,0,0,4,1,6,1,33,6,1598,2,5,-1,1,-1
2018610040918,1,9,0,4,0,0,0,0,0,0,1,1,6,2,56,9,1386,1,6,-1,1,-1
2018610040918,2,1,0,18,0,0,0,0,0,0,1,1,6,1,14,3,-1,-1,-1,-1,1,-1
2018610041018,1,9,0,5,0,1,0,10,7,11,2,1,6,1,30,6,1598,1,17,-1,1,-1
2018610041118,1,11,0,18,0,1,0,0,0,0,1,1,1,1,68,10,4500,2,6,-1,-1,-1
2018610041118,2,1,0,18,0,1,0,0,0,0,1,1,1,1,68,10,-1,-1,-1,-1,-1,-1
2018610041218,1,9,0,5,0,1,0,0,0,0,1,1,1,1,38,7,1390,1,17,-1,1,-1
2018610041218,2,9,0,4,0,1,0,0,0,0,2,1,3,2,60,9,1596,1,16,-1,1,-1
2018610041218,3,9,0,4,0,1,0,0,0,0,2,1,2,2,-1,-1,1242,1,11,-1,1,-1
2018610041318,1,9,0,16,0,0,1,0,8,4,1,1,6,1,25,5,1999,1,13,-1,3,-1
2018610041418,1,9,0,13,0,2,1,10,0,10,1,1,6,1,30,6,1396,1,18,-1,2,-1
2018610041418,2,9,0,18,0,2,0,10,0,10,1,1,6,1,42,7,1598,1,13,-1,2,-1
2018610041518,1,9,0,18,0,0,1,0,0,0,1,1,6,1,49,8,-1,-1,-1,-1,1,-1
2018610041518,2,9,0,18,0,0,1,0,0,0,1,1,6,1,21,5,1248,2,8,-1,2,-1
2018610041618,1,9,0,18,0,1,0,0,0,0,1,1,6,1,22,5,1246,1,11,-1,1,-1
2018610041618,2,9,0,3,0,1,0,0,0,0,2,1,6,1,28,6,-1,-1,-1,-1,1,-1
2018610041718,1,90,3,18,0,0,0,0,0,0,2,1,6,1,55,8,6000,2,34,6,3,6
2018610041718,2,9,0,18,0,0,0,0,0,0,1,1,2,1,50,8,2993,2,-1,-1,3,-1
2018610041818,1,9,0,18,0,1,1,0,0,0,1,1,1,1,24,5,1896,2,16,-1,1,-1
2018610041818,2,9,0,10,0,1,0,0,0,0,2,1,1,2,30,6,1896,2,14,-1,1,-1
2018610041918,1,9,0,18,0,2,1,0,0,0,1,1,6,2,33,6,1995,2,8,-1,2,-1
2018610041918,2,9,0,4,0,2,1,0,0,0,2,1,6,2,30,6,1398,2,7,-1,1,-1
2018610041918,3,9,0,4,0,2,0,0,0,0,2,1,6,2,58,9,-1,-1,-1,-1,1,-1
2018610042018,1,9,0,18,0,3,0,0,0,0,1,1,2,1,24,5,2000,1,13,-1,1,-1
2018610042018,2,9,0,16,0,4,0,0,0,0,1,1,6,1,38,7,1910,2,10,-1,1,-1
2018610042118,1,9,0,18,0,8,0,0,0,0,3,1,6,1,17,4,-1,-1,-1,-1,1,-1
2018610042118,2,5,0,18,0,8,0,0,0,0,1,1,6,1,30,6,599,1,11,-1,1,-1
2018610042218,1,21,0,2,0,0,0,0,0,0,0,1,1,1,28,6,-1,-1,-1,-1,1,-1
2018610042218,2,9,0,14,0,0,0,0,0,0,0,1,6,2,17,4,1399,2,6,-1,1,-1