Accident_Index,Vehicle_Reference,Vehicle_Type,Towing_and_Articulation,Vehicle_Manoeuvre,Vehicle_Location-Restricted_Lane,Junction_Location,Skidding_and_Overturning,Hit_Object_in_Carriageway,Vehicle_Leaving_Carriageway,Hit_Object_off_Carriageway,1st_Point_of_Impact,Was_Vehicle_Left_Hand_Drive?,Journey_Purpose_of_Driver,Sex_of_Driver,Age_of_Driver,Age_Band_of_Driver,Engine_Capacity_(CC),Propulsion_Code,Age_of_Vehicle,Driver_IMD_Decile,Driver_Home_Area_Type,Vehicle_IMD_Decile
2018610058018,2,9,0,18,0,2,0,0,0,0,4,1,2,1,40,7,-1,-1,-1,-1,1,-1
2018610058118,1,9,0,18,0,0,0,0,0,0,3,1,6,1,19,4,1995,2,12,-1,-1,-1
2018610058118,2,3,0,18,0,0,0,0,0,0,4,1,6,1,32,6,-1,-1,-1,-1,1,-1
2018610058218,1,4,0,18,0,8,0,0,0,0,3,1,6,1,52,8,123,1,6,-1,1,-1
2018610058218,2,9,0,5,0,4,0,0,0,0,1,1,6,1,-1,-1,998,1,2,-1,1,-1
2018610058318,1,9,0,16,0,0,1,0,0,4,1,1,6,1,24,5,-1,-1,-1,-1,2,-1
2018610058318,2,9,0,18,0,0,0,0,0,0,0,1,1,1,-1,-1,-1,-1,-1,-1,-1,-1
2018610058418,1,9,0,18,0,0,0,0,0,0,2,1,6,1,29,6,3387,1,12,-1,3,-1
2018610058418,2,9,0,18,0,0,0,0,0,0,2,1,6,1,30,6,2993,2,2,-1,-1,-1
2018610058418,3,8,0,18,0,0,0,2,0,0,2,1,1,1,41,7,-1,-1,-1,-1,1,-1
2018610058418,4,8,0,18,0,0,0,0,0,0,1,1,1,1,33,6,1598,2,2,-1,1,-1
2018610058518,1,9,0,9,0,1,0,0,0,0,1,1,6,2,77,11,998,1,12,-1,1,-1
2018610058518,2,9,0,18,0,1,0,0,0,0,1,1,6,1,25,5,1995,2,13,-1,1,-1
2018610058718,1,9,0,10,0,1,0,0,0,0,2,1,6,2,54,8,1582,2,5,-1,-1,-1
2018610058718,2,9,0,3,0,1,0,0,0,0,1,1,6,2,18,4,-1,-1,-1,-1,1,-1
2018610058718,3,9,0,18,0,1,0,0,0,0,1,1,6,1,80,11,-1,-1,-1,-1,1,-1
2018610058818,1,9,0,3,0,1,0,0,0,0,4,1,6,1,-1,-1,-1,-1,-1,-1,-1,-1
2018610058918,1,8,0,18,0,1,0,0,0,0,1,1,6,1,56,9,2143,2,9,-1,1,-1
2018610059018,1,9,0,14,0,0,0,0,0,0,1,1,2,1,27,6,-1,-1,-1,-1,3,-1
2018610059018,2,19,0,4,0,0,0,0,0,0,2,1,2,1,18,4,2198,2,6,-1,1,-1
2018610059118,1,9,0,18,0,0,0,0,0,0,2,1,6,2,-1,-1,999,1,5,-1,-1,-1
2018610059118,2,9,0,18,0,0,0,0,0,0,1,1,6,2,25,5,998,1,12,-1,1,-1
2018610059118,3,9,0,18,0,0,0,0,0,0,1,1,6,1,28,6,1586,1,4,-1,1,-1
2018610059218,1,9,0,18,0,1,0,0,0,0,1,1,6,1,41,7,3200,2,10,-1,-1,-1
2018610059318,1,9,0,18,0,0,0,0,0,0,1,1,6,1,43,7,1968,2,10,-1,1,-1
2018610059318,2,9,0,12,0,0,0,0,0,0,1,1,6,1,51,8,1086,1,8,10,1,10
2018610059418,1,9,0,16,0,0,1,0,0,11,1,1,6,2,23,5,998,1,13,-1,1,-1
2018610059518,1,9,0,18,0,0,0,0,0,0,1,1,6,2,31,6,898,1,-1,-1,1,-1
2018610059618,1,9,0,18,9,2,0,0,1,0,1,1,6,1,24,5,1995,2,6,-1,1,-1
2018610059618,2,9,0,5,9,2,0,7,1,0,1,1,6,1,43,7,1596,1,11,-1,-1,-1
2018610059718,1,9,0,1,0,0,0,0,0,0,2,1,1,1,35,6,1968,2,-1,-1,1,-1
2018610059718,2,9,0,18,0,0,0,0,0,0,1,1,6,1,29,6,-1,-1,-1,-1,2,-1
2018610059818,1,9,0,7,0,6,0,0,0,0,1,1,6,1,47,8,1299,1,12,-1,1,-1
2018610059918,1,9,0,18,0,0,0,0,0,0,1,1,6,1,81,11,1968,2,2,-1,3,-1
2018610060118,1,9,0,18,0,0,0,0,0,0,1,1,6,1,26,6,1149,1,14,1,1,1
2018610060118,2,8,0,3,0,0,0,0,0,0,2,1,6,1,43,7,2204,2,12,-1,-1,-1
2018610060118,3,19,0,3,0,0,0,0,0,0,2,1,6,1,55,8,-1,-1,-1,-1,2,-1
2018610060218,1,21,1,18,0,0,0,0,0,0,0,1,1,1,33,6,10837,2,7,1,1,1
2018610060218,2,21,1,18,0,0,0,0,0,0,1,1,1,1,51,8,12809,2,-1,2,1,2
2018610060318,1,9,0,18,0,3,0,0,0,0,1,1,6,2,33,6,1198,1,11,4,1,4
2018610060318,2,9,0,18,0,3,0,0,0,0,1,1,1,2,23,5,1560,2,4,-1,-1,-1
2018610060418,1,9,0,17,0,0,0,0,1,0,1,1,6,1,80,11,1388,1,10,-1,1,-1
2018610060418,2,9,0,16,0,0,1,0,0,0,1,1,6,1,24,5,1598,1,7,-1,1,-1
2018610060818,1,9,0,18,0,8,0,0,0,0,1,1,1,1,-1,-1,-1,-1,-1,-1,1,-1
2018610060818,2,9,0,18,0,8,0,0,0,0,3,1,6,1,38,7,1422,2,14,-1,1,-1
2018610060918,1,9,0,9,0,6,0,0,0,0,1,1,6,1,-1,-1,1390,1,8,-1,-1,-1
2018610060918,2,9,0,18,0,1,0,0,0,0,4,1,6,1,40,7,1364,2,6,-1,1,-1
2018610061018,1,9,0,17,0,0,1,0,0,4,4,1,6,1,32,6,1896,2,15,-1,1,-1
2018610061318,1,9,0,18,0,0,0,0,0,0,1,1,6,1,78,11,1686,2,6,-1,3,-1
2018610061318,2,90,0,18,0,0,0,0,0,0,2,1,6,1,73,10,-1,-1,-1,-1,1,-1
2018610061418,1,9,0,9,0,8,1,0,0,2,1,1,3,2,30,6,1199,1,4,-1,1,-1
2018610061518,1,9,0,18,0,0,0,0,0,0,1,1,6,1,32,6,1968,2,9,-1,1,-1
2018610061518,2,9,0,18,0,0,0,0,0,0,2,1,6,3,-1,-1,-1,-1,-1,-1,-1,-1
2018610061618,1,9,0,17,0,0,0,0,0,0,1,1,6,1,43,7,-1,-1,-1,-1,2,-1
2018610061618,2,19,0,16,0,0,1,0,0,0,1,1,6,1,31,6,-1,-1,-1,-1,1,-1
2018610061718,1,9,0,18,0,3,0,0,0,0,2,1,6,1,27,6,1598,2,5,-1,1,-1
2018610061718,2,9,0,18,0,3,0,0,0,0,2,1,6,2,-1,-1,-1,-1,-1,-1,1,-1
2018610061718,3,9,0,18,0,3,0,0,0,0,1,1,1,1,-1,-1,-1,-1,-1,-1,1,-1
2018610061818,1,19,0,18,0,0,5,0,0,3,1,1,1,1,25,5,2198,2,3,-1,1,-1
2018610061918,1,9,0,4,0,8,0,0,0,0,2,1,6,1,29,6,1499,1,-1,-1,2,-1
2018610061918,2,98,5,18,0,8,0,0,0,0,1,1,6,1,-1,-1,-1,-1,-1,-1,-1,-1
2018610062018,1,5,0,4,0,7,1,0,1,0,0,1,6,1,46,8,-1,-1,-1,-1,1,-1
2018610062118,1,9,0,18,0,1,0,0,0,0,3,1,6,1,19,4,998,1,14,-1,1,-1
2018610062118,2,9,0,16,0,2,0,0,7,0,4,1,6,3,-1,-1,-1,-1,-1,-1,-1,-1
2018610062218,1,9,0,18,0,0,0,0,0,0,1,1,6,1,65,9,1197,1,5,-1,3,-1
2018610062318,1,5,0,17,0,0,0,0,0,3,3,1,6,1,19,4,689,1,-1,-1,1,-1
2018610062418,1,21,1,11,0,3,0,0,0,0,1,1,1,1,48,8,10308,2,7,6,1,6
2018610062418,2,9,0,18,0,3,0,0,0,0,1,1,6,1,55,8,796,1,10,-1,1,-1
2018610062718,1,9,0,18,0,0,0,0,0,0,1,1,6,2,59,9,-1,-1,-1,-1,1,-1
2018610062718,2,9,0,18,0,0,0,0,0,0,0,1,6,1,49,8,-1,-1,-1,-1,1,-1
2018610062818,1,9,0,9,0,5,5,0,0,0,3,1,6,2,46,8,995,1,7,-1,2,-1
2018610062818,2,9,0,18,0,1,0,0,0,0,1,1,6,2,54,8,-1,-1,-1,-1,1,-1
2018610062918,1,19,0,18,0,0,0,0,0,0,3,1,1,1,43,7,1560,2,4,-1,1,-1
2018610063018,1,9,0,5,0,6,0,0,0,0,1,1,6,1,66,10,1388,1,6,-1,1,-1
2018610063018,2,5,0,18,0,1,0,0,0,0,1,1,6,2,-1,-1,782,1,9,5,1,5
2018610063218,1,9,0,7,0,6,0,0,0,0,4,1,6,1,62,9,1364,1,1,-1,1,-1
2018610063318,1,9,0,3,0,0,0,0,0,0,2,1,6,1,-1,-1,1968,2,4,-1,1,-1
2018610063318,2,9,0,18,0,0,0,10,0,0,1,1,6,3,-1,-1,1390,1,7,-1,-1,-1
2018610063418,1,9,0,10,0,1,0,0,0,0,2,1,1,1,49,8,2143,2,3,-1,1,-1
2018610063418,2,8,0,18,0,1,0,0,0,0,1,1,6,2,70,10,1242,1,9,-1,1,-1
2018610063518,1,9,0,18,0,0,5,0,0,0,3,1,6,1,30,6,1560,2,6,-1,1,-1
2018610063518,2,9,0,3,0,0,0,0,0,0,3,1,1,2,44,7,1598,1,12,-1,1,-1
2018610063718,1,9,0,18,0,2,0,10,1,0,1,1,6,1,-1,-1,-1,-1,-1,-1,-1,-1
2018610063718,2,9,0,9,0,2,0,0,0,0,3,1,6,2,38,7,1242,1,11,-1,-1,-1
2018610063818,1,9,0,2,6,0,0,0,0,0,0,1,6,2,-1,-1,1248,2,8,-1,-1,-1
2018610063818,2,9,0,4,0,0,1,0,0,0,1,1,6,1,42,7,-1,-1,-1,-1,1,-1
2018610063818,3,9,0,4,0,0,0,0,0,0,2,1,6,1,57,9,1969,2,-1,-1,1,-1
2018610063918,1,9,0,3,0,0,0,0,0,0,0,1,6,1,50,8,4806,1,10,-1,1,-1
2018610064018,1,9,0,18,0,1,0,0,0,0,4,1,6,2,23,5,1248,1,1,-1,-1,-1
2018610064118,1,9,0,18,0,0,1,0,0,0,1,1,6,1,21,5,1598,2,5,-1,1,-1
2018610064118,2,9,0,18,0,0,0,0,0,0,1,1,6,2,22,5,1560,2,2,-1,2,-1
2018610064218,1,9,0,17,0,3,0,0,0,0,1,1,2,2,39,7,1968,2,-1,-1,2,-1
2018610064218,2,9,0,11,0,3,0,9,4,1,1,1,6,1,28,6,1399,1,11,7,2,7
2018610064318,1,9,0,18,0,1,1,0,0,0,1,1,2,1,55,8,1461,2,6,-1,1,-1
2018610064318,2,19,0,18,0,1,0,0,0,0,1,1,1,1,55,8,1995,2,6,-1,1,-1
2018610064318,3,19,0,18,0,1,0,0,0,0,2,1,1,1,31,6,2198,2,5,-1,1,-1
2018610064418,1,9,0,9,0,1,0,0,0,0,1,1,6,2,22,5,999,1,3,-1,2,-1
2018610064418,2,9,0,16,0,1,0,0,0,0,1,1,1,2,19,4,1198,1,1,-1,1,-1
2018610064518,1,9,0,9,0,4,0,0,0,0,1,1,2,1,23,5,1242,1,6,-1,1,-1
2018610064518,2,9,0,18,0,4,0,0,0,0,3,1,2,1,21,5,1399,2,12,-1,1,-1
2018610064618,1,9,0,3,0,4,0,0,0,0,2,1,2,1,55,8,998,1,9,-1,3,-1
2018610064618,2,21,0,3,0,4,0,0,0,0,1,1,1,1,61,9,6700,2,3,-1,-1,-1
2018610064718,1,8,0,3,0,0,0,0,0,0,2,1,2,2,-1,-1,1598,1,9,-1,1,-1
2018610064718,2,9,0,4,0,0,0,0,0,0,2,1,6,1,55,8,1598,1,13,-1,-1,-1
2018610064718,3,9,0,18,0,0,2,0,0,0,1,1,6,2,61,9,1598,2,5,-1,1,-1
2018610064818,1,9,0,7,0,2,0,0,0,0,1,1,6,1,32,6,2967,2,11,-1,1,-1
2018610064818,2,10,0,5,0,1,0,0,0,0,1,1,1,1,58,9,-1,-1,-1,-1,1,-1
2018610064918,1,9,0,8,0,6,0,0,0,0,1,1,2,1,22,5,1598,2,2,-1,1,-1
2018610064918,2,9,0,18,0,1,0,0,0,0,4,1,2,1,28,6,1299,1,10,-1,1,-1
2018610065018,1,9,0,5,8,7,0,0,0,0,3,1,2,2,21,5,1200,1,2,-1,1,-1
2018610065018,2,4,0,18,0,8,0,0,0,0,1,1,2,1,36,7,125,1,-1,-1,-1,-1
2018610065118,1,9,0,18,0,0,0,0,0,0,1,1,2,1,21,5,1896,2,15,3,1,3
2018610065118,2,9,0,4,0,0,0,0,0,0,2,1,2,1,41,7,1995,2,11,3,1,3
2018610065118,3,9,0,4,0,0,0,0,0,0,2,1,2,2,21,5,1398,1,-1,-1,2,-1
2018610065118,4,9,0,4,0,0,0,0,0,0,2,1,2,2,34,6,1586,1,1,-1,1,-1
2018610065218,1,9,4,18,0,1,0,0,0,0,4,1,6,1,-1,-1,-1,-1,-1,-1,-1,-1
2018610065218,2,1,0,18,0,1,0,0,0,0,3,1,6,2,21,5,-1,-1,-1,-1,-1,-1
2018610065218,3,1,0,18,0,1,0,0,0,0,3,1,6,1,20,4,-1,-1,-1,-1,-1,-1
2018610065318,1,9,0,18,0,0,2,0,0,0,0,1,2,1,19,4,1124,1,17,-1,1,-1
2018610065418,1,9,0,18,0,0,0,0,0,0,2,1,6,2,74,10,1364,1,1,-1,1,-1
2018610065418,2,1,0,18,0,0,1,4,0,0,1,1,6,1,-1,-1,-1,-1,-1,-1,-1,-1
2018610065518,1,9,0,3,0,4,0,0,0,0,2,1,6,1,85,11,988,1,1,-1,-1,-1
2018610065518,2,9,0,4,0,4,0,0,0,0,1,1,6,1,63,9,1598,1,19,-1,-1,-1
2018610065618,1,9,0,9,0,5,0,0,0,0,2,1,6,2,24,5,2204,2,10,-1,1,-1
2018610065618,2,9,0,18,0,1,0,0,0,0,1,1,6,1,39,7,-1,-1,-1,-1,1,-1
2018610065718,1,9,0,3,0,4,0,0,0,0,2,1,6,2,17,4,1248,2,10,-1,-1,-1
2018610065718,2,9,0,3,0,4,0,0,0,0,1,1,6,2,53,8,2967,2,9,-1,-1,-1
2018610065818,1,19,0,1,0,1,0,0,0,0,2,1,1,1,28,6,2143,2,3,-1,1,-1
2018610065918,1,9,0,18,0,0,0,0,0,0,1,1,1,2,32,6,-1,-1,-1,-1,1,-1
2018610065918,2,21,0,18,0,0,1,0,0,0,1,1,1,1,48,8,9200,2,10,-1,-1,-1
2018610065918,3,9,0,18,0,0,0,0,0,0,3,1,1,1,-1,-1,1995,2,7,-1,1,-1
2018610066018,1,9,0,4,0,7,0,0,0,0,1,1,1,1,55,8,1461,2,4,-1,3,-1
2018610066018,2,9,0,4,0,7,0,0,0,0,2,1,6,1,53,8,1997,2,1,-1,2,-1
2018610066218,1,9,0,4,0,1,0,0,0,0,1,1,1,1,47,8,1200,1,-1,-1,1,-1
2018610066318,1,9,0,18,0,0,0,0,0,0,1,1,6,1,37,7,1796,1,13,-1,1,-1
2018610066518,1,21,0,9,0,1,0,0,0,0,3,1,1,1,43,7,6374,2,5,-1,1,-1
2018610066518,2,1,0,18,4,1,0,0,0,0,1,1,2,1,52,8,-1,-1,-1,-1,1,-1
2018610066618,1,9,0,14,0,1,1,4,0,0,1,1,1,2,19,4,-1,-1,-1,-1,-1,-1
2018610066618,2,9,0,18,0,1,0,0,0,0,4,1,6,1,-1,-1,1997,2,7,-1,-1,-1
2018610066718,1,9,0,17,0,0,2,0,1,1,1,1,6,1,37,7,-1,-1,-1,-1,1,-1
2018610066818,1,3,0,16,0,3,0,0,0,0,4,1,1,1,60,9,998,1,11,-1,1,-1
2018610066818,2,9,0,17,0,4,0,0,0,0,1,1,6,1,64,9,1229,1,7,-1,1,-1
2018610067018,1,9,0,18,0,1,0,0,0,0,2,1,2,1,69,10,1781,1,16,-1,1,-1
2018610067018,2,1,0,9,0,8,0,0,0,0,1,1,2,1,59,9,-1,-1,-1,-1,-1,-1
2018610067118,1,9,0,18,0,0,0,0,0,0,1,1,1,2,41,7,1242,1,5,-1,2,-1
2018610067118,2,1,0,18,0,0,0,0,0,0,2,1,2,1,-1,-1,-1,-1,-1,-1,1,-1
2018610067218,1,19,0,17,0,0,0,0,0,0,1,1,1,1,26,6,-1,-1,-1,3,1,3
2018610067218,2,9,0,16,0,0,0,0,0,0,1,1,2,1,41,7,1242,1,13,-1,3,-1
2018610067318,1,9,0,7,0,6,0,0,0,0,1,1,6,1,28,6,2143,2,2,-1,1,-1
2018610067418,1,9,0,15,0,0,0,0,0,0,1,1,2,1,21,5,1229,1,7,-1,3,-1
2018610067518,1,9,0,13,0,0,1,0,6,6,1,1,6,1,19,4,1968,2,7,-1,1,-1
2018610067518,2,9,0,18,0,0,0,0,0,0,1,1,6,1,54,8,1395,1,3,-1,3,-1
2018610067518,3,21,0,18,0,0,0,0,0,0,1,1,1,1,-1,-1,-1,-1,-1,-1,2,-1
2018610067618,1,20,0,5,0,1,0,0,0,0,1,1,1,1,42,7,-1,-1,-1,-1,-1,-1
2018610067618,2,9,0,18,0,1,0,0,0,0,4,1,6,2,48,8,1598,2,1,-1,1,-1
2018610067718,1,9,0,18,0,1,0,0,0,0,1,1,6,1,65,9,1686,2,4,-1,1,-1
2018610067718,2,9,0,9,0,5,0,0,0,0,4,1,6,1,40,7,1360,1,12,-1,1,-1
2018610067818,1,9,0,18,0,1,0,0,0,0,1,1,6,1,42,7,1364,1,13,-1,1,-1
2018610067818,2,9,0,18,0,1,0,0,0,0,1,1,6,2,-1,-1,1596,1,1,-1,1,-1
2018610067918,1,9,0,17,0,1,0,4,0,0,1,1,6,1,28,6,1390,1,12,-1,-1,-1
2018610067918,2,9,0,2,0,1,0,0,0,0,2,1,6,1,-1,-1,-1,-1,-1,-1,-1,-1
2018610068418,1,3,0,16,0,0,1,0,0,0,1,1,6,1,44,7,-1,-1,-1,-1,1,-1
2018610068418,2,9,0,17,0,0,0,0,0,0,1,1,1,1,45,7,-1,-1,-1,-1,3,-1
2018621800014,1,8,0,9,0,6,0,0,0,0,1,1,6,1,47,8,1791,8,6,-1,1,-1
2018621800026,1,1,0,18,0,8,0,0,0,0,1,1,6,2,14,3,-1,-1,-1,-1,2,-1
2018621800026,2,9,0,5,0,6,0,0,0,0,1,1,6,1,63,9,1197,1,2,7,1,7
2018621800030,1,9,0,18,0,0,0,0,0,0,1,1,6,1,29,6,1248,2,7,-1,1,-1
2018621800030,2,9,0,18,0,0,0,0,0,0,1,1,6,2,56,9,1198,1,3,-1,2,-1
2018621800034,1,9,0,18,0,1,0,0,0,0,4,1,6,1,19,4,1149,1,11,-1,1,-1
2018621800035,1,9,0,9,0,8,0,0,0,0,4,1,6,2,20,4,1197,1,3,-1,1,-1
2018621800035,2,9,0,18,0,8,0,0,0,0,1,1,2,1,24,5,-1,-1,-1,-1,1,-1
2018621800040,1,9,0,18,0,0,2,0,1,9,1,1,6,2,35,6,-1,-1,-1,-1,3,-1
2018621800043,1,9,0,18,0,1,0,0,1,2,1,1,6,2,73,10,1997,1,8,-1,1,-1
2018621800044,1,9,0,18,0,5,0,0,3,1,1,1,6,2,45,7,-1,3,1,-1,1,-1
2018621800045,1,9,0,9,0,8,0,0,0,0,1,1,6,2,43,7,1198,1,3,-1,3,-1
2018621800045,2,9,0,18,0,8,0,0,0,0,1,1,6,2,67,10,1149,1,6,-1,3,-1
2018621800046,1,9,0,17,0,0,0,0,0,0,1,2,6,2,47,8,-1,-1,-1,-1,-1,-1
2018621800046,2,9,0,16,0,0,0,0,0,0,1,1,1,1,30,6,1968,2,9,-1,1,-1
2018621800047,1,3,0,18,0,2,1,0,0,0,1,1,6,1,26,6,125,1,2,-1,-1,-1
2018621800047,2,9,0,18,0,2,0,0,0,0,2,1,6,1,53,8,1598,1,16,-1,2,-1
2018621800047,3,9,0,18,0,1,0,0,0,0,3,1,6,2,31,6,1598,1,13,-1,1,-1
2018621800048,1,9,0,12,0,0,0,0,4,6,3,1,6,1,44,7,2000,1,13,-1,1,-1
2018621800049,1,9,0,18,0,8,0,0,0,0,1,1,6,1,17,4,1198,1,2,-1,1,-1
2018621800049,2,8,0,18,0,8,0,0,3,0,3,1,1,1,58,9,1995,2,8,-1,1,-1
2018621800050,1,9,0,18,0,0,0,0,5,6,4,1,6,1,32,6,1968,2,8,-1,2,-1
2018621800050,2,9,0,18,0,0,0,0,0,0,3,1,6,1,50,8,998,1,1,-1,1,-1
2018621800050,3,9,0,18,0,0,0,0,0,0,1,1,6,2,19,4,1124,1,14,-1,3,-1
2018621800052,1,9,0,18,0,0,0,0,0,0,1,1,6,2,25,5,1242,1,7,-1,1,-1
2018621800052,2,9,0,3,0,0,0,0,0,0,2,1,1,2,47,8,1560,2,5,-1,1,-1
2018621800053,1,9,0,18,0,0,5,0,2,10,1,1,6,1,29,6,1242,1,7,-1,2,-1
2018621800054,1,11,0,17,0,0,0,10,1,0,1,1,1,1,48,8,7300,2,12,-1,2,-1
2018621800054,2,9,0,18,0,0,0,10,1,11,3,1,2,1,46,8,-1,3,2,-1,1,-1
2018621800056,1,21,0,18,0,0,0,0,0,0,1,1,1,1,32,6,-1,-1,-1,-1,1,-1
2018621800056,2,9,0,4,0,0,0,0,0,0,2,1,1,2,17,4,1598,2,1,-1,2,-1
2018621800057,1,9,0,18,0,8,5,0,0,0,1,1,2,2,51,8,1498,1,1,-1,1,-1
2018621800057,2,9,0,9,0,8,0,0,0,0,4,1,6,1,80,11,1395,1,4,-1,1,-1
2018621800058,1,19,0,18,0,1,0,0,1,1,1,1,1,1,43,7,1560,2,4,-1,1,-1
2018621800059,1,4,0,14,0,8,0,0,0,0,3,1,6,1,27,6,-1,-1,-1,-1,-1,-1
2018621800059,2,8,0,9,0,8,0,0,0,0,1,1,6,2,49,8,-1,-1,-1,-1,3,-1
2018621800060,1,9,0,9,0,6,0,0,0,0,1,1,6,2,52,8,1461,2,3,-1,2,-1
2018621800060,2,5,0,18,0,8,0,0,0,0,1,1,2,1,33,6,599,1,12,-1,3,-1
2018621800061,1,9,0,18,0,0,0,11,0,0,1,1,6,1,60,9,2204,2,13,-1,3,-1
2018621800062,1,9,0,4,0,0,0,0,0,0,3,1,6,2,41,7,1248,2,12,-1,1,-1
2018621800064,1,1,0,18,0,0,0,10,1,11,4,1,6,1,62,9,-1,-1,-1,-1,1,-1
2018621800066,1,9,0,18,0,1,1,4,0,0,4,1,6,1,26,6,1796,1,16,-1,2,-1
2018621800066,2,9,0,7,0,6,0,0,0,0,0,1,6,2,20,4,1686,2,9,-1,1,-1
2018621800066,3,9,0,2,0,1,0,0,0,0,4,1,6,3,-1,-1,1596,1,12,-1,-1,-1
2018621800066,4,8,0,2,0,1,0,0,0,0,4,1,6,3,-1,-1,-1,-1,-1,-1,-1,-1
2018621800066,5,9,0,18,0,1,0,0,0,0,1,1,6,1,55,8,1461,2,1,-1,1,-1
2018621800067,1,19,0,18,0,0,0,7,1,11,3,1,6,1,46,8,-1,-1,-1,-1,1,-1
2018621800068,1,9,0,12,0,0,0,0,1,7,4,1,2,1,29,6,1998,2,11,-1,1,-1
2018621800070,1,9,0,18,0,3,0,0,0,0,1,1,2,1,51,8,1390,1,7,-1,1,-1
2018621800071,1,19,0,9,0,8,0,0,0,0,1,1,1,1,53,8,2496,2,18,-1,1,-1
2018621800071,2,1,0,18,0,8,0,0,0,0,1,1,6,1,46,8,-1,-1,-1,-1,1,-1
2018621800072,1,9,0,17,0,0,2,0,1,0,1,1,2,2,24,5,1398,1,2,-1,2,-1
2018621800073,1,9,0,13,0,0,5,0,2,10,1,1,6,1,24,5,1968,2,3,-1,2,-1
2018621800075,1,9,0,18,0,0,0,0,0,0,1,1,6,1,47,8,2191,2,4,-1,1,-1
2018621800076,1,9,0,18,0,7,0,0,0,0,1,1,6,2,22,5,999,1,2,-1,2,-1
2018621800076,2,9,0,18,0,7,0,0,0,0,2,1,6,2,61,9,1597,2,1,-1,1,-1
2018621800077,1,9,0,18,0,8,0,0,0,0,4,1,6,2,52,8,2143,2,4,-1,1,-1
2018621800077,2,4,0,18,0,8,0,0,0,0,1,1,6,1,19,4,124,1,1,-1,1,-1
2018621800078,1,9,0,18,0,0,0,0,0,0,1,1,6,1,34,6,1995,2,11,-1,3,-1
2018621800078,2,19,0,4,0,0,0,0,0,0,2,1,1,1,55,8,2198,2,4,-1,2,-1
2018621800079,1,9,0,18,0,4,0,0,0,0,3,1,6,3,-1,-1,-1,-1,-1,-1,-1,-1
2018621800079,2,1,0,18,0,8,0,0,0,0,4,1,6,1,71,10,-1,-1,-1,-1,1,-1
2018621800080,1,9,0,9,0,5,1,0,0,0,1,1,6,1,23,5,1248,2,2,-1,1,-1
2018621800080,2,9,0,17,0,2,0,0,0,0,1,1,6,1,44,7,2198,2,10,-1,1,-1
2018621800081,1,19,0,9,0,6,0,0,0,0,1,1,6,1,59,9,1868,2,17,-1,3,-1
2018621800081,2,9,0,18,0,1,0,0,0,0,1,1,6,2,69,10,1596,1,11,-1,2,-1
2018621800082,1,9,0,18,0,0,0,0,1,0,1,1,1,1,36,7,1968,2,3,-1,1,-1
2018621800082,2,9,0,3,0,0,1,0,4,6,2,1,6,1,60,9,1999,2,1,-1,1,-1
2018621800083,1,9,0,18,0,0,0,0,4,0,1,1,6,2,56,9,1798,1,10,10,1,10
2018621800083,2,9,0,18,0,0,0,0,0,0,1,1,6,2,41,7,1968,2,3,-1,1,-1
2018621800084,1,9,0,18,0,1,0,0,0,0,4,1,6,2,35,6,1598,1,13,-1,1,-1
2018621800085,1,5,0,18,0,0,1,0,0,0,0,1,6,1,46,8,749,1,1,-1,2,-1
2018621800086,1,9,0,7,0,2,0,0,0,0,1,1,6,1,83,11,-1,-1,-1,-1,2,-1
2018621800087,1,9,0,4,0,1,0,0,0,0,3,1,6,1,71,10,1685,2,1,-1,1,-1
2018621800088,1,9,0,9,0,8,0,0,0,0,4,1,6,1,42,7,1364,1,3,-1,1,-1
2018621800088,2,2,0,18,0,8,1,0,0,0,1,1,6,1,16,4,49,1,7,-1,1,-1
2018621800089,1,9,0,9,0,5,0,0,0,0,4,1,6,2,33,6,1896,2,12,-1,2,-1
2018621800089,2,1,0,18,0,1,0,0,0,0,1,1,6,1,68,10,-1,-1,-1,-1,2,-1
2018621800090,1,1,0,18,0,1,0,0,0,0,4,1,1,1,55,8,-1,-1,-1,-1,1,-1
2018621800090,2,9,0,9,0,5,0,0,0,0,3,1,1,2,23,5,1329,2,2,-1,-1,-1
2018621800092,1,2,0,9,0,8,0,0,0,0,3,1,6,1,39,7,49,1,5,-1,1,-1
2018621800093,1,9,0,18,0,0,1,0,0,6,1,1,6,1,40,7,1422,2,15,-1,1,-1
2018621800094,1,19,0,6,0,0,0,0,0,0,3,1,6,1,30,6,1995,2,8,-1,1,-1
2018621800094,2,3,0,18,0,0,0,0,0,0,1,1,6,1,52,8,124,1,5,-1,1,-1
2018621800095,1,9,0,18,0,0,0,0,0,0,1,1,6,2,21,5,1582,2,-1,-1,2,-1
2018621800095,2,9,0,18,0,0,0,0,0,0,2,1,2,2,21,5,1560,2,5,-1,2,-1
2018621800097,1,9,0,18,0,0,0,0,1,4,1,1,2,1,31,6,1388,1,9,-1,1,-1
2018621800098,1,9,0,18,0,1,0,0,0,0,2,1,6,3,-1,-1,-1,-1,-1,-1,-1,-1
2018621800099,1,9,0,9,0,5,0,0,0,0,4,1,6,1,50,8,1995,2,15,-1,3,-1
2018621800099,2,1,0,18,0,8,0,0,0,0,1,1,2,1,36,7,-1,-1,-1,-1,1,-1
2018621800100,1,3,0,13,0,0,0,0,4,6,1,1,1,1,18,4,125,1,1,-1,1,-1
2018621800100,2,9,0,11,0,0,0,0,0,0,2,1,1,1,25,5,1390,1,11,-1,1,-1