Accident_Index,Vehicle_Reference,Vehicle_Type,Towing_and_Articulation,Vehicle_Manoeuvre,Vehicle_Location-Restricted_Lane,Junction_Location,Skidding_and_Overturning,Hit_Object_in_Carriageway,Vehicle_Leaving_Carriageway,Hit_Object_off_Carriageway,1st_Point_of_Impact,Was_Vehicle_Left_Hand_Drive?,Journey_Purpose_of_Driver,Sex_of_Driver,Age_of_Driver,Age_Band_of_Driver,Engine_Capacity_(CC),Propulsion_Code,Age_of_Vehicle,Driver_IMD_Decile,Driver_Home_Area_Type,Vehicle_IMD_Decile
2018621800257,1,9,0,17,0,0,0,0,7,11,3,1,6,2,30,6,1242,1,9,-1,2,-1
2018621800258,1,19,0,7,0,0,0,0,0,0,1,1,1,1,34,6,1870,2,12,-1,1,-1
2018621800258,2,8,0,18,0,0,0,0,0,0,3,1,1,1,50,8,1910,2,10,-1,1,-1
2018621800259,1,9,0,9,0,6,0,0,0,0,1,1,6,1,71,10,1242,1,13,-1,1,-1
2018621800259,2,5,0,18,0,8,0,0,1,0,3,1,6,1,64,9,1402,1,13,-1,1,-1
2018621800260,1,9,0,17,0,0,0,0,0,0,3,1,6,2,38,7,1999,2,1,-1,2,-1
2018621800260,2,9,0,16,0,0,0,0,0,0,3,1,6,1,59,9,1950,2,2,-1,1,-1
2018621800261,1,9,0,18,0,1,0,0,0,0,1,1,3,2,34,6,2179,2,11,-1,1,-1
2018621800262,1,9,0,18,0,0,1,0,0,0,1,1,2,1,28,6,1896,2,11,-1,1,-1
2018621800262,2,9,0,4,0,0,0,0,0,0,2,1,2,2,52,8,1798,1,9,-1,1,-1
2018621800263,1,9,0,18,0,0,0,0,0,0,4,1,6,3,-1,-1,-1,-1,-1,-1,-1,-1
2018621800264,1,3,0,18,0,0,1,0,0,0,0,1,6,1,33,6,125,1,11,-1,1,-1
2018621800265,1,9,0,9,0,5,0,0,0,0,4,1,6,2,20,4,1461,2,2,-1,1,-1
2018621800265,2,9,0,18,0,8,0,0,0,0,1,1,6,1,27,6,5461,1,1,-1,1,-1
2018621800267,1,9,0,5,0,0,0,0,0,0,0,1,1,1,64,9,1461,2,-1,-1,1,-1
2018621800268,1,9,0,18,0,1,0,0,0,0,3,1,6,3,-1,-1,-1,-1,-1,-1,-1,-1
2018621800269,1,9,0,18,0,0,0,0,0,0,3,1,3,2,42,7,1339,1,7,-1,3,-1
2018621800270,1,9,0,18,0,0,5,0,2,10,4,1,6,2,22,5,1149,1,17,2,1,2
2018621800271,1,9,0,4,0,0,0,0,0,0,4,1,6,1,21,5,1598,2,8,-1,1,-1
2018621800272,1,9,0,18,0,0,0,4,0,0,3,1,6,1,22,5,1242,1,4,-1,1,-1
2018621800272,2,9,0,2,0,0,0,0,0,0,3,1,6,3,-1,-1,1597,2,2,-1,-1,-1
2018621800273,1,9,0,18,0,0,0,0,0,0,1,1,6,2,56,9,1560,2,3,-1,1,-1
2018621800273,2,9,0,4,0,0,0,0,0,0,2,1,6,1,33,6,1995,2,2,-1,3,-1
2018621800273,3,9,0,4,0,0,0,0,0,0,2,1,6,1,47,8,2400,2,4,-1,3,-1
2018621800273,4,9,0,4,0,0,0,0,0,0,2,1,6,1,30,6,1685,2,2,-1,3,-1
2018621800274,1,9,0,7,0,8,0,0,0,0,1,1,6,1,27,6,1598,2,7,-1,1,-1
2018621800275,1,9,0,18,0,0,5,7,1,0,1,1,6,1,21,5,1197,1,2,-1,3,-1
2018621800276,1,9,0,18,0,0,0,0,0,0,1,1,6,3,-1,-1,-1,-1,-1,-1,-1,-1
2018621800277,1,9,0,18,0,2,0,0,1,10,1,1,6,1,56,9,998,1,18,-1,1,-1
2018621800278,1,19,0,18,0,1,1,0,0,0,1,1,1,1,38,7,2287,2,10,-1,3,-1
2018621800278,2,9,0,4,0,1,0,0,0,0,2,1,6,1,67,10,1868,2,17,-1,1,-1
2018621800278,3,9,0,18,0,8,0,0,0,0,1,1,6,1,53,8,1242,1,14,-1,1,-1
2018621800279,1,9,0,18,0,6,0,0,0,0,4,1,6,2,50,8,1995,2,1,-1,3,-1
2018621800279,2,9,0,18,0,8,0,0,0,0,1,1,6,2,30,6,1598,1,7,-1,1,-1
2018621800280,1,9,0,5,0,4,0,0,0,0,1,1,6,1,33,6,1198,1,3,-1,1,-1
2018621800280,2,9,0,3,0,4,0,0,0,0,2,1,6,1,53,8,1997,1,12,-1,2,-1
2018621800282,1,19,0,10,0,6,0,0,0,0,3,1,1,1,24,5,1753,2,11,-1,1,-1
2018621800283,1,9,0,18,0,0,0,0,0,0,1,1,6,1,44,7,1242,1,2,-1,2,-1
2018621800283,2,9,0,18,0,0,0,0,0,0,1,1,6,2,49,8,1587,1,14,-1,2,-1
2018621800284,1,9,0,9,0,8,0,0,0,0,1,1,6,2,35,6,1999,1,10,-1,1,-1
2018621800284,2,1,0,18,0,8,0,0,0,0,3,1,1,2,39,7,-1,-1,-1,-1,1,-1
2018621800285,1,9,0,9,0,8,0,0,0,0,1,1,6,2,55,8,1198,1,11,-1,1,-1
2018621800285,2,9,0,9,0,8,0,0,0,0,1,1,6,1,53,8,2967,7,17,-1,1,-1
2018621800286,1,9,0,18,0,8,0,10,1,0,1,1,6,2,51,8,796,1,10,-1,1,-1
2018621800286,2,19,0,3,0,1,0,0,0,0,3,1,6,1,28,6,1995,2,8,-1,1,-1
2018621800287,1,9,0,18,0,4,0,0,0,0,1,1,6,2,38,7,1968,2,1,-1,1,-1
2018621800287,2,3,0,18,0,3,0,0,0,0,4,1,6,1,20,4,-1,-1,-1,-1,1,-1
2018621800288,1,9,0,6,0,0,0,0,0,0,3,1,6,2,52,8,998,1,4,-1,2,-1
2018621800288,2,19,0,13,0,0,0,0,0,0,4,1,6,1,34,6,1598,2,4,-1,3,-1
2018621800289,1,9,0,18,0,0,0,0,0,0,1,1,1,1,62,9,-1,-1,-1,-1,3,-1
2018621800290,1,9,0,13,0,0,0,0,0,0,4,1,6,3,-1,-1,999,1,1,-1,-1,-1
2018621800290,2,9,0,18,0,0,0,10,1,2,3,1,3,2,38,7,1586,1,15,-1,1,-1
2018621800292,1,9,0,18,0,2,0,0,0,0,1,1,6,1,41,7,1997,2,11,-1,1,-1
2018621800293,1,8,0,7,0,8,0,0,0,0,1,1,6,3,-1,-1,1560,2,9,-1,-1,-1
2018621800293,2,1,0,18,0,8,0,0,0,0,4,1,6,2,24,5,-1,-1,-1,-1,1,-1
2018621800294,1,9,0,9,0,4,0,7,0,0,1,2,6,1,81,11,1198,1,13,-1,1,-1
2018621800294,2,9,0,18,0,8,0,0,0,0,4,1,3,2,28,6,1753,2,15,-1,1,-1
2018621800295,1,8,0,18,0,0,0,4,0,0,1,1,1,1,54,8,-1,-1,-1,-1,1,-1
2018621800295,2,9,0,2,0,0,0,0,0,0,4,1,6,3,-1,-1,1781,1,30,-1,-1,-1
2018621800295,3,9,0,2,0,0,0,0,0,0,4,1,6,3,-1,-1,1598,1,9,-1,-1,-1
2018621800296,1,9,0,18,0,1,0,0,0,0,1,1,6,1,64,9,2993,2,2,-1,2,-1
2018621800296,2,9,0,3,0,1,0,0,0,0,2,1,6,1,64,9,1198,1,-1,-1,1,-1
2018621800296,3,9,0,9,0,1,0,0,0,0,2,1,6,2,33,6,1242,1,2,-1,1,-1
2018621800297,1,9,0,18,0,0,0,0,0,0,1,1,6,1,20,4,1596,1,17,-1,1,-1
2018621800297,2,9,0,5,0,0,0,0,0,0,3,1,6,2,39,7,1598,2,2,-1,3,-1
2018621800297,3,9,0,2,0,0,0,0,0,0,1,1,6,3,-1,-1,1229,1,8,-1,-1,-1
2018621800298,1,9,0,1,0,6,0,0,3,10,4,1,2,2,24,5,998,1,6,-1,1,-1
2018621800298,2,9,0,18,0,1,0,0,0,0,1,1,3,1,37,7,1595,1,1,-1,1,-1
2018621800299,1,9,0,18,0,0,1,0,7,11,3,1,2,2,27,6,1229,1,8,-1,1,-1
2018621800300,1,2,0,18,0,0,0,0,0,0,1,1,6,1,26,6,125,1,2,-1,1,-1
2018621800300,2,9,0,18,0,0,0,0,0,0,1,2,6,1,36,7,1587,1,16,-1,1,-1
2018621800301,1,9,0,18,0,0,1,11,5,6,1,1,6,1,21,5,1229,1,8,-1,1,-1
2018621800301,2,9,0,18,0,0,0,11,0,0,3,1,6,2,42,7,1997,2,6,-1,2,-1
2018621800303,1,9,0,18,0,0,0,0,0,0,1,1,6,1,26,6,1995,2,3,-1,1,-1
2018621800303,2,9,0,4,0,0,0,0,0,0,2,1,6,1,51,8,1242,1,12,-1,3,-1
2018621800304,1,9,0,5,0,1,0,0,0,0,1,1,2,2,40,7,1560,2,11,-1,1,-1
2018621800304,2,9,0,3,0,1,0,0,0,0,2,1,6,2,29,6,1242,1,10,-1,1,-1
2018621800305,1,9,0,18,0,4,0,0,0,0,1,1,6,2,77,11,1997,2,3,-1,2,-1
2018621800305,2,9,0,3,0,4,0,0,0,0,2,1,6,2,44,7,1200,1,3,-1,2,-1
2018621800306,1,9,0,5,0,4,0,0,0,0,1,1,2,2,24,5,1198,1,9,-1,1,-1
2018621800306,2,5,0,3,0,4,0,0,0,0,2,1,6,1,52,8,656,1,9,-1,1,-1
2018621800307,1,9,0,9,0,6,0,0,0,0,1,1,6,2,19,4,998,1,14,-1,1,-1
2018621800307,2,9,0,18,0,8,0,0,0,0,4,1,6,1,42,7,1560,2,3,-1,1,-1
2018621800308,1,9,0,18,0,1,0,0,0,0,1,1,6,1,52,8,2993,2,6,-1,3,-1
2018621800308,2,9,0,3,0,1,0,0,0,0,2,1,6,2,41,7,1999,1,23,-1,3,-1
2018621800308,3,9,0,3,0,1,0,0,0,0,2,1,6,2,49,8,1596,1,9,-1,1,-1
2018621800308,4,9,0,3,0,1,0,0,0,0,2,1,6,2,52,8,1388,1,6,-1,2,-1
2018621800309,1,9,0,14,0,0,0,0,0,0,3,1,6,2,31,6,1596,1,10,-1,1,-1
2018621800310,1,9,0,18,0,0,0,0,0,0,4,1,6,2,41,7,1968,2,10,-1,1,-1
2018621800311,1,9,0,1,9,1,1,0,7,11,2,1,6,1,51,8,1796,1,15,-1,1,-1
2018621800312,1,9,0,12,0,0,0,0,0,0,3,1,6,1,25,5,1994,1,11,-1,1,-1
2018621800312,2,9,0,18,0,0,0,0,5,6,4,1,6,1,58,9,2199,2,6,-1,1,-1
2018621800312,3,19,0,18,0,0,0,0,0,0,1,1,6,1,66,10,2143,2,1,-1,1,-1
2018621800313,1,9,0,5,0,8,0,0,0,0,1,1,6,2,19,4,1242,1,8,-1,1,-1
2018621800313,2,2,0,18,0,8,0,0,0,0,1,1,6,1,16,4,48,1,1,-1,3,-1
2018621800313,3,9,0,2,0,1,0,0,0,0,3,1,6,3,-1,-1,1598,2,2,-1,-1,-1
2018621800314,1,11,0,5,2,1,0,0,0,0,1,1,1,1,57,9,9000,2,8,-1,1,-1
2018621800314,2,11,0,2,2,1,0,0,0,0,2,1,1,1,45,7,6374,2,5,-1,2,-1
2018621800315,1,4,0,18,0,8,0,0,0,0,1,1,6,1,37,7,249,1,-1,-1,1,-1
2018621800315,2,9,0,9,0,8,0,0,0,0,2,1,6,2,35,6,1910,2,10,-1,1,-1
2018621800316,1,9,0,6,0,0,0,0,0,0,3,1,6,1,53,8,1956,2,4,-1,1,-1
2018621800316,2,9,0,18,0,0,0,0,0,0,1,1,6,1,22,5,-1,-1,-1,-1,1,-1
2018621800317,1,9,0,18,0,8,0,0,0,0,3,1,6,2,77,11,1242,1,10,-1,1,-1
2018621800317,2,9,0,18,0,8,0,0,0,0,1,1,6,1,56,9,1956,2,7,-1,1,-1
2018621800319,1,9,0,18,0,3,0,0,0,0,4,1,6,1,25,5,1995,2,1,-1,1,-1
2018621800319,2,8,0,18,0,4,0,0,0,0,1,1,1,1,53,8,1598,2,3,-1,1,-1
2018621800319,3,9,0,18,0,3,0,0,0,0,3,1,6,2,37,7,1685,2,4,-1,3,-1
2018621800320,1,9,0,9,0,6,0,0,0,0,3,1,6,2,72,10,998,1,6,-1,3,-1
2018621800320,2,9,0,18,0,8,0,0,0,0,1,1,6,1,28,6,1596,1,8,-1,1,-1
2018621800321,1,9,0,5,0,1,0,4,0,0,1,1,6,1,35,6,2993,2,2,-1,3,-1
2018621800321,2,9,0,2,0,1,0,0,0,0,2,1,6,3,-1,-1,2148,2,8,-1,-1,-1
2018621800322,1,9,0,18,0,3,0,0,0,0,1,1,6,2,26,6,1390,1,6,-1,3,-1
2018621800322,2,9,0,18,0,4,0,0,0,0,1,1,6,2,21,5,1242,1,2,-1,1,-1
2018621800323,1,3,0,9,0,3,0,0,2,7,1,1,6,1,17,4,124,1,3,-1,1,-1
2018621800323,2,9,0,9,0,3,0,0,0,0,0,1,6,2,44,7,2362,1,16,-1,1,-1
2018621800324,1,9,0,18,0,0,1,0,1,4,1,1,6,1,22,5,1995,2,10,-1,1,-1
2018621800325,1,1,0,18,0,8,0,0,0,0,1,1,6,1,47,8,-1,-1,-1,-1,1,-1
2018621800325,2,9,0,18,0,8,0,0,0,0,1,2,6,1,21,5,-1,-1,-1,-1,1,-1
2018621800326,1,9,0,9,0,5,0,0,0,0,3,1,1,1,42,7,1995,2,10,-1,1,-1
2018621800327,1,9,0,18,0,0,0,0,0,0,1,1,6,2,72,10,1149,1,11,-1,1,-1
2018621800327,2,9,0,2,0,0,0,0,0,0,2,1,6,3,-1,-1,1598,1,4,-1,-1,-1
2018621800327,3,9,0,2,0,0,0,0,0,0,2,1,6,3,-1,-1,1598,1,6,-1,-1,-1
2018621800328,1,9,0,9,0,1,0,0,0,0,1,1,6,2,36,7,1598,1,12,-1,1,-1
2018621800328,2,3,0,18,0,1,1,0,0,0,2,1,6,1,47,8,125,1,1,-1,1,-1
2018621800329,1,9,0,1,0,2,0,0,0,0,0,1,6,1,71,10,1318,1,1,-1,1,-1
2018621800329,2,1,0,13,0,2,0,0,0,0,3,1,6,1,63,9,-1,-1,-1,-1,1,-1
2018621800329,3,11,0,18,0,2,0,0,0,0,4,1,1,1,61,9,9360,2,6,-1,1,-1
2018621800330,1,9,0,18,0,0,0,0,0,0,3,1,6,1,61,9,1997,2,5,-1,2,-1
2018621800330,2,9,0,18,0,0,0,0,0,0,3,1,6,1,50,8,999,1,1,-1,1,-1
2018621800331,1,9,0,4,0,1,0,0,1,11,1,1,6,2,67,10,1396,1,3,-1,2,-1
2018621800332,1,8,0,18,0,1,0,0,0,0,1,1,6,3,-1,-1,-1,-1,-1,-1,-1,-1
2018621800333,1,9,0,18,0,8,0,0,0,0,1,1,6,3,-1,-1,-1,-1,-1,-1,-1,-1
2018621800334,1,8,0,18,0,0,0,0,0,0,1,1,1,1,44,7,1560,2,7,-1,1,-1
2018621800335,1,9,0,18,0,0,0,4,0,0,4,1,6,1,79,11,1248,1,8,-1,1,-1
2018621800335,2,9,0,2,0,0,0,0,0,0,4,1,6,3,-1,-1,2987,2,11,-1,-1,-1
2018621800336,1,9,0,18,0,0,0,0,0,0,1,1,6,2,23,5,1461,2,4,-1,1,-1
2018621800336,2,9,0,18,0,0,0,0,0,0,2,1,6,2,35,6,1796,1,11,-1,1,-1
2018621800337,1,9,0,4,0,0,0,0,0,0,1,1,2,1,19,4,1084,1,-1,-1,1,-1
2018621800337,2,9,0,18,0,0,0,0,0,0,2,1,2,2,47,8,1461,2,2,-1,1,-1
2018621800338,1,9,0,14,0,0,0,0,0,0,4,1,6,1,54,8,1586,1,5,-1,1,-1
2018621800338,2,9,0,2,0,0,0,0,0,0,3,1,6,2,29,6,1560,2,5,-1,1,-1
2018621800339,1,9,0,9,0,6,0,0,0,0,3,1,6,1,55,8,1197,1,3,-1,3,-1
2018621800339,2,9,0,18,0,8,0,0,0,0,1,1,6,1,90,11,1248,1,6,-1,1,-1
2018621800340,1,9,0,18,0,1,0,0,0,0,3,1,1,1,47,8,2993,2,4,-1,1,-1
2018621800341,1,9,0,7,0,5,0,0,0,0,1,1,3,1,46,8,1497,8,12,-1,1,-1
2018621800341,2,1,0,18,0,8,0,0,0,0,3,1,1,1,53,8,-1,-1,-1,-1,1,-1
2018621800342,1,8,0,9,0,6,0,0,0,0,4,1,1,1,41,7,1995,2,2,-1,1,-1
2018621800342,2,1,0,18,0,1,0,0,0,0,1,1,6,1,32,6,-1,-1,-1,-1,1,-1
2018621800343,1,9,0,7,0,6,0,0,0,0,1,1,6,2,73,10,1339,1,12,-1,1,-1
2018621800343,2,19,0,18,0,8,0,0,0,0,3,1,2,1,38,7,2198,2,4,-1,1,-1
2018621800344,1,9,0,18,0,0,0,0,0,0,3,1,2,2,55,8,1248,1,8,-1,1,-1
2018621800345,1,9,0,18,0,0,0,0,0,0,1,1,6,2,19,4,1240,1,13,-1,1,-1
2018621800345,2,9,0,4,0,0,0,0,0,0,2,1,6,2,52,8,1398,1,2,-1,1,-1
2018621800346,1,9,0,9,0,5,0,0,0,0,1,1,6,1,61,9,1200,1,1,-1,1,-1
2018621800348,1,9,0,18,0,0,1,0,7,11,1,1,6,1,35,6,-1,-1,-1,-1,2,-1
2018621800349,1,9,0,18,0,0,0,0,0,0,1,1,2,2,65,9,998,1,1,-1,2,-1
2018621800349,2,9,0,18,0,0,0,0,0,0,1,1,6,1,37,7,1242,1,6,-1,1,-1
2018621800350,1,9,0,17,0,1,0,0,0,0,3,1,6,2,26,6,1248,1,3,-1,1,-1
2018621800350,2,9,0,16,0,1,0,0,0,0,3,1,6,1,50,8,1991,2,8,-1,1,-1
2018621800351,1,9,0,18,0,0,0,0,0,0,1,1,6,2,66,10,1560,2,9,-1,1,-1
2018621800351,2,19,0,3,0,0,0,0,0,0,2,1,1,1,53,8,1560,2,2,-1,1,-1
2018621800352,1,9,0,18,0,0,0,0,1,4,1,1,6,1,18,4,998,1,9,-1,1,-1
2018621800354,1,9,0,18,0,0,0,0,0,0,1,1,6,2,20,4,998,1,6,-1,1,-1
2018621800354,2,9,0,4,0,0,0,0,0,0,2,1,6,2,49,8,1229,1,7,-1,1,-1
2018621800355,1,9,0,9,0,8,0,0,0,0,1,1,6,2,30,6,2000,2,14,-1,1,-1
2018621800355,2,9,0,18,0,8,1,0,0,0,1,1,6,1,90,11,1339,8,8,-1,1,-1
2018621800355,3,9,0,2,0,1,0,0,0,0,1,1,6,3,-1,-1,1968,2,3,-1,-1,-1
2018621800355,4,9,0,2,0,1,0,0,0,0,1,1,6,3,-1,-1,1242,1,10,-1,-1,-1
2018621800356,1,9,0,7,0,8,0,0,0,0,3,1,6,2,27,6,1598,2,1,-1,1,-1
2018621800356,2,1,0,18,0,8,0,0,0,0,1,1,6,1,57,9,-1,-1,-1,-1,1,-1
2018621800357,1,9,0,1,0,0,0,0,0,0,2,1,6,2,18,4,998,1,7,-1,2,-1
2018621800359,1,19,0,18,0,3,0,0,0,0,1,1,6,1,59,9,1560,2,9,-1,1,-1
2018621800359,2,9,0,18,0,1,0,0,0,0,1,1,6,2,17,4,1199,2,7,-1,2,-1
2018621800360,1,9,0,9,0,6,0,0,0,0,4,1,6,1,32,6,1598,1,13,-1,1,-1
2018621800360,2,9,0,18,0,8,0,0,0,0,1,1,6,2,17,4,998,1,6,-1,3,-1
2018621800361,1,9,0,16,0,3,0,0,0,0,1,1,6,1,37,7,2143,2,2,-1,1,-1
2018621800361,2,9,0,4,0,1,0,0,0,0,3,1,6,2,48,8,3000,2,22,-1,1,-1
2018621800362,1,9,0,18,0,0,0,0,0,0,2,1,6,2,38,7,1997,2,3,-1,1,-1
2018621800362,2,9,0,18,0,0,0,0,0,0,1,1,6,1,85,11,1799,1,22,-1,1,-1
2018621800363,1,8,0,18,0,0,5,0,1,7,4,1,1,1,57,9,1995,2,1,-1,1,-1
2018621800364,1,9,0,18,0,8,0,0,0,0,1,1,6,1,21,5,1598,1,14,-1,1,-1
2018621800364,2,9,0,18,0,8,0,0,0,0,3,1,6,2,20,4,1598,2,4,-1,3,-1
2018621800365,1,9,0,13,0,0,0,0,0,0,4,1,6,1,36,7,1200,1,-1,-1,3,-1
2018621800365,2,8,0,18,0,0,0,0,2,7,1,1,1,1,34,6,-1,-1,-1,-1,1,-1
2018621800366,1,9,0,4,0,1,0,0,0,0,1,1,2,1,51,8,1242,1,7,-1,1,-1
2018621800366,2,10,0,3,0,1,0,0,0,0,2,1,2,2,40,7,2459,1,23,-1,1,-1
2018621800367,1,9,0,9,0,8,0,0,0,0,1,1,6,1,65,9,1896,2,14,-1,1,-1
2018621800368,1,9,0,9,0,8,0,0,0,0,4,1,6,1,30,6,-1,-1,-1,-1,1,-1
2018621800368,2,9,0,18,0,8,0,0,7,0,1,1,6,2,50,8,1896,2,15,-1,1,-1
2018621800368,3,9,0,18,0,1,0,0,0,0,1,1,6,1,61,9,1560,2,2,-1,1,-1
2018621800369,1,1,0,18,0,0,0,0,0,0,1,1,4,1,15,3,-1,-1,-1,-1,1,-1
2018621800369,2,9,0,18,0,0,0,0,0,0,3,1,3,1,49,8,1794,1,14,-1,1,-1
2018621800371,1,20,0,4,0,0,0,0,0,0,1,1,1,1,32,6,2198,2,4,-1,1,-1
2018621800371,2,9,0,4,0,0,0,0,0,0,2,1,2,2,27,6,1598,2,3,-1,1,-1
2018621800372,1,9,0,12,0,0,1,0,4,6,2,1,6,2,24,5,1242,1,9,-1,1,-1
2018621800373,1,9,0,18,0,0,0,0,0,0,1,1,6,2,37,7,1364,1,-1,-1,1,-1
2018621800373,2,9,0,18,0,0,0,0,0,0,2,1,6,1,18,4,1390,1,7,-1,1,-1
2018621800374,1,9,0,18,0,0,0,0,0,0,1,1,6,2,32,6,998,1,2,-1,1,-1
2018621800374,2,9,0,4,0,0,0,0,0,0,2,1,6,2,48,8,998,1,2,-1,1,-1
2018621800374,3,9,0,4,0,0,0,0,0,0,2,1,6,2,41,7,1398,1,3,-1,1,-1
2018621800375,1,9,0,17,0,0,1,0,0,0,1,1,6,1,18,4,1968,2,1,-1,1,-1
2018621800375,2,9,0,16,0,0,0,0,0,0,1,1,6,2,58,9,1400,2,11,-1,1,-1
2018621800376,1,19,0,18,0,8,0,0,0,0,1,1,1,1,52,8,12580,2,13,-1,2,-1
2018621800377,1,9,0,11,0,0,1,0,1,1,1,1,6,1,49,8,-1,-1,-1,-1,1,-1
2018621800378,1,9,0,18,0,0,0,0,0,0,1,1,6,2,23,5,1461,2,3,-1,1,-1
2018621800378,2,9,0,18,0,0,0,0,0,0,1,1,6,2,61,9,1198,1,2,-1,1,-1
2018621800379,1,3,0,16,0,0,0,0,0,0,3,1,6,1,38,7,124,1,4,-1,1,-1
2018621800379,2,9,0,17,0,0,0,0,0,0,3,1,6,2,37,7,1461,2,11,-1,1,-1
2018621800379,3,9,0,18,0,0,0,0,0,0,1,1,6,1,27,6,1968,2,6,-1,1,-1
2018621800380,1,4,0,18,0,0,1,0,1,4,1,1,6,1,28,6,124,1,7,-1,1,-1
2018621800380,2,9,0,2,0,0,0,0,0,0,2,1,6,3,-1,-1,998,1,9,-1,-1,-1
2018621800381,1,9,0,5,0,6,0,0,0,0,3,1,2,2,42,7,998,1,8,-1,1,-1
2018621800381,2,9,0,18,0,8,0,0,0,0,1,1,6,2,26,6,1461,2,4,-1,3,-1
2018621800382,1,9,0,9,0,5,0,0,0,0,4,1,2,1,27,6,1598,2,5,-1,1,-1
2018621800382,2,1,0,18,0,1,0,0,0,0,1,1,6,1,48,8,-1,-1,-1,-1,1,-1
2018621800383,1,9,0,18,0,0,0,0,0,0,4,1,2,2,35,6,2268,2,6,-1,1,-1
2018621800384,1,9,0,18,0,0,0,0,0,0,4,1,6,1,87,11,1796,1,12,-1,1,-1
2018621800385,1,9,0,18,0,0,1,0,1,7,4,1,2,1,28,6,1200,1,1,-1,1,-1
2018621800385,2,9,0,18,0,0,0,0,0,0,3,1,6,1,18,4,998,1,3,-1,1,-1
2018621800386,1,3,0,18,0,3,1,10,0,0,1,1,1,1,19,4,125,1,1,-1,2,-1
2018621800387,1,9,0,9,0,6,0,7,0,0,1,1,6,1,68,10,1560,2,5,-1,1,-1
2018621800388,1,9,0,4,0,0,0,0,0,0,3,1,6,2,21,5,998,1,4,-1,2,-1
2018621800388,2,1,0,18,0,0,0,0,0,0,1,1,6,1,35,6,-1,-1,-1,-1,1,-1
2018621800389,1,9,0,16,0,0,1,0,7,4,1,1,6,1,17,4,875,1,5,-1,1,-1
2018621800389,2,9,0,17,0,0,0,0,0,0,1,1,6,1,39,7,1997,2,4,-1,1,-1
2018621800390,1,9,0,9,0,6,0,0,0,0,2,1,6,2,40,7,1329,1,1,-1,1,-1
2018621800390,2,4,0,18,0,1,1,0,0,0,1,1,6,1,21,5,750,1,8,-1,1,-1
2018621800391,1,9,0,1,0,0,0,0,0,0,2,1,6,1,88,11,1968,2,8,-1,1,-1
2018621800391,2,9,0,2,0,0,0,0,0,0,1,1,6,3,-1,-1,1339,1,4,-1,-1,-1
2018621800392,1,3,0,7,0,0,1,10,0,0,1,1,1,1,38,7,125,1,-1,-1,1,-1
2018621800392,2,9,0,2,0,0,0,0,0,0,1,1,6,3,-1,-1,1461,2,2,-1,-1,-1
2018621800393,1,9,0,16,0,0,1,11,8,7,3,1,6,2,19,4,1242,1,5,-1,2,-1
2018621800394,1,9,0,1,0,1,0,4,0,0,2,1,6,1,52,8,1968,2,4,-1,1,-1
2018621800394,2,9,0,2,0,1,0,0,0,0,1,1,6,3,-1,-1,1997,2,9,-1,-1,-1
2018621800394,3,9,0,2,0,1,0,0,0,0,1,1,6,3,-1,-1,1461,2,1,-1,-1,-1
2018621800395,1,9,0,5,0,4,0,0,0,0,1,1,2,1,57,9,2993,2,7,-1,1,-1
2018621800395,2,1,0,3,0,4,0,0,0,0,2,1,6,2,65,9,-1,-1,-1,-1,1,-1
2018621800396,1,9,0,18,0,4,2,0,3,11,1,1,6,2,36,7,1560,2,4,-1,1,-1
2018621800397,1,9,0,18,0,1,0,0,8,4,1,1,6,1,35,6,1399,2,11,-1,1,-1
2018621800398,1,9,0,18,0,4,0,0,0,0,1,1,6,1,24,5,1595,1,-1,-1,1,-1
2018621800399,1,8,0,18,0,4,0,0,0,0,1,1,6,1,59,9,1968,2,7,-1,1,-1
2018621800399,2,1,0,18,0,3,0,0,0,0,2,1,6,1,37,7,-1,-1,-1,-1,1,-1
2018621800400,1,9,0,18,0,0,0,10,1,11,1,1,6,2,60,9,1198,1,6,-1,1,-1
2018621800401,1,9,0,1,0,0,0,0,0,0,2,1,6,1,26,6,2000,2,13,-1,1,-1
2018621800401,2,9,0,3,0,0,0,0,0,0,1,1,6,2,54,8,1498,1,5,-1,3,-1
2018621800402,1,9,0,18,0,2,0,0,0,0,4,1,1,2,27,6,1349,1,9,-1,2,-1
2018621800403,1,9,0,18,0,0,0,0,0,0,1,1,2,2,39,7,2143,2,2,-1,1,-1
2018621800403,2,9,0,18,0,0,0,0,0,0,1,1,6,1,28,6,1686,2,5,-1,1,-1
2018621800404,1,9,0,7,0,8,0,0,0,0,3,1,6,1,37,7,1560,2,4,-1,1,-1
2018621800404,2,9,0,18,0,8,1,0,0,0,1,1,6,1,64,9,1149,1,17,-1,3,-1
2018621800405,1,19,0,18,0,2,0,0,0,0,1,1,1,1,27,6,1686,2,7,-1,1,-1
2018621800407,1,20,0,5,0,1,0,0,0,0,1,1,1,1,63,9,-1,-1,-1,-1,1,-1
2018621800407,2,9,0,3,0,1,0,0,0,0,2,1,6,2,42,7,1400,2,11,-1,1,-1
2018621800408,1,9,0,16,0,0,0,0,0,0,1,1,6,3,-1,-1,-1,-1,-1,-1,-1,-1
2018621800408,2,9,0,17,0,0,0,0,1,11,3,1,6,1,34,6,1499,1,1,-1,1,-1
2018621800409,1,9,0,5,0,1,0,0,0,0,1,1,6,1,90,11,1896,2,20,-1,1,-1