Accident_Index,Vehicle_Reference,Vehicle_Type,Towing_and_Articulation,Vehicle_Manoeuvre,Vehicle_Location-Restricted_Lane,Junction_Location,Skidding_and_Overturning,Hit_Object_in_Carriageway,Vehicle_Leaving_Carriageway,Hit_Object_off_Carriageway,1st_Point_of_Impact,Was_Vehicle_Left_Hand_Drive?,Journey_Purpose_of_Driver,Sex_of_Driver,Age_of_Driver,Age_Band_of_Driver,Engine_Capacity_(CC),Propulsion_Code,Age_of_Vehicle,Driver_IMD_Decile,Driver_Home_Area_Type,Vehicle_IMD_Decile
2018621800409,2,9,0,3,0,1,0,0,0,0,2,1,6,2,41,7,1086,1,9,-1,1,-1
2018621800410,1,20,0,18,0,0,0,0,0,0,1,1,6,3,-1,-1,-1,-1,-1,-1,-1,-1
2018621800410,2,9,0,18,0,0,0,0,0,0,2,1,6,2,26,6,1461,2,5,-1,1,-1
2018621800411,1,4,0,7,0,1,0,0,0,0,1,1,1,1,24,5,125,1,2,-1,1,-1
2018621800412,1,9,0,18,0,1,0,0,0,0,4,1,1,1,37,7,1398,1,3,-1,1,-1
2018621800413,1,9,0,18,0,0,0,4,1,0,1,1,6,1,73,10,1242,1,4,-1,1,-1
2018621800413,2,9,0,2,0,0,0,0,0,0,2,1,6,3,-1,-1,1995,2,9,-1,-1,-1
2018621800414,1,9,0,18,0,0,0,0,0,0,1,1,6,2,33,6,1799,1,9,-1,2,-1
2018621800415,1,9,0,17,0,0,0,0,7,4,3,1,6,2,19,4,-1,-1,-1,-1,2,-1
2018621800416,1,9,0,18,0,0,0,0,4,4,1,1,2,1,17,4,1794,1,12,-1,1,-1
2018621800417,1,9,0,18,0,1,0,0,0,0,1,1,6,1,89,11,1329,1,6,-1,1,-1
2018621800417,2,9,0,7,0,5,0,0,0,0,2,1,6,1,70,10,1968,2,9,-1,1,-1
2018621800418,1,9,0,9,0,8,0,0,0,0,1,1,6,2,22,5,998,1,4,-1,1,-1
2018621800418,2,1,0,18,0,8,0,0,0,0,1,1,6,1,35,6,-1,-1,-1,-1,1,-1
2018621800419,1,9,0,18,0,1,0,0,0,0,1,1,6,1,27,6,1197,1,3,-1,1,-1
2018621800420,1,9,0,18,0,0,0,0,0,0,4,1,6,1,34,6,1685,2,1,-1,1,-1
2018621800420,2,9,0,18,0,0,0,0,0,0,3,1,6,1,54,8,1896,2,12,-1,1,-1
2018621800421,1,9,0,9,0,8,0,0,0,0,1,1,6,2,42,7,1396,1,9,-1,1,-1
2018621800421,2,9,0,18,0,8,0,0,0,0,4,1,6,1,35,6,1968,2,6,-1,1,-1
2018621800421,3,9,0,4,0,1,0,0,0,0,3,1,6,1,50,8,1798,1,6,-1,1,-1
2018621800422,1,9,0,13,0,8,1,0,4,1,4,1,6,2,19,4,1242,1,2,-1,1,-1
2018621800422,2,90,0,17,0,8,0,0,0,0,3,1,1,1,63,9,5880,2,12,-1,2,-1
2018621800423,1,9,0,18,0,0,1,0,1,4,1,1,6,1,24,5,1995,2,6,-1,1,-1
2018621800423,2,20,0,2,0,0,0,0,0,0,2,1,1,1,51,8,-1,-1,-1,-1,1,-1
2018621800424,1,1,0,18,0,0,1,0,0,0,1,1,6,1,9,2,-1,-1,-1,-1,1,-1
2018621800424,2,9,0,18,0,0,0,0,0,0,3,1,2,2,54,8,3456,8,9,-1,1,-1
2018621800425,1,21,0,18,0,0,0,0,0,0,1,1,1,1,33,6,9290,2,6,-1,1,-1
2018621800425,2,9,0,4,0,0,0,0,0,0,2,1,1,1,50,8,1685,2,6,-1,1,-1
2018621800425,3,9,0,4,0,0,0,0,0,0,2,1,1,2,25,5,1198,1,3,-1,1,-1
2018621800425,4,9,0,4,0,0,0,0,0,0,2,1,1,1,29,6,1398,1,5,-1,1,-1
2018621800425,5,19,0,4,0,0,0,0,0,0,2,1,1,1,38,7,2143,2,1,-1,1,-1
2018621800425,6,9,0,4,0,0,0,0,0,0,2,1,1,2,56,9,1461,2,2,-1,1,-1
2018621800426,1,9,0,18,0,1,0,0,0,0,1,1,6,1,31,6,999,1,-1,-1,2,-1
2018621800426,2,9,0,3,0,1,0,0,0,0,2,1,6,1,22,5,1149,1,13,-1,1,-1
2018621800426,3,9,0,3,0,1,0,0,0,0,2,1,6,1,42,7,2149,2,11,-1,1,-1
2018621800426,4,9,0,3,0,1,0,0,0,0,2,1,6,2,40,7,1896,2,10,-1,1,-1
2018621800427,1,9,0,18,0,0,0,0,0,0,3,1,2,1,20,4,1598,2,1,-1,1,-1
2018621800428,1,9,0,9,0,6,0,0,0,0,1,1,6,2,48,8,1796,1,11,-1,1,-1
2018621800428,2,9,0,18,0,8,0,0,0,0,4,1,6,1,30,6,1998,2,11,-1,1,-1
2018621800430,1,9,0,18,0,4,0,0,0,0,4,1,1,1,74,10,-1,-1,-1,-1,1,-1
2018621800431,1,1,0,12,0,1,0,0,0,0,1,1,4,1,15,3,-1,-1,-1,-1,1,-1
2018621800431,2,8,0,9,0,2,0,0,0,0,1,1,1,1,49,8,1995,2,6,-1,1,-1
2018621800433,1,9,0,9,0,8,0,0,0,0,1,1,6,1,55,8,1596,1,5,-1,1,-1
2018621800433,2,4,0,18,0,8,0,0,0,0,1,1,6,1,23,5,250,1,6,-1,1,-1
2018621800434,1,19,0,1,0,1,0,0,0,0,2,1,1,1,38,7,1995,2,11,-1,1,-1
2018621800434,2,9,0,18,0,1,0,0,0,0,1,1,6,1,52,8,1399,2,15,-1,1,-1
2018621800435,1,9,0,9,0,8,0,0,0,0,1,1,6,1,63,9,1997,2,3,-1,1,-1
2018621800435,2,1,0,18,0,8,0,0,0,0,1,1,6,1,63,9,-1,-1,-1,-1,1,-1
2018621800436,1,9,0,9,0,6,0,0,0,0,3,1,6,1,56,9,1685,2,4,-1,1,-1
2018621800436,2,1,0,18,0,8,0,0,0,0,1,1,6,1,57,9,-1,-1,-1,-1,1,-1
2018621800437,1,9,0,18,0,0,0,0,0,0,1,1,6,1,32,6,1598,1,15,-1,1,-1
2018621800437,2,9,0,4,0,0,0,0,0,0,2,1,6,2,42,7,1242,1,6,-1,1,-1
2018621800438,1,9,0,11,0,0,0,0,0,0,1,1,6,2,26,6,1560,2,3,-1,1,-1
2018621800438,2,9,0,3,0,0,0,0,0,0,4,1,2,1,48,8,1461,2,3,-1,2,-1
2018621800438,3,9,0,3,0,0,0,0,0,0,4,1,2,2,60,9,1498,1,-1,-1,2,-1
2018621800438,4,9,0,3,0,0,0,0,0,0,2,1,2,2,24,5,1200,1,1,-1,1,-1
2018621800439,1,9,0,18,0,2,0,0,0,0,4,1,6,2,19,4,1242,1,8,-1,1,-1
2018621800439,2,1,0,18,0,8,0,0,0,0,1,1,6,1,23,5,-1,-1,-1,-1,1,-1
2018621800441,1,9,0,5,0,6,0,0,0,0,3,1,6,1,73,10,1242,1,5,-1,1,-1
2018621800441,2,9,0,18,0,8,0,0,7,2,1,1,6,2,35,6,1910,2,10,-1,1,-1
2018621800442,1,5,0,18,0,1,0,0,0,0,1,1,6,1,26,6,1157,1,13,-1,1,-1
2018621800442,2,5,0,18,0,1,0,0,0,0,1,1,6,1,47,8,1290,1,9,-1,1,-1
2018621800442,3,5,0,3,0,1,0,0,0,0,3,1,6,1,49,8,918,1,20,-1,1,-1
2018621800442,4,9,0,9,0,1,0,0,0,0,3,1,6,1,49,8,-1,-1,-1,-1,3,-1
2018621800443,1,9,0,6,0,1,0,0,0,0,2,1,6,1,34,6,1596,1,11,-1,1,-1
2018621800443,2,1,0,18,0,1,0,0,0,0,1,1,6,1,46,8,-1,-1,-1,-1,1,-1
2018621800444,1,1,0,7,0,8,0,0,0,0,1,1,2,1,44,7,-1,-1,-1,-1,1,-1
2018621800444,2,9,0,7,0,8,0,0,0,0,3,1,6,2,21,5,1299,1,9,-1,1,-1
2018621800445,1,9,0,5,0,4,0,0,0,0,1,1,6,2,26,6,1995,1,8,-1,1,-1
2018621800445,2,9,0,5,0,4,0,0,0,0,2,1,6,2,43,7,1618,1,2,-1,3,-1
2018621800446,1,3,0,17,0,0,0,0,0,0,0,1,6,1,23,5,125,1,3,-1,1,-1
2018621800447,1,9,0,18,0,8,0,0,0,0,1,1,6,3,-1,-1,-1,-1,-1,-1,-1,-1
2018621800447,2,1,0,18,0,8,0,0,0,0,3,1,6,1,66,10,-1,-1,-1,-1,1,-1
2018621800448,1,9,0,18,0,0,0,0,0,0,1,1,6,1,36,7,1242,1,8,-1,2,-1
2018621800448,2,9,0,4,0,0,0,0,0,0,2,1,6,1,31,6,1560,2,9,-1,1,-1
2018621800449,1,9,0,18,0,8,1,0,1,0,3,1,6,1,21,5,2979,1,2,-1,1,-1
2018621800449,2,8,0,18,0,8,1,0,0,0,1,1,1,1,45,7,1598,2,2,-1,1,-1
2018621800450,1,1,0,18,0,0,0,0,0,0,4,1,6,1,7,2,-1,-1,-1,-1,1,-1
2018621800450,2,9,0,18,0,0,0,0,0,0,1,1,6,1,22,5,1248,2,6,-1,1,-1
2018621800452,1,9,0,18,0,0,0,0,0,0,4,1,6,2,73,10,999,1,2,-1,1,-1
2018621800453,1,9,0,18,0,0,0,0,0,0,1,1,6,3,-1,-1,-1,-1,-1,-1,-1,-1
2018621800454,1,19,0,18,0,0,0,0,0,0,4,1,1,2,33,6,1997,2,3,-1,1,-1
2018621800455,1,9,0,1,0,0,0,0,0,0,2,1,6,3,-1,-1,1242,1,-1,-1,-1,-1
2018621800456,1,9,0,11,0,0,0,0,0,0,4,1,6,2,48,8,1248,2,4,-1,1,-1
2018621800456,2,9,0,18,0,0,0,0,0,0,3,1,1,1,55,8,1598,2,2,3,1,3
2018621800457,1,9,0,12,0,1,0,0,0,0,1,1,1,1,49,8,1560,2,1,10,1,10
2018621800457,2,9,0,3,0,1,0,0,0,0,2,1,1,1,54,8,1586,1,3,-1,2,-1
2018621800457,3,19,0,3,0,1,0,0,0,0,2,1,6,1,22,5,1995,2,7,-1,2,-1
2018621800457,4,9,0,3,0,1,0,0,0,0,2,1,6,1,32,6,1956,2,8,-1,1,-1
2018621800458,1,9,0,11,0,0,0,0,0,0,2,1,6,1,40,7,1598,2,5,-1,1,-1
2018621800458,2,3,0,18,0,0,0,0,0,0,1,1,2,1,37,7,124,1,7,-1,1,-1
2018621800459,1,9,0,18,0,0,0,10,2,2,1,1,1,1,43,7,1373,1,-1,-1,1,-1
2018621800460,1,9,0,18,0,1,0,0,0,0,1,1,6,2,22,5,1200,1,1,-1,1,-1
2018621800460,2,19,0,18,0,2,0,0,1,0,1,1,2,1,49,8,2402,2,8,-1,1,-1
2018621800460,3,9,0,4,0,1,0,0,0,0,3,1,6,2,34,6,1896,2,15,-1,1,-1
2018621800461,1,5,0,18,0,0,0,0,0,0,0,1,2,1,44,7,1250,1,18,-1,1,-1
2018621800462,1,9,0,18,0,0,5,4,0,0,1,1,6,1,17,4,1360,1,8,-1,1,-1
2018621800462,2,9,0,2,0,0,0,0,0,0,2,1,6,3,-1,-1,899,1,4,-1,-1,-1
2018621800463,1,9,0,9,0,8,0,0,0,0,1,1,6,2,60,9,1496,2,2,-1,1,-1
2018621800463,2,1,0,18,0,8,0,0,0,0,3,1,6,2,21,5,-1,-1,-1,-1,1,-1
2018621800464,1,3,0,18,0,1,1,4,0,0,1,1,6,1,29,6,124,1,5,-1,1,-1
2018621800464,2,9,0,2,0,1,0,0,0,0,3,1,6,3,-1,-1,1388,1,13,-1,-1,-1
2018621800465,1,9,0,9,0,8,0,0,0,0,1,1,6,2,30,6,698,1,14,-1,1,-1
2018621800465,2,1,0,18,0,8,0,0,0,0,3,1,6,1,26,6,-1,-1,-1,-1,1,-1
2018621800466,1,3,0,16,0,0,0,0,0,0,1,1,6,1,55,8,124,1,7,-1,3,-1
2018621800466,2,9,0,17,0,0,0,0,0,0,1,1,6,1,58,9,1997,2,2,-1,3,-1
2018621800467,1,9,0,5,0,0,0,0,0,0,1,1,6,2,50,8,999,1,2,-1,3,-1
2018621800467,2,9,0,3,0,0,0,0,0,0,2,1,6,2,26,6,1395,1,4,-1,2,-1
2018621800468,1,9,0,7,0,8,0,0,0,0,1,1,1,1,24,5,1998,1,14,-1,1,-1
2018621800468,2,1,0,18,0,8,0,0,0,0,4,1,6,1,45,7,-1,-1,-1,-1,1,-1
2018621800469,1,1,0,18,0,0,0,0,0,0,0,1,6,1,42,7,-1,-1,-1,-1,1,-1
2018621800471,1,4,0,18,0,0,0,4,0,0,1,1,6,1,28,6,450,1,1,-1,1,-1
2018621800471,2,9,0,2,0,0,0,0,0,0,3,1,6,3,-1,-1,-1,-1,-1,-1,-1,-1
2018621800472,1,9,0,18,0,0,0,0,0,0,1,1,6,2,68,10,1596,1,3,-1,1,-1
2018621800472,2,19,4,2,0,0,0,0,0,0,2,1,6,3,-1,-1,2500,2,7,-1,-1,-1
2018621800473,1,9,0,12,0,0,0,0,0,0,1,1,1,1,49,8,1968,2,10,-1,1,-1
2018621800473,2,1,0,18,0,0,0,0,0,0,1,1,2,2,41,7,-1,-1,-1,-1,1,-1
2018621800474,1,19,0,9,0,8,0,0,0,0,1,1,6,2,39,7,1968,2,2,2,1,2
2018621800474,2,9,0,18,0,8,0,0,0,0,1,1,6,1,62,9,1796,1,13,-1,1,-1
2018621800475,1,9,0,18,0,0,0,0,0,0,3,1,3,2,34,6,1461,2,8,-1,3,-1
2018621800476,1,9,0,9,0,8,0,0,0,0,4,1,6,1,26,6,1995,2,11,-1,1,-1
2018621800476,2,8,0,18,0,8,0,0,0,0,1,1,1,1,42,7,2143,2,7,-1,1,-1
2018621800477,1,90,0,18,0,8,0,0,0,0,1,1,1,1,20,4,2987,2,6,-1,1,-1
2018621800477,2,9,0,9,0,6,0,0,0,0,3,1,6,2,75,10,796,1,13,-1,1,-1
2018621800478,1,9,0,18,0,0,0,0,0,0,1,1,2,2,24,5,998,1,9,-1,1,-1
2018621800479,1,8,0,1,0,0,0,0,0,0,2,1,1,1,45,7,1997,2,3,-1,1,-1
2018621800480,1,9,0,18,0,0,0,0,0,0,1,1,2,1,27,6,2143,2,1,-1,2,-1
2018621800480,2,19,0,18,0,0,0,0,0,0,2,1,2,1,65,9,1560,2,4,-1,2,-1
2018621800480,3,9,0,18,0,0,0,0,0,0,2,1,2,1,33,6,998,1,10,-1,1,-1
2018621800481,1,9,0,9,0,8,0,0,0,0,1,1,2,2,24,5,1598,2,5,-1,1,-1
2018621800481,2,9,0,18,0,8,1,0,0,0,3,1,6,2,27,6,1242,1,10,-1,3,-1
2018621800483,1,21,0,9,0,8,0,0,0,0,1,1,1,1,61,9,-1,-1,-1,-1,1,-1
2018621800483,2,9,0,18,0,3,0,0,0,0,2,1,3,2,33,6,1598,2,3,-1,-1,-1
2018621800484,1,9,0,18,0,8,0,0,0,0,3,1,6,2,69,10,1596,1,9,-1,1,-1
2018621800484,2,9,0,17,0,8,0,0,0,0,1,1,1,2,39,7,1997,2,4,-1,1,-1
2018621800485,1,9,0,17,0,0,0,0,0,0,1,1,6,3,-1,-1,1896,2,15,-1,-1,-1
2018621800485,2,9,0,16,0,0,0,0,0,0,1,1,6,2,44,7,1560,2,12,-1,3,-1
2018621800486,1,9,0,9,0,6,0,0,3,10,2,1,3,2,53,8,1596,1,4,-1,1,-1
2018621800486,2,9,0,18,0,1,0,0,0,0,0,1,6,2,28,6,1349,1,5,-1,2,-1
2018621800487,1,9,0,17,0,0,0,0,0,0,1,1,6,1,30,6,3200,1,10,-1,1,-1
2018621800487,2,9,0,4,0,0,0,0,0,0,1,1,6,1,22,5,1229,1,10,-1,1,-1
2018621800487,3,9,0,2,0,0,0,0,0,0,3,1,6,3,-1,-1,1685,2,-1,-1,-1,-1
2018621800487,4,9,0,2,0,0,0,0,0,0,3,1,6,3,-1,-1,1598,1,12,-1,-1,-1
2018621800487,5,9,0,2,0,0,0,0,0,0,3,1,6,3,-1,-1,1896,2,11,-1,-1,-1
2018621800489,1,9,0,18,0,1,0,0,0,0,1,1,6,1,63,9,1389,1,14,-1,-1,-1
2018621800489,2,1,0,18,0,1,0,0,0,0,2,1,1,1,24,5,-1,-1,-1,-1,1,-1
2018621800490,1,9,0,18,0,0,0,0,0,0,3,1,6,2,44,7,1995,2,7,-1,1,-1
2018621800491,1,9,0,18,0,0,0,0,0,0,1,1,6,1,61,9,-1,-1,-1,-1,1,-1
2018621800492,1,9,0,18,0,8,0,0,0,0,1,1,6,2,20,4,998,1,11,-1,1,-1
2018621800492,2,9,0,18,0,8,0,0,7,11,3,1,6,2,50,8,1240,1,15,-1,1,-1
2018621800493,1,9,0,18,0,1,0,0,0,0,3,1,6,1,65,9,1997,2,5,-1,1,-1
2018621800493,2,9,0,18,0,1,0,0,0,0,1,1,2,1,45,7,1596,1,15,-1,1,-1
2018621800494,1,9,0,18,0,1,0,0,0,0,1,1,6,2,29,6,1248,1,5,-1,1,-1
2018621800494,2,9,0,10,0,1,0,0,0,0,2,1,6,2,21,5,1598,2,5,-1,1,-1
2018621800495,1,9,0,18,0,0,5,0,0,0,3,1,6,2,38,7,1596,1,11,-1,1,-1
2018621800496,1,19,0,9,0,8,0,0,0,0,1,1,6,1,40,7,1968,2,9,-1,1,-1
2018621800496,2,8,0,18,0,8,0,0,0,0,1,1,1,1,40,7,1998,2,9,-1,1,-1
2018621800497,1,9,0,9,0,8,0,0,1,2,4,1,6,1,68,10,1399,2,8,-1,3,-1
2018621800497,2,9,0,9,0,8,0,0,0,0,3,1,6,1,29,6,1242,1,1,-1,1,-1
2018621800498,1,9,0,18,0,0,0,0,0,0,1,1,6,1,30,6,1598,2,6,-1,1,-1
2018621800498,2,1,0,18,0,0,0,0,0,0,1,1,6,1,10,2,-1,-1,-1,-1,1,-1
2018621800499,1,9,0,16,0,0,2,0,1,0,1,1,6,1,28,6,1794,1,17,-1,1,-1
2018621800501,1,5,0,17,0,0,1,0,0,0,1,1,6,1,44,7,599,1,21,-1,1,-1
2018621800501,2,9,0,16,0,0,0,0,0,0,1,1,6,1,28,6,1968,2,2,-1,2,-1
2018621800502,1,9,0,18,0,1,0,0,0,0,1,1,6,3,-1,-1,-1,-1,-1,-1,-1,-1
2018621800502,2,1,0,18,0,1,0,0,0,0,2,1,6,1,40,7,-1,-1,-1,-1,1,-1
2018621800504,1,9,0,18,0,0,0,0,0,0,1,1,6,2,58,9,1242,1,19,-1,2,-1
2018621800505,1,9,0,9,0,5,0,0,0,0,1,1,1,1,43,7,2204,2,10,-1,1,-1
2018621800505,2,8,0,18,0,8,1,0,1,11,3,1,1,1,29,6,1997,2,8,-1,1,-1
2018621800506,1,1,0,9,0,5,0,0,0,0,1,1,6,1,19,4,-1,-1,-1,-1,1,-1
2018621800506,2,9,0,9,0,5,0,0,0,0,3,1,6,1,63,9,1560,2,1,-1,1,-1
2018621800507,1,21,0,1,0,1,0,0,0,0,2,1,1,1,30,6,5880,2,14,-1,1,-1
2018621800508,1,9,0,18,0,2,5,7,0,0,1,1,1,1,48,8,-1,-1,-1,-1,1,-1
2018621800509,1,90,0,18,0,6,0,0,0,0,1,1,6,1,13,3,-1,-1,-1,-1,1,-1
2018621800509,2,9,0,18,0,8,0,0,0,0,4,1,6,1,55,8,1395,1,2,-1,1,-1
2018621800510,1,9,0,2,0,0,0,0,4,6,2,1,6,2,55,8,1242,1,9,-1,1,-1
2018621800510,2,9,0,18,0,0,0,0,4,6,1,1,1,1,60,9,1598,2,6,-1,1,-1
2018621800510,3,9,0,18,0,0,0,0,0,0,3,1,1,2,30,6,2982,2,3,3,1,3
2018621800511,1,9,0,6,0,0,0,0,0,0,1,1,6,1,67,10,2979,1,16,5,1,5
2018621800511,2,4,0,18,0,0,0,0,0,0,3,1,6,1,52,8,999,1,1,-1,1,-1
2018621800512,1,9,0,18,0,0,0,0,0,0,1,1,1,2,39,7,1997,2,7,-1,1,-1
2018621800512,2,9,0,3,0,0,0,0,0,0,2,1,6,2,46,8,2179,2,5,-1,2,-1
2018621800514,1,9,0,18,0,0,0,10,1,3,1,1,6,1,31,6,1108,1,9,-1,1,-1
2018621800515,1,9,0,7,0,5,0,0,0,0,1,1,6,1,55,8,2987,2,9,-1,1,-1
2018621800515,2,11,0,18,0,1,0,0,0,0,1,1,1,1,50,8,6374,2,5,-1,1,-1
2018621800517,1,9,0,7,0,1,0,0,0,0,4,1,6,1,75,10,999,1,3,-1,1,-1
2018621800518,1,4,0,18,0,1,1,0,0,0,0,1,2,1,26,6,124,1,6,-1,1,-1
2018621800519,1,9,0,16,0,0,0,0,0,0,1,1,6,1,54,8,1388,1,15,-1,1,-1
2018621800519,2,9,0,2,0,0,0,0,0,0,2,1,1,2,17,4,1560,2,1,-1,1,-1
2018621800520,1,19,0,18,0,0,0,0,0,0,1,1,1,1,33,6,2402,2,7,-1,1,-1
2018621800520,2,9,0,3,0,0,0,0,0,0,2,1,3,2,50,8,1388,1,9,-1,1,-1
2018621800521,1,9,0,18,0,0,0,0,0,0,1,1,6,2,34,6,2494,1,16,-1,1,-1
2018621800522,1,97,0,18,0,0,1,0,0,0,1,1,6,1,20,4,-1,-1,-1,-1,1,-1
2018621800522,2,9,0,18,0,0,0,0,0,0,1,1,6,2,35,6,1242,1,6,-1,1,-1
2018621800523,1,9,0,18,0,2,0,0,0,0,1,1,6,2,74,10,1461,2,1,-1,1,-1
2018621800523,2,9,0,4,0,2,0,0,0,0,2,1,6,1,30,6,1461,2,5,-1,1,-1
2018621800524,1,9,0,18,0,0,0,0,0,0,4,1,6,1,80,11,1998,1,1,-1,3,-1
2018621800525,1,9,0,18,0,2,0,10,1,11,1,1,1,1,22,5,1242,1,15,-1,1,-1
2018621800527,1,9,0,7,0,6,0,0,0,0,1,1,6,2,44,7,2967,2,7,-1,1,-1
2018621800527,2,9,0,18,0,8,0,0,0,0,1,1,6,2,55,8,1197,1,2,-1,1,-1
2018621800528,1,9,0,18,0,0,5,0,1,7,1,1,6,1,20,4,1896,2,15,-1,1,-1
2018621800529,1,1,0,18,0,0,0,0,0,0,0,1,6,2,29,6,-1,-1,-1,-1,1,-1
2018621800530,1,9,0,18,0,2,0,0,0,0,1,1,6,1,34,6,2000,2,8,-1,1,-1
2018621800530,2,9,0,18,0,2,0,0,0,0,2,1,6,1,45,7,1686,2,7,-1,1,-1
2018621800530,3,9,0,18,0,2,0,0,0,0,2,1,6,1,20,4,1198,1,5,-1,1,-1
2018621800532,1,9,0,18,0,0,0,0,0,0,1,1,6,1,27,6,1956,2,7,-1,1,-1
2018621800532,2,9,0,18,0,0,0,0,0,0,1,1,6,1,67,10,2143,2,5,-1,1,-1
2018621800532,3,9,0,4,0,0,0,0,0,0,2,1,6,1,79,11,1798,1,13,-1,3,-1
2018621800533,1,9,0,18,0,0,1,10,7,11,1,1,6,2,26,6,1598,1,13,-1,1,-1
2018621800534,1,9,0,17,0,1,2,0,7,0,4,1,1,2,35,6,1242,1,8,-1,1,-1
2018621800535,1,9,0,18,0,0,2,10,7,7,1,1,6,2,19,4,1461,2,6,-1,1,-1
2018621800536,1,9,0,18,0,0,0,10,0,0,1,1,6,1,20,4,1598,2,7,-1,1,-1
2018621800536,2,9,0,18,0,0,0,0,0,0,1,1,6,1,50,8,1969,2,1,-1,1,-1
2018621800537,1,8,0,9,0,2,0,0,0,0,1,1,1,1,61,9,1997,2,15,-1,1,-1
2018621800538,1,3,0,17,0,0,0,4,0,0,1,1,6,1,30,6,-1,-1,-1,-1,1,-1
2018621800538,2,9,0,2,0,0,0,0,0,0,2,1,6,3,-1,-1,1108,1,9,-1,-1,-1
2018621800541,1,9,0,7,0,2,0,0,0,0,4,1,6,3,-1,-1,-1,-1,-1,-1,-1,-1
2018621800542,1,23,0,18,0,8,0,0,0,0,1,1,6,1,8,2,-1,-1,-1,-1,1,-1
2018621800542,2,9,0,18,0,8,0,0,0,0,4,1,6,2,70,10,999,1,3,-1,1,-1
2018621800543,1,9,0,18,0,1,0,0,0,0,1,1,6,1,34,6,1461,2,1,-1,1,-1
2018621800543,2,9,0,18,0,2,0,0,0,0,1,1,6,2,44,7,1984,1,4,-1,2,-1
2018621800544,1,9,0,5,0,6,0,0,0,0,3,1,6,1,17,4,1199,2,6,-1,1,-1
2018621800544,2,9,0,18,0,8,0,0,0,0,1,1,6,1,60,9,3199,1,15,-1,1,-1
2018621800545,1,19,0,18,0,2,0,0,0,0,3,1,1,2,26,6,1248,2,10,-1,1,-1
2018621800546,1,9,0,18,0,0,1,0,2,4,1,1,6,1,23,5,1798,8,4,-1,3,-1
2018621800547,1,9,0,5,0,4,0,0,0,0,1,1,6,2,49,8,1685,2,2,-1,1,-1
2018621800547,2,9,0,18,0,8,0,0,0,0,4,1,6,1,74,10,1590,1,13,-1,1,-1
2018621800548,1,3,0,18,0,4,0,0,0,0,0,1,2,1,21,5,124,1,18,-1,2,-1
2018621800549,1,9,0,17,0,0,0,10,1,4,1,1,6,1,19,4,1995,2,11,-1,1,-1
2018621800550,1,8,0,4,0,1,1,0,0,0,1,1,1,1,74,10,1910,2,14,-1,1,-1
2018621800550,2,9,0,4,0,1,0,0,0,0,2,1,6,1,53,8,2993,2,4,-1,2,-1
2018621800550,3,9,0,3,0,1,0,0,0,0,2,1,6,1,30,6,1995,2,12,-1,2,-1
2018621800551,1,1,0,18,0,0,0,0,0,0,3,1,6,1,6,2,-1,-1,-1,-1,2,-1
2018621800551,2,9,0,18,0,0,0,0,0,0,4,2,6,2,33,6,1200,1,6,-1,1,-1
2018621800552,1,9,0,18,0,0,5,0,1,0,4,1,1,1,31,6,1560,2,9,-1,1,-1
2018621800553,1,9,0,18,0,0,0,0,0,0,1,1,6,1,20,4,1560,2,5,-1,1,-1
2018621800553,2,9,0,4,0,0,0,0,0,0,2,1,6,1,24,5,1149,1,6,-1,1,-1
2018621800553,3,9,0,4,0,0,0,0,0,0,2,1,6,1,41,7,1968,2,6,-1,1,-1
2018621800554,1,19,0,1,0,0,0,0,1,0,2,1,6,2,42,7,-1,-1,-1,-1,1,-1
2018621800554,2,9,0,18,0,0,0,0,0,0,1,1,6,2,28,6,1598,1,10,-1,1,-1
2018621800555,1,9,3,18,0,0,0,10,0,0,4,1,6,1,25,5,1995,2,9,-1,1,-1
2018621800555,2,9,0,2,0,0,0,0,0,0,4,1,6,3,-1,-1,-1,-1,-1,-1,-1,-1
2018621800556,1,9,0,18,0,0,0,0,4,7,1,1,6,2,24,5,1600,2,7,-1,3,-1
2018621800556,2,9,0,18,0,0,0,0,2,7,2,1,6,1,48,8,1242,1,7,-1,3,-1
2018621800557,1,5,0,18,0,1,0,0,0,0,1,1,1,1,36,7,798,1,4,-1,2,-1
2018621800557,2,3,0,18,0,1,0,0,0,0,2,1,1,1,28,6,125,1,-1,-1,2,-1
2018621800558,1,5,0,18,0,1,0,0,0,0,1,1,6,1,46,8,1150,1,6,-1,1,-1
2018621800558,2,9,0,4,0,1,0,0,0,0,2,1,6,1,78,11,-1,-1,-1,-1,1,-1
2018621800559,1,20,0,4,0,1,0,0,0,0,2,1,1,1,58,9,-1,-1,-1,-1,1,-1
2018621800559,2,9,0,18,0,1,0,0,0,0,1,1,6,2,56,9,1124,1,13,-1,1,-1
2018621800559,3,9,0,18,0,1,0,0,0,0,1,1,6,2,28,6,1997,2,8,-1,1,-1
2018621800560,1,9,0,16,0,0,0,0,0,0,1,1,6,2,30,6,1149,1,2,-1,1,-1
2018621800560,2,9,0,4,0,0,0,0,0,0,1,1,6,1,30,6,1910,2,13,-1,3,-1
2018621800562,1,11,0,1,0,8,0,0,0,0,2,1,1,1,46,8,4250,2,12,-1,1,-1
2018621800562,2,9,0,3,0,8,0,0,0,0,1,1,3,2,52,8,1398,2,15,-1,1,-1
2018621800563,1,9,0,18,0,0,0,0,7,0,1,1,2,1,28,6,898,1,2,-1,1,-1
2018621800564,1,9,0,18,0,0,0,0,6,1,1,1,6,2,75,10,1149,1,10,-1,3,-1