Accident_Index,Vehicle_Reference,Vehicle_Type,Towing_and_Articulation,Vehicle_Manoeuvre,Vehicle_Location-Restricted_Lane,Junction_Location,Skidding_and_Overturning,Hit_Object_in_Carriageway,Vehicle_Leaving_Carriageway,Hit_Object_off_Carriageway,1st_Point_of_Impact,Was_Vehicle_Left_Hand_Drive?,Journey_Purpose_of_Driver,Sex_of_Driver,Age_of_Driver,Age_Band_of_Driver,Engine_Capacity_(CC),Propulsion_Code,Age_of_Vehicle,Driver_IMD_Decile,Driver_Home_Area_Type,Vehicle_IMD_Decile
2018621800840,2,3,0,18,0,8,0,0,0,0,3,1,6,1,35,6,-1,-1,-1,-1,1,-1
2018621800841,1,9,0,18,0,4,0,0,0,0,1,1,6,2,47,8,2497,2,12,-1,1,-1
2018621800841,2,1,0,18,0,3,0,0,0,0,4,1,6,1,27,6,-1,-1,-1,-1,1,-1
2018621800842,1,9,0,18,0,0,0,0,2,7,1,1,6,2,34,6,1242,1,4,-1,1,-1
2018621800843,1,9,0,9,0,6,0,0,0,0,1,1,6,2,46,8,1329,1,2,-1,1,-1
2018621800843,2,9,0,18,0,8,0,0,0,0,1,1,6,1,82,11,1149,1,7,-1,1,-1
2018621800844,1,9,0,5,0,0,0,0,0,0,0,1,6,1,57,9,999,1,8,-1,1,-1
2018621800845,1,9,0,18,0,2,0,10,3,11,1,1,6,1,73,10,1248,1,9,-1,1,-1
2018621800846,1,8,0,4,0,1,0,0,0,0,3,1,1,1,38,7,2143,12,3,-1,-1,-1
2018621800846,2,1,0,3,0,1,0,0,0,0,0,1,6,1,33,6,-1,-1,-1,-1,1,-1
2018621800847,1,9,0,12,0,0,0,4,0,0,1,1,2,1,44,7,2179,2,6,-1,1,-1
2018621800847,2,9,0,2,0,0,0,0,0,0,2,1,6,2,28,6,1242,1,2,-1,1,-1
2018621800848,1,9,0,18,0,0,0,0,0,0,1,1,6,1,75,10,1198,1,9,-1,2,-1
2018621800848,2,9,0,3,0,0,0,0,0,0,2,1,6,1,63,9,2184,2,11,-1,1,-1
2018621800848,3,19,0,3,0,0,0,0,0,0,2,1,1,1,56,9,2198,2,2,-1,1,-1
2018621800849,1,9,0,18,0,1,0,0,0,0,1,1,6,2,29,6,1399,2,15,-1,1,-1
2018621800849,2,9,0,4,0,1,0,0,0,0,2,1,6,2,30,6,1596,1,11,-1,1,-1
2018621800850,1,9,0,9,0,8,0,0,0,0,1,1,6,1,37,7,1968,2,7,-1,1,-1
2018621800850,2,9,0,18,0,8,0,0,0,0,3,1,6,1,26,6,1395,1,2,-1,1,-1
2018621800851,1,9,0,18,0,0,0,0,2,4,4,1,6,1,59,9,1399,1,-1,-1,1,-1
2018621800852,1,3,0,18,0,6,0,0,0,0,1,1,1,1,33,6,124,1,2,-1,1,-1
2018621800852,2,20,0,3,0,6,0,0,0,0,2,1,1,1,38,7,-1,-1,-1,-1,1,-1
2018621800853,1,8,0,9,0,8,0,0,1,1,1,1,1,1,59,9,1968,2,6,-1,1,-1
2018621800854,1,19,0,18,0,1,0,0,0,0,1,1,6,1,52,8,1968,2,3,-1,1,-1
2018621800854,2,9,0,7,0,1,0,0,1,4,2,1,6,1,64,9,1582,2,6,-1,1,-1
2018621800855,1,9,0,18,0,8,0,0,0,0,1,1,6,2,38,7,1998,2,12,-1,2,-1
2018621800855,2,9,0,3,0,8,0,0,0,0,2,1,6,2,27,6,2179,2,4,-1,1,-1
2018621800855,3,9,0,3,0,8,0,0,0,0,2,1,6,2,55,8,1396,1,7,-1,1,-1
2018621800856,1,90,0,4,0,8,0,0,7,0,1,1,6,1,53,8,738,1,30,-1,2,-1
2018621800856,2,19,0,18,0,8,0,0,0,0,1,1,6,1,52,8,-1,-1,-1,-1,1,-1
2018621800857,1,3,0,18,0,1,0,0,0,0,1,1,6,1,19,4,125,1,3,-1,2,-1
2018621800857,2,9,0,3,0,1,0,0,0,0,2,1,6,2,45,7,1248,2,9,-1,2,-1
2018621800858,1,9,0,5,0,1,0,0,0,0,1,1,6,1,37,7,1499,2,3,-1,1,-1
2018621800858,2,9,0,3,0,1,0,0,0,0,2,1,1,1,40,7,1998,2,9,-1,1,-1
2018621800859,1,9,0,18,0,0,0,0,0,0,1,1,6,1,26,6,1995,2,7,-1,1,-1
2018621800859,2,9,0,3,0,0,0,0,0,0,2,1,6,2,43,7,998,1,1,-1,1,-1
2018621800859,3,9,0,3,0,0,0,0,0,0,2,1,6,1,21,5,1229,1,13,-1,1,-1
2018621800860,1,9,0,18,0,0,0,0,0,0,1,1,2,2,45,7,1968,2,2,-1,3,-1
2018621800860,2,9,0,3,0,0,0,0,0,0,2,1,2,2,32,6,1598,1,15,-1,1,-1
2018621800860,3,9,0,3,0,0,0,0,0,0,2,1,6,2,22,5,1242,1,2,-1,1,-1
2018621800861,1,19,0,17,0,0,0,0,0,0,1,1,1,1,25,5,1248,2,2,-1,3,-1
2018621800861,2,19,0,16,0,0,0,0,0,0,1,1,1,1,40,7,2499,2,4,-1,1,-1
2018621800862,1,8,0,5,0,8,0,0,0,0,1,1,6,1,34,6,1968,2,6,-1,3,-1
2018621800863,1,9,0,9,0,5,0,0,0,0,4,1,6,2,20,4,1242,1,14,-1,1,-1
2018621800863,2,1,0,18,0,8,0,0,0,0,1,1,6,1,45,7,-1,-1,-1,-1,1,-1
2018621800864,1,9,0,9,0,8,0,0,0,0,4,1,6,1,29,6,1560,2,5,-1,1,-1
2018621800864,2,1,0,18,0,8,0,0,0,0,1,1,6,1,53,8,-1,-1,-1,-1,1,-1
2018621800865,1,19,0,18,0,1,0,0,0,0,1,1,1,1,30,6,2461,2,10,-1,1,-1
2018621800865,2,9,0,7,0,1,0,0,0,0,2,1,6,1,53,8,1149,1,6,-1,1,-1
2018621800866,1,9,0,16,0,0,0,0,0,0,1,1,6,1,30,6,2295,1,16,-1,2,-1
2018621800866,2,9,0,17,0,0,0,0,0,0,1,1,6,1,44,7,2497,1,16,-1,1,-1
2018621800867,1,9,0,18,0,1,0,0,0,0,1,1,6,1,56,9,1396,1,-1,-1,1,-1
2018621800868,1,9,0,9,0,8,0,0,0,0,4,1,6,2,75,10,1086,1,7,-1,1,-1
2018621800868,2,9,0,18,0,8,0,0,0,0,3,1,6,1,52,8,1560,2,5,-1,1,-1
2018621800869,1,9,0,18,0,0,0,0,0,0,1,1,6,2,30,6,1560,2,2,-1,3,-1
2018621800869,2,9,0,3,0,0,0,0,0,0,2,1,6,1,26,6,-1,-1,-1,-1,3,-1
2018621800869,3,9,0,3,0,0,0,0,0,0,2,1,1,1,68,10,1997,2,8,-1,1,-1
2018621800869,4,9,0,3,0,0,0,0,0,0,2,1,1,2,43,7,1560,2,4,-1,1,-1
2018621800870,1,19,0,9,0,8,0,0,0,0,4,1,6,1,27,6,1968,2,4,-1,3,-1
2018621800870,2,1,0,18,0,8,0,0,0,0,1,1,6,1,47,8,-1,-1,-1,-1,3,-1
2018621800871,1,90,0,18,0,0,0,4,0,0,1,1,6,2,36,7,349,1,5,-1,1,-1
2018621800871,2,9,0,2,0,0,0,0,0,0,3,1,6,3,-1,-1,-1,-1,-1,-1,-1,-1
2018621800871,3,9,0,2,0,0,0,0,0,0,4,1,6,3,-1,-1,1390,1,10,-1,-1,-1
2018621800872,1,9,0,4,0,0,1,0,1,0,2,1,6,1,23,5,1197,1,3,-1,1,-1
2018621800872,2,19,0,18,0,0,0,0,0,0,1,1,1,1,54,8,2143,2,6,-1,1,-1
2018621800873,1,9,0,5,0,0,0,0,0,0,3,1,6,2,32,6,1781,1,15,-1,1,-1
2018621800873,2,9,0,18,0,0,0,0,0,0,1,1,6,2,41,7,1200,1,2,-1,3,-1
2018621800874,1,9,0,14,0,0,0,0,0,0,1,1,2,1,49,8,1197,1,1,-1,1,-1
2018621800874,2,9,0,3,0,0,0,0,0,0,2,1,2,1,43,7,1582,2,7,-1,1,-1
2018621800875,1,9,0,16,0,1,5,7,0,0,3,1,6,1,20,4,1995,2,14,-1,1,-1
2018621800876,1,9,0,18,0,8,0,0,0,0,3,1,6,1,38,7,1390,1,17,-1,1,-1
2018621800876,2,9,0,18,0,8,0,0,0,0,4,1,1,1,39,7,1997,2,1,-1,2,-1
2018621800877,1,9,0,4,0,1,0,0,0,0,1,1,2,2,27,6,1997,2,4,-1,1,-1
2018621800877,2,9,0,4,0,1,0,0,0,0,2,1,2,2,25,5,1496,2,4,-1,2,-1
2018621800878,1,9,0,18,0,0,5,0,2,11,1,1,1,2,44,7,1229,1,3,-1,1,-1
2018621800879,1,9,0,18,0,0,0,0,0,0,1,1,6,2,25,5,1596,1,16,-1,1,-1
2018621800879,2,9,0,18,0,0,0,0,0,0,2,1,6,1,46,8,1198,1,9,-1,1,-1
2018621800881,1,9,0,16,0,0,0,0,0,0,1,1,6,3,-1,-1,-1,-1,-1,-1,-1,-1
2018621800881,2,9,0,17,0,0,0,0,0,0,1,1,6,1,68,10,1248,2,6,-1,2,-1
2018621800882,1,1,0,18,0,0,0,0,0,0,1,1,6,1,9,2,-1,-1,-1,-1,1,-1
2018621800882,2,9,0,18,0,0,0,0,0,0,1,1,6,1,34,6,1399,2,14,-1,1,-1
2018621800883,1,1,0,18,0,6,0,0,0,0,4,1,6,1,20,4,-1,-1,-1,-1,1,-1
2018621800883,2,9,0,18,0,1,0,0,0,0,1,1,6,2,74,10,2435,1,17,-1,1,-1
2018621800884,1,9,0,12,0,0,1,0,0,0,1,1,6,1,19,4,1388,1,13,-1,1,-1
2018621800884,2,98,1,18,0,0,1,0,0,0,1,2,1,1,55,8,-1,-1,-1,-1,-1,-1
2018621800885,1,9,0,7,0,8,0,0,0,0,1,1,6,1,31,6,1149,1,12,-1,1,-1
2018621800885,2,1,0,18,0,8,0,0,0,0,3,1,6,1,33,6,-1,-1,-1,-1,1,-1
2018621800886,1,21,0,5,0,4,0,0,0,0,1,1,1,1,64,9,12740,2,5,-1,2,-1
2018621800886,2,9,0,18,0,3,0,0,7,0,4,1,6,2,45,7,1200,1,-1,-1,1,-1
2018621800887,1,3,0,4,0,1,1,0,0,0,4,1,6,1,45,7,124,1,15,-1,1,-1
2018621800888,1,9,0,2,0,1,0,0,0,0,3,1,1,2,52,8,998,1,3,-1,1,-1
2018621800888,2,1,0,14,0,1,0,0,0,0,1,1,6,1,50,8,-1,-1,-1,-1,1,-1
2018621800889,1,1,0,18,0,0,0,0,0,0,3,1,6,1,10,2,-1,-1,-1,-1,1,-1
2018621800889,2,9,0,18,0,0,0,0,0,0,1,1,6,2,37,7,1598,1,12,-1,1,-1
2018621800890,1,9,0,18,0,0,0,0,0,0,0,1,6,3,-1,-1,-1,-1,-1,-1,-1,-1
2018621800890,2,4,0,18,0,0,0,0,0,0,0,1,6,1,23,5,-1,-1,-1,-1,1,-1
2018621800891,1,9,0,18,0,0,0,0,0,0,1,1,6,2,38,7,2494,1,18,-1,1,-1
2018621800891,2,19,0,4,0,0,0,0,0,0,2,1,1,1,51,8,2198,2,3,-1,1,-1
2018621800891,3,19,0,18,0,0,0,0,0,0,2,1,1,1,52,8,-1,-1,-1,-1,1,-1
2018621800891,4,19,0,18,0,0,0,0,0,0,1,1,1,1,52,8,2298,2,6,-1,1,-1
2018621800891,5,9,0,18,0,0,0,0,0,0,2,1,6,1,52,8,998,1,8,-1,1,-1
2018621800892,1,9,0,18,0,4,0,0,0,0,1,1,6,2,20,4,999,1,3,-1,1,-1
2018621800892,2,9,0,18,0,8,0,0,0,0,4,1,6,1,32,6,1149,1,4,-1,-1,-1
2018621800893,1,9,0,6,0,0,0,0,0,0,1,1,6,2,45,7,1360,1,15,-1,1,-1
2018621800893,2,3,0,18,0,0,0,0,0,0,1,1,6,1,63,9,124,1,2,-1,1,-1
2018621800894,1,9,0,5,0,2,0,0,0,0,3,1,6,1,44,7,2231,2,7,-1,1,-1
2018621800894,2,1,0,5,0,2,0,0,0,0,2,1,1,1,26,6,-1,-1,-1,-1,1,-1
2018621800895,1,5,0,18,0,0,0,0,7,0,0,1,6,1,65,9,1690,1,12,-1,1,-1
2018621800896,1,9,0,18,0,0,0,0,0,0,1,1,6,3,-1,-1,1398,1,-1,-1,-1,-1
2018621800896,2,1,0,9,0,0,0,0,0,0,2,1,6,1,71,10,-1,-1,-1,-1,1,-1
2018621800897,1,9,0,18,0,0,0,0,0,0,1,1,6,2,29,6,996,1,5,-1,1,-1
2018621800897,2,9,0,18,0,0,0,0,0,0,2,1,6,1,32,6,1968,2,11,-1,1,-1
2018621800898,1,9,0,18,0,0,0,0,0,0,1,1,6,2,19,4,1242,1,1,-1,1,-1
2018621800899,1,9,0,9,0,8,0,0,0,0,3,2,6,1,56,9,-1,-1,-1,-1,-1,-1
2018621800899,2,9,0,7,0,3,0,0,0,0,4,1,6,2,44,7,1596,1,8,-1,1,-1
2018621800900,1,9,0,9,0,5,0,0,0,0,4,1,6,1,70,10,2387,2,11,-1,1,-1
2018621800900,2,1,0,18,0,8,0,0,0,0,1,1,6,1,51,8,-1,-1,-1,-1,1,-1
2018621800901,1,9,0,9,0,8,0,0,1,0,1,1,6,2,31,6,999,1,2,-1,1,-1
2018621800901,2,9,0,18,0,8,0,0,0,0,3,1,6,2,23,5,1798,1,12,-1,2,-1
2018621800902,1,11,0,18,0,0,0,0,0,0,0,1,1,3,-1,-1,-1,-1,-1,-1,-1,-1
2018621800903,1,9,0,18,0,0,0,0,0,0,4,1,6,2,72,10,1364,1,9,-1,1,-1
2018621800904,1,9,0,18,0,0,0,0,0,0,1,1,6,3,-1,-1,-1,-1,-1,-1,-1,-1
2018621800904,2,1,0,18,0,0,0,0,0,0,1,1,6,1,19,4,-1,-1,-1,-1,1,-1
2018621800905,1,9,0,18,0,0,0,0,1,7,1,1,6,1,28,6,1968,2,9,-1,1,-1
2018621800905,2,9,0,18,0,0,1,0,0,0,3,1,6,1,29,6,1910,2,10,-1,1,-1
2018621800906,1,9,0,18,0,2,2,0,7,0,1,1,6,2,43,7,1364,1,11,-1,1,-1
2018621800907,1,9,0,18,0,2,0,0,4,6,1,1,6,1,77,11,1753,2,17,-1,1,-1
2018621800908,1,9,0,6,0,0,0,0,0,0,3,1,6,2,54,8,998,1,2,-1,2,-1
2018621800908,2,5,0,18,0,0,0,0,0,0,1,1,6,1,49,8,1285,1,2,-1,1,-1
2018621800909,1,10,0,18,0,0,0,0,0,0,1,1,1,1,47,8,-1,-1,-1,-1,3,-1
2018621800909,2,1,0,18,0,0,0,0,0,0,2,1,6,1,55,8,-1,-1,-1,-1,2,-1
2018621800910,1,9,0,9,0,6,0,0,0,0,1,1,1,1,21,5,1598,1,10,-1,1,-1
2018621800910,2,9,0,18,0,8,0,0,0,0,1,1,6,2,42,7,-1,-1,-1,-1,1,-1
2018621800911,1,9,0,18,0,8,0,0,3,1,4,1,6,1,30,6,2204,2,9,-1,1,-1
2018621800911,2,9,0,18,0,8,0,0,0,0,3,1,6,2,35,6,1596,1,11,-1,1,-1
2018621800912,1,19,0,18,0,0,1,0,0,0,1,1,6,1,50,8,1995,2,1,-1,1,-1
2018621800912,2,9,0,4,0,0,0,0,4,6,2,1,6,2,60,9,1496,1,1,-1,-1,-1
2018621800912,3,9,0,4,0,0,0,0,0,0,4,1,6,1,64,9,1395,1,4,-1,1,-1
2018621800913,1,9,0,18,0,0,0,4,0,0,1,1,2,1,22,5,1618,1,3,-1,1,-1
2018621800913,2,9,0,2,0,0,0,0,0,0,2,1,6,3,-1,-1,999,1,12,-1,-1,-1
2018621800913,3,9,0,2,0,0,0,0,0,0,2,1,6,3,-1,-1,1396,1,7,-1,-1,-1
2018621800914,1,9,0,18,0,0,0,0,1,2,1,1,2,1,43,7,1328,1,13,-1,1,-1
2018621800915,1,9,0,1,0,1,0,0,0,0,2,1,6,3,-1,-1,-1,-1,-1,-1,-1,-1
2018621800916,1,9,0,9,0,5,5,0,0,0,4,1,6,1,77,11,1995,1,26,-1,1,-1
2018621800916,2,9,0,18,0,8,5,0,7,0,1,1,6,1,51,8,2148,2,11,-1,2,-1
2018621800916,3,19,0,18,0,1,1,0,0,0,1,1,6,1,37,7,2198,2,9,-1,1,-1
2018621800917,1,9,0,9,0,5,0,0,0,0,1,1,6,1,24,5,1461,2,15,-1,3,-1
2018621800917,2,8,0,18,2,8,0,0,0,0,1,1,1,1,54,8,1598,2,7,-1,1,-1
2018621800918,1,9,0,13,0,0,0,0,0,0,3,1,6,2,72,10,1997,2,10,-1,1,-1
2018621800918,2,11,0,18,0,0,0,0,0,0,1,1,1,1,50,8,4250,2,15,-1,2,-1
2018621800918,3,11,0,18,0,0,0,0,0,0,1,1,1,1,28,6,6700,2,1,-1,1,-1
2018621800919,1,9,0,4,0,8,0,0,0,0,1,1,3,2,42,7,1590,1,16,-1,1,-1
2018621800920,1,9,0,2,0,0,0,0,0,0,3,1,6,1,19,4,998,1,1,-1,1,-1
2018621800920,2,1,0,18,0,0,0,4,0,0,1,1,6,1,26,6,-1,-1,-1,-1,1,-1
2018621800921,1,9,0,18,0,0,0,0,0,0,1,1,6,1,25,5,1242,1,5,-1,3,-1
2018621800921,2,1,0,18,0,0,0,0,0,0,2,1,6,1,42,7,-1,-1,-1,-1,3,-1
2018621800922,1,9,0,18,0,8,1,0,0,0,1,1,2,1,24,5,1598,1,13,-1,1,-1
2018621800922,2,9,0,3,0,8,0,0,0,0,2,1,6,1,52,8,1598,2,1,-1,2,-1
2018621800922,3,9,0,3,0,8,0,0,0,0,4,1,6,1,72,10,1398,1,8,-1,1,-1
2018621800923,1,9,0,12,0,1,0,0,0,0,1,1,6,1,28,6,1896,2,17,-1,1,-1
2018621800923,2,9,0,9,0,1,0,0,0,0,4,1,6,1,56,9,1798,8,1,10,1,10
2018621800924,1,9,0,18,0,4,0,0,0,0,1,1,6,1,22,5,998,1,1,-1,1,-1
2018621800924,2,3,0,18,0,8,0,0,0,0,4,1,1,1,30,6,124,1,6,-1,1,-1
2018621800925,1,9,0,18,0,6,0,0,0,0,1,1,6,1,30,6,1997,2,15,-1,1,-1
2018621800925,2,9,0,18,0,8,0,0,0,0,3,1,6,1,29,6,1896,2,9,-1,1,-1
2018621800926,1,9,3,18,0,0,0,0,0,0,0,1,6,1,25,5,2401,2,16,-1,1,-1
2018621800926,2,9,0,18,0,0,0,0,0,0,1,1,6,2,48,8,1995,2,10,-1,1,-1
2018621800926,3,9,0,18,0,0,0,0,0,0,2,1,6,1,68,10,2143,2,3,-1,2,-1
2018621800926,4,9,0,18,0,0,0,0,0,0,1,1,6,2,63,9,1364,1,10,-1,1,-1
2018621800927,1,9,0,7,0,5,0,0,0,0,1,1,6,1,31,6,1586,1,11,-1,1,-1
2018621800927,2,1,0,18,0,6,0,0,0,0,3,1,6,1,16,4,-1,-1,-1,-1,1,-1
2018621800928,1,9,0,9,0,8,0,0,0,0,4,1,6,2,86,11,998,1,17,-1,1,-1
2018621800928,2,9,0,18,0,8,0,0,0,0,3,1,6,2,34,6,1997,1,15,-1,3,-1
2018621800929,1,9,0,18,0,0,0,0,0,0,0,1,6,3,-1,-1,-1,-1,-1,-1,-1,-1
2018621800929,2,5,0,18,0,0,0,10,1,0,4,1,6,1,22,5,689,1,-1,-1,1,-1
2018621800930,1,2,0,18,0,3,1,0,0,0,4,1,2,2,18,4,49,1,5,-1,1,-1
2018621800932,1,3,0,13,0,8,0,0,0,0,1,1,6,1,20,4,125,1,12,-1,3,-1
2018621800932,2,9,0,9,0,8,0,0,0,0,3,1,6,2,25,5,998,1,1,-1,1,-1
2018621800934,1,9,0,17,0,0,0,0,0,0,1,1,6,1,17,4,1149,1,10,-1,2,-1
2018621800935,1,9,0,18,0,1,0,0,0,0,1,1,6,2,53,8,1586,1,2,-1,1,-1
2018621800936,1,9,0,18,0,8,0,0,0,0,1,1,6,1,28,6,1968,2,10,-1,1,-1
2018621800937,1,9,0,9,0,8,0,0,0,0,1,1,6,2,33,6,1149,1,15,-1,1,-1
2018621800937,2,9,0,18,0,1,0,0,0,0,1,1,6,2,48,8,1598,1,11,-1,1,-1
2018621800938,1,9,0,13,0,8,0,0,0,0,4,1,6,2,28,6,1242,1,6,-1,1,-1
2018621800938,2,1,0,18,0,8,0,0,0,0,3,1,6,1,24,5,-1,-1,-1,-1,1,-1
2018621800939,1,8,0,9,0,5,0,0,0,0,0,1,1,1,50,8,1968,2,3,-1,1,-1
2018621800939,2,9,0,18,0,8,0,0,1,2,1,1,6,1,50,8,1997,1,14,-1,1,-1
2018621800940,1,8,0,18,0,8,0,7,0,0,1,1,6,1,41,7,1598,2,3,-1,1,-1
2018621800940,2,9,0,18,0,8,0,7,0,0,1,1,6,1,23,5,1794,1,10,-1,1,-1
2018621800941,1,9,0,9,0,8,0,0,0,0,1,1,6,1,72,10,1318,1,1,-1,1,-1
2018621800941,2,9,0,18,0,8,0,0,0,0,3,1,6,1,39,7,-1,-1,-1,-1,1,-1
2018621800942,1,9,0,18,0,1,0,0,0,0,1,1,6,2,46,8,2179,2,6,-1,1,-1
2018621800942,2,9,0,3,0,1,0,0,0,0,2,1,6,1,75,10,1968,2,10,-1,3,-1
2018621800942,3,9,0,3,0,1,0,0,0,0,2,1,6,2,52,8,1200,1,2,-1,1,-1
2018621800943,1,9,0,18,0,4,0,0,3,1,1,1,6,1,23,5,1995,2,4,-1,3,-1
2018621800944,1,9,0,4,0,4,0,0,0,0,1,1,1,2,34,6,1461,2,3,-1,1,-1
2018621800944,2,9,0,5,0,4,0,0,0,0,2,1,1,1,32,6,1242,1,4,-1,3,-1
2018621800945,1,19,0,7,0,1,0,0,0,0,0,1,1,1,27,6,2198,2,3,-1,1,-1
2018621800945,2,9,0,18,0,2,0,6,7,5,1,1,6,1,43,7,1598,1,9,-1,3,-1
2018621800946,1,9,0,18,0,0,1,0,2,7,4,1,1,2,60,9,1598,2,8,-1,1,-1
2018621800947,1,9,0,18,0,0,0,0,0,0,0,1,6,3,-1,-1,-1,-1,-1,-1,-1,-1
2018621800947,2,9,0,18,0,0,2,0,0,0,1,1,6,2,18,4,1242,1,3,-1,1,-1
2018621800948,1,1,0,18,0,8,0,0,0,0,4,1,6,1,20,4,-1,-1,-1,-1,1,-1
2018621800948,2,9,0,18,0,8,0,0,0,0,1,1,2,2,51,8,1390,1,11,-1,1,-1
2018621800949,1,21,0,11,0,0,0,0,0,0,1,1,1,1,49,8,12902,2,-1,-1,3,-1
2018621800949,2,9,0,18,0,0,0,0,0,0,4,1,1,2,27,6,1598,2,1,6,3,6
2018621800950,1,9,0,18,0,3,0,0,0,0,1,1,6,1,83,11,1497,8,1,-1,1,-1
2018621800950,2,9,0,18,0,4,0,0,0,0,1,1,6,1,37,7,1685,2,6,1,1,1
2018621800951,1,9,0,18,0,8,0,0,0,0,3,1,6,2,49,8,1493,2,7,-1,1,-1
2018621800952,1,9,0,18,0,0,5,0,1,4,1,1,6,1,18,4,1124,1,17,1,1,1
2018621800953,1,3,0,18,0,0,0,0,7,2,1,1,2,1,20,4,125,1,6,-1,1,-1
2018621800954,1,9,0,1,0,0,0,0,0,0,2,1,2,1,52,8,2184,2,12,-1,1,-1
2018621800955,1,5,0,18,0,1,0,0,0,0,1,1,6,1,66,10,649,1,2,-1,1,-1
2018621800956,1,9,0,5,0,6,1,0,0,0,2,1,6,2,21,5,999,1,2,-1,1,-1
2018621800956,2,5,0,18,0,8,1,0,1,0,1,1,6,1,57,9,1246,1,12,-1,3,-1
2018621800957,1,2,0,18,0,1,1,0,0,0,4,1,6,1,18,4,49,1,4,-1,1,-1
2018621800958,1,9,0,9,0,8,0,0,0,0,1,1,6,1,20,4,1560,2,5,-1,1,-1
2018621800958,2,9,0,18,0,8,0,0,0,0,3,1,6,1,66,10,1499,2,3,-1,1,-1
2018621800959,1,2,0,18,0,8,0,0,0,0,1,1,6,2,24,5,49,1,2,-1,1,-1
2018621800959,2,9,0,7,0,3,0,0,0,0,2,1,6,1,52,8,1598,2,5,-1,1,-1
2018621800960,1,9,0,9,0,6,0,0,0,0,3,1,6,1,82,11,1598,1,3,-1,3,-1
2018621800960,2,2,0,18,0,1,0,0,0,0,1,1,6,2,54,8,125,1,6,-1,1,-1
2018621800961,1,9,0,9,0,8,0,0,0,0,1,1,2,1,44,7,1968,2,2,-1,1,-1
2018621800961,2,9,0,5,0,8,0,0,0,0,3,1,2,2,51,8,1242,1,14,-1,1,-1
2018621800961,3,9,0,5,0,8,0,0,0,0,2,1,2,1,33,6,1360,1,10,-1,1,-1
2018621800962,1,3,0,13,0,8,0,0,0,0,4,1,6,1,21,5,125,1,5,-1,1,-1
2018621800962,2,9,0,9,0,8,0,0,0,0,3,1,6,1,24,5,1560,2,9,-1,1,-1
2018621800963,1,9,0,18,0,0,5,4,0,0,1,1,6,2,49,8,1242,8,-1,-1,1,-1
2018621800963,2,9,0,2,0,0,0,0,0,0,1,1,6,3,-1,-1,1364,1,10,-1,-1,-1
2018621800963,3,9,0,2,0,0,0,0,0,0,1,1,6,3,-1,-1,996,1,4,-1,-1,-1
2018621800963,4,9,0,2,0,0,0,0,0,0,1,1,6,3,-1,-1,1461,2,4,-1,-1,-1
2018621800964,1,9,0,18,0,0,0,0,0,0,1,1,6,1,55,8,2987,2,9,-1,1,-1
2018621800965,1,9,0,17,0,0,0,0,7,0,1,1,6,1,22,5,1896,2,15,-1,3,-1
2018621800965,2,8,0,16,0,0,0,0,0,0,1,1,1,1,66,10,1968,2,3,-1,1,-1
2018621800966,1,9,0,18,0,1,0,7,0,0,3,1,6,1,86,11,1988,1,17,-1,1,-1
2018621800966,2,9,0,2,0,1,0,0,0,0,3,1,6,3,-1,-1,1988,2,15,-1,-1,-1
2018621800967,1,9,0,18,0,0,0,0,0,0,1,1,6,2,52,8,-1,-1,-1,-1,1,-1
2018621800967,2,9,0,3,0,0,0,0,0,0,2,1,6,1,53,8,1461,2,8,-1,1,-1
2018621800967,3,9,0,3,0,0,0,0,0,0,2,1,6,1,24,5,1086,1,9,-1,1,-1
2018621800968,1,9,0,4,0,0,0,0,0,0,3,1,6,1,73,10,1991,1,26,-1,1,-1
2018621800969,1,9,0,18,0,0,0,0,0,0,1,1,6,1,21,5,1197,1,1,-1,1,-1
2018621800970,1,9,0,5,0,1,0,0,0,0,1,1,6,2,57,9,1124,1,10,-1,1,-1
2018621800971,1,9,0,18,0,1,0,0,0,0,1,1,6,1,48,8,1998,1,2,6,1,6
2018621800971,2,9,0,18,0,1,0,0,0,0,1,1,6,1,28,6,-1,3,-1,-1,1,-1
2018621800971,3,19,0,7,0,6,0,0,0,0,3,1,1,1,55,8,2287,2,6,-1,1,-1
2018621800972,1,5,0,18,0,0,0,0,0,0,1,1,1,1,49,8,600,1,18,-1,1,-1
2018621800973,1,9,0,18,0,2,0,0,0,0,1,1,6,1,53,8,1299,1,14,-1,2,-1
2018621800973,2,1,0,18,0,2,0,0,0,0,2,1,6,2,73,10,-1,-1,-1,-1,1,-1
2018621800974,1,9,0,18,0,2,0,0,0,0,1,1,6,1,21,5,998,1,1,-1,1,-1
2018621800975,1,9,0,18,0,0,0,0,0,0,1,1,6,1,49,8,1461,2,12,-1,1,-1
2018621800975,2,19,0,4,0,0,0,0,0,0,2,1,1,1,54,8,2198,2,2,-1,2,-1
2018621800976,1,9,0,18,0,0,5,0,1,0,1,1,6,1,22,5,-1,-1,-1,-1,2,-1
2018621800976,2,9,0,3,0,0,0,0,0,0,2,1,6,2,37,7,1248,1,5,-1,2,-1
2018621800977,1,9,0,18,0,8,1,0,0,0,1,1,6,1,20,4,1598,2,1,-1,1,-1
2018621800977,2,9,0,9,0,8,0,0,0,0,4,1,6,1,69,10,1299,1,17,-1,1,-1
2018621800977,3,9,0,3,0,1,0,0,0,0,2,1,1,1,49,8,2148,2,13,-1,1,-1