Accident_Index,Vehicle_Reference,Vehicle_Type,Towing_and_Articulation,Vehicle_Manoeuvre,Vehicle_Location-Restricted_Lane,Junction_Location,Skidding_and_Overturning,Hit_Object_in_Carriageway,Vehicle_Leaving_Carriageway,Hit_Object_off_Carriageway,1st_Point_of_Impact,Was_Vehicle_Left_Hand_Drive?,Journey_Purpose_of_Driver,Sex_of_Driver,Age_of_Driver,Age_Band_of_Driver,Engine_Capacity_(CC),Propulsion_Code,Age_of_Vehicle,Driver_IMD_Decile,Driver_Home_Area_Type,Vehicle_IMD_Decile
2018621801280,2,19,0,18,0,8,0,0,0,0,1,1,6,1,35,6,2488,2,9,-1,2,-1
2018621801281,1,5,0,9,0,8,0,0,0,0,4,1,6,1,53,8,748,1,18,-1,1,-1
2018621801281,2,9,0,18,0,8,0,0,0,0,1,1,6,2,28,6,1395,1,3,-1,1,-1
2018621801282,1,9,0,18,0,0,0,10,8,11,3,1,6,1,50,8,1998,1,13,-1,1,-1
2018621801282,2,9,0,2,0,0,0,10,1,11,1,1,6,3,-1,-1,1998,1,13,-1,-1,-1
2018621801282,3,9,0,2,0,0,0,4,0,0,2,1,6,3,-1,-1,1598,2,-1,-1,-1,-1
2018621801282,4,19,0,2,0,0,0,4,0,0,2,1,6,3,-1,-1,1968,2,1,-1,-1,-1
2018621801283,1,9,0,5,0,0,0,0,0,0,0,1,6,1,42,7,1591,1,-1,-1,1,-1
2018621801284,1,9,0,18,0,8,0,0,0,0,3,1,6,2,51,8,1686,2,9,-1,1,-1
2018621801284,2,8,0,18,0,8,0,0,0,0,3,1,1,1,52,8,1598,2,6,-1,1,-1
2018621801285,1,9,0,9,0,6,0,4,0,0,1,1,6,1,22,5,1910,2,12,-1,2,-1
2018621801285,2,19,0,2,0,2,0,0,0,0,2,1,1,1,45,7,-1,-1,-1,-1,1,-1
2018621801286,1,9,0,18,0,1,0,10,1,11,1,1,6,1,36,7,1086,1,13,-1,1,-1
2018621801286,2,9,0,9,0,2,0,0,0,0,3,1,6,2,24,5,1560,2,5,-1,3,-1
2018621801287,1,1,0,18,0,0,0,4,0,0,1,1,6,1,40,7,-1,-1,-1,-1,1,-1
2018621801287,2,9,0,2,0,0,0,0,0,0,1,1,6,2,46,8,1560,2,9,-1,1,-1
2018621801288,1,19,0,18,0,1,0,10,1,5,1,1,1,1,32,6,1995,2,1,-1,1,-1
2018621801289,1,9,0,18,0,1,2,10,5,1,1,1,6,1,65,9,2987,2,11,-1,1,-1
2018621801290,1,9,0,18,0,8,0,0,0,0,1,1,6,2,58,9,1248,2,4,-1,1,-1
2018621801290,2,9,0,18,0,8,0,0,0,0,1,1,6,1,28,6,1798,1,4,-1,1,-1
2018621801291,1,9,0,9,0,6,0,0,0,0,3,1,6,1,18,4,998,1,-1,-1,1,-1
2018621801291,2,9,0,16,0,1,0,0,0,0,1,1,6,1,38,7,1598,1,7,-1,1,-1
2018621801292,1,19,0,18,0,0,0,0,0,0,1,1,1,1,29,6,1997,2,-1,-1,2,-1
2018621801292,2,9,0,3,0,0,0,0,0,0,2,1,6,1,55,8,1596,1,7,-1,1,-1
2018621801293,1,9,0,9,0,5,0,0,0,0,1,1,6,1,36,7,1499,2,2,-1,1,-1
2018621801294,1,9,0,18,0,0,1,0,0,0,1,1,6,2,23,5,999,1,-1,-1,2,-1
2018621801295,1,9,0,1,0,0,0,0,0,0,3,1,6,2,57,9,1388,1,12,-1,1,-1
2018621801296,1,9,0,18,0,1,0,0,0,0,2,1,6,1,69,10,1598,1,1,-1,1,-1
2018621801297,1,3,0,18,0,0,0,0,0,0,4,1,6,1,22,5,125,1,14,-1,1,-1
2018621801299,1,9,0,18,0,8,0,7,0,0,1,1,6,1,43,7,1956,2,7,-1,1,-1
2018621801300,1,1,0,18,0,1,0,0,0,0,2,1,6,1,8,2,-1,-1,-1,-1,1,-1
2018621801300,2,9,0,18,0,1,0,0,0,0,4,1,6,2,83,11,-1,-1,-1,-1,1,-1
2018621801301,1,9,0,18,0,4,1,0,0,0,3,1,6,1,20,4,1998,1,15,-1,1,-1
2018621801302,1,9,0,18,0,0,0,0,0,0,1,1,2,2,46,8,1598,1,4,-1,1,-1
2018621801303,1,9,0,5,0,0,0,0,0,0,1,1,6,2,40,7,1149,1,9,-1,1,-1
2018621801303,2,1,0,18,0,0,0,0,0,0,1,1,4,1,13,3,-1,-1,-1,-1,1,-1
2018621801304,1,4,0,16,0,0,0,0,0,0,1,1,6,1,63,9,1170,1,1,9,1,9
2018621801304,2,9,0,18,0,0,0,0,0,0,3,1,6,1,36,7,1339,1,9,-1,1,-1
2018621801305,1,9,0,18,0,0,0,0,0,0,4,1,6,1,29,6,1341,1,15,-1,1,-1
2018621801305,2,1,0,18,0,0,0,0,0,0,1,1,6,1,29,6,-1,-1,-1,-1,1,-1
2018621801306,1,9,0,16,0,0,0,0,1,7,4,1,6,1,78,11,1753,2,10,-1,3,-1
2018621801307,1,4,0,18,0,0,0,0,0,0,1,1,6,1,20,4,124,1,8,-1,1,-1
2018621801307,2,9,0,5,0,0,0,0,0,0,2,1,2,1,46,8,1794,1,14,-1,1,-1
2018621801307,3,9,0,2,0,0,0,0,0,0,2,1,6,3,-1,-1,1995,2,6,-1,-1,-1
2018621801308,1,9,0,11,0,0,0,0,0,0,2,1,2,1,37,7,-1,-1,-1,-1,2,-1
2018621801308,2,5,0,18,0,0,0,0,0,0,1,1,2,1,32,6,599,1,12,-1,2,-1
2018621801309,1,9,0,6,0,0,0,0,0,0,1,1,6,2,21,5,1242,1,6,-1,1,-1
2018621801309,2,4,0,15,0,0,0,0,0,0,1,1,6,1,25,5,625,1,14,-1,1,-1
2018621801310,1,9,0,9,0,6,0,0,0,0,3,1,6,1,31,6,1582,2,5,-1,1,-1
2018621801310,2,5,0,18,0,1,0,0,0,0,1,1,6,1,45,7,645,1,6,-1,1,-1
2018621801311,1,9,0,9,0,5,0,0,0,0,4,1,3,2,49,8,898,1,2,-1,1,-1
2018621801312,1,9,0,18,0,1,0,0,0,0,1,2,6,3,-1,-1,-1,-1,-1,-1,-1,-1
2018621801313,1,9,0,9,0,5,1,0,7,10,1,1,6,2,17,4,1242,1,5,-1,1,-1
2018621801313,2,9,0,10,0,1,0,0,0,0,3,1,1,2,53,8,998,1,6,-1,1,-1
2018621801314,1,9,0,18,0,8,0,0,0,0,1,1,6,1,36,7,1299,1,17,-1,1,-1
2018621801314,2,9,0,9,0,8,0,0,0,0,1,1,6,2,59,9,996,1,5,-1,1,-1
2018621801316,1,9,0,14,0,8,0,0,0,0,1,1,6,1,42,7,1598,1,-1,-1,1,-1
2018621801316,2,9,0,18,0,8,0,0,0,0,1,1,6,2,66,10,1498,1,-1,-1,1,-1
2018621801317,1,9,0,18,0,1,0,0,0,0,1,1,6,3,-1,-1,-1,-1,-1,-1,-1,-1
2018621801318,1,9,0,17,0,0,0,0,4,6,3,1,6,1,61,9,2204,2,12,-1,1,-1
2018621801319,1,9,0,18,0,6,0,0,0,0,1,1,1,2,60,9,1596,1,10,-1,1,-1
2018621801319,2,9,0,4,0,6,0,0,0,0,2,1,6,2,28,6,1395,1,4,-1,1,-1
2018621801320,1,9,0,18,0,2,0,0,0,0,1,1,3,2,24,5,998,1,16,-1,1,-1
2018621801320,2,9,0,4,0,2,0,0,0,0,2,1,2,1,29,6,2143,2,2,-1,1,-1
2018621801321,1,9,0,18,0,8,0,0,0,0,1,1,6,1,54,8,1587,1,10,-1,1,-1
2018621801321,2,9,0,5,0,4,0,0,7,0,3,1,2,1,66,10,1298,1,18,-1,1,-1
2018621801322,1,9,0,18,0,2,0,0,0,0,1,1,6,3,-1,-1,-1,-1,-1,-1,-1,-1
2018621801323,1,9,0,18,0,0,0,0,7,11,3,1,6,1,46,8,2148,2,14,-1,1,-1
2018621801324,1,9,0,18,0,0,0,0,0,0,4,1,6,3,-1,-1,-1,-1,-1,-1,-1,-1
2018621801324,2,1,0,18,0,0,0,0,0,0,2,1,6,1,17,4,-1,-1,-1,-1,1,-1
2018621801325,1,9,0,4,0,2,0,0,0,0,1,1,1,1,40,7,-1,-1,-1,-1,2,-1
2018621801325,2,9,0,4,0,2,0,0,0,0,2,1,1,1,34,6,1560,2,8,-1,2,-1
2018621801326,1,8,0,9,0,2,0,0,0,0,1,1,1,1,56,9,2148,2,14,-1,1,-1
2018621801328,1,9,0,18,0,0,0,0,8,7,1,1,6,2,20,4,1242,1,4,-1,1,-1
2018621801329,1,9,0,6,0,0,0,0,0,0,4,1,6,1,27,6,1388,1,15,-1,1,-1
2018621801329,2,2,0,18,0,0,0,0,0,0,1,1,6,1,20,4,125,1,2,-1,-1,-1
2018621801330,1,2,0,7,0,4,0,0,0,0,0,1,2,1,37,7,125,1,13,-1,1,-1
2018621801331,1,9,0,18,0,0,0,0,0,0,1,1,2,1,60,9,1956,2,4,-1,1,-1
2018621801331,2,9,0,4,0,0,0,0,0,0,2,1,2,1,45,7,1984,1,-1,-1,1,-1
2018621801332,1,3,0,18,0,0,0,0,0,0,1,1,6,1,31,6,125,1,-1,-1,1,-1
2018621801332,2,9,0,4,0,0,0,0,0,0,2,1,6,1,30,6,1390,1,15,-1,1,-1
2018621801333,1,5,0,18,0,0,0,0,0,0,3,1,6,3,-1,-1,-1,-1,-1,-1,-1,-1
2018621801333,2,1,0,8,0,0,0,0,0,0,1,1,6,1,11,3,-1,-1,-1,-1,1,-1
2018621801334,1,9,0,9,0,1,0,0,0,0,1,1,6,2,56,9,1586,1,1,-1,1,-1
2018621801335,1,9,0,15,0,1,0,0,0,0,1,1,1,2,37,7,2967,2,4,-1,1,-1
2018621801335,2,9,0,15,0,1,0,0,0,0,2,1,1,2,57,9,998,1,4,-1,1,-1
2018621801335,3,9,0,15,0,1,0,0,0,0,2,1,1,1,40,7,1600,2,8,-1,1,-1
2018621801336,1,9,0,18,0,8,0,0,0,0,1,1,6,1,52,8,2967,2,6,-1,1,-1
2018621801336,2,9,0,18,0,8,0,0,0,0,4,1,6,2,21,5,1242,1,4,5,1,5
2018621801337,1,9,0,7,0,6,0,0,0,0,3,1,6,2,66,10,998,1,4,-1,1,-1
2018621801337,2,1,0,7,0,2,0,0,0,0,1,1,6,1,46,8,-1,-1,-1,-1,1,-1
2018621801339,1,9,0,18,0,0,0,0,0,0,1,1,6,3,-1,-1,-1,-1,-1,-1,-1,-1
2018621801339,2,1,0,3,0,0,0,0,0,0,2,1,6,1,35,6,-1,-1,-1,-1,1,-1
2018621801340,1,9,0,18,0,0,0,0,0,0,3,1,6,1,28,6,998,1,1,-1,3,-1
2018621801340,2,1,0,18,0,0,0,0,0,0,1,1,6,2,7,2,-1,-1,-1,-1,1,-1
2018621801342,1,9,0,9,0,1,0,10,0,0,1,1,1,1,20,4,1597,1,13,-1,3,-1
2018621801343,1,9,0,18,0,4,0,0,0,0,4,1,6,2,54,8,1598,1,12,-1,1,-1
2018621801343,2,1,0,1,0,8,0,0,0,0,2,1,6,2,41,7,-1,-1,-1,-1,1,-1
2018621801344,1,9,0,18,0,8,0,4,0,0,1,1,6,1,74,10,1587,1,10,-1,1,-1
2018621801344,2,9,0,2,0,1,0,0,0,0,3,1,6,3,-1,-1,1910,2,11,-1,-1,-1
2018621801344,3,9,0,18,0,1,0,0,0,0,3,1,6,1,53,8,1398,1,4,-1,1,-1
2018621801344,4,9,0,18,0,1,0,0,0,0,3,1,6,1,42,7,2993,2,13,-1,1,-1
2018621801345,1,9,0,18,0,0,0,7,0,0,1,1,6,2,73,10,1390,1,9,-1,1,-1
2018621801346,1,9,0,4,0,0,0,0,0,0,2,1,6,2,53,8,1997,2,8,-1,1,-1
2018621801346,2,21,1,18,0,0,0,0,0,0,1,1,1,1,31,6,10677,2,4,-1,1,-1
2018621801347,1,9,0,18,0,0,0,0,0,0,1,1,6,1,36,7,1364,1,11,-1,1,-1
2018621801347,2,9,0,4,0,0,0,0,0,0,3,1,6,1,47,8,1587,1,14,-1,1,-1
2018621801348,1,11,0,4,0,1,0,0,0,0,0,1,1,1,49,8,5132,2,3,-1,2,-1
2018621801349,1,9,0,2,0,0,0,0,0,0,3,1,6,1,78,11,1997,2,3,-1,3,-1
2018621801349,2,5,0,18,0,0,0,4,0,0,4,1,6,1,62,9,1130,1,14,-1,1,-1
2018621801350,1,9,0,18,0,0,0,0,0,0,1,1,1,1,22,5,1461,2,12,-1,1,-1
2018621801351,1,9,0,16,0,2,0,0,0,0,1,1,6,1,17,4,1398,1,2,-1,1,-1
2018621801351,2,9,0,17,0,2,0,0,0,0,1,1,6,2,61,9,1686,2,9,-1,1,-1
2018621801352,1,9,0,16,0,1,1,0,1,4,1,1,6,3,-1,-1,1124,1,15,-1,-1,-1
2018621801353,1,9,0,9,0,2,0,0,0,0,1,1,6,2,42,7,1596,1,7,-1,1,-1
2018621801354,1,21,0,18,0,0,0,0,0,0,1,1,1,1,47,8,6174,2,13,-1,1,-1
2018621801355,1,5,0,18,0,0,0,0,1,0,4,1,6,1,74,10,645,1,11,-1,2,-1
2018621801356,1,9,0,3,0,1,0,0,0,0,1,1,6,1,18,4,1229,1,12,-1,1,-1
2018621801356,2,9,0,4,0,1,0,0,0,0,2,1,6,2,26,6,1560,2,9,-1,1,-1
2018621801357,1,9,0,18,0,2,0,0,7,0,3,1,3,1,74,10,1997,2,12,-1,1,-1
2018621801359,1,9,0,18,0,1,0,0,0,0,4,1,6,1,62,9,1388,1,8,-1,1,-1
2018621801360,1,21,0,5,0,1,0,0,0,0,1,1,1,1,39,7,10837,2,6,-1,1,-1
2018621801360,2,9,0,3,0,1,0,0,0,0,2,1,2,1,39,7,998,1,6,-1,2,-1
2018621801361,1,9,0,18,0,0,0,0,0,0,1,1,6,1,40,7,1390,1,15,-1,2,-1
2018621801361,2,9,0,3,0,0,0,0,0,0,2,1,6,1,67,10,998,1,1,-1,2,-1
2018621801362,1,9,0,18,0,0,0,0,0,0,3,1,1,2,27,6,1248,2,8,-1,1,-1
2018621801363,1,9,0,18,0,1,0,0,0,0,1,1,1,1,53,8,1242,1,4,-1,1,-1
2018621801364,1,9,0,18,0,0,0,0,1,0,1,1,6,1,32,6,1968,2,2,-1,1,-1
2018621801364,2,9,0,5,0,0,0,0,0,0,3,1,1,1,26,6,1896,2,13,-1,1,-1
2018621801364,3,9,0,2,0,0,0,0,0,0,2,1,6,3,-1,-1,1598,2,5,-1,-1,-1
2018621801365,1,9,0,2,0,0,0,0,0,0,3,1,6,2,73,10,1390,1,17,-1,3,-1
2018621801365,2,1,0,18,0,0,0,0,0,0,1,1,6,2,57,9,-1,-1,-1,-1,2,-1
2018621801366,1,3,0,18,0,0,1,0,0,0,0,1,6,2,29,6,125,1,2,-1,1,-1
2018621801367,1,9,0,17,0,0,0,0,0,0,1,1,2,1,40,7,-1,-1,-1,-1,1,-1
2018621801367,2,9,0,16,0,0,0,0,0,0,1,1,2,2,40,7,1999,2,-1,-1,3,-1
2018621801368,1,9,0,18,0,0,0,0,0,0,4,1,3,2,50,8,1149,1,7,-1,1,-1
2018621801369,1,9,0,16,0,0,0,0,2,10,1,1,6,2,27,6,1229,1,7,-1,1,-1
2018621801370,1,9,0,18,0,8,0,0,0,0,3,1,6,2,67,10,998,1,2,8,2,8
2018621801370,2,9,0,18,0,8,0,0,0,0,1,1,6,2,42,7,1339,1,11,-1,1,-1
2018621801371,1,1,0,18,0,0,0,0,0,0,1,1,6,1,54,8,-1,-1,-1,-1,-1,-1
2018621801371,2,9,0,18,0,0,0,0,0,0,3,1,6,1,35,6,999,1,1,-1,1,-1
2018621801372,1,9,0,9,0,1,0,0,0,0,3,1,6,1,20,4,1598,1,16,-1,1,-1
2018621801372,2,8,0,5,0,1,0,0,0,0,1,1,6,1,57,9,1598,2,6,-1,1,-1
2018621801373,1,9,0,18,0,0,0,0,0,0,1,1,6,1,48,8,1364,1,-1,-1,1,-1
2018621801373,2,9,0,3,0,0,0,0,0,0,2,1,1,1,49,8,1498,1,-1,-1,1,-1
2018621801375,1,2,0,13,0,1,0,0,2,11,1,1,6,1,16,4,49,1,8,-1,3,-1
2018621801375,2,9,0,9,0,8,0,0,0,0,3,1,2,2,42,7,1598,1,8,-1,1,-1
2018621801376,1,9,0,18,0,0,5,0,1,0,4,1,2,1,25,5,1197,1,5,-1,3,-1
2018621801378,1,9,0,18,0,0,0,4,0,0,1,1,6,1,28,6,1590,1,14,-1,1,-1
2018621801378,2,9,0,2,0,0,0,0,0,0,3,1,6,2,34,6,1956,2,3,-1,1,-1
2018621801381,1,9,0,18,0,5,0,11,0,0,1,1,6,2,53,8,1598,1,-1,-1,1,-1
2018621801382,1,9,0,18,0,1,0,0,0,0,1,1,6,1,42,7,1995,2,9,-1,1,-1
2018621801382,2,9,0,10,0,1,0,0,0,0,2,1,6,2,54,8,1248,1,5,-1,1,-1
2018621801383,1,8,0,1,0,0,0,0,0,0,2,1,1,1,40,7,-1,-1,-1,-1,1,-1
2018621801384,1,2,0,8,0,8,0,0,0,0,3,1,6,2,53,8,49,1,-1,-1,1,-1
2018621801384,2,19,0,7,0,8,0,0,0,0,4,1,6,1,60,9,1560,2,4,-1,1,-1
2018621801385,1,9,0,5,0,8,0,0,0,0,1,1,6,1,82,11,1499,2,-1,-1,1,-1
2018621801385,2,9,0,18,0,1,0,0,0,0,1,1,2,2,48,8,999,1,3,-1,1,-1
2018621801386,1,19,0,18,0,0,0,0,0,0,1,1,6,1,49,8,2198,2,11,-1,3,-1
2018621801386,2,10,0,4,0,0,0,0,0,0,2,1,6,2,50,8,-1,-1,-1,-1,1,-1
2018621801386,3,9,0,18,0,0,0,0,0,0,1,1,6,2,45,7,1242,1,3,8,1,8
2018621801387,1,9,0,9,0,8,0,0,0,0,4,1,6,1,18,4,-1,-1,-1,-1,1,-1
2018621801387,2,9,0,18,0,8,0,0,0,0,4,1,6,2,43,7,1198,1,2,-1,1,-1
2018621801389,1,9,0,18,0,4,0,0,0,0,1,1,6,1,27,6,1499,2,1,-1,1,-1
2018621801389,2,3,0,18,0,4,0,0,0,0,1,1,6,1,29,6,125,1,4,-1,1,-1
2018621801390,1,9,0,9,0,6,0,0,0,0,3,1,6,1,32,6,1461,2,13,-1,1,-1
2018621801390,2,9,0,18,0,1,0,0,0,0,1,1,6,2,34,6,1240,1,9,-1,1,-1
2018621801391,1,9,0,2,0,0,0,0,0,0,3,1,6,1,32,6,3246,1,14,-1,1,-1
2018621801391,2,1,0,18,0,0,0,0,0,0,4,1,6,1,22,5,-1,-1,-1,-1,1,-1
2018621801392,1,9,0,4,0,1,0,0,0,0,3,2,1,1,63,9,2993,2,2,-1,3,-1
2018621801392,2,1,0,18,0,1,0,0,0,0,1,1,6,1,43,7,-1,-1,-1,-1,2,-1
2018621801393,1,4,0,9,0,8,0,0,0,0,1,1,6,1,27,6,-1,-1,-1,-1,1,-1
2018621801393,2,20,0,7,0,8,0,0,0,0,3,1,1,1,53,8,6370,2,8,-1,1,-1
2018621801394,1,9,0,18,0,0,0,0,0,0,1,1,6,2,45,7,1390,1,12,-1,2,-1
2018621801394,2,9,0,18,0,0,0,0,0,0,1,1,6,1,54,8,898,1,4,-1,1,-1
2018621801395,1,9,0,18,0,0,0,0,0,0,1,1,6,2,22,5,998,1,5,-1,1,-1
2018621801395,2,9,0,18,0,0,0,0,0,0,2,1,6,1,32,6,-1,-1,-1,-1,1,-1
2018621801396,1,9,0,5,0,1,0,0,0,0,1,1,6,1,32,6,1910,2,13,-1,1,-1
2018621801396,2,5,0,3,0,1,0,0,0,0,2,1,6,1,64,9,885,1,17,-1,1,-1
2018621801397,1,9,0,11,0,0,0,0,0,0,0,1,6,2,54,8,1968,2,9,-1,1,-1
2018621801397,2,11,0,4,0,0,0,0,0,0,0,1,1,1,34,6,9000,1,10,-1,1,-1
2018621801398,1,21,0,7,0,6,0,0,0,0,4,1,1,1,52,8,-1,-1,-1,-1,1,-1
2018621801399,1,9,0,18,0,8,5,0,1,0,4,1,1,1,56,9,2393,2,1,-1,2,-1
2018621801399,2,21,1,18,0,4,0,0,0,0,1,1,1,1,59,9,12130,2,14,-1,2,-1
2018621801402,1,9,0,18,0,0,5,0,7,9,0,1,2,2,24,5,1398,1,2,-1,1,-1
2018621801403,1,9,0,18,0,4,0,0,0,0,1,1,6,1,67,10,-1,3,3,-1,3,-1
2018621801403,2,1,0,18,0,8,0,0,0,0,4,1,6,1,53,8,-1,-1,-1,-1,1,-1
2018621801404,1,9,0,18,0,0,1,0,5,6,3,1,6,1,45,7,1896,2,16,-1,1,-1
2018621801405,1,9,0,18,0,1,0,0,0,0,1,1,6,2,63,9,1395,1,1,-1,1,-1
2018621801405,2,11,0,3,0,1,0,0,0,0,2,1,1,1,54,8,7300,2,9,-1,3,-1
2018621801406,1,9,0,18,0,0,0,0,0,0,1,1,6,1,20,4,1368,1,5,-1,1,-1
2018621801407,1,9,0,18,0,0,0,4,0,0,1,1,6,1,21,5,1986,2,12,-1,1,-1
2018621801407,2,9,0,2,0,0,0,0,0,0,1,1,6,3,-1,-1,1328,1,9,-1,-1,-1
2018621801407,3,9,0,2,0,0,0,0,0,0,1,1,6,3,-1,-1,1193,1,4,-1,-1,-1
2018621801408,1,1,0,18,0,1,0,0,0,0,1,1,6,1,13,3,-1,-1,-1,-1,1,-1
2018621801408,2,9,0,4,0,1,0,0,0,0,4,1,6,1,32,6,1461,2,-1,-1,1,-1
2018621801409,1,9,0,18,0,1,0,0,0,0,1,1,6,1,80,11,1149,1,2,-1,1,-1
2018621801409,2,9,0,9,0,1,0,0,0,0,4,1,6,1,46,8,1598,1,15,-1,1,-1
2018621801411,1,9,0,9,0,6,0,0,0,0,3,1,6,1,36,7,1598,1,12,-1,1,-1
2018621801411,2,9,0,18,0,1,0,0,0,0,4,1,6,1,40,7,1198,1,13,-1,1,-1
2018621801413,1,9,0,9,0,5,0,0,0,0,4,1,6,1,23,5,1597,1,9,-1,1,-1
2018621801413,2,9,0,18,0,8,0,0,0,0,1,1,6,1,22,5,1149,1,8,-1,1,-1
2018621801414,1,9,0,18,0,0,2,0,1,4,2,1,6,2,50,8,1149,1,7,-1,1,-1
2018621801415,1,9,0,18,0,0,1,0,0,0,1,1,6,1,32,6,1781,1,13,-1,1,-1
2018621801415,2,20,0,2,0,0,0,0,0,0,3,1,6,3,-1,-1,2143,2,8,-1,-1,-1
2018621801415,3,9,0,2,0,0,0,0,0,0,1,1,6,3,-1,-1,1956,2,5,-1,-1,-1
2018621801416,1,9,0,5,0,4,0,0,0,0,1,1,6,1,74,10,1598,2,-1,-1,1,-1
2018621801416,2,9,0,5,0,4,0,0,0,0,2,1,6,1,27,6,1598,2,-1,-1,1,-1
2018621801417,1,9,0,18,0,0,5,0,0,0,1,1,6,1,65,9,1587,1,12,-1,1,-1
2018621801417,2,9,0,2,0,0,0,0,0,0,2,1,6,3,-1,-1,1560,2,9,-1,-1,-1
2018621801418,1,9,0,5,0,4,0,0,0,0,1,1,1,1,45,7,1997,2,1,-1,1,-1
2018621801418,2,1,0,18,0,8,0,0,0,0,4,1,6,1,45,7,-1,-1,-1,-1,1,-1
2018621801419,1,3,0,18,0,8,0,0,0,0,4,1,6,1,54,8,88,1,23,-1,1,-1
2018621801420,1,9,0,18,0,1,0,0,0,0,1,1,6,1,36,7,1998,1,11,-1,1,-1
2018621801421,1,4,0,17,0,1,1,0,0,0,0,1,6,1,55,8,599,1,7,-1,1,-1
2018621801422,1,9,0,10,0,1,0,0,0,0,2,1,6,2,44,7,898,1,3,-1,1,-1
2018621801422,2,9,0,18,0,1,0,0,0,0,1,1,6,1,31,6,1596,1,16,-1,1,-1
2018621801422,3,19,0,2,0,1,0,0,0,0,3,1,6,1,24,5,1560,2,5,-1,1,-1
2018621801423,1,9,0,18,0,0,0,0,0,0,1,1,6,3,-1,-1,1781,1,18,-1,-1,-1
2018621801423,2,9,0,4,0,0,0,0,0,0,1,1,6,1,21,5,1388,1,12,-1,1,-1
2018621801424,1,9,0,17,0,0,0,0,0,0,1,1,2,1,35,6,1968,2,2,-1,-1,-1
2018621801425,1,19,0,18,0,0,1,4,0,0,1,1,6,1,50,8,1499,2,1,-1,1,-1
2018621801425,2,9,0,2,0,0,0,0,0,0,2,1,6,1,84,11,1390,1,17,-1,1,-1
2018621801426,1,9,0,18,0,1,0,0,7,0,1,1,6,3,-1,-1,-1,-1,-1,-1,-1,-1
2018621801427,1,9,0,6,0,2,5,0,1,8,1,1,6,1,37,7,1560,2,8,-1,1,-1
2018621801428,1,9,0,18,0,0,1,0,0,0,1,1,6,2,39,7,1582,2,4,-1,1,-1
2018621801428,2,19,0,18,0,0,0,0,0,0,2,1,1,1,27,6,2148,2,11,-1,2,-1
2018621801428,3,9,0,18,0,0,0,0,0,0,2,1,6,2,45,7,1498,1,1,-1,1,-1
2018621801429,1,9,0,9,0,1,0,0,0,0,1,1,6,1,60,9,1596,1,16,-1,1,-1
2018621801429,2,9,0,18,0,1,0,0,0,0,2,1,6,1,64,9,1560,2,7,-1,1,-1
2018621801430,1,9,0,9,0,0,0,0,0,0,4,1,1,2,37,7,1242,1,13,-1,1,-1
2018621801430,2,9,0,18,0,0,0,0,0,0,1,1,6,1,57,9,1197,1,-1,-1,1,-1
2018621801431,1,9,0,9,0,8,0,0,0,0,1,1,6,2,34,6,1998,2,10,-1,1,-1
2018621801431,2,1,0,18,0,1,0,0,0,0,1,1,6,1,36,7,-1,-1,-1,-1,1,-1
2018621801432,1,9,0,18,0,0,0,0,0,0,1,1,2,1,30,6,-1,-1,-1,-1,1,-1
2018621801432,2,9,0,3,0,0,0,0,0,0,2,1,6,2,70,10,1995,2,-1,-1,1,-1
2018621801433,1,5,0,4,0,4,0,0,0,0,3,1,6,1,25,5,647,1,-1,-1,1,-1
2018621801434,1,9,0,18,0,4,0,0,0,0,1,1,6,3,-1,-1,-1,-1,-1,-1,-1,-1
2018621801434,2,2,0,9,0,8,0,0,0,0,4,1,6,2,29,6,125,1,-1,-1,1,-1
2018621801435,1,9,0,5,0,8,0,0,0,0,4,1,6,1,39,7,1329,1,5,-1,1,-1
2018621801435,2,1,0,18,0,8,0,0,0,0,1,1,6,1,56,9,-1,-1,-1,-1,1,-1
2018621801436,1,9,0,18,0,0,0,0,0,0,1,1,6,2,39,7,998,1,-1,-1,1,-1
2018621801436,2,9,0,3,0,0,0,0,0,0,2,1,4,2,39,7,1596,1,13,-1,1,-1
2018621801437,1,9,0,18,0,0,0,0,0,0,4,1,6,2,57,9,1598,1,17,-1,2,-1
2018621801438,1,9,0,18,0,0,0,0,4,0,1,1,1,1,20,4,998,1,2,-1,1,-1
2018621801438,2,9,0,4,0,0,1,0,0,0,2,1,1,1,50,8,-1,-1,-1,-1,2,-1
2018621801439,1,9,0,18,0,1,0,0,0,0,1,1,6,2,19,4,1242,1,9,-1,1,-1
2018621801439,2,9,0,4,0,1,0,0,0,0,2,1,6,1,48,8,996,1,7,-1,1,-1
2018621801440,1,8,0,5,0,1,0,0,0,0,3,1,1,1,56,9,1797,8,4,-1,1,-1
2018621801441,1,9,0,18,0,1,0,0,0,0,1,1,6,2,58,9,1240,1,13,-1,1,-1
2018621801442,1,9,0,6,0,0,0,0,0,0,0,1,6,2,58,9,1248,2,9,-1,1,-1
2018621801442,2,4,0,18,0,0,0,0,0,0,0,1,6,1,60,9,125,1,-1,-1,2,-1
2018621801443,1,9,0,16,0,0,5,0,7,10,1,1,6,1,32,6,1248,2,4,-1,2,-1
2018621801444,1,9,0,18,0,0,0,0,0,0,1,1,6,2,58,9,1596,1,14,-1,3,-1
2018621801444,2,9,0,4,0,0,0,0,0,0,2,1,6,1,57,9,1598,2,7,-1,2,-1
2018621801445,1,5,0,13,0,0,0,10,1,4,1,1,6,1,25,5,599,1,15,-1,2,-1