Accident_Index,Vehicle_Reference,Vehicle_Type,Towing_and_Articulation,Vehicle_Manoeuvre,Vehicle_Location-Restricted_Lane,Junction_Location,Skidding_and_Overturning,Hit_Object_in_Carriageway,Vehicle_Leaving_Carriageway,Hit_Object_off_Carriageway,1st_Point_of_Impact,Was_Vehicle_Left_Hand_Drive?,Journey_Purpose_of_Driver,Sex_of_Driver,Age_of_Driver,Age_Band_of_Driver,Engine_Capacity_(CC),Propulsion_Code,Age_of_Vehicle,Driver_IMD_Decile,Driver_Home_Area_Type,Vehicle_IMD_Decile
201863A002018,2,9,0,18,0,1,0,0,0,0,3,1,2,1,28,6,1896,2,14,-1,1,-1
201863A002118,1,9,0,17,0,0,0,0,0,0,1,1,6,1,61,9,1590,1,15,-1,3,-1
201863A002118,2,21,1,16,0,0,1,0,0,0,1,1,1,1,44,7,12419,2,5,-1,1,-1
201863A002218,1,9,0,18,0,0,5,0,7,3,4,1,6,1,23,5,1998,1,10,-1,1,-1
201863A002418,1,9,0,18,0,0,0,0,0,0,1,1,2,1,45,7,1998,1,15,-1,2,-1
201863A002418,2,9,0,4,0,0,1,0,0,0,2,1,2,2,26,6,1995,2,7,-1,3,-1
201863A002418,3,9,0,3,0,0,0,0,0,0,0,1,6,3,-1,-1,-1,-1,-1,-1,-1,-1
201863A002618,1,9,0,18,0,8,0,0,7,10,1,1,2,1,50,8,2967,1,16,-1,-1,-1
201863A003418,1,3,0,4,9,0,0,0,1,0,0,1,6,1,26,6,124,1,11,-1,3,-1
201863A003518,1,9,0,5,0,1,0,0,0,0,0,1,6,1,78,11,1149,1,10,-1,1,-1
201863A003518,2,3,0,18,0,1,1,0,0,0,0,1,6,1,18,4,124,1,3,-1,3,-1
201863A003518,3,9,0,2,0,8,0,0,0,0,0,1,6,3,-1,-1,-1,-1,-1,-1,-1,-1
201863A003618,1,9,0,9,0,5,0,0,0,0,1,1,6,1,21,5,1390,1,4,-1,1,-1
201863A003618,2,3,0,18,0,1,0,0,0,0,1,1,6,1,34,6,120,1,2,-1,1,-1
201863A003718,1,3,0,18,0,0,1,0,0,0,1,1,2,1,24,5,125,1,1,-1,-1,-1
201863A003718,2,19,0,3,0,0,0,0,0,0,2,1,1,1,34,6,1996,2,4,-1,3,-1
201863A003718,3,9,0,3,0,0,0,0,0,0,0,1,6,3,-1,-1,-1,-1,-1,-1,-1,-1
201863A003918,1,9,0,17,0,0,0,0,0,0,1,1,6,2,23,5,1229,1,5,-1,1,-1
201863A003918,2,9,0,16,0,0,0,0,0,0,1,1,6,1,36,7,-1,-1,-1,-1,1,-1
201863A004118,1,4,0,16,0,0,1,0,8,10,4,1,6,1,60,9,656,1,13,-1,2,-1
201863A004218,1,9,0,18,0,0,2,0,2,10,1,1,6,1,30,6,2143,2,5,-1,1,-1
201863A004318,1,9,0,13,0,0,0,0,0,0,1,1,6,3,-1,-1,-1,-1,-1,-1,-1,-1
201863A004318,2,1,0,18,0,0,0,0,0,0,2,1,6,1,53,8,-1,-1,-1,-1,3,-1
201863A004518,1,9,0,5,0,6,0,0,0,0,1,1,6,2,69,10,1395,1,3,-1,-1,-1
201863A004518,2,9,0,18,0,1,0,0,0,0,4,1,6,1,28,6,1968,2,14,-1,1,-1
201863A005818,1,9,0,16,0,0,0,0,0,0,1,1,6,2,21,5,1686,2,5,-1,1,-1
201863A005818,2,9,0,17,0,0,0,0,0,0,1,1,6,1,35,6,-1,-1,-1,-1,2,-1
201863A006218,1,9,0,18,0,0,0,0,0,0,1,1,2,1,31,6,-1,-1,-1,-1,2,-1
201863A006218,2,1,0,18,0,0,0,0,0,0,2,1,6,1,64,9,-1,-1,-1,-1,3,-1
201863A006718,1,9,0,18,0,8,0,0,0,0,1,1,6,1,33,6,2435,1,14,-1,1,-1
201863A006718,2,9,0,4,0,8,0,0,0,0,2,1,6,2,47,8,1596,1,15,-1,1,-1
201863A006818,1,9,0,18,0,0,0,4,0,0,4,1,6,3,-1,-1,-1,-1,-1,-1,-1,-1
201863A006818,2,19,0,18,0,0,0,0,0,0,3,1,2,1,62,9,1896,2,12,-1,3,-1
201863A006818,3,9,0,2,0,0,0,0,0,0,2,1,6,1,21,5,1388,1,13,-1,3,-1
201863A007418,1,9,0,18,0,0,5,0,2,10,1,1,6,1,21,5,1390,1,14,-1,3,-1
201863A007618,1,9,0,18,0,1,1,0,1,10,1,1,6,1,28,6,1198,1,9,-1,3,-1
201863A007618,2,9,0,3,0,1,0,0,0,0,2,1,6,2,47,8,1968,2,5,-1,2,-1
201863A007618,3,9,0,4,0,1,0,0,0,0,0,1,6,3,-1,-1,-1,-1,-1,-1,-1,-1
201863A007818,1,9,0,18,0,0,0,0,0,0,1,1,6,1,53,8,1248,2,14,-1,3,-1
201863A007818,2,9,0,18,0,0,0,0,0,0,1,1,6,1,75,10,1360,1,15,-1,3,-1
201863A008018,1,9,0,17,0,0,2,0,1,10,1,1,6,2,19,4,1229,1,1,8,1,8
201863A008318,1,9,0,9,0,5,0,0,0,0,1,1,6,1,20,4,-1,-1,-1,-1,3,-1
201863A008318,2,9,0,17,0,1,0,0,0,0,1,1,6,1,39,7,1781,1,16,-1,3,-1
201863A008918,1,3,0,18,0,2,0,0,0,0,1,1,6,2,49,8,125,1,3,-1,1,-1
201863A008918,2,9,0,18,0,1,0,0,0,0,1,1,6,1,63,9,1461,2,2,-1,3,-1
201863A008918,3,9,0,18,0,8,0,0,0,0,0,1,6,3,-1,-1,-1,-1,-1,-1,-1,-1
201863A009018,1,9,0,16,0,0,0,0,7,8,1,1,6,2,74,10,1242,1,12,-1,3,-1
201863A010118,1,9,0,16,0,0,5,0,7,10,1,1,6,1,21,5,1339,1,16,-1,2,-1
201863A010218,1,9,0,18,0,0,0,0,0,0,1,1,6,1,34,6,1896,2,15,-1,1,-1
201863A010218,2,9,0,2,0,0,0,0,0,0,0,1,6,3,-1,-1,-1,-1,-1,-1,-1,-1
201863A010218,3,9,0,2,0,0,0,0,0,0,0,1,6,3,-1,-1,-1,-1,-1,-1,-1,-1
201863A010418,1,9,0,17,0,0,5,0,2,10,1,1,6,1,17,4,875,1,6,-1,1,-1
201863A010818,1,9,0,18,0,0,1,0,4,6,1,1,6,2,19,4,-1,-1,-1,-1,1,-1
201863A010818,2,9,0,18,0,0,0,0,0,0,1,1,6,2,51,8,1968,2,8,-1,1,-1
201863A010818,3,9,0,18,0,0,0,11,0,0,0,1,6,1,36,7,1956,2,5,-1,1,-1
201863A011218,1,9,0,18,0,0,0,0,0,0,1,1,6,2,21,5,1149,1,10,-1,1,-1
201863A011218,2,9,0,4,0,0,0,0,0,0,2,1,6,1,55,8,1997,2,15,-1,1,-1
201863A011218,3,9,0,2,0,0,0,0,0,0,0,1,6,3,-1,-1,-1,-1,-1,-1,-1,-1
201863A011418,1,9,0,18,0,0,5,0,1,9,1,1,2,2,23,5,1587,1,11,-1,3,-1
201863A011418,2,21,0,18,0,0,0,0,0,0,0,1,6,3,-1,-1,-1,-1,-1,-1,-1,-1
201863A011518,1,19,0,7,0,6,1,0,7,10,1,1,2,2,49,8,-1,-1,-1,-1,3,-1
201863A011618,1,9,0,9,0,5,0,0,0,0,4,1,6,1,55,8,1753,2,10,-1,3,-1
201863A011618,2,9,0,18,0,1,0,0,0,0,1,1,6,2,26,6,1395,1,4,-1,3,-1
201863A011718,1,19,0,18,0,0,0,0,0,0,1,1,1,1,47,8,-1,-1,-1,-1,3,-1
201863A011718,2,9,0,3,0,0,0,0,0,0,2,1,1,1,28,6,1968,2,4,-1,1,-1
201863A011718,3,9,0,3,0,0,0,0,0,0,2,1,6,2,67,10,1149,1,11,-1,3,-1
201863A012018,1,9,0,18,0,2,2,0,2,10,1,1,2,2,24,5,1149,1,14,-1,1,-1
201863A012118,1,9,0,16,0,0,1,0,8,10,1,1,6,2,53,8,1895,1,18,-1,3,-1
201863A012618,1,9,0,18,0,8,0,0,0,0,3,1,6,2,69,10,1995,2,1,-1,2,-1
201863A012618,2,5,0,18,0,8,0,0,0,0,4,1,2,1,57,9,885,1,24,-1,1,-1
201863A012718,1,19,0,18,0,1,0,0,0,0,1,1,1,1,46,8,1968,2,5,-1,3,-1
201863A012718,2,9,0,3,0,1,0,0,0,0,2,1,6,2,17,4,1360,1,15,-1,3,-1
201863A013118,1,9,0,18,9,5,0,0,0,0,2,1,3,2,49,8,1968,2,10,-1,1,-1
201863A013118,2,9,0,18,6,5,0,4,0,0,1,1,3,1,25,5,1390,1,10,-1,2,-1
201863A013518,1,9,0,18,0,0,2,0,1,1,1,1,1,1,23,5,1199,1,14,-1,1,-1
201863A014218,1,9,0,18,0,0,0,0,0,0,1,1,6,3,-1,-1,-1,-1,-1,-1,-1,-1
201863A014318,1,9,0,18,0,1,0,0,1,10,1,1,6,1,32,6,1560,2,9,-1,3,-1
201863A014318,2,9,0,18,0,1,0,0,7,0,1,1,6,2,62,9,1329,1,3,-1,3,-1
201863A014618,1,9,0,17,0,0,1,0,1,10,1,1,6,2,27,6,1149,1,12,-1,2,-1
201863A014918,1,9,0,16,0,0,0,0,8,10,1,1,6,1,18,4,1368,1,11,-1,3,-1
201863A015018,1,9,0,18,0,0,0,0,0,0,1,1,2,2,38,7,1685,2,-1,-1,1,-1
201863A015018,2,9,0,18,0,0,0,0,0,0,1,1,2,1,41,7,1896,2,13,-1,3,-1
201863A015218,1,9,0,18,0,0,0,0,0,0,1,1,6,2,57,9,1299,1,10,-1,1,-1
201863A015218,2,9,0,4,0,0,0,0,0,0,2,1,6,1,22,5,998,1,7,-1,1,-1
201863A015218,3,9,0,18,0,0,0,0,0,0,0,1,6,3,-1,-1,-1,-1,-1,-1,-1,-1
201863A015418,1,9,0,18,0,2,0,0,7,10,4,1,6,1,33,6,1248,1,6,-1,1,-1
201863A015418,2,9,0,18,0,1,0,0,0,0,1,1,6,1,65,9,2199,2,8,-1,3,-1
201863A015718,1,19,0,9,0,8,0,0,0,0,2,1,6,3,-1,-1,-1,-1,-1,-1,-1,-1
201863A015718,2,9,0,13,0,1,0,0,1,4,1,1,6,1,17,4,1198,1,6,-1,3,-1
201863A015818,1,9,0,13,0,1,0,0,0,0,1,1,1,1,48,8,1461,2,8,-1,1,-1
201863A015818,2,19,0,9,0,5,0,0,0,0,3,1,1,1,36,7,2198,2,4,-1,3,-1
201863A016618,1,9,0,17,0,2,0,0,1,1,1,1,6,2,61,9,1798,2,3,-1,1,-1
201863A016818,1,9,0,18,0,0,0,0,2,1,1,1,6,1,54,8,-1,-1,-1,-1,-1,-1
201863A017218,1,9,0,13,0,1,5,0,0,0,1,1,6,1,44,7,-1,-1,-1,-1,1,-1
201863A017218,2,9,0,9,0,5,0,0,0,0,3,1,6,2,46,8,1582,2,3,-1,1,-1
201863A017518,1,9,0,18,0,0,0,0,0,0,1,1,6,1,53,8,2148,2,13,-1,3,-1
201863A017518,2,19,0,2,0,0,0,0,0,0,2,1,6,1,48,8,2198,2,2,-1,3,-1
201863A017618,1,9,0,18,0,0,0,0,0,0,2,1,6,2,61,9,1560,2,4,-1,3,-1
201863A017618,2,9,0,4,0,0,0,0,0,0,2,1,6,2,62,9,1461,2,3,-1,3,-1
201863A017618,3,9,0,18,0,0,0,0,0,0,0,1,6,3,-1,-1,-1,-1,-1,-1,-1,-1
201863A017718,1,9,0,10,0,8,0,0,0,0,2,1,6,2,45,7,1995,2,13,-1,1,-1
201863A017718,2,1,0,18,-1,8,-1,0,-1,0,1,1,-1,1,-1,-1,-1,-1,-1,-1,2,-1
201863A018218,1,19,0,5,0,2,0,0,0,0,1,1,1,2,26,6,1461,2,1,-1,3,-1
201863A018218,2,9,0,13,0,1,0,0,4,0,4,1,2,2,54,8,1229,1,7,-1,3,-1
201863A018218,3,21,0,7,0,5,0,0,0,0,0,1,6,1,-1,-1,12580,2,13,-1,3,-1
201863A018218,4,9,0,13,0,1,0,0,0,0,0,1,6,2,-1,-1,2982,2,4,-1,3,-1
201863A018518,1,9,0,18,0,0,0,0,0,0,1,1,6,1,20,4,1198,1,10,-1,3,-1
201863A018518,2,9,0,4,0,0,0,0,0,0,2,1,2,1,38,7,998,1,3,-1,1,-1
201863A018518,3,9,0,4,0,0,0,0,0,0,2,1,6,1,63,9,1968,2,6,-1,1,-1
201863A018518,4,9,0,3,0,0,0,0,0,0,0,1,6,3,-1,-1,-1,-1,-1,-1,-1,-1
201863A018618,1,9,0,5,0,1,0,0,0,0,1,1,6,1,38,7,1560,2,10,-1,3,-1
201863A018618,2,9,0,18,0,1,5,0,0,0,1,1,6,2,48,8,1998,1,13,-1,3,-1
201863A019218,1,9,0,18,0,1,0,0,0,0,1,1,6,2,28,6,1398,1,12,-1,1,-1
201863A019218,2,9,0,4,0,8,0,0,0,0,2,1,6,1,45,7,1400,2,11,-1,1,-1
201863A019518,1,9,0,17,0,0,2,0,1,10,1,1,6,1,17,4,1328,1,10,-1,1,-1
201863A020118,1,9,0,16,0,0,0,0,0,0,0,1,6,3,-1,-1,-1,-1,-1,-1,-1,-1
201863A020118,2,9,0,17,0,0,0,0,2,10,1,1,1,2,51,8,1206,1,6,-1,2,-1
201863A020218,1,9,0,16,0,0,1,0,0,0,1,1,6,2,40,7,1498,1,2,-1,3,-1
201863A020218,2,9,0,17,0,0,0,0,2,10,1,1,6,1,78,11,1124,1,17,-1,2,-1
201863A020418,1,21,1,18,0,8,0,0,0,0,1,1,1,1,51,8,12900,2,8,-1,1,-1
201863A020418,2,9,0,4,0,8,0,0,0,0,2,1,6,2,65,9,1248,1,7,-1,3,-1
201863A021118,1,9,0,9,0,6,0,0,0,0,4,1,6,2,62,9,998,1,6,-1,3,-1
201863A021118,2,9,0,18,0,1,0,0,0,0,1,1,6,1,67,10,2184,2,11,-1,3,-1
201863A021318,1,9,0,18,0,0,0,0,0,0,1,1,6,3,-1,-1,-1,-1,-1,-1,-1,-1
201863A022018,1,9,0,2,0,0,0,0,0,0,3,1,6,2,47,8,1560,2,8,-1,1,-1
201863A022018,2,1,0,18,0,0,0,4,0,0,1,1,6,1,70,10,-1,-1,-1,-1,1,-1
201863A022318,1,9,0,13,0,1,0,0,0,0,1,1,6,2,53,8,1582,2,3,-1,2,-1
201863A022318,2,1,0,18,0,1,0,0,0,0,2,1,6,1,62,9,-1,-1,-1,-1,3,-1
201863A022418,1,90,0,18,0,0,0,0,0,0,1,1,1,1,46,8,2987,2,1,-1,1,-1
201863A022418,2,9,0,4,0,0,0,0,0,0,2,1,6,1,57,9,1798,1,-1,-1,3,-1
201863A022818,1,9,0,14,0,0,0,0,0,0,1,1,1,2,34,6,1596,1,12,-1,1,-1
201863A022818,2,21,0,2,0,0,0,0,0,0,0,1,6,3,-1,-1,-1,-1,-1,-1,-1,-1
201863A023318,1,9,0,17,0,0,5,0,2,10,4,1,6,1,48,8,1596,1,10,-1,2,-1
201863A023618,1,9,0,18,0,1,0,0,0,0,1,1,6,1,77,11,1349,1,12,-1,3,-1
201863A023618,2,9,0,4,0,1,0,0,0,0,2,1,2,2,49,8,998,1,4,-1,1,-1
201863A023618,3,9,0,2,0,1,0,0,0,0,0,1,6,3,-1,-1,-1,-1,-1,-1,-1,-1
201863A023618,4,9,0,18,0,1,0,0,0,0,0,1,6,3,-1,-1,-1,-1,-1,-1,-1,-1
201863A024118,1,9,0,18,0,0,0,0,0,0,1,1,6,1,21,5,1905,2,19,-1,1,-1
201863A024118,2,9,0,2,0,0,0,0,1,10,3,1,6,1,54,8,1998,1,2,-1,1,-1
201863A024118,3,9,0,2,0,0,0,0,0,0,3,1,6,1,84,11,1229,1,4,-1,1,-1
201863A024118,4,9,0,2,0,0,0,0,0,0,3,1,6,1,24,5,1598,2,7,-1,1,-1
201863A024618,1,9,0,17,0,0,1,0,1,10,1,1,6,2,31,6,1598,1,10,-1,3,-1
201863A025418,1,9,0,18,0,0,0,0,0,0,3,1,2,2,30,6,1597,2,4,-1,2,-1
201863A025418,2,9,0,14,0,0,0,0,1,10,3,1,2,1,48,8,1998,2,4,-1,3,-1
201863A025418,3,9,4,2,0,0,0,0,0,0,0,1,6,3,-1,-1,-1,-1,-1,-1,-1,-1
201863A025918,1,9,0,9,0,4,0,0,1,1,1,1,6,2,68,10,1968,2,4,-1,1,-1
201863A026018,1,9,0,16,0,0,1,0,1,10,1,1,6,1,22,5,998,1,12,-1,1,-1
201863A026018,2,19,0,4,0,0,0,0,0,0,1,1,6,1,37,7,2198,2,4,-1,3,-1
201863A026418,1,19,0,9,0,8,0,0,0,0,4,1,1,1,27,6,1870,2,16,-1,3,-1
201863A026418,2,1,0,18,0,1,0,0,0,0,1,1,6,1,38,7,-1,-1,-1,-1,1,-1
201863A026418,3,21,0,9,0,8,0,0,0,0,0,1,6,3,-1,-1,-1,-1,-1,-1,-1,-1
201863A027318,1,9,0,18,0,0,0,4,1,0,1,1,6,1,22,5,1598,1,16,-1,1,-1
201863A027318,2,9,0,2,0,0,0,0,0,0,1,1,6,1,26,6,1364,1,2,-1,1,-1
201863A027318,3,9,0,2,0,0,0,0,0,0,1,1,6,1,67,10,1390,1,12,-1,1,-1
201863A027318,4,9,0,2,0,0,0,0,0,0,1,1,6,1,57,9,898,1,5,-1,1,-1
201863A027318,5,9,0,2,0,0,0,0,0,0,2,1,6,2,49,8,1798,2,8,-1,1,-1
201863A027318,6,9,0,18,0,0,0,0,0,0,0,1,1,1,23,5,1560,2,2,-1,1,-1
201863A028418,1,9,0,18,0,0,0,0,0,0,1,1,6,2,38,7,899,1,4,-1,1,-1
201863A028518,1,9,0,18,0,0,0,0,1,1,4,1,1,1,25,5,1598,2,6,-1,2,-1
201863A028718,1,9,0,17,0,1,0,0,0,0,4,1,6,1,70,10,1598,1,6,-1,1,-1
201863A028718,2,19,0,9,0,6,0,0,0,0,1,1,6,1,49,8,1968,2,1,-1,3,-1
201863A029318,1,9,0,17,0,0,1,0,2,4,1,1,6,1,22,5,1796,1,11,-1,1,-1
201863A030018,1,9,0,4,0,1,0,0,0,0,2,1,1,2,47,8,1968,2,4,-1,1,-1
201863A030018,2,9,4,18,0,1,0,0,0,0,1,1,1,1,60,9,-1,-1,-1,-1,3,-1
201863A030018,3,9,0,9,0,5,0,0,0,0,0,1,6,3,-1,-1,-1,-1,-1,-1,-1,-1
201863A031418,1,9,0,17,0,0,2,0,2,10,1,1,6,2,18,4,1242,1,8,-1,3,-1
201863A032218,1,9,0,18,0,0,2,0,2,10,1,1,6,1,23,5,1498,1,12,5,1,5
201863A032418,1,9,0,18,0,1,0,0,0,0,1,1,6,2,51,8,1870,2,12,7,1,7
201863A032418,2,9,0,18,0,1,0,0,1,0,1,1,1,1,47,8,1995,2,3,-1,3,-1
201863A032418,3,9,0,10,0,8,0,0,0,0,2,1,1,2,19,4,-1,-1,-1,-1,3,-1
201863A032418,4,9,0,9,0,5,0,0,0,0,0,1,6,3,-1,-1,-1,-1,-1,-1,-1,-1
201863A032918,1,9,0,13,0,0,0,0,0,0,0,1,6,3,-1,-1,-1,-1,-1,-1,-1,-1
201863A032918,2,1,0,18,0,0,1,0,0,0,2,1,6,2,47,8,-1,-1,-1,-1,1,-1
201863A032918,3,1,0,18,0,0,1,0,0,0,1,1,6,2,58,9,-1,-1,-1,-1,-1,-1
201863A032918,4,1,0,4,0,0,0,0,0,0,0,1,6,3,-1,-1,-1,-1,-1,-1,-1,-1
201863A033518,1,19,0,18,0,0,0,0,0,0,4,1,6,3,-1,-1,-1,-1,-1,-1,-1,-1
201863A033518,2,1,0,18,0,0,0,0,0,0,3,1,6,2,16,4,-1,-1,-1,-1,3,-1
201863A033718,1,21,0,18,0,8,0,0,0,0,4,1,1,1,26,6,12777,2,11,-1,3,-1
201863A033718,2,9,0,7,0,8,0,0,0,0,3,1,6,1,56,9,796,1,9,-1,2,-1
201863A034318,1,5,0,18,0,0,1,0,7,10,1,1,6,1,42,7,996,1,18,6,1,6
201863A034918,1,9,0,18,0,8,0,0,5,6,1,1,6,2,38,7,1796,1,14,-1,1,-1
201863A034918,2,9,0,9,0,8,0,0,0,0,1,1,6,1,77,11,1364,2,6,-1,1,-1
201863A035418,1,9,0,18,0,1,0,0,0,0,4,1,1,2,34,6,898,1,-1,-1,3,-1
201863A035518,1,9,0,18,0,6,0,0,0,0,1,1,6,2,18,4,1229,1,11,-1,3,-1
201863A035518,2,9,0,18,0,1,0,0,1,10,1,1,6,2,47,8,1596,1,12,-1,3,-1
201863A036118,1,9,0,18,0,0,0,0,1,4,1,1,2,1,18,4,998,1,3,-1,1,-1
201863A036218,1,9,0,18,0,0,0,0,0,0,1,1,6,1,27,6,2982,2,3,-1,3,-1
201863A036218,2,9,0,18,0,0,0,0,0,0,1,1,6,2,43,7,2720,2,10,-1,3,-1
201863A036518,1,9,0,18,0,1,0,0,0,0,4,1,6,1,49,8,1598,2,3,-1,3,-1
201863A036518,2,9,0,18,0,8,0,0,0,0,1,1,6,2,51,8,1686,2,9,-1,1,-1
201863A036618,1,9,0,18,0,0,2,0,2,10,4,1,6,2,26,6,1124,1,14,-1,3,-1
201863A037818,1,17,0,9,0,5,0,0,0,0,0,1,1,1,46,8,-1,2,26,-1,3,-1
201863A037818,2,5,0,13,0,1,1,0,0,0,0,1,6,1,48,8,1520,1,30,-1,1,-1
201863A037818,3,5,0,18,0,1,0,0,0,0,0,1,6,1,60,9,1520,1,23,-1,1,-1
201863A037818,4,5,0,18,0,1,0,0,0,0,0,1,6,1,63,9,1832,1,11,-1,1,-1
201863A038018,1,1,0,16,0,0,1,0,0,0,1,1,6,1,51,8,-1,-1,-1,-1,1,-1
201863A038018,2,9,0,17,0,0,0,0,0,0,1,1,6,1,26,6,2993,2,11,-1,3,-1
201863A038218,1,9,0,18,0,4,0,10,3,2,1,1,6,1,81,11,1999,1,8,-1,1,-1
201863A038318,1,5,0,17,0,0,0,0,1,10,3,1,6,1,34,6,599,1,16,-1,1,-1
201863A038718,1,9,0,1,0,6,0,4,7,0,2,1,6,2,67,10,1242,1,2,-1,3,-1
201863A038718,2,9,0,2,9,8,0,0,0,0,1,1,6,1,-1,-1,1499,1,-1,-1,-1,-1
201863A038818,1,9,0,18,0,4,0,0,0,0,1,1,6,1,70,10,1499,2,1,-1,1,-1
201863A038818,2,9,0,4,0,8,0,0,0,0,2,1,6,2,56,9,1753,2,11,-1,3,-1
201863A038818,3,9,0,3,0,8,0,0,0,0,0,1,6,3,-1,-1,-1,-1,-1,-1,-1,-1
201863A039118,1,19,0,1,0,0,0,0,0,0,2,1,6,1,32,6,1753,2,14,-1,3,-1
201863A039118,2,8,0,4,0,0,0,0,0,0,1,1,3,3,-1,-1,-1,-1,-1,-1,-1,-1
201863A039118,3,9,0,18,0,0,0,0,0,0,0,1,6,3,-1,-1,-1,-1,-1,-1,-1,-1
201863A039818,1,9,0,18,0,0,0,0,7,10,2,1,1,1,46,8,1360,1,11,-1,2,-1
201863A039818,2,9,0,18,0,0,0,0,0,0,1,1,2,2,18,4,1242,1,5,-1,1,-1
201863A039918,1,9,0,7,0,1,0,0,0,0,1,1,6,1,33,6,1364,1,1,-1,1,-1
201863A039918,2,8,0,18,0,1,0,0,0,0,1,1,1,1,63,9,1968,2,6,-1,1,-1
201863A039918,3,9,0,3,0,1,0,0,0,0,1,1,6,2,18,4,1242,1,5,-1,1,-1
201863A039918,4,8,0,4,0,1,0,0,0,0,1,1,1,1,57,9,1997,2,12,-1,1,-1
201863A040618,1,9,0,18,0,2,0,0,1,2,1,1,6,2,24,5,1461,2,10,-1,3,-1
201863A042118,1,9,0,16,0,0,0,0,7,10,1,1,1,1,47,8,1968,2,5,-1,3,-1
201863A042118,2,9,0,17,0,0,0,0,1,10,1,1,1,1,67,10,-1,-1,-1,-1,1,-1
201863A042818,1,9,0,18,0,0,0,0,0,0,1,1,6,2,36,7,1242,1,3,-1,1,-1
201863A042818,2,8,0,2,0,0,0,0,0,0,0,1,6,3,-1,-1,-1,-1,-1,-1,-1,-1
201863A043118,1,9,0,16,0,0,0,0,7,10,1,1,6,1,20,4,1995,2,16,-1,3,-1
201863A043718,1,5,0,18,0,0,0,0,1,10,1,1,2,1,58,9,955,1,14,-1,3,-1
201863A043918,1,9,0,18,0,4,0,0,0,0,3,1,3,2,42,7,1388,1,15,-1,1,-1
201863A043918,2,9,0,9,0,8,0,0,0,0,4,1,6,2,20,4,1149,1,10,-1,1,-1
201863A044618,1,9,0,17,0,0,5,0,1,9,1,1,6,2,19,4,1242,1,8,-1,1,-1
201863A045018,1,9,0,14,0,1,0,4,0,0,1,1,6,1,27,6,1968,2,14,-1,3,-1
201863A045018,2,9,0,2,0,1,0,0,0,0,3,1,6,1,41,7,2967,2,10,-1,1,-1
201863A045018,3,9,0,17,0,1,1,0,0,0,1,1,6,2,33,6,1995,2,4,-1,1,-1
201863A045318,1,9,0,17,0,8,0,0,0,0,1,1,6,2,19,4,998,1,4,-1,2,-1
201863A045318,2,9,0,4,0,2,0,0,0,0,2,1,6,2,35,6,-1,-1,-1,-1,1,-1
201863A045318,3,9,0,3,0,1,0,0,0,0,0,1,6,3,-1,-1,-1,-1,-1,-1,-1,-1
201863A045418,1,9,0,14,0,0,0,0,0,0,3,1,6,2,81,11,1386,1,15,-1,2,-1
201863A045418,2,1,0,2,0,0,0,0,0,0,4,1,6,2,39,7,-1,-1,-1,-1,3,-1
201863A045718,1,9,0,17,0,0,0,0,0,0,0,1,6,3,-1,-1,-1,-1,-1,-1,-1,-1
201863A045718,2,1,0,16,0,0,0,0,0,0,0,1,6,1,12,3,-1,-1,-1,-1,3,-1
201863A046218,1,9,0,18,0,0,0,0,0,0,1,1,2,1,43,7,1910,2,14,-1,1,-1
201863A046218,2,9,0,18,0,0,0,0,1,0,1,1,6,2,38,7,1242,1,11,-1,1,-1
201863A046418,1,9,0,9,0,6,0,0,0,0,1,1,6,1,33,6,1999,2,2,-1,1,-1
201863A046418,2,9,0,17,0,1,0,0,0,0,1,1,6,1,75,10,1198,1,4,-1,3,-1
201863A046518,1,9,0,18,0,0,0,0,7,10,1,1,6,2,52,8,1995,2,2,-1,3,-1
201863A046618,1,9,0,17,0,0,2,0,1,9,1,1,6,2,17,4,1124,1,13,-1,1,-1
201863A047018,1,9,0,18,0,1,0,0,0,0,1,1,6,2,61,9,1388,1,9,-1,3,-1
201863A047318,1,9,0,9,0,6,0,0,0,0,1,1,1,2,35,6,998,1,4,-1,1,-1
201863A047318,2,9,0,18,0,2,0,0,0,0,3,1,1,1,61,9,998,1,3,-1,3,-1
201863A047418,1,9,0,18,0,0,5,0,1,9,1,1,6,1,54,8,-1,-1,-1,-1,3,-1
201863A047418,2,9,0,18,0,0,0,0,0,0,3,1,6,1,35,6,3474,1,19,-1,1,-1
201863A047618,1,19,0,18,0,0,0,0,0,0,0,1,6,3,-1,-1,-1,-1,-1,-1,-1,-1
201863A047618,2,1,0,18,0,0,1,0,1,10,1,1,1,2,45,7,-1,-1,-1,-1,3,-1
201863A048018,1,19,0,18,0,0,0,0,0,0,1,1,1,1,21,5,1248,2,3,-1,3,-1
201863A048018,2,9,0,4,0,0,0,0,0,0,1,1,2,1,25,5,1968,2,9,-1,3,-1
201863A048518,1,9,0,5,0,4,0,0,0,0,1,1,6,2,54,8,2777,2,9,1,1,1
201863A048518,2,9,0,18,0,8,0,0,0,0,4,1,6,2,49,8,1398,2,8,-1,1,-1
201863A048618,1,9,0,18,0,0,0,0,1,7,1,1,6,2,23,5,1598,2,6,-1,1,-1
201863A048718,1,9,0,18,0,6,0,0,0,0,1,1,2,1,37,7,1590,1,17,-1,1,-1
201863A048718,2,9,0,18,0,2,1,0,1,10,4,1,6,2,44,7,1461,2,10,-1,3,-1
201863A048818,1,9,0,18,0,0,0,0,0,0,4,1,6,2,29,6,1395,1,6,-1,1,-1