Accident_Index,Vehicle_Reference,Vehicle_Type,Towing_and_Articulation,Vehicle_Manoeuvre,Vehicle_Location-Restricted_Lane,Junction_Location,Skidding_and_Overturning,Hit_Object_in_Carriageway,Vehicle_Leaving_Carriageway,Hit_Object_off_Carriageway,1st_Point_of_Impact,Was_Vehicle_Left_Hand_Drive?,Journey_Purpose_of_Driver,Sex_of_Driver,Age_of_Driver,Age_Band_of_Driver,Engine_Capacity_(CC),Propulsion_Code,Age_of_Vehicle,Driver_IMD_Decile,Driver_Home_Area_Type,Vehicle_IMD_Decile
201863A048818,2,9,0,2,0,0,0,0,0,0,0,1,6,3,-1,-1,-1,-1,-1,-1,-1,-1
201863A048818,3,9,0,2,0,0,0,0,0,0,0,1,6,3,-1,-1,-1,-1,-1,-1,-1,-1
201863A049218,1,5,0,13,0,1,0,0,0,0,4,1,6,1,28,6,599,1,16,-1,1,-1
201863A049218,2,9,0,9,0,5,0,0,0,0,3,1,1,2,39,7,1461,2,5,-1,3,-1
201863A050618,1,9,0,18,0,0,0,0,0,0,1,1,6,1,20,4,1360,1,16,3,1,3
201863A050618,2,9,0,18,0,0,0,0,0,0,2,1,6,1,84,11,1197,1,4,-1,1,-1
201863A050618,3,9,0,3,0,0,0,0,0,0,0,1,6,3,-1,-1,-1,-1,-1,-1,-1,-1
201863A050718,1,9,0,13,0,1,0,0,0,0,1,1,6,1,22,5,1242,1,18,-1,1,-1
201863A050718,2,9,0,9,0,5,0,0,0,0,3,1,6,1,43,7,1598,1,11,-1,1,-1
201863A051018,1,9,0,8,0,1,0,0,0,0,1,1,6,1,60,9,1998,1,13,-1,1,-1
201863A051018,2,1,0,18,0,1,0,0,0,0,1,1,6,1,6,2,-1,-1,-1,-1,1,-1
201863A051118,1,19,0,16,0,0,1,0,0,0,1,1,6,1,46,8,2148,2,13,-1,3,-1
201863A051118,2,9,0,17,0,0,0,0,0,0,1,1,6,2,41,7,1686,2,4,-1,3,-1
201863A051218,1,9,0,1,0,0,0,0,0,0,2,1,1,2,28,6,1229,1,6,-1,1,-1
201863A051318,1,9,0,13,0,0,1,0,0,0,1,1,6,2,76,11,1560,2,3,-1,2,-1
201863A051318,2,21,0,18,0,0,0,0,0,0,0,1,1,1,40,7,12740,2,8,1,1,1
201863A051318,3,9,0,4,0,0,1,0,0,0,1,1,6,2,67,10,1198,1,-1,-1,2,-1
201863A051318,4,9,0,18,0,0,5,0,0,0,1,1,6,2,43,7,1796,1,16,-1,2,-1
201863A051718,1,9,0,9,9,6,0,0,0,0,1,1,1,2,32,6,-1,-1,-1,-1,1,-1
201863A051718,2,9,0,17,0,1,0,0,0,0,1,1,6,1,66,10,1590,1,16,-1,3,-1
201863A051718,3,9,0,2,0,1,0,0,0,0,0,1,6,3,-1,-1,-1,-1,-1,-1,-1,-1
201863A051818,1,9,0,16,0,0,0,0,0,0,3,1,6,2,30,6,1198,1,10,3,1,3
201863A051818,2,9,0,17,0,0,0,0,0,0,3,1,6,2,32,6,1149,1,7,-1,3,-1
201863A052418,1,9,0,4,0,8,0,0,0,0,2,1,1,1,51,8,1956,2,5,-1,2,-1
201863A052418,2,9,0,4,0,8,0,0,0,0,2,1,2,1,30,6,1242,1,2,-1,3,-1
201863A052418,3,9,0,4,0,8,0,0,0,0,2,1,2,1,36,7,1956,2,5,-1,3,-1
201863A052418,4,19,0,4,0,8,1,0,0,0,2,1,1,2,33,6,-1,-1,-1,-1,1,-1
201863A052418,5,9,0,18,0,8,1,0,0,0,1,1,6,1,40,7,1685,2,4,7,3,7
201863A052518,1,9,0,5,0,4,0,0,0,0,1,1,2,1,50,8,998,1,16,-1,1,-1
201863A052518,2,1,0,9,0,3,0,0,0,0,2,1,1,1,47,8,-1,-1,-1,-1,2,-1
201863A053318,1,9,0,18,6,0,1,0,2,7,4,1,6,1,19,4,1388,1,12,-1,3,-1
201863A053818,1,19,0,16,0,0,0,0,0,0,3,1,6,1,22,5,-1,-1,-1,-1,2,-1
201863A053818,2,11,0,17,0,0,0,0,0,0,3,1,1,1,51,8,5900,2,14,-1,3,-1
201863A054618,1,19,0,9,0,5,0,0,0,0,3,1,6,1,78,11,1686,2,13,-1,3,-1
201863A054618,2,1,0,13,0,1,0,0,0,0,1,1,6,1,38,7,-1,-1,-1,-1,3,-1
201863A054918,1,9,0,13,0,1,0,0,1,0,4,1,6,2,50,8,1598,2,6,-1,1,-1
201863A054918,2,1,0,18,0,1,0,0,0,0,1,1,1,1,33,6,-1,-1,-1,-1,1,-1
201863A055218,1,9,0,18,0,0,0,0,0,0,1,1,1,1,24,5,1591,1,9,-1,3,-1
201863A055218,2,9,0,3,0,0,0,0,0,0,2,1,2,2,42,7,1598,2,1,-1,3,-1
201863A055218,3,9,0,3,0,0,0,0,0,0,2,1,2,2,45,7,1968,2,8,-1,1,-1
201863A055218,4,9,0,3,0,0,0,0,0,0,2,1,1,1,48,8,1995,2,6,-1,2,-1
201863A055418,1,19,0,9,0,5,0,0,0,0,0,1,1,1,46,8,2463,2,14,-1,3,-1
201863A055418,2,1,0,7,0,5,0,0,0,0,0,1,6,2,40,7,-1,-1,-1,-1,2,-1
201863A055518,1,9,0,18,0,0,0,0,0,0,1,1,6,1,25,5,1596,1,15,-1,1,-1
201863A055518,2,9,0,18,0,0,0,0,0,0,1,1,6,2,30,6,1995,2,10,-1,2,-1
201863A056018,1,9,0,16,0,0,0,0,2,10,4,1,6,1,46,8,1242,1,11,-1,2,-1
201863A056118,1,9,0,16,0,0,0,0,0,0,3,1,6,1,18,4,1364,1,11,-1,3,-1
201863A056118,2,9,0,17,0,0,0,0,0,0,2,1,6,2,58,9,2400,2,1,-1,3,-1
201863A056518,1,21,1,9,0,5,0,4,0,0,4,1,1,1,57,9,-1,-1,-1,-1,3,-1
201863A056518,2,9,0,2,0,8,0,0,0,0,4,1,6,2,67,10,2995,1,15,-1,1,-1
201863A056718,1,5,0,17,0,0,0,0,1,10,1,1,6,1,24,5,600,1,19,6,3,6
201863A057218,1,9,0,18,0,1,0,0,0,0,1,1,6,2,45,7,1242,1,13,-1,3,-1
201863A057218,2,9,0,18,0,1,0,0,0,0,1,1,6,1,43,7,1997,2,3,-1,1,-1
201863A057318,1,9,0,18,0,0,0,0,1,10,4,1,6,1,36,7,999,1,-1,-1,1,-1
201863A057818,1,9,0,18,0,0,2,0,2,10,4,1,6,2,17,4,1299,1,13,-1,3,-1
201863A057818,2,9,0,18,0,0,0,0,0,0,0,1,6,3,-1,-1,-1,-1,-1,-1,-1,-1
201863A058018,1,9,0,18,0,0,0,0,0,0,1,1,6,1,25,5,1598,2,6,-1,2,-1
201863A058018,2,9,0,18,0,0,0,0,1,10,3,1,6,2,52,8,1560,2,9,-1,1,-1
201863A058018,3,9,0,18,0,0,0,0,1,0,3,1,6,1,48,8,1368,1,2,-1,1,-1
201863A058218,1,9,0,18,0,0,5,0,1,2,1,1,1,2,49,8,1149,1,12,-1,3,-1
201863A058218,2,9,0,3,0,0,0,0,0,0,0,1,6,3,-1,-1,-1,-1,-1,-1,-1,-1
201863A058518,1,9,0,18,0,0,0,0,0,0,1,1,3,2,37,7,1560,2,7,-1,3,-1
201863A058518,2,9,0,4,0,0,0,0,0,0,2,1,6,2,68,10,2435,1,12,-1,1,-1
201863A058518,3,9,0,4,0,0,0,0,0,0,0,1,6,3,-1,-1,-1,-1,-1,-1,-1,-1
201863A058718,1,9,0,13,0,0,0,0,7,10,1,1,6,2,73,10,1399,1,-1,-1,3,-1
201863A058718,2,9,0,18,0,0,0,0,1,10,1,1,6,1,19,4,1198,1,6,-1,-1,-1
201863A058718,3,21,0,18,0,0,0,0,0,0,0,1,6,1,59,9,12777,2,5,-1,2,-1
201863A059118,1,3,0,17,0,0,0,0,1,9,1,1,6,1,18,4,125,1,2,-1,1,-1
201863A059818,1,9,0,14,0,1,0,0,0,0,1,1,6,2,78,11,1797,8,3,-1,3,-1
201863A059818,2,9,0,9,0,6,0,0,0,0,1,1,6,2,27,6,1398,1,15,-1,1,-1
201863A059818,3,9,0,4,0,1,0,0,0,0,0,1,6,3,-1,-1,-1,-1,-1,-1,-1,-1
201863A059918,1,5,0,18,0,0,0,0,0,0,4,1,6,1,23,5,996,1,21,7,3,7
201863A060118,1,9,0,16,0,0,0,0,0,0,1,1,6,2,58,9,1796,1,16,-1,1,-1
201863A060118,2,9,0,17,0,0,0,0,0,0,3,1,6,1,72,10,1995,2,1,-1,1,-1
201863A060718,1,9,0,18,0,0,0,0,0,0,1,1,1,1,54,8,1598,2,4,-1,3,-1
201863A060718,2,9,0,3,0,0,0,0,0,0,2,1,6,2,22,5,1197,1,1,-1,1,-1
201863A061018,1,9,0,18,0,1,0,0,0,0,1,1,6,1,32,6,1753,2,9,-1,1,-1
201863A061018,2,9,0,4,0,1,0,0,0,0,2,1,2,2,32,6,1598,2,7,-1,1,-1
201863A061018,3,9,0,10,0,8,0,0,0,0,0,1,6,3,-1,-1,-1,-1,-1,-1,-1,-1
201863A061518,1,9,0,18,0,0,1,0,7,10,1,1,2,2,27,6,1560,2,8,-1,1,-1
201863A061618,1,9,0,1,0,0,0,0,0,0,2,1,6,3,-1,-1,-1,-1,-1,-1,-1,-1
201863A061918,1,9,0,18,0,3,0,0,0,0,3,1,6,2,57,9,1951,2,13,9,1,9
201863A061918,2,5,0,18,0,3,0,0,0,0,4,1,6,1,68,10,-1,-1,-1,-1,-1,-1
201863A062518,1,4,0,18,0,6,1,9,3,1,1,1,6,1,32,6,500,1,35,-1,1,-1
201863A062618,1,9,0,18,0,0,1,0,0,0,1,1,6,1,84,11,1797,8,4,-1,3,-1
201863A062618,2,9,0,18,0,0,0,0,1,10,1,1,6,1,55,8,1968,2,12,-1,1,-1
201863A062718,1,9,0,18,0,4,1,9,3,10,1,1,6,2,37,7,1597,1,3,-1,3,-1
201863A063518,1,9,0,18,0,1,0,0,0,0,1,1,6,1,24,5,1998,1,16,-1,2,-1
201863A063518,2,9,0,4,0,1,0,0,0,0,2,1,6,1,49,8,998,1,2,-1,3,-1
201863A063518,3,9,0,4,0,1,0,0,0,0,2,1,6,2,41,7,1686,2,4,-1,3,-1
201863A063518,4,9,0,9,0,5,0,0,0,0,0,1,6,3,-1,-1,-1,-1,-1,-1,-1,-1
201863A063818,1,9,0,17,0,0,0,0,0,0,1,1,6,2,28,6,1595,1,15,-1,3,-1
201863A063818,2,9,0,16,0,0,0,0,0,0,1,1,6,1,52,8,2720,2,12,-1,3,-1
201863A063918,1,9,0,4,0,0,1,0,0,0,2,1,6,1,34,6,1685,2,5,-1,1,-1
201863A063918,2,9,0,18,0,0,0,0,0,0,1,1,2,1,40,7,1560,2,-1,-1,1,-1
201863A063918,3,9,0,4,0,0,0,0,0,0,0,1,6,3,-1,-1,-1,-1,-1,-1,-1,-1
201863A064618,1,9,0,17,0,0,0,0,0,0,1,1,6,2,27,6,1995,2,13,-1,1,-1
201863A064618,2,9,0,4,0,0,0,0,0,0,2,1,6,2,38,7,1597,2,2,-1,1,-1
201863A064618,3,9,0,3,0,0,0,0,0,0,0,1,6,3,-1,-1,-1,-1,-1,-1,-1,-1
201863A065418,1,9,0,18,0,1,0,0,0,0,1,1,6,2,49,8,1560,2,5,-1,1,-1
201863A065418,2,9,0,9,0,5,0,0,0,0,2,1,6,2,32,6,1560,2,10,-1,1,-1
201863A065718,1,9,0,18,0,1,0,0,0,0,1,1,6,1,24,5,2179,2,5,-1,2,-1
201863A065718,2,9,0,10,0,5,0,0,0,0,2,1,6,1,57,9,1685,2,1,-1,2,-1
201863A065818,1,9,0,18,0,0,0,0,1,1,1,1,6,1,23,5,3189,1,14,-1,1,-1
201863A065818,2,9,0,18,0,0,0,0,0,0,0,1,6,1,76,11,1248,1,5,-1,3,-1
201863A066018,1,3,0,16,0,0,1,0,7,7,1,1,6,1,48,8,125,1,14,-1,1,-1
201863A066018,2,9,0,17,0,0,0,0,0,0,3,1,6,1,48,8,1560,2,6,8,1,8
201863A066518,1,1,0,18,0,8,0,0,0,0,4,1,6,1,65,9,-1,-1,-1,-1,3,-1
201863A066518,2,9,0,18,0,4,0,0,0,0,1,1,6,3,-1,-1,-1,-1,-1,-1,-1,-1
201863A066718,1,9,0,18,0,6,0,0,0,0,1,1,6,2,20,4,1248,1,5,-1,3,-1
201863A066718,2,90,0,18,0,1,5,0,1,10,4,1,1,1,53,8,2287,2,8,-1,3,-1
201863A067218,1,9,0,5,0,0,0,0,0,0,1,1,6,2,39,7,1587,1,15,-1,1,-1
201863A067418,1,9,0,17,0,0,5,0,7,3,1,1,1,1,19,4,1199,1,17,-1,3,-1
201863A067518,1,9,0,17,0,0,0,0,2,10,1,1,6,2,19,4,998,1,-1,-1,3,-1
201863A067518,2,9,0,16,0,0,0,0,7,10,3,1,6,2,28,6,1998,2,9,-1,3,-1
201863A068218,1,9,0,18,0,1,0,0,0,0,1,1,6,3,-1,-1,-1,-1,-1,-1,-1,-1
201863A068218,2,9,0,4,0,1,0,0,0,0,2,1,6,1,26,6,1598,2,5,-1,1,-1
201863A068918,1,9,0,18,0,0,0,0,0,0,1,1,1,2,44,7,1198,1,9,-1,1,-1
201863A068918,2,9,0,4,0,0,0,0,0,0,2,1,1,2,39,7,1598,1,11,-1,3,-1
201863A068918,3,9,0,18,0,0,0,0,0,0,1,1,1,1,17,4,1560,2,3,-1,1,-1
201863A069518,1,19,0,18,0,0,0,0,0,0,1,1,1,1,36,7,2143,2,1,-1,1,-1
201863A069518,2,9,0,4,0,0,0,0,0,0,2,1,6,2,54,8,1685,2,1,-1,1,-1
201863A069518,3,9,0,4,0,0,0,0,0,0,0,1,6,3,-1,-1,-1,-1,-1,-1,-1,-1
201863A069718,1,4,0,17,0,0,1,0,8,10,1,1,6,1,21,5,689,1,1,-1,1,-1
201863A070118,1,9,0,18,0,0,0,0,0,0,1,1,6,1,29,6,1299,1,10,-1,1,-1
201863A070118,2,9,0,4,0,0,0,0,0,0,2,1,6,1,34,6,1968,2,6,-1,3,-1
201863A070118,3,9,0,4,0,0,0,0,0,0,2,1,6,1,48,8,-1,-1,-1,-1,3,-1
201863A070818,1,9,0,18,0,1,0,0,0,0,1,1,6,2,46,8,1560,2,8,-1,3,-1
201863A070818,2,9,0,4,0,1,0,0,0,0,2,1,6,2,52,8,1461,2,4,-1,3,-1
201863A070918,1,9,0,9,0,6,0,0,0,0,3,1,6,2,28,6,1461,2,1,-1,3,-1
201863A070918,2,9,0,17,0,1,0,0,0,0,1,1,6,2,75,10,1781,1,18,-1,3,-1
201863A071218,1,3,0,18,0,8,1,0,0,0,0,1,6,1,31,6,124,1,11,1,1,1
201863A071618,1,19,0,18,0,0,2,0,8,6,1,1,1,1,26,6,1598,2,11,-1,1,-1
201863A071818,1,9,0,7,0,5,1,10,3,1,1,1,6,2,48,8,1388,1,6,1,1,1
201863A071918,1,9,0,17,0,0,1,0,2,10,1,1,1,2,20,4,1360,1,10,-1,3,-1
201863A072218,1,9,0,18,0,0,0,0,0,0,1,1,6,1,37,7,1799,1,12,8,1,8
201863A072318,1,9,0,18,0,0,0,0,0,0,2,1,6,1,39,7,1591,1,5,7,1,7
201863A072318,2,9,0,4,0,0,0,0,0,0,1,1,6,1,49,8,1598,2,3,-1,-1,-1
201863A072318,3,9,0,4,0,0,0,0,0,0,2,1,1,1,40,7,1997,2,3,-1,3,-1
201863A072418,1,9,0,18,0,0,0,0,0,0,1,1,6,1,80,11,2995,1,15,-1,1,-1
201863A072418,2,9,0,3,0,0,0,0,0,0,2,1,6,2,51,8,1598,1,5,-1,3,-1
201863A072418,3,9,0,3,0,0,0,0,0,0,2,1,6,2,58,9,1582,2,6,-1,3,-1
201863A072518,1,9,0,13,0,1,0,0,0,0,4,1,6,2,27,6,1229,1,13,-1,2,-1
201863A072518,2,9,0,4,0,1,0,0,0,0,3,1,6,2,34,6,1461,2,6,-1,1,-1
201863A072518,3,9,0,3,0,1,0,0,0,0,3,1,6,1,45,7,2720,2,11,-1,2,-1
201863A072518,4,9,0,18,0,1,0,0,0,0,3,1,3,2,36,7,1956,2,3,-1,1,-1
201863A072518,5,9,0,18,0,1,0,0,0,0,3,1,6,1,57,9,1461,2,3,-1,3,-1
201863A072518,6,9,0,2,0,1,0,0,0,0,3,1,6,2,55,8,1598,2,4,-1,1,-1
201863A072518,7,9,0,18,0,1,0,0,0,0,0,1,6,1,77,11,1242,1,11,-1,1,-1
201863A072718,1,3,0,16,0,0,0,0,0,0,1,1,6,1,24,5,124,1,13,-1,1,-1
201863A072718,2,17,4,17,0,0,0,0,0,0,1,1,1,1,51,8,6124,2,2,-1,3,-1
201863A072918,1,21,3,16,0,1,0,0,0,0,1,1,6,1,47,8,10837,2,4,8,2,8
201863A072918,2,20,0,17,0,1,0,0,0,0,1,1,1,1,40,7,-1,-1,-1,2,1,2
201863A072918,3,9,0,18,0,1,0,0,0,0,0,1,6,2,53,8,1968,2,4,-1,3,-1
201863A073518,1,9,0,18,0,4,0,0,0,0,1,1,6,1,21,5,1686,2,14,-1,1,-1
201863A073518,2,9,0,18,0,8,0,0,0,0,4,1,6,1,43,7,1796,1,12,-1,3,-1
201863A074318,1,9,0,17,0,0,0,0,0,0,3,1,6,1,65,9,1997,2,1,-1,2,-1
201863A074318,2,9,0,16,0,0,0,0,1,10,3,1,6,1,54,8,1686,2,5,-1,1,-1
201863A074818,1,9,0,4,0,0,1,0,0,0,1,1,6,1,20,4,1360,1,12,8,3,8
201863A074818,2,9,0,4,0,0,0,0,0,0,2,1,6,1,59,9,1685,2,2,-1,1,-1
201863A074818,3,9,0,18,0,0,0,0,0,0,0,1,6,3,-1,-1,-1,-1,-1,-1,-1,-1
201863A075018,1,9,0,18,0,0,0,0,0,0,0,1,6,2,44,7,-1,-1,-1,-1,-1,-1
201863A075018,2,9,0,13,0,0,1,0,8,6,1,1,1,1,35,6,2993,2,1,-1,3,-1
201863A075018,3,9,0,18,0,0,1,0,0,0,1,1,1,1,46,8,2993,2,3,-1,1,-1
201863A075318,1,5,0,18,0,3,0,0,0,0,1,1,1,1,46,8,998,1,1,-1,3,-1
201863A075318,2,9,0,18,0,8,0,0,0,0,2,1,1,1,34,6,1956,2,4,-1,3,-1
201863A075418,1,9,0,17,0,0,5,0,7,9,1,1,6,1,30,6,1242,1,12,-1,2,-1
201863A075518,1,9,0,7,0,5,1,10,3,0,1,1,1,2,39,7,1400,1,11,6,1,6
201863A075518,2,9,0,10,0,1,0,0,0,0,3,1,6,1,53,8,1997,2,13,-1,3,-1
201863A076118,1,9,4,18,0,1,0,0,0,0,1,1,1,2,27,6,-1,-1,-1,-1,3,-1
201863A076118,2,9,0,10,0,1,0,0,0,0,2,1,6,1,58,9,2204,2,12,-1,3,-1
201863A076118,3,9,0,9,0,6,0,0,0,0,0,1,1,2,46,8,-1,-1,-1,-1,3,-1
201863A076218,1,9,0,18,0,8,0,0,0,0,1,1,6,1,87,11,1951,2,14,-1,1,-1
201863A076218,2,9,0,4,0,8,0,0,0,0,2,1,6,2,43,7,1461,2,3,-1,3,-1
201863A076218,3,9,0,4,0,8,0,0,0,0,0,1,6,3,-1,-1,-1,-1,-1,-1,-1,-1
201863A076518,1,9,0,17,0,0,1,0,1,0,1,1,1,2,34,6,1197,1,1,-1,3,-1
201863A076818,1,9,0,13,0,0,0,0,0,0,4,1,6,1,70,10,1596,1,6,-1,3,-1
201863A076818,2,1,0,18,0,0,0,0,0,0,3,1,6,1,51,8,-1,-1,-1,-1,1,-1
201863A076918,1,9,0,17,0,0,0,0,1,10,1,1,6,1,66,10,1997,2,17,-1,3,-1
201863A077018,1,9,0,17,0,0,5,0,1,4,1,1,6,1,18,4,1197,1,6,8,3,8
201863A077118,1,9,0,17,0,0,2,0,1,9,4,1,1,2,21,5,998,1,13,-1,1,-1
201863A077418,1,9,0,5,0,6,0,0,0,0,1,1,2,1,23,5,1999,1,11,-1,3,-1
201863A077418,2,9,0,17,0,1,0,0,0,0,4,1,1,1,52,8,-1,-1,-1,-1,3,-1
201863A077618,1,9,0,13,0,0,0,0,0,0,0,1,6,3,-1,-1,-1,-1,-1,-1,-1,-1
201863A077618,2,90,0,18,0,0,0,0,0,0,1,1,6,1,52,8,-1,-1,-1,-1,3,-1
201863A077618,3,9,0,4,0,0,0,0,0,0,2,1,6,2,41,7,898,1,-1,-1,2,-1
201863A078218,1,19,0,18,0,1,0,0,0,0,4,1,6,1,29,6,1968,2,1,-1,-1,-1
201863A078218,2,9,0,2,0,8,0,0,0,0,0,1,6,1,69,10,1968,2,6,-1,3,-1
201863A078218,3,9,0,2,0,8,0,0,0,0,0,1,6,3,-1,-1,1997,2,12,-1,-1,-1
201863A078518,1,9,0,16,0,0,1,0,2,4,1,1,6,2,63,9,1242,1,11,-1,3,-1
201863A078818,1,9,0,18,0,0,5,0,2,10,1,1,2,1,22,5,1198,1,7,-1,3,-1
201863A078818,2,19,0,4,0,0,0,0,0,0,2,1,1,1,45,7,2198,2,3,-1,3,-1
201863A078818,3,19,0,18,0,0,0,0,0,0,0,1,6,1,67,10,-1,-1,-1,-1,3,-1
201863A079218,1,9,0,18,0,0,0,0,0,0,1,1,6,1,33,6,2171,1,14,-1,2,-1
201863A079218,2,9,0,4,0,0,0,0,0,0,2,1,6,2,35,6,1685,2,2,-1,3,-1
201863A079218,3,9,0,4,0,0,0,0,0,0,0,1,6,3,-1,-1,-1,-1,-1,-1,-1,-1
201863A079518,1,19,0,16,0,1,2,0,8,4,1,1,6,1,34,6,1868,2,12,-1,-1,-1
201863A079618,1,5,0,16,0,0,0,0,0,0,0,1,6,1,53,8,998,1,2,-1,1,-1
201863A080118,1,9,0,13,0,0,0,0,0,0,3,1,6,1,23,5,1461,2,14,-1,1,-1
201863A080118,2,9,0,18,0,0,0,0,0,0,3,1,6,1,42,7,998,1,5,-1,2,-1
201863A080118,3,21,0,18,0,0,0,0,0,0,0,1,6,3,-1,-1,-1,-1,-1,-1,-1,-1
201863A080318,1,9,0,16,0,0,2,0,2,10,3,1,6,1,18,4,1229,1,9,-1,2,-1
201863A080318,2,19,0,4,0,0,0,0,0,0,3,1,6,1,42,7,1896,2,9,-1,3,-1
201863A080518,1,9,0,18,0,1,0,0,0,0,1,1,6,2,64,9,1198,1,15,10,1,10
201863A080718,1,9,0,17,0,8,0,0,2,10,1,1,6,1,71,10,2982,2,7,-1,3,-1
201863A081018,1,9,0,18,0,0,0,0,2,4,1,1,6,1,30,6,1968,2,2,-1,3,-1
201863A081118,1,9,0,18,0,0,5,0,1,9,1,1,6,1,33,6,1998,1,13,-1,1,-1
201863A081618,1,9,0,5,0,6,0,0,1,10,3,1,6,1,78,11,1496,1,-1,-1,3,-1
201863A081618,2,20,0,18,0,1,0,0,0,0,1,1,1,1,61,9,6692,2,10,-1,2,-1
201863A081718,1,9,0,18,0,0,0,0,8,10,1,1,6,2,74,10,996,1,9,-1,3,-1
201863A081718,2,21,0,4,0,0,0,0,0,0,1,1,1,1,51,8,12740,2,4,-1,2,-1
201863A081818,1,9,0,7,0,6,0,0,0,0,3,1,6,1,34,6,1364,2,6,-1,3,-1
201863A081818,2,1,0,18,0,1,0,0,0,0,1,1,4,1,35,6,-1,-1,-1,-1,1,-1
201863A081918,1,5,0,18,0,1,0,0,0,0,1,1,6,1,35,6,899,1,19,-1,3,-1
201863A081918,2,9,0,9,0,6,0,0,0,0,3,1,2,1,55,8,1560,2,8,-1,3,-1
201863A083118,1,9,0,18,0,0,0,0,0,0,1,1,6,1,37,7,1461,2,2,-1,3,-1
201863A083118,2,9,0,4,0,0,0,0,0,0,2,1,6,2,45,7,1364,2,9,-1,3,-1
201863A083118,3,9,0,13,0,0,0,0,0,0,0,1,6,1,34,6,1560,2,4,-1,2,-1
201863A083118,4,9,0,4,0,0,0,0,0,0,0,1,6,3,-1,-1,-1,-1,-1,-1,-1,-1
201863A083218,1,3,0,13,0,1,0,0,0,0,1,1,1,1,32,6,124,1,6,-1,1,-1
201863A083218,2,17,4,9,0,5,0,0,0,0,3,1,1,1,65,9,6728,2,5,-1,3,-1
201863A083418,1,2,0,16,0,0,0,0,0,0,0,1,6,1,17,4,49,1,4,-1,1,-1
201863A083518,1,5,0,18,0,0,1,12,0,0,1,1,6,1,53,8,1199,1,16,-1,3,-1
201863A083918,1,9,0,14,0,1,0,0,0,0,3,1,6,1,21,5,1390,1,6,-1,1,-1
201863A083918,2,9,0,18,0,1,0,0,0,0,3,1,6,2,30,6,1398,1,2,-1,1,-1
201863A083918,3,19,0,10,0,1,0,0,0,0,0,1,6,3,-1,-1,-1,-1,-1,-1,-1,-1
201863A084118,1,19,0,18,0,1,0,0,0,0,1,1,3,1,37,7,1996,2,7,-1,1,-1
201863A084118,2,9,0,3,0,1,0,0,0,0,2,1,2,2,32,6,1398,2,7,-1,1,-1
201863A084118,3,9,0,10,0,8,0,0,0,0,2,1,3,2,33,6,1598,1,11,-1,2,-1
201863A084418,1,5,0,16,0,0,0,0,0,0,3,1,6,1,56,9,1050,1,8,-1,2,-1
201863A084418,2,9,0,17,0,0,0,0,0,0,3,1,6,1,71,10,1296,1,11,-1,1,-1
201863A084518,1,5,0,18,0,0,1,0,0,0,0,1,1,1,26,6,749,1,26,-1,3,-1
201863A084618,1,9,0,18,0,0,0,0,2,10,4,1,6,3,-1,-1,-1,-1,-1,-1,-1,-1
201863A084718,1,9,0,18,0,0,0,0,0,0,1,1,6,1,53,8,2179,2,10,-1,1,-1
201863A084718,2,9,0,4,0,0,0,0,0,0,2,1,6,2,23,5,1498,1,3,-1,2,-1
201863A084718,3,11,0,18,0,0,0,0,0,0,0,1,6,3,-1,-1,-1,-1,-1,-1,-1,-1
201863A085318,1,9,0,18,0,0,0,0,0,0,-1,1,6,3,-1,-1,-1,-1,-1,-1,-1,-1
201863A087018,1,9,0,18,0,6,0,0,0,0,3,1,6,1,84,11,1753,2,10,-1,3,-1
201863A087018,2,19,0,18,0,8,0,0,0,0,1,1,6,1,41,7,1598,2,1,-1,3,-1
201863A087618,1,5,0,18,0,0,1,0,0,0,0,1,6,1,57,9,1795,1,12,-1,1,-1
201863A087718,1,9,0,18,0,4,0,0,0,0,3,1,6,3,-1,-1,-1,-1,-1,-1,-1,-1
201863A087718,2,1,0,9,0,8,0,0,0,0,1,1,6,1,28,6,-1,-1,-1,-1,1,-1
201863A087818,1,9,0,18,0,0,0,12,0,0,1,1,6,1,34,6,1596,1,6,-1,2,-1
201863A088018,1,9,0,18,0,8,0,0,0,0,3,1,6,1,17,4,1560,2,3,-1,1,-1
201863A088018,2,5,0,18,0,8,1,9,7,10,1,1,6,1,25,5,649,1,-1,-1,3,-1
201863A088118,1,9,0,18,0,1,0,0,0,0,0,1,6,3,-1,-1,-1,-1,-1,-1,-1,-1
201863A088118,2,3,0,18,0,1,1,0,0,0,0,1,6,1,25,5,124,1,12,-1,2,-1
201863A089918,1,9,0,18,0,6,0,0,0,0,1,1,6,2,36,7,1596,1,6,-1,3,-1
201863A089918,2,9,0,4,0,6,0,0,0,0,2,1,6,2,64,9,1206,1,9,-1,3,-1
201863A089918,3,21,0,18,0,2,0,0,0,0,0,1,6,3,-1,-1,-1,-1,-1,-1,-1,-1
201863A090318,1,9,0,7,0,6,0,0,0,0,3,1,6,1,71,10,-1,-1,-1,-1,1,-1
201863A090318,2,9,0,12,0,8,0,0,0,0,1,1,6,1,29,6,1598,1,7,-1,2,-1
201863A090618,1,9,0,18,0,1,0,0,0,0,1,1,6,1,19,4,1328,1,11,-1,3,-1
201863A090618,2,9,0,9,0,5,0,0,0,0,3,1,6,1,31,6,1968,2,3,-1,3,-1
201863A091018,1,9,0,18,0,0,0,7,1,0,4,1,1,2,33,6,1995,2,5,-1,3,-1
201863A091118,1,9,0,9,0,6,0,0,0,0,0,1,6,3,-1,-1,-1,-1,-1,-1,-1,-1