Accident_Index,Vehicle_Reference,Vehicle_Type,Towing_and_Articulation,Vehicle_Manoeuvre,Vehicle_Location-Restricted_Lane,Junction_Location,Skidding_and_Overturning,Hit_Object_in_Carriageway,Vehicle_Leaving_Carriageway,Hit_Object_off_Carriageway,1st_Point_of_Impact,Was_Vehicle_Left_Hand_Drive?,Journey_Purpose_of_Driver,Sex_of_Driver,Age_of_Driver,Age_Band_of_Driver,Engine_Capacity_(CC),Propulsion_Code,Age_of_Vehicle,Driver_IMD_Decile,Driver_Home_Area_Type,Vehicle_IMD_Decile
201863B022918,3,9,0,4,0,0,0,0,0,0,0,1,6,3,-1,-1,-1,-1,-1,-1,-1,-1
201863B023218,1,9,0,18,0,0,2,0,2,10,1,1,2,1,18,4,1198,1,13,-1,3,-1
201863B023218,2,9,0,18,0,0,0,0,0,0,1,1,6,1,53,8,999,1,8,-1,3,-1
201863B023918,1,8,0,18,0,0,1,11,2,10,1,1,1,1,41,7,1598,1,8,-1,2,-1
201863B024018,1,9,0,4,0,0,0,0,1,10,2,1,6,2,51,8,1461,2,12,3,1,3
201863B024018,2,9,0,4,0,0,1,0,0,0,4,1,6,1,46,8,1896,2,18,-1,3,-1
201863B024718,1,9,0,18,0,8,0,0,0,0,1,1,6,2,55,8,1896,2,10,-1,3,-1
201863B024718,2,5,0,18,0,1,0,0,0,0,3,1,6,1,23,5,471,1,3,-1,3,-1
201863B025718,1,21,1,16,0,0,3,0,1,10,4,1,1,1,42,7,11705,2,6,-1,1,-1
201863B025718,2,8,0,17,0,0,0,0,1,10,1,1,2,1,42,7,1686,2,10,-1,2,-1
201863B026618,1,9,0,18,0,0,5,0,1,10,4,1,6,2,19,4,1299,1,11,-1,3,-1
201863B026918,1,19,0,13,0,0,0,0,0,0,1,1,6,1,47,8,1968,2,1,-1,3,-1
201863B026918,2,9,0,18,0,0,0,0,1,10,1,1,6,1,25,5,1896,2,10,-1,3,-1
201863B026918,3,9,0,18,0,0,0,0,0,0,0,1,6,3,-1,-1,-1,-1,-1,-1,-1,-1
201863B027118,1,9,0,17,0,0,0,0,0,0,1,1,6,1,32,6,2616,1,13,-1,3,-1
201863B027118,2,8,0,16,0,0,0,0,0,0,1,1,1,1,42,7,1997,2,7,-1,1,-1
201863B028818,1,9,0,17,0,0,0,0,0,0,1,1,6,1,51,8,-1,-1,-1,-1,3,-1
201863B028818,2,9,0,16,0,0,0,0,0,0,1,1,6,2,50,8,-1,-1,-1,-1,3,-1
201863B028918,1,9,0,18,0,0,2,0,7,4,1,1,6,1,69,10,1997,2,16,-1,1,-1
201863B029218,1,9,0,18,0,0,0,0,0,0,1,1,1,1,40,7,3189,1,14,-1,3,-1
201863B029218,2,9,0,2,0,0,0,0,0,0,0,1,6,2,55,8,1997,1,14,-1,2,-1
201863B033018,1,5,0,18,0,0,1,0,7,9,2,1,6,1,62,9,747,1,34,-1,3,-1
201863B033018,2,5,0,4,0,0,1,0,0,0,1,1,6,1,63,9,800,1,7,-1,3,-1
201863B034618,1,9,0,17,0,0,1,0,1,2,1,1,2,2,36,7,1339,1,14,-1,1,-1
201863B034818,1,9,0,18,0,0,0,0,0,0,1,1,6,1,30,6,1896,2,15,-1,2,-1
201863B034818,2,9,0,18,0,0,0,4,0,0,1,1,6,1,21,5,1596,1,7,-1,3,-1
201863B034818,3,9,0,2,0,0,0,0,0,0,2,1,6,3,-1,-1,998,1,1,-1,-1,-1
201863B035118,1,9,0,10,0,8,0,0,0,0,2,1,6,1,25,5,1968,2,5,-1,3,-1
201863B035118,2,19,0,18,0,1,1,0,0,0,1,1,1,1,64,9,2402,2,16,-1,3,-1
201863B036018,1,9,0,18,0,1,0,0,0,0,1,1,6,1,69,10,-1,-1,-1,-1,3,-1
201863B036018,2,9,0,10,0,5,0,0,0,0,2,1,6,1,61,9,1461,2,8,-1,3,-1
201863B038418,1,5,0,16,0,0,0,0,0,0,1,1,6,1,35,6,750,1,7,8,1,8
201863B038418,2,9,0,17,0,0,0,0,0,0,3,1,6,1,32,6,1997,2,11,1,1,1
201863B039218,1,9,0,4,0,0,0,0,0,0,1,1,6,1,68,10,1597,1,27,-1,3,-1
201863B039218,2,17,4,18,0,0,0,0,0,0,2,1,1,1,65,9,6728,2,5,-1,3,-1
201863B040318,1,9,0,18,0,0,0,0,0,0,4,1,6,3,-1,-1,-1,-1,-1,-1,-1,-1
201863B040918,1,5,0,9,0,1,0,0,0,0,3,1,6,1,63,9,1137,1,11,7,1,7
201863B041318,1,11,0,4,0,1,0,0,0,0,1,1,6,2,51,8,4461,2,3,-1,3,-1
201863B041318,2,1,0,7,0,8,0,4,0,0,1,1,6,1,6,2,-1,-1,-1,-1,3,-1
201863B041818,1,9,0,18,0,1,0,0,0,0,3,1,6,3,-1,-1,-1,-1,-1,-1,-1,-1
201863B041818,2,9,0,4,0,5,0,0,0,0,3,1,6,2,54,8,1910,2,14,-1,3,-1
201863B042918,1,9,0,1,0,0,0,0,0,0,2,1,6,1,48,8,1870,2,12,-1,3,-1
201863B042918,2,19,0,2,0,0,0,0,0,0,0,1,6,3,-1,-1,-1,-1,-1,-1,-1,-1
201863B043218,1,4,0,18,0,8,0,11,0,0,0,1,6,1,71,10,248,1,32,-1,3,-1
201863B043218,2,21,0,18,0,1,0,0,0,0,0,1,6,3,-1,-1,-1,-1,-1,-1,-1,-1
201863B044518,1,9,0,4,0,0,0,0,0,0,2,1,1,2,50,8,1242,1,14,-1,3,-1
201863B044518,2,9,0,4,0,0,0,0,0,0,2,1,1,2,26,6,1198,1,8,-1,3,-1
201863B044518,3,19,0,18,0,0,0,0,0,0,1,1,1,1,31,6,1598,2,2,-1,3,-1
201863B044518,4,9,0,3,0,0,0,0,0,0,0,1,6,3,-1,-1,-1,-1,-1,-1,-1,-1
201863B044818,1,9,0,9,0,6,0,0,0,0,1,1,6,1,33,6,1388,1,7,-1,1,-1
201863B044818,2,9,0,18,0,1,0,0,1,10,1,1,6,1,44,7,998,1,4,-1,2,-1
201863B044918,1,9,0,16,0,0,1,0,7,10,1,1,1,2,60,9,1242,1,12,-1,3,-1
201863B045618,1,9,0,16,0,0,5,0,8,10,1,1,6,2,36,7,1198,1,13,-1,3,-1
201863B046318,1,9,0,16,0,0,0,0,1,10,1,1,6,1,21,5,1596,1,8,-1,2,-1
201863B047218,1,17,0,16,0,0,0,0,1,10,3,1,1,1,38,7,6728,2,5,-1,3,-1
201863B047218,2,9,0,17,0,0,1,0,0,0,3,1,2,2,27,6,1242,1,10,-1,3,-1
201863B047518,1,9,0,5,0,6,0,0,0,0,3,1,6,1,37,7,1560,2,10,-1,3,-1
201863B047518,2,1,0,18,0,1,0,0,0,0,1,1,6,2,19,4,-1,-1,-1,-1,1,-1
201863B047718,1,9,0,9,0,4,0,0,0,0,1,1,6,1,22,5,1461,2,4,-1,1,-1
201863B047718,2,9,0,2,0,1,0,0,0,0,0,1,6,3,-1,-1,-1,-1,-1,-1,-1,-1
201863B047718,3,9,0,2,0,1,0,0,0,0,0,1,6,3,-1,-1,-1,-1,-1,-1,-1,-1
201863B047818,1,9,0,16,0,0,0,0,0,0,1,1,6,2,63,9,1590,1,15,-1,3,-1
201863B047818,2,9,0,17,0,0,0,0,0,0,1,1,6,2,18,4,1398,2,5,-1,3,-1
201863B048318,1,9,0,18,0,0,0,4,1,10,1,1,6,2,42,7,1951,2,14,-1,3,-1
201863B048318,2,9,0,2,0,0,0,0,0,0,3,1,6,3,-1,-1,1596,1,13,-1,-1,-1
201863B048918,1,9,0,17,0,0,1,0,0,0,1,1,2,2,19,4,1198,1,16,7,1,7
201863B048918,2,19,0,16,0,0,1,0,0,0,1,1,1,2,24,5,1560,2,3,-1,1,-1
201863B049118,1,19,0,18,0,0,0,0,0,0,1,1,6,3,-1,-1,-1,-1,-1,-1,-1,-1
201863B049418,1,9,0,18,0,0,5,0,7,4,1,1,6,1,42,7,1598,1,16,-1,3,-1
201863B049918,1,9,0,18,0,0,0,0,0,0,4,1,6,2,72,10,2148,2,12,-1,3,-1
201863B050318,1,2,0,18,0,0,0,12,0,0,1,1,6,1,16,4,49,1,20,-1,3,-1
201863B050518,1,9,0,17,0,0,5,0,2,10,2,1,6,2,18,4,1149,1,9,-1,3,-1
201863B051918,1,9,0,13,0,1,0,0,0,0,1,1,6,2,17,4,1399,2,6,-1,3,-1
201863B051918,2,9,0,9,0,1,0,0,0,0,3,1,6,2,47,8,1686,2,6,-1,3,-1
201863B054118,1,9,0,18,0,8,0,0,0,0,4,1,6,2,62,9,2148,2,9,-1,3,-1
201863B054318,1,19,0,13,0,1,0,0,0,0,1,1,1,1,26,6,1995,2,1,-1,3,-1
201863B054318,2,9,0,9,0,5,1,0,7,4,3,1,6,2,31,6,1896,2,10,-1,3,-1
201863B054318,3,9,0,18,0,1,0,0,0,0,0,1,6,2,18,4,1242,1,13,-1,3,-1
201863B056918,1,19,0,18,0,1,0,0,0,0,1,1,2,1,54,8,2500,2,12,-1,3,-1
201863B056918,2,9,0,4,0,1,0,0,0,0,2,1,2,2,56,9,1461,2,2,-1,3,-1
201863B056918,3,9,0,3,0,1,0,0,0,0,0,1,6,3,-1,-1,-1,-1,-1,-1,-1,-1
201863B057418,1,9,0,13,0,1,0,0,7,9,4,1,6,1,70,10,999,1,-1,-1,2,-1
201863B057418,2,17,4,9,0,1,0,0,0,0,1,1,1,1,20,4,6788,2,1,-1,3,-1
201863B058118,1,19,0,13,0,8,0,0,0,0,4,1,1,1,29,6,2287,2,7,1,1,1
201863B058118,2,1,0,18,0,8,0,0,1,0,3,1,6,1,66,10,-1,-1,-1,-1,3,-1
201863B058118,3,9,0,2,0,8,0,0,1,10,1,1,6,2,71,10,1400,1,18,-1,3,-1
201863B058818,1,9,0,18,0,0,0,0,0,0,1,1,6,1,73,10,1399,1,1,-1,-1,-1
201863B059018,1,9,0,18,0,1,0,0,0,0,1,1,6,1,88,11,898,1,2,-1,3,-1
201863B059018,2,1,0,18,0,8,0,0,0,0,1,1,6,1,4,1,-1,-1,-1,-1,2,-1
201863B059218,1,9,0,18,0,0,0,0,0,0,3,1,1,2,26,6,1968,2,14,-1,3,-1
201863B059218,2,9,0,18,0,0,1,0,0,0,3,1,2,1,47,8,1560,2,8,-1,2,-1
201863B059218,3,9,0,18,0,0,0,0,1,10,3,1,2,2,47,8,1597,1,1,-1,3,-1
201863B060318,1,9,0,13,0,0,1,0,0,0,1,1,6,1,24,5,-1,-1,-1,-1,3,-1
201863B060318,2,9,0,18,0,0,0,0,1,10,1,1,6,2,66,10,1668,1,17,-1,3,-1
201863B060318,3,9,0,18,0,0,0,0,0,0,0,1,6,3,-1,-1,-1,-1,-1,-1,-1,-1
201863B060918,1,9,0,4,0,0,2,0,7,10,1,1,6,1,51,8,1598,2,8,-1,3,-1
201863B060918,2,9,0,4,0,0,0,0,0,0,0,1,6,3,-1,-1,-1,-1,-1,-1,-1,-1
201863B061418,1,9,0,18,0,0,0,0,1,10,4,1,1,1,18,4,1149,1,10,-1,3,-1
201863B061718,1,9,0,17,0,0,1,0,0,0,1,1,6,1,18,4,1198,1,10,-1,3,-1
201863B061718,2,9,0,16,0,0,0,0,1,0,1,1,6,2,35,6,1422,2,10,-1,3,-1
201863B062018,1,9,0,17,0,1,0,0,0,0,1,1,6,2,54,8,1870,2,16,-1,3,-1
201863B062018,2,1,0,16,0,1,1,0,1,10,1,1,6,1,58,9,-1,-1,-1,-1,3,-1
201863B062018,3,21,0,10,0,2,0,0,0,0,0,1,6,3,-1,-1,-1,-1,-1,-1,-1,-1
201863B063218,1,9,0,10,0,1,0,0,0,0,2,1,6,1,62,9,1560,2,11,-1,3,-1
201863B063218,2,9,0,3,0,1,0,0,0,0,2,1,6,2,20,4,998,1,8,-1,1,-1
201863B063218,3,9,0,18,0,1,0,0,0,0,1,1,6,2,20,4,1124,1,12,-1,3,-1
201863B063618,1,9,0,18,0,1,0,0,0,0,4,1,6,1,37,7,-1,-1,-1,-1,-1,-1
201863B063618,2,9,0,18,0,1,0,0,7,10,1,1,6,2,30,6,1870,2,9,-1,3,-1
201863B063718,1,5,0,16,0,0,1,0,0,0,1,1,6,1,25,5,649,1,5,4,3,4
201863B063718,2,9,3,17,0,0,0,0,1,0,3,1,6,1,56,9,1997,2,4,8,1,8
201863B064518,1,9,0,18,0,1,0,0,0,0,1,1,6,1,65,9,1495,1,10,-1,3,-1
201863B065018,1,9,0,16,0,0,0,0,8,7,1,1,6,2,73,10,1339,1,14,-1,3,-1
201863B065618,1,21,0,16,0,0,2,0,8,10,3,1,1,1,29,6,11705,2,11,-1,3,-1
201863B066618,1,9,0,16,0,0,0,0,7,4,1,1,1,1,24,5,1968,2,7,-1,1,-1
201863B067118,1,5,0,14,0,0,1,0,0,0,1,1,6,1,61,9,645,1,5,-1,3,-1
201863B067118,2,9,0,2,0,0,0,0,0,0,4,1,6,3,-1,-1,1995,2,2,-1,-1,-1
201863B067118,3,9,0,2,0,0,0,0,0,0,0,1,6,3,-1,-1,-1,-1,-1,-1,-1,-1
201863B067718,1,9,0,9,0,6,0,0,1,0,1,1,6,1,41,7,1590,1,17,2,1,2
201863B067718,2,9,0,18,0,1,5,0,7,10,4,1,6,1,74,10,1968,2,2,7,1,7
201863B067818,1,9,0,5,0,4,0,0,0,0,1,1,6,2,61,9,1998,8,2,-1,2,-1
201863B067818,2,3,0,18,0,8,0,0,0,0,4,1,6,1,46,8,125,1,10,-1,3,-1
201863B067918,1,5,0,13,0,1,0,0,7,10,1,1,6,1,31,6,998,1,9,-1,1,-1
201863B067918,2,9,0,9,0,5,0,0,0,0,3,1,6,1,38,7,999,1,2,8,3,8
201863B068718,1,9,0,17,0,0,5,0,2,10,4,1,6,1,41,7,1598,1,13,-1,3,-1
201863B070418,1,9,0,18,0,4,0,0,0,0,1,1,6,2,28,6,1461,2,12,-1,3,-1
201863B070418,2,1,0,18,0,4,0,0,0,0,1,1,6,1,7,2,-1,-1,-1,-1,3,-1
201863B070618,1,9,0,18,0,6,0,0,7,10,1,1,6,1,38,7,1968,2,5,-1,3,-1
201863B070718,1,9,0,13,0,0,5,0,2,10,3,1,6,2,46,8,996,1,4,-1,3,-1
201863B070718,2,9,0,18,0,0,0,0,0,0,3,1,6,1,75,10,1586,1,4,-1,3,-1
201863B070718,3,9,0,18,0,0,0,0,0,0,0,1,6,3,-1,-1,-1,-1,-1,-1,-1,-1
201863B072118,1,9,0,17,0,0,1,0,1,4,1,1,6,2,71,10,1339,1,14,-1,3,-1
201863B072618,1,9,0,12,0,0,1,0,0,0,1,1,6,1,57,9,2980,2,23,-1,1,-1
201863B072618,2,19,0,18,0,0,0,0,0,0,1,1,1,1,57,9,1598,2,3,-1,2,-1
201863B072618,3,9,0,4,0,0,0,0,0,0,0,1,6,3,-1,-1,-1,-1,-1,-1,-1,-1
201863B073018,1,19,0,5,0,6,0,0,0,0,3,1,1,1,51,8,2143,2,1,-1,3,-1
201863B073018,2,3,0,18,0,1,0,0,0,0,1,1,6,2,21,5,124,1,1,-1,1,-1
201863B073418,1,9,0,18,0,0,0,0,0,0,3,1,6,1,34,6,-1,-1,-1,-1,3,-1
201863B073418,2,90,0,4,0,0,0,0,0,0,3,1,6,1,50,8,1915,1,28,8,2,8
201863B073818,1,9,0,16,0,2,1,0,0,0,1,1,6,1,35,6,1995,2,17,-1,3,-1
201863B073818,2,17,4,17,0,1,0,0,0,0,1,1,1,1,23,5,6788,2,3,-1,3,-1
201863B073918,1,9,3,18,0,0,1,0,1,10,1,1,6,1,70,10,2400,2,2,-1,3,-1
201863B073918,2,9,0,4,0,0,0,0,0,0,2,1,6,1,59,9,1596,1,10,9,1,9
201863B073918,3,9,0,4,0,0,0,0,0,0,2,1,6,1,58,9,1582,2,6,-1,2,-1
201863B073918,4,9,0,2,6,0,0,0,0,0,2,1,6,1,37,7,2987,2,10,3,1,3
201863B073918,5,9,0,4,0,0,0,0,0,0,2,1,6,3,-1,-1,-1,-1,-1,-1,-1,-1
201863B075918,1,9,0,17,0,0,2,0,8,10,1,1,6,1,18,4,1242,1,14,-1,3,-1
201863B076718,1,9,0,18,0,0,0,0,0,0,1,1,6,2,31,6,1598,1,14,-1,3,-1
201863B076718,2,9,0,4,0,0,0,0,0,0,2,1,6,1,60,9,1198,1,-1,7,3,7
201863B076718,3,9,0,4,0,0,0,0,0,0,2,1,6,1,26,6,1197,1,3,3,1,3
201863B077318,1,3,0,18,0,0,0,0,0,0,3,1,2,2,21,5,124,1,6,-1,3,-1
201863B077818,1,9,0,16,0,0,0,0,1,10,1,1,6,1,62,9,2435,7,17,1,1,1
201863B078318,1,9,0,18,0,1,0,0,0,0,1,1,6,1,22,5,999,1,2,-1,1,-1
201863B078318,2,9,0,8,0,1,0,0,0,0,2,1,6,2,34,6,1598,2,4,-1,3,-1
201863B079118,1,9,0,9,0,5,0,0,7,10,4,1,6,1,73,10,2231,2,4,-1,3,-1
201863B079118,2,19,0,17,0,1,0,0,0,0,1,1,1,1,27,6,1248,2,4,-1,3,-1
201863B079118,3,9,0,16,0,1,0,0,0,0,1,1,6,1,53,8,4367,2,6,-1,-1,-1
201863B079118,4,11,0,16,0,1,0,0,0,0,0,1,6,3,-1,-1,-1,-1,-1,-1,-1,-1
201863B080618,1,9,0,18,0,3,0,0,0,0,1,1,6,1,60,9,1753,2,16,-1,3,-1
201863B081318,1,19,0,13,0,8,0,0,0,0,1,1,6,1,18,4,1598,2,4,-1,3,-1
201863B081318,2,9,0,9,0,5,0,0,7,10,3,1,6,2,43,7,1896,2,17,-1,3,-1
201863B082018,1,5,0,18,0,1,0,0,0,0,1,1,1,1,30,6,656,1,11,-1,2,-1
201863B082018,2,9,0,3,0,1,0,0,0,0,4,1,6,2,63,9,1598,1,17,8,1,8
201863B082018,3,9,0,10,0,8,0,0,0,0,0,1,6,1,80,11,999,1,-1,-1,3,-1
201863B082018,4,5,0,3,0,1,0,0,0,0,4,1,6,1,57,9,1157,1,12,-1,1,-1
201863B082018,5,5,0,3,0,1,0,0,1,0,2,1,6,1,64,9,999,1,6,-1,1,-1
201863B082018,6,5,0,3,0,1,0,0,0,0,4,1,6,1,37,7,996,1,16,-1,2,-1
201863B082018,7,9,0,18,0,1,0,0,0,0,0,1,6,3,-1,-1,-1,-1,-1,-1,-1,-1
201863B082218,1,9,0,18,0,0,0,0,2,10,3,1,6,1,59,9,-1,-1,-1,-1,3,-1
201863B082518,1,19,0,18,0,0,0,0,0,0,3,1,6,1,46,8,2198,2,12,-1,3,-1
201863B082518,2,9,0,2,0,0,0,0,0,0,4,1,1,2,34,6,1597,2,4,-1,3,-1
201863B084818,1,9,0,18,0,0,5,0,2,10,1,1,2,2,35,6,1299,1,15,-1,3,-1
201863B085118,1,9,0,17,0,0,2,0,2,10,4,1,6,1,22,5,998,1,16,-1,3,-1
201863B085218,1,9,0,17,0,0,2,0,2,10,4,1,6,2,17,4,1328,1,11,-1,3,-1
201863B087218,1,9,0,18,0,1,0,0,0,0,4,1,1,2,56,9,1390,1,5,-1,1,-1
201863B087218,2,9,0,2,0,8,0,0,0,0,0,1,6,3,-1,-1,-1,-1,-1,-1,-1,-1
201863B087918,1,19,0,18,0,1,0,0,0,0,1,1,1,1,57,9,2287,2,6,-1,3,-1
201863B087918,2,9,0,4,0,1,0,0,0,0,2,1,6,1,25,5,1399,2,6,-1,3,-1
201863B087918,3,9,0,10,0,2,0,0,0,0,2,1,6,1,45,7,1998,2,16,-1,3,-1
201863B088318,1,9,0,18,0,0,1,0,8,10,1,1,6,2,35,6,3490,1,16,-1,2,-1
201863B088518,1,9,0,18,0,0,5,0,8,10,1,1,6,1,28,6,-1,-1,-1,-1,2,-1
201863B088718,1,9,0,16,0,0,2,0,7,10,1,1,6,1,31,6,-1,-1,-1,-1,3,-1
201863B088818,1,9,0,9,0,6,0,0,0,0,0,1,1,1,69,10,1461,2,1,5,1,5
201863B088818,2,9,0,18,0,1,0,0,0,0,1,1,6,1,17,4,1242,1,13,-1,1,-1
201863B088818,3,9,0,3,0,1,0,0,0,0,3,1,1,2,58,9,1499,1,-1,4,1,4
201863B089518,1,9,0,17,0,0,1,0,0,0,1,1,6,2,65,9,1399,2,8,-1,3,-1
201863B089818,1,9,0,18,0,0,1,0,2,10,1,1,6,2,62,9,1149,1,15,-1,3,-1
201863B090018,1,9,0,16,0,0,5,0,2,10,4,1,6,1,70,10,1587,1,12,-1,3,-1
201863B090218,1,9,0,13,0,1,0,0,0,0,3,1,3,2,44,7,1560,2,6,-1,3,-1
201863B090218,2,19,0,9,0,5,0,0,0,0,1,1,2,1,29,6,2198,2,4,-1,3,-1
201863B090518,1,19,0,18,0,0,1,0,1,10,4,1,6,1,24,5,1870,2,14,-1,3,-1
201863B092218,1,9,0,9,0,5,0,0,0,0,1,1,6,2,48,8,1328,1,4,4,1,4
201863B092218,2,1,0,18,0,1,0,0,0,0,1,1,6,1,20,4,-1,-1,-1,-1,1,-1
201863B092518,1,9,0,9,0,5,0,0,0,0,4,1,6,2,61,9,1461,2,4,-1,3,-1
201863B092518,2,1,0,17,0,1,0,0,0,0,1,1,6,1,20,4,-1,-1,-1,10,1,10
201863B092618,1,9,0,18,0,0,0,4,0,0,4,1,3,2,48,8,1598,1,16,-1,3,-1
201863B092618,2,19,0,2,0,0,0,0,0,0,3,1,6,2,50,8,-1,-1,-1,-1,3,-1
201863B092918,1,9,0,16,0,1,0,0,0,0,1,1,6,1,75,10,1597,1,15,-1,3,-1
201863B092918,2,90,0,18,0,8,0,0,0,0,4,1,6,1,90,11,-1,-1,-1,-1,3,-1
201863B093818,1,9,0,13,0,0,0,0,0,0,4,1,6,1,72,10,3199,1,15,-1,2,-1
201863B093818,2,1,0,18,0,0,0,0,1,10,3,1,6,1,34,6,-1,-1,-1,-1,1,-1
201863B093918,1,9,0,18,0,1,0,0,0,0,1,1,6,2,32,6,1995,2,8,-1,3,-1
201863B093918,2,21,0,18,0,1,0,0,7,10,4,1,1,1,51,8,6700,2,4,-1,1,-1
201863B094018,1,9,0,17,0,1,0,0,0,0,4,1,2,2,32,6,999,1,-1,-1,3,-1
201863B094018,2,3,0,9,0,6,0,0,0,0,3,1,6,2,21,5,124,1,6,-1,2,-1
201863B094918,1,9,0,18,0,1,0,0,0,0,1,1,6,1,82,11,1197,1,4,-1,2,-1
201863B095218,1,9,0,9,0,6,0,0,0,0,1,1,2,1,26,6,1560,2,2,-1,3,-1
201863B095218,2,1,0,18,0,1,0,0,0,0,1,1,6,1,20,4,-1,-1,-1,-1,1,-1
201863B099518,1,9,0,17,0,0,1,0,8,10,1,1,6,1,26,6,1388,1,15,-1,1,-1
201863B100418,1,9,0,18,0,2,0,0,0,0,1,1,6,1,23,5,1390,1,14,1,1,1
201863B100518,1,9,0,18,0,0,0,4,7,10,1,1,6,1,39,7,1200,1,-1,-1,3,-1
201863B100518,2,9,0,2,0,0,0,0,0,0,3,1,6,1,31,6,1149,1,16,-1,3,-1
201863B100518,3,9,0,2,0,0,0,0,0,0,3,1,6,2,33,6,1598,1,2,-1,3,-1
201863B100518,4,9,0,2,0,0,0,0,0,0,3,1,6,2,40,7,1560,2,11,-1,3,-1
201863B100918,1,9,0,9,0,6,0,0,0,0,1,1,6,1,51,8,1242,1,-1,-1,3,-1
201863B100918,2,1,0,9,0,1,0,0,0,0,3,1,6,1,51,8,-1,-1,-1,-1,3,-1
201863B101218,1,19,0,18,0,2,0,0,0,0,4,1,1,1,31,6,2298,2,-1,-1,3,-1
201863B101818,1,9,0,7,0,8,0,0,0,0,4,1,6,1,40,7,1997,2,11,-1,3,-1
201863B102418,1,9,0,18,0,0,0,0,0,0,3,1,2,2,19,4,1398,2,10,-1,3,-1
201863B102418,2,19,0,18,0,0,0,0,0,0,3,1,6,1,72,10,1686,2,16,-1,3,-1
201863B103218,1,9,0,9,0,6,0,0,0,0,1,1,6,2,45,7,1499,2,2,-1,3,-1
201863B103218,2,9,0,18,0,1,1,0,1,9,4,1,6,1,20,4,1999,1,12,-1,3,-1
201863B103518,1,9,0,13,0,0,0,0,7,10,1,1,6,1,18,4,998,1,5,-1,3,-1
201863B103518,2,9,0,18,0,0,0,0,1,10,1,1,6,2,49,8,1248,1,4,-1,3,-1
201863B103518,3,21,0,4,0,0,0,0,0,0,0,1,6,3,-1,-1,-1,-1,-1,-1,-1,-1
201863B103618,1,5,0,17,0,0,1,0,1,3,4,1,6,1,50,8,1170,1,3,3,1,3
201863B104418,1,9,0,16,0,0,1,0,0,0,1,1,6,2,18,4,998,1,21,-1,3,-1
201863B104418,2,9,0,17,0,0,5,0,0,0,1,1,6,1,26,6,1998,1,3,-1,3,-1
201863B104818,1,9,0,14,0,0,0,4,0,0,4,1,6,3,-1,-1,-1,-1,-1,-1,-1,-1
201863B104818,2,9,0,2,0,0,0,0,0,0,3,1,6,2,26,6,2993,2,13,-1,3,-1
201863B105018,1,9,0,17,0,0,0,0,0,0,4,1,6,2,80,11,1560,2,3,-1,3,-1
201863B105918,1,9,0,17,0,0,0,0,0,0,1,1,6,2,48,8,1598,1,4,8,1,8
201863B105918,2,19,0,16,0,0,5,0,2,7,1,1,1,1,50,8,1560,2,-1,-1,1,-1
201863B105918,3,9,0,18,0,0,0,0,0,0,3,1,1,1,55,8,1968,2,8,-1,3,-1
201863B106018,1,9,0,9,0,5,0,0,0,0,3,1,6,2,74,10,1242,1,2,-1,3,-1
201863B106018,2,9,0,18,0,8,0,0,0,0,1,1,6,2,28,6,1995,2,8,-1,3,-1
201863B106018,3,9,0,4,0,1,0,0,0,0,1,1,6,1,67,10,1242,1,9,-1,3,-1
201863B106618,1,9,0,17,0,0,2,0,8,10,3,1,6,2,35,6,1998,1,15,-1,3,-1
201863B107018,1,4,0,14,0,0,0,0,0,0,3,1,6,3,-1,-1,-1,-1,-1,-1,-1,-1
201863B107018,2,9,0,4,0,0,0,0,0,0,0,1,6,3,-1,-1,-1,-1,-1,-1,-1,-1
201863B108418,1,9,0,18,0,0,0,0,0,0,1,1,6,2,72,10,1493,2,8,-1,3,-1
201863B108418,2,20,1,4,0,0,0,0,0,0,0,1,1,1,46,8,-1,-1,-1,-1,1,-1
201863B108418,3,9,0,1,0,0,0,0,0,0,0,1,6,3,-1,-1,-1,-1,-1,-1,-1,-1
201863B109118,1,9,0,9,0,6,0,0,0,0,3,1,2,2,39,7,1199,2,5,-1,2,-1
201863B109118,2,1,0,4,0,1,1,0,0,0,1,1,2,1,43,7,-1,-1,-1,-1,1,-1
201863B109118,3,9,0,9,0,5,0,0,0,0,0,1,6,3,-1,-1,-1,-1,-1,-1,-1,-1
201863B109818,1,9,0,18,0,0,0,0,0,0,1,1,6,1,20,4,1364,1,13,8,1,8
201863B109818,2,8,0,4,0,0,0,0,0,0,2,1,1,1,25,5,1685,2,3,-1,1,-1
201863B109818,3,9,0,3,0,0,0,0,0,0,0,1,6,3,-1,-1,-1,-1,-1,-1,-1,-1
201863B109918,1,9,0,17,0,0,5,0,2,10,1,1,6,2,17,4,1388,1,8,-1,3,-1
201863B111218,1,9,0,7,0,5,0,0,0,0,1,1,6,2,58,9,998,1,4,-1,3,-1
201863B111218,2,9,0,7,0,6,0,0,3,10,3,1,2,1,40,7,1149,1,14,-1,3,-1
201863B111618,1,19,0,15,0,1,0,0,1,9,4,1,1,1,25,5,1968,2,-1,-1,1,-1
201863B111618,2,19,0,7,0,5,0,0,0,0,3,1,1,1,51,8,1995,2,6,-1,2,-1
201863B112618,1,9,0,16,0,0,2,0,2,10,1,1,6,1,21,5,1598,1,18,-1,3,-1
201863B112718,1,9,0,18,0,0,2,10,7,4,4,1,6,1,69,10,1399,2,12,-1,2,-1