Accident_Index,Vehicle_Reference,Vehicle_Type,Towing_and_Articulation,Vehicle_Manoeuvre,Vehicle_Location-Restricted_Lane,Junction_Location,Skidding_and_Overturning,Hit_Object_in_Carriageway,Vehicle_Leaving_Carriageway,Hit_Object_off_Carriageway,1st_Point_of_Impact,Was_Vehicle_Left_Hand_Drive?,Journey_Purpose_of_Driver,Sex_of_Driver,Age_of_Driver,Age_Band_of_Driver,Engine_Capacity_(CC),Propulsion_Code,Age_of_Vehicle,Driver_IMD_Decile,Driver_Home_Area_Type,Vehicle_IMD_Decile
201863B112718,2,8,0,18,0,0,0,0,0,0,3,1,1,1,20,4,1499,2,2,-1,3,-1
201863B113618,1,10,0,14,0,8,0,0,0,0,4,1,1,2,60,9,2298,2,7,-1,3,-1
201863B113618,2,19,0,2,0,1,0,0,0,0,0,1,6,3,-1,-1,-1,-1,-1,-1,-1,-1
201863B114818,1,9,0,16,0,0,2,0,2,10,0,1,6,1,21,5,1124,1,17,-1,3,-1
201863B115518,1,9,0,17,0,0,5,0,2,10,1,1,2,1,52,8,1910,2,12,-1,-1,-1
201863B115618,1,9,0,18,0,8,1,9,1,2,1,1,6,1,30,6,-1,-1,-1,-1,3,-1
201863B115718,1,9,0,18,0,0,2,0,2,10,1,1,6,1,19,4,1332,1,13,-1,3,-1
201863B115718,2,21,0,18,0,0,0,0,0,0,0,1,1,1,41,7,7698,2,-1,-1,1,-1
201863B116018,1,9,0,5,0,0,0,0,0,0,3,1,6,1,63,9,898,1,1,-1,2,-1
201863B116018,2,9,0,16,0,0,0,0,0,0,4,1,6,1,80,11,996,1,8,-1,2,-1
201863B116518,1,90,4,14,0,0,0,0,0,0,1,1,6,1,53,8,2198,2,2,-1,3,-1
201863B116518,2,11,0,4,0,0,0,0,0,0,0,1,3,1,54,8,8268,2,15,-1,3,-1
201863B117518,1,9,0,9,0,3,0,0,0,0,4,1,6,2,33,6,1353,1,-1,-1,2,-1
201863B117718,1,19,0,16,0,0,0,0,7,3,1,1,1,1,59,9,2148,2,13,5,1,5
201863B118218,1,9,0,13,0,0,0,0,0,0,1,1,6,1,39,7,-1,-1,-1,-1,1,-1
201863B118218,2,9,0,18,0,0,0,0,1,10,1,1,6,2,22,5,1398,2,15,-1,3,-1
201863B118218,3,21,1,18,0,0,0,0,0,0,3,1,1,1,50,8,12777,2,-1,-1,3,-1
201863B119418,1,9,0,1,0,0,0,0,0,0,2,1,6,1,26,6,998,1,3,-1,3,-1
201863B121018,1,9,0,7,0,6,0,0,0,0,3,1,6,1,38,7,1956,2,8,-1,1,-1
201863B121018,2,9,0,18,0,1,0,0,0,0,4,1,6,1,70,10,998,1,4,-1,3,-1
201863B121118,1,9,0,18,0,0,0,0,1,10,1,1,1,2,30,6,1997,2,18,-1,3,-1
201863B121318,1,19,0,13,0,1,0,0,0,0,3,1,1,1,25,5,1248,2,8,-1,1,-1
201863B121318,2,9,0,9,0,1,5,0,7,9,3,1,6,2,62,9,1596,1,8,-1,1,-1
201863B121418,1,9,0,7,0,5,0,0,3,7,1,1,6,2,51,8,1398,2,14,-1,1,-1
201863B121518,1,9,0,7,0,8,0,0,0,0,1,1,6,1,25,5,1360,1,15,-1,3,-1
201863B122318,1,9,0,18,0,0,0,0,0,0,1,1,6,2,34,6,1198,1,9,-1,3,-1
201863B122318,2,9,0,2,0,0,0,4,1,10,2,1,6,1,48,8,2993,2,6,-1,3,-1
201863B122318,3,19,0,2,0,0,0,0,0,0,1,1,6,1,30,6,1248,2,10,-1,3,-1
201863B122518,1,9,0,5,0,1,0,0,0,0,1,1,6,1,23,5,1461,2,5,10,1,10
201863B122518,2,9,0,8,0,1,0,0,0,0,2,1,6,2,50,8,1998,1,15,-1,3,-1
201863B123318,1,9,0,17,0,0,2,0,7,9,1,1,6,1,21,5,1364,1,9,-1,1,-1
201863B123818,1,9,0,4,0,0,0,0,0,0,3,1,6,2,34,6,1199,1,-1,-1,2,-1
201863B123818,2,9,0,18,0,0,0,0,0,0,3,1,6,3,-1,-1,-1,-1,-1,-1,-1,-1
201863B124018,1,9,0,17,0,0,1,0,1,10,1,1,6,1,37,7,1796,1,17,-1,3,-1
201863BC00718,1,9,0,18,0,0,0,0,0,0,1,1,3,2,28,6,3000,1,17,-1,3,-1
201863BC00718,2,9,4,18,0,0,1,0,0,0,1,1,6,1,61,9,3200,2,12,-1,3,-1
201863BC02318,1,9,0,18,0,0,0,0,0,0,3,1,6,1,76,11,2199,2,7,-1,3,-1
201863C000418,1,21,1,18,0,4,0,0,0,0,1,1,1,1,57,9,12419,2,8,-1,2,-1
201863C000418,2,3,0,18,0,4,0,0,0,0,2,1,6,1,43,7,125,1,1,-1,2,-1
201863C000518,1,9,0,5,0,6,0,0,0,0,3,1,6,1,73,10,999,1,5,-1,3,-1
201863C000518,2,21,1,18,0,1,0,0,0,0,1,1,1,1,60,9,12419,2,2,-1,3,-1
201863C002018,1,9,0,16,0,0,1,0,8,4,1,1,6,2,22,5,1995,2,9,-1,-1,-1
201863C002319,1,9,0,16,0,0,2,0,1,10,3,1,6,1,17,4,1499,1,4,-1,3,-1
201863C002718,1,9,0,18,0,0,1,0,7,9,1,1,2,2,29,6,1686,2,7,-1,3,-1
201863C002818,1,19,0,18,0,0,2,0,8,10,3,1,1,1,30,6,2497,2,7,-1,2,-1
201863C003118,1,9,0,16,0,0,1,0,8,10,1,1,6,1,19,4,1242,1,12,-1,3,-1
201863C003218,1,8,0,17,0,0,1,0,1,10,4,1,6,1,67,10,1896,2,14,-1,2,-1
201863C004818,1,9,0,18,0,1,0,0,0,0,1,1,2,2,18,4,1364,2,3,-1,2,-1
201863C004818,2,90,0,4,0,1,0,0,0,0,2,1,1,1,34,6,6370,2,6,-1,1,-1
201863C004818,3,9,0,4,0,1,0,0,0,0,0,1,6,3,-1,-1,-1,-1,-1,-1,-1,-1
201863C005118,1,9,0,17,0,0,0,0,0,0,1,1,1,2,33,6,1461,2,2,-1,3,-1
201863C005118,2,9,0,16,0,0,2,0,7,9,1,1,6,2,26,6,-1,-1,-1,-1,3,-1
201863C005218,1,9,0,18,0,0,0,0,0,0,1,1,1,1,28,6,1461,2,5,-1,1,-1
201863C005218,2,9,0,4,0,0,0,0,0,0,2,1,6,1,66,10,-1,-1,-1,-1,2,-1
201863C005218,3,90,0,4,0,0,0,0,0,0,2,1,1,1,24,5,2463,2,13,-1,1,-1
201863C005218,4,90,0,18,0,0,0,0,0,0,0,1,6,3,-1,-1,-1,-1,-1,-1,-1,-1
201863C005618,1,3,0,13,0,1,0,0,0,0,1,1,6,1,41,7,125,1,1,-1,2,-1
201863C005618,2,9,0,9,0,8,0,0,0,0,3,1,2,2,37,7,2204,2,10,-1,2,-1
201863C005618,3,9,0,18,0,1,0,0,0,0,0,1,6,3,-1,-1,-1,-1,-1,-1,-1,-1
201863C007118,1,9,0,18,0,0,5,0,8,10,0,1,6,2,37,7,1560,2,7,-1,3,-1
201863C008118,1,9,0,14,0,0,0,0,0,0,1,1,3,1,33,6,1998,2,11,-1,3,-1
201863C008118,2,19,0,2,0,0,0,0,0,0,0,1,6,3,-1,-1,-1,-1,-1,-1,-1,-1
201863C008118,3,11,0,4,0,0,0,0,0,0,0,1,6,3,-1,-1,-1,-1,-1,-1,-1,-1
201863C008518,1,9,0,17,9,1,0,0,1,10,1,1,6,1,32,6,1560,2,9,-1,3,-1
201863C008518,2,9,0,2,9,1,0,0,0,0,2,1,6,2,-1,-1,1796,1,6,-1,1,-1
201863C008718,1,9,0,9,0,8,0,0,0,0,1,1,6,2,42,7,1200,1,3,-1,1,-1
201863C008718,2,1,0,18,0,8,0,0,0,0,1,1,6,1,20,4,-1,-1,-1,-1,3,-1
201863C008818,1,9,0,18,0,1,1,0,0,0,1,1,1,2,51,8,1360,1,16,-1,2,-1
201863C008818,2,9,0,4,0,1,0,0,0,0,2,1,6,2,46,8,1998,8,2,-1,3,-1
201863C008818,3,9,0,10,0,5,0,0,0,0,0,1,6,2,47,8,2979,1,3,-1,3,-1
201863C010518,1,9,0,18,0,1,0,0,0,0,1,1,6,1,54,8,1364,1,11,-1,2,-1
201863C010518,2,9,0,4,0,1,0,0,0,0,2,1,6,1,58,9,1242,1,3,-1,2,-1
201863C010518,3,21,0,1,0,5,0,0,0,0,0,1,6,3,-1,-1,-1,-1,-1,-1,-1,-1
201863C010618,1,9,0,18,0,0,0,0,7,7,1,1,6,1,58,9,1896,2,12,-1,3,-1
201863C010918,1,9,0,14,0,1,0,0,0,0,1,1,6,1,77,11,1560,2,2,-1,1,-1
201863C010918,2,9,0,10,9,5,0,0,0,0,2,1,6,1,82,11,1198,1,15,-1,1,-1
201863C011818,1,9,0,18,9,6,0,0,0,0,1,1,6,1,29,6,1598,2,6,-1,3,-1
201863C011918,1,9,0,9,0,6,0,0,0,0,3,1,6,2,26,6,1364,1,8,-1,1,-1
201863C011918,2,9,0,17,0,1,0,0,1,10,4,1,6,2,26,6,1753,2,11,-1,3,-1
201863C013818,1,9,0,5,0,8,0,0,0,0,1,1,6,1,25,5,1390,1,4,-1,2,-1
201863C013818,2,9,0,3,0,8,0,0,0,0,2,1,6,2,27,6,1598,2,6,-1,1,-1
201863C013818,3,9,0,9,0,8,0,0,0,0,0,1,6,3,-1,-1,-1,-1,-1,-1,-1,-1
201863C014018,1,9,0,18,0,0,2,0,8,4,1,1,6,1,24,5,1229,1,10,-1,2,-1
201863C014418,1,9,0,17,0,0,2,0,7,10,1,1,6,2,28,6,1248,2,10,-1,3,-1
201863C015118,1,3,0,18,0,0,1,0,0,0,0,1,4,1,18,4,124,1,9,-1,3,-1
201863C015918,1,9,0,18,0,0,0,0,0,0,0,1,6,2,30,6,1248,2,7,-1,1,-1
201863C015918,2,3,0,18,0,0,0,0,0,0,0,1,6,1,27,6,125,1,3,-1,3,-1
201863C016518,1,9,0,9,0,6,0,0,0,0,3,1,6,1,46,8,1951,2,13,3,1,3
201863C016518,2,9,0,18,0,1,0,0,0,0,1,1,6,2,17,4,1400,1,11,-1,3,-1
201863C016718,1,9,0,16,0,0,1,0,0,0,1,1,6,1,41,7,1900,2,13,-1,3,-1
201863C016718,2,9,0,17,0,0,1,0,0,0,1,1,6,1,56,9,898,1,1,-1,3,-1
201863C016918,1,9,0,18,0,1,0,0,0,0,3,1,6,3,-1,-1,-1,-1,-1,-1,-1,-1
201863C017818,1,19,0,5,0,7,0,0,0,0,1,1,6,2,40,7,-1,-1,-1,-1,3,-1
201863C017818,2,9,0,18,0,1,0,0,0,0,1,1,6,2,38,7,1398,1,2,-1,2,-1
201863C017818,3,90,0,18,0,8,0,0,0,0,0,1,6,3,-1,-1,-1,-1,-1,-1,-1,-1
201863C018118,1,9,0,9,0,1,0,0,0,0,4,1,3,2,38,7,1248,1,7,-1,1,-1
201863C020318,1,9,0,5,0,2,0,0,3,10,1,1,6,2,82,11,1956,2,8,-1,3,-1
201863C020318,2,21,0,18,0,1,0,0,7,10,1,1,1,1,39,7,6700,2,3,-1,1,-1
201863C020918,1,9,0,18,0,0,0,0,0,0,1,1,6,2,32,6,1461,2,4,-1,2,-1
201863C020918,2,9,0,4,0,0,0,0,0,0,2,1,6,2,46,8,1124,1,17,-1,2,-1
201863C021018,1,10,0,18,0,0,0,0,0,0,4,1,1,1,62,9,2999,2,5,-1,2,-1
201863C021518,1,9,0,10,0,1,0,0,0,0,2,1,6,1,51,8,1360,1,13,-1,2,-1
201863C021518,2,2,0,18,0,1,0,0,0,0,1,1,2,1,25,5,50,1,1,-1,2,-1
201863C021718,1,9,0,18,0,1,0,0,0,0,4,1,6,2,56,9,1396,2,7,-1,2,-1
201863C021718,2,9,0,7,0,2,0,0,0,0,1,1,6,1,38,7,-1,-1,-1,-1,2,-1
201863C022118,1,19,0,9,0,1,0,0,0,0,3,1,2,1,50,8,1560,2,5,-1,3,-1
201863C022118,2,9,0,18,0,1,0,0,0,0,1,1,6,2,25,5,1368,1,8,-1,3,-1
201863C022518,1,9,0,17,0,0,0,0,8,10,1,1,6,1,28,6,1598,1,14,-1,3,-1
201863C023718,1,9,0,18,0,0,0,0,0,0,1,1,6,2,68,10,1398,1,8,-1,2,-1
201863C023718,2,9,0,2,0,0,0,0,0,0,0,1,6,3,-1,-1,-1,-1,-1,-1,-1,-1
201863C023818,1,9,0,4,0,1,0,0,0,0,2,1,6,2,46,8,1896,2,9,-1,1,-1
201863C023818,2,9,0,18,0,1,0,0,0,0,1,1,6,1,30,6,1984,1,9,-1,3,-1
201863C023818,3,9,0,10,0,5,0,0,0,0,0,1,6,3,-1,-1,-1,-1,-1,-1,-1,-1
201863C025118,1,9,0,18,0,1,0,0,0,0,1,1,6,2,30,6,1242,1,13,-1,3,-1
201863C025118,2,9,0,4,0,1,0,0,0,0,2,1,6,1,37,7,1499,2,3,-1,1,-1
201863C025118,3,9,0,10,0,5,0,0,0,0,0,1,6,3,-1,-1,-1,-1,-1,-1,-1,-1
201863C025319,1,3,0,18,0,1,0,0,0,0,1,1,6,2,31,6,599,1,22,-1,3,-1
201863C025319,2,9,0,10,0,8,0,0,0,0,1,1,6,1,68,10,1390,1,4,-1,3,-1
201863C025618,1,9,0,18,0,0,0,0,0,0,1,1,1,1,62,9,1995,1,14,-1,2,-1
201863C025618,2,9,0,1,0,0,0,0,0,0,1,1,1,2,21,5,1560,2,7,-1,2,-1
201863C025618,3,9,0,18,0,0,0,0,2,10,3,1,2,2,31,6,1968,2,5,-1,2,-1
201863C026518,1,1,0,18,0,0,0,0,0,0,0,1,6,1,59,9,-1,-1,-1,-1,3,-1
201863C027818,1,9,0,18,0,0,2,0,1,10,1,1,6,1,49,8,1988,1,15,-1,3,-1
201863C028618,1,19,0,18,0,1,0,0,0,0,1,1,1,1,29,6,1997,2,-1,-1,3,-1
201863C028618,2,9,0,4,0,1,0,0,0,0,2,1,6,1,53,8,-1,-1,-1,-1,1,-1
201863C028618,3,9,0,4,0,1,0,0,0,0,2,1,2,1,48,8,1248,2,7,-1,2,-1
201863C028618,4,9,0,10,0,5,0,0,0,0,2,1,6,1,32,6,1984,1,9,9,2,9
201863C028618,5,9,0,9,0,5,0,0,0,0,0,1,6,3,-1,-1,-1,-1,-1,-1,-1,-1
201863C029018,1,9,0,5,0,6,0,0,0,0,1,1,6,1,71,10,1198,1,9,-1,1,-1
201863C029018,2,9,0,9,0,5,0,0,0,0,1,1,6,1,31,6,1686,2,9,-1,1,-1
201863C029618,1,9,0,9,0,6,0,0,0,0,1,1,6,2,39,7,2967,2,6,-1,3,-1
201863C029618,2,9,0,18,0,1,0,0,1,0,1,1,6,1,53,8,998,1,1,-1,1,-1
201863C029718,1,9,0,9,0,1,0,0,0,0,1,1,6,1,20,4,1461,2,4,-1,3,-1
201863C029718,2,9,0,18,0,1,0,0,1,9,1,1,6,2,52,8,1995,2,3,-1,2,-1
201863C029718,3,9,0,18,0,1,0,0,0,0,0,1,6,1,54,8,1896,2,15,-1,2,-1
201863C030118,1,9,0,18,0,0,0,0,2,4,1,1,6,1,45,7,1968,2,4,-1,2,-1
201863C030418,1,11,0,18,0,0,0,0,0,0,1,1,6,1,56,9,6690,2,3,-1,2,-1
201863C030418,2,19,0,4,0,0,0,0,0,0,2,1,6,1,53,8,1598,2,2,-1,1,-1
201863C030818,1,9,0,1,0,0,0,0,0,0,2,1,6,1,30,6,1753,2,11,-1,3,-1
201863C030918,1,9,0,18,0,0,0,0,0,0,1,1,6,2,39,7,1968,2,3,-1,3,-1
201863C030918,2,9,0,3,0,0,0,0,0,0,2,1,2,2,22,5,998,1,9,-1,1,-1
201863C031718,1,9,0,9,0,5,0,0,0,0,1,1,6,2,76,11,-1,-1,-1,-1,3,-1
201863C031718,2,9,0,18,0,1,0,0,0,0,1,1,6,1,38,7,2521,1,11,-1,2,-1
201863C031718,3,9,0,9,0,5,0,0,0,0,0,1,6,3,-1,-1,-1,-1,-1,-1,-1,-1
201863C031918,1,9,0,18,0,0,1,0,2,10,1,1,6,1,28,6,1389,1,14,-1,-1,-1
201863C032018,1,9,0,4,0,0,0,0,1,4,1,1,6,2,18,4,973,1,16,-1,2,-1
201863C032318,1,9,0,17,0,0,0,0,2,10,1,1,6,1,35,6,1149,1,14,-1,1,-1
201863C032718,1,9,0,18,0,8,0,0,0,0,4,1,6,2,67,10,1248,2,6,-1,2,-1
201863C032718,2,1,0,18,0,8,0,0,0,0,1,1,6,1,14,3,-1,-1,-1,-1,2,-1
201863C032818,1,9,0,18,0,0,0,0,1,10,1,1,6,2,18,4,998,1,14,-1,2,-1
201863C034518,1,9,0,13,0,0,0,0,0,0,0,1,6,1,26,6,1998,1,14,-1,1,-1
201863C034518,2,9,0,18,0,0,0,0,0,0,0,1,6,2,29,6,-1,-1,-1,-1,1,-1
201863C034518,3,9,0,18,0,0,0,0,0,0,0,1,6,3,-1,-1,-1,-1,-1,-1,-1,-1
201863C035318,1,9,0,18,0,0,1,0,0,0,1,1,6,2,49,8,1896,2,10,-1,1,-1
201863C035318,2,9,0,4,0,0,0,0,0,0,2,1,6,1,31,6,1896,2,13,-1,3,-1
201863C035618,1,9,0,18,0,8,0,0,0,0,3,1,6,2,39,7,1968,2,11,-1,3,-1
201863C035818,1,9,0,18,0,8,0,0,0,0,1,1,1,2,35,6,1242,1,1,-1,2,-1
201863C035818,2,9,0,4,0,8,0,0,0,0,2,1,1,1,50,8,998,1,4,-1,3,-1
201863C035918,1,17,4,18,0,0,0,0,0,0,1,1,1,1,29,6,6788,2,5,-1,3,-1
201863C035918,2,1,0,18,0,0,0,0,0,0,1,1,6,2,43,7,-1,-1,-1,-1,3,-1
201863C037218,1,9,0,9,0,5,0,0,0,0,4,1,6,2,23,5,1242,1,7,-1,1,-1
201863C037218,2,1,0,17,0,1,1,0,0,0,1,1,6,1,40,7,-1,-1,-1,-1,1,-1
201863C037518,1,3,0,16,0,0,0,0,8,10,1,1,6,1,25,5,124,1,8,-1,1,-1
201863C037718,1,9,0,18,0,0,0,0,0,0,1,1,1,1,40,7,2393,2,1,5,3,5
201863C037718,2,9,0,4,0,0,0,0,0,0,2,1,6,2,36,7,1560,2,9,-1,3,-1
201863C037718,3,9,0,3,0,0,0,0,0,0,0,1,6,3,-1,-1,-1,-1,-1,-1,-1,-1
201863C037918,1,90,5,18,0,1,1,0,1,10,1,1,6,2,59,9,865,1,11,-1,1,-1
201863C038118,1,9,0,18,0,0,0,0,1,10,1,1,6,2,35,6,1399,2,8,8,1,8
201863C038118,2,9,0,18,0,0,0,0,1,10,1,1,6,1,61,9,1368,1,2,-1,3,-1
201863C039318,1,10,0,18,0,0,0,0,0,0,1,1,1,2,49,8,2198,2,11,-1,3,-1
201863C039418,1,5,0,18,0,1,0,0,0,0,1,1,6,1,66,10,850,1,37,-1,3,-1
201863C039418,2,19,0,7,0,6,0,0,0,0,2,1,1,2,60,9,1560,2,2,-1,3,-1
201863C039718,1,9,0,9,0,1,0,0,0,0,1,1,1,1,71,10,2494,2,10,-1,2,-1
201863C039718,2,9,0,17,0,2,0,0,0,0,4,1,6,1,70,10,1968,2,4,-1,2,-1
201863C040118,1,9,0,1,0,6,0,0,1,0,0,1,6,2,57,9,1968,2,4,-1,3,-1
201863C040118,2,1,0,18,0,1,0,0,0,0,2,1,6,1,37,7,-1,-1,-1,-1,2,-1
201863C040118,3,1,0,18,0,1,0,0,0,0,1,1,6,1,51,8,-1,-1,-1,-1,3,-1
201863C040118,4,1,0,18,0,1,0,0,0,0,1,1,6,1,51,8,-1,-1,-1,-1,3,-1
201863C040118,5,1,0,18,0,1,0,0,0,0,0,1,6,1,45,7,-1,-1,-1,-1,3,-1
201863C040818,1,9,0,18,0,8,0,0,1,10,1,1,2,2,32,6,1461,2,3,-1,3,-1
201863C040818,2,9,0,7,0,5,0,0,1,10,4,1,6,1,85,11,1995,2,11,-1,1,-1
201863C041018,1,9,0,4,0,0,0,0,0,0,2,1,1,2,31,6,-1,-1,-1,-1,1,-1
201863C041018,2,9,0,18,0,0,0,0,0,0,1,1,1,2,35,6,1598,1,10,-1,1,-1
201863C041118,1,8,0,17,0,8,0,0,0,0,4,1,1,1,65,9,1998,2,12,-1,2,-1
201863C041118,2,19,0,9,0,6,0,0,0,0,1,1,6,1,49,8,1753,2,11,-1,2,-1
201863C041618,1,9,0,18,0,0,0,0,0,0,1,1,6,2,58,9,1197,1,3,-1,2,-1
201863C041618,2,9,0,2,0,0,0,0,0,0,4,1,6,3,-1,-1,1396,1,8,-1,-1,-1
201863C042318,1,2,0,7,0,5,0,0,0,0,1,1,6,2,61,9,50,1,-1,-1,2,-1
201863C042318,2,9,0,18,0,1,0,0,0,0,1,1,6,2,52,8,1461,2,7,-1,3,-1
201863C042518,1,17,5,5,0,8,0,0,0,0,3,1,1,1,59,9,6788,2,-1,-1,3,-1
201863C042518,2,1,0,18,0,1,0,0,1,10,3,1,6,1,63,9,-1,-1,-1,-1,1,-1
201863C043318,1,9,0,17,0,0,1,0,7,9,1,1,6,2,65,9,1968,2,6,-1,2,-1
201863C043318,2,19,0,16,0,0,1,0,2,10,3,1,2,1,58,9,1461,2,4,-1,1,-1
201863C044018,1,9,0,9,0,6,0,0,1,10,3,1,2,1,58,9,1560,2,7,-1,3,-1
201863C044018,2,9,0,16,0,1,1,0,1,10,1,1,6,1,27,6,2993,2,8,-1,3,-1
201863C044718,1,9,0,18,0,0,0,0,1,4,1,1,3,2,17,4,1360,1,12,-1,3,-1
201863C045518,1,19,0,16,0,0,0,0,0,0,0,1,6,3,-1,-1,-1,-1,-1,-1,-1,-1
201863C045518,2,19,0,17,0,0,0,6,2,10,4,1,6,1,31,6,1968,2,2,-1,3,-1
201863C045818,1,9,0,9,0,6,0,0,0,0,3,1,6,1,66,10,2967,2,4,-1,1,-1
201863C045818,2,9,0,16,0,8,0,0,0,0,1,1,2,1,44,7,1598,2,1,-1,3,-1
201863C046818,1,9,0,17,0,0,0,0,0,0,1,1,6,2,28,6,1197,1,1,-1,3,-1
201863C046818,2,9,0,16,0,0,0,0,0,0,1,1,6,1,33,6,1686,2,6,-1,3,-1
201863C048118,1,3,0,16,0,0,0,0,8,10,1,1,6,1,18,4,124,1,1,-1,3,-1
201863C048418,1,9,0,18,0,2,0,0,0,0,3,1,6,1,82,11,1248,1,4,-1,2,-1
201863C048418,2,9,0,3,0,2,0,0,0,0,3,1,6,1,73,10,1353,1,-1,-1,2,-1
201863C048418,3,9,0,2,0,8,0,0,0,0,0,1,6,3,-1,-1,-1,-1,-1,-1,-1,-1
201863C049618,1,9,0,18,0,0,0,4,0,0,1,1,6,1,87,11,1242,1,5,-1,1,-1
201863C049618,2,9,0,2,0,0,0,0,1,10,3,1,6,2,20,4,999,1,3,-1,2,-1
201863C049718,1,9,0,7,0,6,0,0,0,0,3,1,6,1,55,8,999,1,1,-1,3,-1
201863C049718,2,1,0,18,0,1,0,0,0,0,1,1,6,1,68,10,-1,-1,-1,-1,3,-1
201863C050018,1,9,0,1,0,2,0,0,0,0,3,1,6,1,55,8,2663,2,16,-1,3,-1
201863C050018,2,9,0,3,0,8,0,0,0,0,0,1,6,3,-1,-1,-1,-1,-1,-1,-1,-1
201863C050218,1,19,0,18,0,0,5,0,2,10,4,1,6,1,42,7,2198,2,4,-1,3,-1
201863C050818,1,9,0,17,0,1,1,0,1,4,1,1,6,1,24,5,1686,2,12,-1,3,-1
201863C050918,1,9,0,5,0,1,1,0,0,0,1,1,6,1,41,7,1289,1,18,-1,2,-1
201863C050918,2,9,0,18,0,8,0,0,0,0,3,2,6,1,75,10,-1,-1,-1,-1,-1,-1
201863C051518,1,9,0,9,0,5,0,0,0,0,1,1,6,2,33,6,1390,1,12,-1,2,-1
201863C051518,2,1,0,18,0,1,0,0,0,0,2,1,6,1,43,7,-1,-1,-1,-1,3,-1
201863C052318,1,9,0,18,0,0,0,0,0,0,1,1,2,2,18,4,1390,1,12,-1,3,-1
201863C052318,2,9,0,18,0,0,0,0,0,0,1,1,3,2,27,6,1968,2,4,-1,1,-1
201863C052618,1,5,0,17,0,0,0,0,1,10,4,1,6,2,27,6,745,1,2,-1,-1,-1
201863C052818,1,9,0,18,0,1,0,0,0,0,1,1,1,2,20,4,-1,-1,-1,-1,1,-1
201863C052818,2,9,0,4,0,1,0,0,0,0,2,1,6,1,47,8,-1,-1,-1,-1,3,-1
201863C052818,3,9,0,4,0,1,0,0,0,0,2,1,2,1,24,5,1995,2,5,-1,3,-1
201863C052818,4,9,0,4,0,1,0,0,0,0,2,1,6,1,54,8,1399,1,9,-1,2,-1
201863C052818,5,9,0,9,0,5,0,0,0,0,0,1,6,3,-1,-1,-1,-1,-1,-1,-1,-1
201863C052918,1,9,0,18,0,1,0,0,0,0,1,1,6,1,45,7,-1,-1,-1,-1,3,-1
201863C052918,2,9,0,4,0,1,0,0,0,0,2,1,6,1,27,6,998,1,2,-1,3,-1
201863C052918,3,9,0,4,0,1,0,0,0,0,2,1,6,1,41,7,-1,-1,-1,-1,1,-1
201863C052918,4,9,0,9,0,5,0,0,0,0,0,1,6,3,-1,-1,-1,-1,-1,-1,-1,-1
201863C053018,1,9,0,18,0,0,0,0,0,0,1,1,2,2,33,6,1395,1,-1,-1,3,-1
201863C053018,2,8,0,4,0,0,0,0,0,0,2,1,1,1,65,9,1560,2,7,-1,3,-1
201863C053018,3,19,0,4,0,0,0,0,0,0,0,1,6,1,30,6,1995,2,6,-1,2,-1
201863C053118,1,9,0,9,0,8,0,0,0,0,4,1,1,1,32,6,1686,2,11,-1,1,-1
201863C053118,2,9,0,4,0,1,0,0,0,0,1,1,1,1,38,7,1560,2,4,-1,3,-1
201863C053418,1,9,0,18,0,0,5,0,1,10,1,1,6,1,29,6,1896,2,10,-1,3,-1
201863C053618,1,9,0,18,0,0,5,0,1,10,1,1,6,1,62,9,998,1,2,4,3,4
201863C053718,1,19,0,9,0,6,0,0,0,0,1,1,1,3,-1,-1,1598,2,1,-1,-1,-1
201863C053718,2,9,0,9,0,5,0,0,0,0,2,1,6,1,20,4,1999,1,10,-1,1,-1
201863C054218,1,9,0,16,0,0,2,0,7,4,4,1,6,2,17,4,1242,1,10,-1,3,-1
201863C054518,1,9,0,16,0,0,5,0,2,10,3,1,1,1,72,10,1199,1,15,-1,3,-1
201863C054518,2,9,0,4,0,0,0,0,0,0,3,1,6,1,68,10,1329,1,5,10,2,10
201863C055618,1,9,0,9,0,5,0,0,0,0,3,1,6,1,41,7,1248,2,2,-1,3,-1
201863C055618,2,3,0,18,0,1,0,0,0,0,4,1,6,1,18,4,124,1,5,-1,1,-1
201863C055818,1,9,0,18,0,8,0,0,0,0,1,1,1,2,39,7,1242,1,13,-1,1,-1
201863C055818,2,9,0,18,0,1,0,0,0,0,1,1,6,2,18,4,1149,1,11,-1,3,-1
201863C055918,1,9,0,4,0,1,0,0,0,0,2,1,6,1,67,10,1686,2,5,-1,3,-1
201863C055918,2,1,0,18,0,1,0,0,0,0,1,1,6,2,39,7,-1,-1,-1,-1,2,-1
201863C056218,1,9,0,13,0,0,0,0,0,0,4,1,6,3,-1,-1,-1,-1,-1,-1,-1,-1
201863C056218,2,1,0,18,0,0,0,0,0,0,3,1,6,1,52,8,-1,-1,-1,-1,-1,-1
201863C057018,1,9,0,1,0,0,0,0,0,0,2,1,6,1,71,10,2495,2,19,-1,3,-1
201863C057018,2,9,0,2,0,0,0,0,0,0,2,1,6,1,85,11,1498,1,1,-1,1,-1
201863C057618,1,9,0,9,0,5,0,0,0,0,1,1,1,1,62,9,2495,2,23,-1,3,-1
201863C057618,2,4,0,18,0,1,0,0,0,0,1,1,6,1,57,9,500,1,-1,-1,3,-1
201863C058318,1,1,0,18,5,1,1,0,0,0,4,1,2,1,11,3,-1,-1,-1,-1,1,-1