Accident_Index,Vehicle_Reference,Vehicle_Type,Towing_and_Articulation,Vehicle_Manoeuvre,Vehicle_Location-Restricted_Lane,Junction_Location,Skidding_and_Overturning,Hit_Object_in_Carriageway,Vehicle_Leaving_Carriageway,Hit_Object_off_Carriageway,1st_Point_of_Impact,Was_Vehicle_Left_Hand_Drive?,Journey_Purpose_of_Driver,Sex_of_Driver,Age_of_Driver,Age_Band_of_Driver,Engine_Capacity_(CC),Propulsion_Code,Age_of_Vehicle,Driver_IMD_Decile,Driver_Home_Area_Type,Vehicle_IMD_Decile
201863C058318,2,9,0,4,0,1,0,0,0,0,2,1,3,1,64,9,1896,2,15,-1,2,-1
201863C058418,1,9,0,7,0,4,0,0,0,0,3,1,6,1,60,9,-1,-1,-1,-1,2,-1
201863C058418,2,1,0,18,0,1,0,0,0,0,3,1,6,2,61,9,-1,-1,-1,-1,2,-1
201863C058618,1,17,4,18,0,0,5,0,1,10,4,1,1,1,28,6,-1,2,15,-1,3,-1
201863C058918,1,9,0,1,8,0,0,4,0,0,2,1,6,2,76,11,999,1,1,-1,3,-1
201863C058918,2,9,0,2,6,0,0,0,0,0,1,1,6,2,33,6,2497,2,5,-1,1,-1
201863C059418,1,19,0,5,0,8,0,0,0,0,2,1,1,1,47,8,2402,2,11,-1,3,-1
201863C059418,2,9,0,18,0,8,0,0,0,0,1,1,2,2,31,6,1242,1,4,-1,2,-1
201863C061118,1,19,0,17,0,0,0,0,0,0,1,1,1,1,28,6,1248,2,1,-1,3,-1
201863C061118,2,19,0,16,0,0,1,0,0,0,1,1,1,1,27,6,-1,-1,-1,-1,1,-1
201863C061818,1,19,0,18,0,1,0,0,0,0,1,1,6,1,28,6,1499,2,1,-1,1,-1
201863C061818,2,9,0,4,0,1,0,0,0,0,2,1,6,2,61,9,1200,1,3,-1,2,-1
201863C061818,3,9,0,4,0,1,0,0,0,0,0,1,6,3,-1,-1,-1,-1,-1,-1,-1,-1
201863C062218,1,9,0,5,0,6,0,0,0,0,3,1,6,2,59,9,898,1,-1,-1,2,-1
201863C062218,2,9,0,18,0,8,0,0,0,0,1,1,6,1,75,10,1364,1,10,-1,2,-1
201863C062318,1,5,0,18,0,0,1,0,0,0,1,1,6,1,60,9,-1,-1,-1,-1,3,-1
201863C062318,2,9,0,3,0,0,0,0,0,0,2,1,6,2,49,8,999,1,4,-1,3,-1
201863C062318,3,9,0,4,0,0,0,0,0,0,0,1,6,3,-1,-1,-1,-1,-1,-1,-1,-1
201863C062418,1,5,0,16,0,0,1,0,0,0,1,1,6,1,51,8,1050,1,12,-1,3,-1
201863C062418,2,9,0,16,0,0,1,0,0,0,2,1,6,1,60,9,1560,2,4,-1,3,-1
201863C062418,3,17,4,17,0,0,0,0,0,0,0,1,1,1,19,4,6596,2,-1,-1,3,-1
201863C064118,1,5,0,18,0,1,0,0,0,0,1,1,6,1,32,6,988,1,15,-1,3,-1
201863C064118,2,17,4,7,0,5,0,0,1,0,2,1,1,1,36,7,6596,2,3,-1,3,-1
201863C064918,1,5,0,18,0,0,0,0,0,0,1,1,6,1,69,10,1783,1,10,-1,3,-1
201863C064918,2,5,0,4,0,0,0,0,1,10,2,1,6,1,71,10,1202,1,7,-1,1,-1
201863C064918,3,1,0,18,0,0,0,0,0,0,0,1,6,3,-1,-1,-1,-1,-1,-1,-1,-1
201863C065518,1,9,0,9,0,5,0,0,0,0,1,1,6,1,23,5,1582,2,1,-1,2,-1
201863C065518,2,9,0,18,0,1,1,0,0,0,1,1,6,1,40,7,1686,2,13,-1,-1,-1
201863C065918,1,19,0,18,0,0,0,0,0,0,1,1,1,1,46,8,1598,2,4,-1,3,-1
201863C065918,2,9,0,4,0,0,0,0,0,0,2,1,6,2,26,6,1685,2,-1,-1,2,-1
201863C065918,3,9,0,3,0,0,0,0,0,0,0,1,6,3,-1,-1,-1,-1,-1,-1,-1,-1
201863C066118,1,8,0,17,0,1,0,0,0,0,3,1,1,1,44,7,1896,2,15,-1,3,-1
201863C066218,1,19,0,18,0,0,0,0,0,0,4,1,6,1,67,10,1968,2,6,-1,3,-1
201863C066818,1,9,0,8,0,1,0,0,0,0,2,1,6,1,18,4,1197,1,5,-1,2,-1
201863C066818,2,19,0,18,0,1,0,0,0,0,1,1,6,1,36,7,1560,2,2,3,1,3
201863C067618,1,9,0,9,0,6,0,0,0,0,3,1,6,2,20,4,1596,1,27,-1,1,-1
201863C067618,2,9,0,18,0,8,0,0,0,0,1,1,6,1,32,6,1686,2,11,-1,1,-1
201863C068018,1,9,0,18,0,1,0,0,0,0,1,1,6,2,30,6,1968,2,9,-1,1,-1
201863C068018,2,9,0,4,0,8,0,0,0,0,2,1,6,2,30,6,1685,2,4,-1,1,-1
201863C068118,1,3,0,17,0,8,0,0,0,0,1,1,2,1,19,4,124,1,-1,-1,2,-1
201863C068318,1,9,0,9,0,1,0,0,0,0,1,1,6,1,66,10,1956,2,5,-1,1,-1
201863C068318,2,9,0,18,0,1,0,0,0,0,1,1,2,1,40,7,1396,1,18,-1,3,-1
201863C068418,1,9,4,4,0,1,0,0,0,0,1,1,1,1,46,8,-1,-1,-1,-1,3,-1
201863C068418,2,1,0,18,0,1,0,0,0,0,3,1,6,2,9,2,-1,-1,-1,-1,3,-1
201863C068518,1,9,0,18,0,0,0,0,0,0,1,1,6,2,29,6,1242,1,5,-1,1,-1
201863C068618,1,9,0,9,0,6,0,0,0,0,3,1,6,1,42,7,1956,2,1,-1,-1,-1
201863C068618,2,9,0,18,0,1,0,0,0,0,1,1,6,2,59,9,1560,2,7,-1,3,-1
201863C068818,1,9,0,18,0,0,0,0,0,0,1,1,2,2,46,8,1388,1,10,-1,1,-1
201863C068818,2,9,0,4,0,0,0,0,0,0,2,1,1,1,62,9,999,1,-1,-1,1,-1
201863C069118,1,9,0,18,0,0,2,0,8,10,1,1,6,1,47,8,1997,2,13,-1,1,-1
201863C069818,1,1,0,4,0,6,0,0,0,0,1,1,6,1,14,3,-1,-1,-1,-1,3,-1
201863C069818,2,9,0,18,0,1,0,0,0,0,3,1,6,1,48,8,-1,-1,-1,-1,3,-1
201863C069918,1,9,0,18,0,6,0,0,0,0,1,1,6,2,17,4,1598,1,6,-1,3,-1
201863C069918,2,9,0,18,0,8,0,0,7,10,4,1,6,2,51,8,1956,2,4,-1,3,-1
201863C070218,1,9,0,16,0,0,0,0,0,0,4,1,6,1,59,9,2184,2,13,-1,2,-1
201863C071018,1,9,0,5,0,1,0,0,0,0,1,1,6,2,62,9,1590,1,13,-1,3,-1
201863C071018,2,9,0,5,0,8,0,0,0,0,0,1,6,3,-1,-1,-1,-1,-1,-1,-1,-1
201863C071118,1,9,0,18,0,1,0,0,0,0,1,1,6,2,35,6,1896,2,9,-1,3,-1
201863C071118,2,9,0,9,0,5,0,0,0,0,2,1,1,1,22,5,1229,1,10,-1,3,-1
201863C071418,1,19,0,17,0,0,0,0,0,0,3,1,1,1,46,8,1598,2,7,-1,1,-1
201863C071418,2,9,0,16,0,0,0,0,0,0,3,1,6,2,27,6,1968,2,3,-1,3,-1
201863C073118,1,19,5,18,0,1,1,0,0,0,1,1,1,1,49,8,2198,2,5,-1,2,-1
201863C073118,2,9,0,10,0,1,0,0,0,0,2,1,1,2,39,7,1248,1,9,-1,1,-1
201863C073618,1,9,0,18,0,0,1,0,2,10,1,1,6,1,19,4,1149,1,15,-1,2,-1
201863C073718,1,9,0,18,0,0,1,0,1,10,1,1,6,1,24,5,1839,1,15,-1,3,-1
201863C074218,1,9,0,9,0,1,0,0,0,0,0,1,6,1,39,7,1988,2,14,-1,3,-1
201863C074218,2,9,0,18,0,1,0,0,0,0,0,1,6,1,46,8,998,1,-1,-1,3,-1
201863C074418,1,9,0,4,0,0,0,0,0,0,1,1,6,1,68,10,4554,1,17,-1,3,-1
201863C074418,2,21,0,18,0,0,0,0,0,0,0,1,6,1,36,7,6692,2,8,-1,1,-1
201863C074918,1,9,0,18,0,1,0,0,0,0,1,1,2,2,17,4,999,1,-1,-1,3,-1
201863C074918,2,9,0,9,0,6,0,0,0,0,2,1,6,1,18,4,998,1,3,-1,-1,-1
201863C075118,1,9,0,9,0,5,0,0,0,0,4,1,6,1,90,11,996,1,5,-1,1,-1
201863C075118,2,9,0,18,0,1,0,0,0,0,1,1,2,1,60,9,1399,2,16,-1,1,-1
201863C075218,1,1,0,16,0,0,1,0,0,0,1,1,6,1,32,6,-1,-1,-1,6,1,6
201863C075218,2,9,0,17,0,0,0,0,0,0,1,1,6,1,23,5,998,1,19,-1,3,-1
201863C076318,1,21,5,18,0,0,0,6,1,4,4,1,6,1,21,5,6370,2,17,-1,3,-1
201863C076318,2,9,0,18,0,0,0,0,0,0,0,1,6,2,74,10,1242,1,4,-1,3,-1
201863C076418,1,9,0,18,0,8,0,0,0,0,1,1,6,1,54,8,3993,1,1,10,1,10
201863C076418,2,19,0,18,0,8,0,0,1,10,1,1,1,1,26,6,2402,2,9,-1,2,-1
201863C076618,1,9,0,7,0,6,0,0,0,0,1,1,6,1,26,6,1995,2,11,-1,3,-1
201863C076618,2,9,0,18,0,1,0,0,0,0,1,1,6,2,54,8,1686,2,8,-1,1,-1
201863C077518,1,19,0,18,0,0,0,0,0,0,1,1,6,1,29,6,1753,2,12,-1,3,-1
201863C077518,2,9,0,18,0,0,0,0,0,0,3,1,6,1,47,8,1560,2,8,-1,3,-1
201863C077718,1,9,0,18,0,1,0,0,1,10,1,1,6,2,61,9,1997,2,6,-1,3,-1
201863C077718,2,19,0,4,0,1,0,0,0,0,2,1,1,1,31,6,2143,2,3,-1,1,-1
201863C077718,3,9,0,7,0,5,0,0,0,0,0,1,6,1,27,6,1598,2,5,-1,1,-1
201863C078018,1,9,0,18,9,6,0,0,3,5,1,1,6,2,65,9,1299,1,13,-1,3,-1
201863C078418,1,9,0,16,0,0,2,0,2,10,1,1,6,1,18,4,1229,1,11,-1,1,-1
201863C078718,1,9,0,9,0,8,0,0,0,0,1,1,6,1,57,9,2987,2,13,1,1,1
201863C078718,2,9,0,7,0,1,0,0,0,0,3,1,6,2,30,6,1586,1,2,-1,-1,-1
201863C078718,3,1,0,18,0,1,0,0,0,0,1,1,6,1,32,6,-1,-1,-1,-1,3,-1
201863C078918,1,9,0,18,0,1,0,0,0,0,1,1,6,2,43,7,1595,2,8,-1,3,-1
201863C078918,2,10,0,8,0,1,0,0,0,0,2,1,6,2,51,8,2463,2,14,-1,3,-1
201863C079318,1,9,0,18,0,1,0,0,0,0,1,1,6,1,31,6,1248,1,6,9,3,9
201863C079318,2,9,0,9,0,6,0,0,0,0,3,1,6,1,26,6,1598,1,8,-1,1,-1
201863C079418,1,19,0,1,0,0,0,0,0,0,2,1,1,1,47,8,1248,2,4,-1,1,-1
201863C079418,2,19,0,2,0,0,0,0,0,0,0,1,6,3,-1,-1,-1,-1,-1,-1,-1,-1
201863C079918,1,9,0,18,0,0,1,0,0,0,1,1,6,1,17,4,1560,2,11,-1,3,-1
201863C080918,1,9,0,7,0,6,0,0,0,0,1,1,6,2,48,8,-1,-1,-1,-1,-1,-1
201863C080918,2,9,0,18,0,8,0,10,8,10,4,1,1,1,72,10,1991,2,11,-1,3,-1
201863C082418,1,9,0,18,0,0,0,0,0,0,1,1,1,1,20,4,1197,1,1,-1,2,-1
201863C082418,2,9,0,18,0,0,0,0,0,0,1,1,1,2,20,4,1388,1,12,4,1,4
201863C082718,1,9,0,18,0,0,0,0,0,0,1,1,6,2,18,4,1149,1,11,-1,1,-1
201863C082718,2,9,0,3,0,0,0,0,0,0,2,1,2,2,58,9,1242,1,5,-1,1,-1
201863C082718,3,9,0,3,0,0,0,0,0,0,2,1,2,1,20,4,1994,1,13,-1,2,-1
201863C082718,4,9,0,3,0,0,0,0,0,0,2,1,6,2,50,8,1395,1,4,-1,3,-1
201863C082718,5,9,0,3,0,0,0,0,0,0,0,1,6,3,-1,-1,-1,-1,-1,-1,-1,-1
201863C082918,1,9,0,18,0,0,0,0,0,0,4,1,6,1,45,7,1968,2,9,-1,3,-1
201863C084318,1,9,0,18,0,1,0,0,0,0,1,1,6,2,18,4,998,1,9,-1,3,-1
201863C084318,2,9,0,7,0,5,0,0,1,0,2,1,6,2,75,10,1198,1,8,-1,3,-1
201863C085518,1,19,0,16,0,0,0,0,7,10,1,1,6,1,26,6,2198,2,11,-1,1,-1
201863C085818,1,19,0,18,0,0,0,0,0,0,4,1,6,2,42,7,1968,2,3,5,1,5
201863C086118,1,9,0,17,0,0,2,0,2,10,1,1,6,2,28,6,1598,1,9,-1,3,-1
201863C086118,2,9,0,16,0,0,0,0,0,0,1,1,6,1,50,8,4398,1,17,-1,3,-1
201863C086218,1,19,4,18,0,8,5,0,3,10,4,1,1,1,35,6,2143,2,1,-1,2,-1
201863C086218,2,9,0,18,0,8,0,0,0,0,1,1,1,1,52,8,1200,1,4,-1,3,-1
201863C086318,1,3,0,18,0,0,1,0,0,0,1,1,6,1,33,6,125,1,7,-1,2,-1
201863C086618,1,9,0,1,0,1,0,0,0,0,2,1,6,3,-1,-1,-1,-1,-1,-1,-1,-1
201863C086718,1,9,0,18,0,0,0,0,0,0,3,1,6,2,26,6,1560,2,13,-1,2,-1
201863C086718,2,9,0,18,0,0,1,0,0,0,3,1,6,2,73,10,1490,1,15,-1,2,-1
201863C086718,3,9,0,2,0,0,0,0,0,0,0,1,6,3,-1,-1,-1,-1,-1,-1,-1,-1
201863C086718,4,9,0,2,0,0,0,0,0,0,0,1,6,3,-1,-1,-1,-1,-1,-1,-1,-1
201863C087518,1,9,0,9,0,6,0,0,0,0,1,1,6,1,49,8,1197,1,1,-1,3,-1
201863C087518,2,9,0,18,0,8,0,0,0,0,1,1,2,2,29,6,1329,1,3,-1,1,-1
201863C088218,1,8,0,9,0,1,0,0,7,10,3,1,1,1,39,7,1598,2,4,-1,2,-1
201863C088218,2,90,0,13,0,1,0,0,0,0,1,1,1,1,38,7,2199,2,5,-1,3,-1
201863C088418,1,19,0,18,0,0,0,0,0,0,3,1,6,1,32,6,2464,2,12,-1,2,-1
201863C088418,2,1,0,17,0,0,0,0,0,0,1,1,6,1,33,6,-1,-1,-1,-1,3,-1
201863C088618,1,9,0,16,0,8,1,0,7,9,1,1,2,2,18,4,1390,1,8,-1,3,-1
201863C089118,1,9,0,18,0,4,0,0,0,0,1,1,6,3,-1,-1,-1,-1,-1,-1,-1,-1
201863C089618,1,9,0,18,0,2,0,0,0,0,1,1,2,1,31,6,1998,1,7,-1,2,-1
201863C089618,2,9,0,4,0,2,0,0,0,0,2,1,6,2,28,6,1596,1,13,-1,2,-1
201863C089618,3,19,0,4,0,2,0,0,0,0,2,1,6,1,47,8,1995,2,10,-1,1,-1
201863C089618,4,21,0,4,0,2,0,0,0,0,0,1,6,3,-1,-1,-1,-1,-1,-1,-1,-1
201863C089718,1,9,0,16,0,0,0,0,0,0,1,1,3,2,37,7,1796,1,18,-1,3,-1
201863C089718,2,21,0,17,0,0,0,0,0,0,3,1,1,1,57,9,12740,2,5,-1,3,-1
201863C090818,1,9,0,18,0,0,1,0,1,1,1,1,1,1,25,5,1398,2,11,-1,3,-1
201863C091418,1,9,0,18,0,0,1,0,1,10,1,1,6,1,59,9,2996,2,20,-1,3,-1
201863C091518,1,9,0,18,0,0,0,0,0,0,3,1,6,1,44,7,1796,1,15,2,1,2
201863C091518,2,9,0,18,0,0,0,0,0,0,1,1,6,1,28,6,1598,1,16,-1,-1,-1
201863C091818,1,5,0,13,0,1,0,0,7,0,1,1,6,1,42,7,1250,1,19,-1,3,-1
201863C091818,2,9,0,9,0,5,0,0,0,0,3,1,1,1,37,7,1968,2,13,-1,1,-1
201863C091818,3,9,0,18,0,1,0,0,0,0,0,1,6,3,-1,-1,-1,-1,-1,-1,-1,-1
201863C092318,1,9,0,18,0,8,0,0,1,10,3,1,6,1,22,5,1147,1,-1,-1,3,-1
201863C092318,2,9,0,5,0,8,0,0,0,0,4,1,6,1,88,11,2401,2,12,9,1,9
201863C093618,1,9,0,7,5,6,0,0,0,0,0,1,1,1,46,8,1598,2,5,-1,1,-1
201863C093618,2,4,0,18,0,1,0,0,0,0,0,1,6,1,56,9,675,1,6,-1,1,-1
201863C093718,1,9,0,4,0,0,0,0,0,0,2,1,6,2,35,6,1399,2,7,-1,2,-1
201863C093718,2,9,0,16,0,0,0,0,0,0,1,1,6,2,23,5,1995,2,13,-1,3,-1
201863C094118,1,3,0,18,0,0,0,0,0,0,0,1,2,1,18,4,125,1,1,-1,1,-1
201863C094618,1,9,0,18,0,1,0,0,0,0,3,1,6,1,52,8,2495,2,15,-1,1,-1
201863C094618,2,3,0,18,0,2,0,0,0,0,1,1,6,1,28,6,125,1,13,-1,3,-1
201863C094618,3,9,0,2,0,1,0,0,0,0,0,1,6,3,-1,-1,-1,-1,-1,-1,-1,-1
201863C094818,1,19,0,18,0,1,0,0,0,0,1,1,2,1,46,8,1753,2,11,-1,3,-1
201863C094818,2,9,0,4,0,1,0,0,0,0,2,1,2,2,30,6,1995,2,11,-1,1,-1
201863C094818,3,9,0,3,0,1,0,0,0,0,0,1,6,3,-1,-1,-1,-1,-1,-1,-1,-1
201863C095118,1,21,0,13,0,0,0,0,0,0,4,1,1,1,56,9,8970,2,11,-1,2,-1
201863C095118,2,1,0,18,0,0,0,0,1,10,3,1,6,1,62,9,-1,-1,-1,-1,2,-1
201863C095518,1,9,0,13,0,1,0,0,0,0,1,1,6,1,60,9,1560,2,11,9,1,9
201863C095518,2,19,0,9,0,5,0,0,0,0,3,1,1,1,25,5,1461,2,3,-1,3,-1
201863C095618,1,9,0,7,0,6,0,0,3,10,3,1,6,1,53,8,1975,1,13,-1,2,-1
201863C098718,1,9,0,18,0,1,1,0,2,10,4,1,6,1,56,9,-1,-1,-1,-1,1,-1
201863C099818,1,5,0,13,0,0,0,0,0,0,0,1,2,1,56,9,999,1,5,-1,2,-1
201863C099818,2,9,0,18,0,0,0,0,0,0,0,1,6,3,-1,-1,-1,-1,-1,-1,-1,-1
201863C100218,1,9,0,18,9,0,0,0,7,10,1,1,6,1,48,8,2231,2,3,-1,2,-1
201863C100318,1,9,0,17,0,1,0,4,0,0,1,1,6,1,86,11,1595,1,3,-1,1,-1
201863C100318,2,19,0,2,0,1,0,0,0,0,2,1,6,1,44,7,2402,2,17,-1,1,-1
201863C100318,3,21,0,16,0,1,0,0,0,0,0,1,6,3,-1,-1,-1,-1,-1,-1,-1,-1
201863C100618,1,9,0,16,0,0,2,0,8,4,1,1,6,1,74,10,1560,2,4,-1,2,-1
201863C102918,1,9,0,18,0,1,1,0,0,0,1,1,6,1,81,11,1870,2,15,-1,2,-1
201863C102918,2,9,0,10,0,8,0,0,0,0,2,1,6,1,68,10,1956,2,9,-1,3,-1
201863C102918,3,9,0,18,0,1,0,0,0,0,0,1,6,3,-1,-1,-1,-1,-1,-1,-1,-1
201863C103918,1,9,0,18,0,0,0,0,1,10,1,1,1,1,19,4,1229,1,13,-1,1,-1
201863C105118,1,9,0,18,0,8,0,0,0,0,1,1,6,1,62,9,1910,2,11,-1,1,-1
201863C105118,2,9,0,4,0,8,0,0,0,0,2,1,6,2,45,7,1499,2,3,-1,1,-1
201863C105118,3,9,0,18,0,8,0,0,0,0,0,1,6,3,-1,-1,-1,-1,-1,-1,-1,-1
201863C105318,1,9,0,18,9,0,0,4,1,10,1,1,2,1,44,7,1422,2,13,-1,1,-1
201863C105318,2,9,0,2,0,0,0,0,0,0,2,1,6,1,32,6,2495,1,29,-1,3,-1
201863C105418,1,9,0,16,0,1,1,0,2,10,1,1,6,1,24,5,1199,1,19,-1,3,-1
201863C105618,1,9,0,18,0,0,0,0,0,0,4,1,6,2,33,6,1598,2,7,-1,3,-1
201863C106518,1,9,0,5,0,0,0,0,0,0,4,1,6,2,21,5,1598,2,7,-1,3,-1
201863C106518,2,9,0,18,0,0,0,0,0,0,0,1,6,3,-1,-1,-1,-1,-1,-1,-1,-1
201863C107218,1,9,0,17,0,0,5,0,0,0,4,1,6,1,24,5,1368,1,7,-1,1,-1
201863C107318,1,9,0,18,0,1,1,0,0,0,1,1,2,2,26,6,1197,1,3,-1,2,-1
201863C107318,2,9,0,4,0,1,0,0,0,0,2,1,6,1,64,9,-1,-1,-1,-1,3,-1
201863C107318,3,9,0,18,0,1,0,0,0,0,1,1,6,2,30,6,1598,1,14,-1,3,-1
201863C107318,4,9,0,18,0,1,0,0,0,0,3,1,6,1,41,7,2993,2,4,-1,2,-1
201863C107318,5,9,0,10,0,1,0,0,0,0,0,1,6,2,62,9,2494,1,14,-1,3,-1
201863C107418,1,3,0,18,9,0,0,0,0,0,1,1,6,3,-1,-1,-1,-1,-1,-1,-1,-1
201863C107818,1,9,0,17,0,0,0,0,7,10,1,1,2,2,19,4,1896,2,11,-1,3,-1
201863C108218,1,9,0,9,0,5,0,0,0,0,3,2,3,1,34,6,-1,-1,-1,-1,1,-1
201863C108218,2,9,0,18,0,1,0,0,0,0,1,1,1,2,44,7,-1,-1,-1,-1,1,-1
201863C109418,1,9,0,9,0,6,0,0,0,0,3,1,1,2,25,5,1368,1,3,-1,2,-1
201863C109418,2,9,0,18,0,1,0,0,0,0,1,1,2,1,56,9,1461,2,1,-1,1,-1
201863C109518,1,9,0,5,0,6,0,0,0,0,1,1,6,2,78,11,1360,1,14,-1,1,-1
201863C109518,2,9,0,18,0,1,0,0,0,0,4,1,6,1,89,11,1329,1,4,-1,-1,-1
201863C109718,1,9,0,18,0,0,1,0,1,10,1,1,6,1,23,5,-1,-1,-1,-1,2,-1
201863C109718,2,21,0,4,0,0,0,0,0,0,2,1,1,1,33,6,11120,2,3,4,1,4
201863C110918,1,9,0,18,0,0,0,0,0,0,1,1,1,2,28,6,1364,1,8,-1,2,-1
201863C110918,2,9,0,4,0,0,0,0,0,0,2,1,1,2,24,5,1598,2,1,-1,3,-1
201863C110918,3,9,0,4,0,0,0,0,0,0,0,1,6,3,-1,-1,-1,-1,-1,-1,-1,-1
201863C111018,1,19,0,18,0,1,0,0,1,10,1,1,1,1,35,6,2402,2,12,-1,3,-1
201863C111018,2,9,0,4,0,1,0,0,0,0,2,1,6,1,46,8,898,1,3,-1,-1,-1
201863C111018,3,9,0,10,0,1,0,0,0,0,2,1,3,2,39,7,1896,2,14,-1,3,-1
201863C111018,4,19,0,18,0,1,0,0,0,0,3,1,1,1,41,7,1968,2,4,-1,2,-1
201863C111318,1,9,0,9,0,5,0,0,0,0,1,1,6,1,67,10,998,1,2,-1,3,-1
201863C111318,2,9,0,18,0,1,0,0,1,10,1,1,2,1,28,6,1598,2,3,-1,3,-1
201863C112818,1,9,0,18,0,0,1,0,8,10,1,1,2,2,26,6,1398,2,11,3,1,3
201863C113118,1,9,0,18,0,0,2,0,2,10,4,1,6,1,32,6,2979,1,3,-1,3,-1
201863C113718,1,9,0,17,0,0,1,0,0,0,1,1,2,1,19,4,1560,2,4,-1,1,-1
201863C113918,1,19,0,9,0,5,0,0,1,0,4,1,6,1,53,8,1998,2,16,-1,2,-1
201863C113918,2,9,0,18,0,1,0,0,0,0,1,1,6,1,37,7,1753,2,11,-1,3,-1
201863C114318,1,19,0,18,0,0,2,0,2,10,1,1,6,2,27,6,-1,-1,-1,-1,3,-1
201863C114618,1,9,0,17,0,0,0,0,1,10,1,1,6,2,63,9,2496,1,16,-1,3,-1
201863C114718,1,9,0,17,0,0,0,0,0,0,0,1,1,1,70,10,2400,2,7,-1,-1,-1
201863C114718,2,1,0,18,0,0,0,0,0,0,0,1,6,1,46,8,-1,-1,-1,-1,3,-1
201863C115318,1,9,0,7,0,6,0,0,0,0,3,1,1,1,45,7,1753,2,8,-1,1,-1
201863C115318,2,9,0,18,0,1,0,0,0,0,1,1,2,2,18,4,998,1,10,-1,1,-1
201863C117418,1,9,0,4,0,0,1,0,0,0,0,1,6,2,38,7,1248,1,8,-1,2,-1
201863C117418,2,3,0,18,0,0,1,0,0,0,0,1,6,1,35,6,124,1,-1,-1,2,-1
201863C118518,1,19,0,18,0,0,0,0,7,10,1,1,1,1,55,8,2463,2,13,-1,2,-1
201863C118518,2,9,0,18,0,0,1,0,1,10,1,1,1,1,39,7,-1,-1,-1,-1,3,-1
201863C118618,1,9,0,7,0,6,0,0,0,0,1,1,6,2,40,7,-1,-1,-1,-1,3,-1
201863C118618,2,9,0,18,0,1,1,0,0,0,1,1,2,1,38,7,999,1,6,-1,3,-1
201863C119018,1,19,0,7,0,6,0,0,0,0,1,1,1,1,56,9,1560,2,3,-1,2,-1
201863C119018,2,9,0,18,0,1,0,0,0,0,3,1,6,1,57,9,-1,-1,-1,-1,3,-1
201863C119018,3,9,0,2,0,1,0,0,0,0,3,1,6,1,77,11,3200,2,11,-1,3,-1
201863C119118,1,9,0,17,0,0,1,0,1,10,1,1,3,1,17,4,1399,2,7,-1,3,-1
201863C119618,1,9,0,18,0,1,0,0,0,0,1,1,1,2,30,6,1242,1,10,-1,1,-1
201863C119618,2,9,0,9,0,6,0,0,0,0,1,1,6,1,43,7,1086,1,14,-1,1,-1
201863C120418,1,9,0,18,0,1,1,0,0,0,1,1,6,1,31,6,1896,2,13,-1,3,-1
201863C120418,2,9,0,10,0,1,0,0,0,0,2,1,1,2,31,6,1560,2,7,-1,3,-1
201863C120618,1,5,0,18,0,0,1,0,0,10,1,1,1,1,-1,-1,1470,1,20,-1,-1,-1
201863C120618,2,5,0,18,0,0,0,0,0,0,1,1,6,1,51,8,1450,1,13,-1,-1,-1
201863C120718,1,9,0,4,0,1,0,0,0,0,2,1,6,2,17,4,998,1,10,-1,1,-1
201863C120718,2,9,0,18,0,1,0,0,0,0,1,1,6,2,37,7,1396,1,7,-1,3,-1
201863C120718,3,9,0,4,0,1,0,0,0,0,0,1,6,3,-1,-1,-1,-1,-1,-1,-1,-1
201863C120818,1,9,0,18,0,0,0,0,0,0,1,1,6,1,38,7,1242,1,5,-1,2,-1
201863C121618,1,9,0,18,0,1,0,0,0,0,1,1,6,2,69,10,1598,2,2,-1,2,-1
201863C121618,2,9,0,7,0,6,0,0,0,0,3,1,6,1,28,6,1196,1,23,-1,2,-1
201863C121618,3,21,0,1,0,5,0,0,0,0,0,1,1,1,53,8,6700,2,3,6,1,6
201863C122018,1,9,0,18,0,0,1,0,2,7,4,1,2,2,46,8,1686,2,8,-1,2,-1
201863C123918,1,9,0,17,0,0,2,0,2,10,1,1,6,1,21,5,1368,1,2,-1,1,-1
201863C124318,1,19,0,10,0,1,0,0,0,0,2,1,6,1,59,9,1995,2,1,-1,3,-1
201863C124318,2,9,0,18,0,1,1,0,0,0,1,1,6,1,57,9,1390,1,17,-1,3,-1
201863C124318,3,9,0,18,0,1,0,0,0,0,0,1,6,3,-1,-1,-1,-1,-1,-1,-1,-1
201863D000118,1,9,0,13,0,0,1,0,1,4,3,1,6,1,62,9,1149,1,13,-1,3,-1
201863D000118,2,17,4,18,0,0,0,0,0,0,2,1,1,1,29,6,98,2,30,-1,3,-1
201863D000118,3,9,0,18,0,0,0,0,0,0,0,1,6,3,-1,-1,-1,-1,-1,-1,-1,-1
201863D000318,1,9,0,17,0,0,1,0,1,10,4,1,6,1,89,11,1968,2,2,-1,3,-1
201863D000618,1,9,0,9,0,6,0,0,0,0,0,1,1,1,20,4,2198,2,4,-1,1,-1
201863D000918,1,9,0,9,0,6,0,0,0,0,3,1,6,2,54,8,1968,2,6,-1,3,-1
201863D000918,2,5,0,18,0,1,1,0,0,0,1,1,6,1,34,6,1301,1,1,-1,2,-1
201863D001318,1,4,0,18,0,0,1,0,0,0,3,1,6,1,51,8,1195,1,2,-1,1,-1
201863D001418,1,9,0,18,0,1,0,0,8,10,1,1,6,1,86,11,1794,1,12,6,3,6