Accident_Index,Vehicle_Reference,Vehicle_Type,Towing_and_Articulation,Vehicle_Manoeuvre,Vehicle_Location-Restricted_Lane,Junction_Location,Skidding_and_Overturning,Hit_Object_in_Carriageway,Vehicle_Leaving_Carriageway,Hit_Object_off_Carriageway,1st_Point_of_Impact,Was_Vehicle_Left_Hand_Drive?,Journey_Purpose_of_Driver,Sex_of_Driver,Age_of_Driver,Age_Band_of_Driver,Engine_Capacity_(CC),Propulsion_Code,Age_of_Vehicle,Driver_IMD_Decile,Driver_Home_Area_Type,Vehicle_IMD_Decile
201863D001418,2,9,0,18,0,2,0,0,1,0,1,1,6,2,23,5,1597,2,5,-1,1,-1
201863D001618,1,9,0,16,0,0,1,0,8,10,1,1,6,1,53,8,1248,2,10,-1,1,-1
201863D001618,2,9,0,17,0,0,0,0,1,10,1,1,6,1,64,9,1999,2,-1,7,3,7
201863D001618,3,9,0,17,0,0,1,0,0,0,1,1,2,1,32,6,1910,2,10,-1,3,-1
201863D001818,1,19,0,18,0,0,0,0,0,0,4,1,6,1,38,7,2198,2,4,-1,2,-1
201863D001818,2,1,0,18,0,0,0,0,0,0,3,1,6,1,58,9,-1,-1,-1,-1,2,-1
201863D001918,1,9,0,16,0,0,0,0,7,4,1,1,6,1,18,4,1248,2,12,-1,3,-1
201863D002118,1,9,0,18,0,0,0,0,0,0,4,1,6,3,-1,-1,-1,-1,-1,-1,-1,-1
201863D002518,1,9,0,18,0,0,0,0,0,0,1,1,1,1,30,6,1753,2,11,-1,2,-1
201863D002518,2,21,4,18,0,0,0,0,0,0,1,1,1,1,53,8,10518,2,5,-1,3,-1
201863D002918,1,9,0,13,0,0,0,0,0,0,1,1,3,2,37,7,1598,1,19,-1,3,-1
201863D002918,2,19,0,18,0,0,1,0,0,0,1,1,2,1,41,7,2198,2,3,-1,2,-1
201863D002918,3,17,0,18,0,0,0,0,0,0,0,1,1,1,31,6,5883,2,14,-1,-1,-1
201863D002918,4,9,0,13,0,0,0,0,0,0,0,1,6,3,-1,-1,-1,-1,-1,-1,-1,-1
201863D002918,5,9,0,18,0,0,0,0,0,0,0,1,6,3,-1,-1,-1,-1,-1,-1,-1,-1
201863D003318,1,9,0,14,0,8,0,0,0,0,1,1,6,2,52,8,1329,1,3,-1,2,-1
201863D003318,2,9,0,18,0,8,0,0,0,0,1,1,6,1,26,6,-1,-1,-1,-1,1,-1
201863D003318,3,19,0,2,0,8,0,0,0,0,3,1,6,3,-1,-1,1248,2,7,-1,-1,-1
201863D004219,1,9,0,9,0,6,0,0,1,0,3,1,2,1,29,6,1997,1,15,-1,3,-1
201863D004219,2,9,0,18,0,1,0,0,0,0,1,1,6,1,80,11,1951,2,12,-1,3,-1
201863D004718,1,9,0,18,0,0,0,0,0,0,1,1,6,3,-1,-1,-1,-1,-1,-1,-1,-1
201863D005018,1,9,0,9,0,8,0,0,0,0,1,1,6,1,38,7,1396,2,17,-1,2,-1
201863D005018,2,9,0,2,0,1,0,0,0,0,2,1,6,2,62,9,1995,2,13,-1,2,-1
201863D005318,1,9,0,17,0,0,2,0,2,10,1,1,2,2,18,4,1242,1,6,-1,2,-1
201863D005418,1,9,0,18,0,1,0,0,0,0,1,1,6,2,42,7,1560,2,9,-1,3,-1
201863D005418,2,9,0,18,0,1,0,0,0,0,1,1,6,1,35,6,-1,-1,-1,3,1,3
201863D005418,3,9,0,10,0,1,0,0,0,0,2,1,1,2,37,7,1598,1,8,-1,2,-1
201863D005718,1,9,0,18,0,0,2,0,7,10,1,1,1,1,34,6,1956,2,9,-1,1,-1
201863D005918,1,9,0,18,0,0,1,0,0,0,1,1,2,1,25,5,-1,-1,-1,-1,3,-1
201863D006018,1,9,0,18,0,0,0,0,1,10,1,1,6,2,25,5,1388,1,11,-1,2,-1
201863D006418,1,9,0,18,0,0,1,0,8,10,1,1,6,2,52,8,1248,2,10,-1,3,-1
201863D006618,1,9,0,5,0,8,0,0,0,0,1,1,6,2,22,5,1229,1,10,-1,2,-1
201863D006618,2,9,0,16,0,1,0,0,0,0,1,1,6,2,66,10,1364,1,11,-1,3,-1
201863D006918,1,9,0,18,0,1,0,0,0,0,1,1,6,1,18,4,1984,1,15,-1,1,-1
201863D006918,2,9,0,18,0,1,0,0,0,0,4,1,6,2,18,4,998,1,18,-1,1,-1
201863D007018,1,9,0,13,0,0,0,0,7,10,3,1,6,2,23,5,-1,-1,-1,-1,2,-1
201863D007018,2,9,0,18,0,0,0,0,1,10,1,1,6,2,34,6,2143,2,1,-1,3,-1
201863D007018,3,9,0,18,0,0,0,0,0,0,0,1,6,3,-1,-1,-1,-1,-1,-1,-1,-1
201863D007518,1,9,0,18,0,0,0,0,7,10,1,1,6,1,32,6,1995,2,12,-1,2,-1
201863D007918,1,9,0,17,0,1,1,0,1,4,1,1,6,1,74,10,1995,2,11,-1,2,-1
201863D008418,1,21,1,17,0,0,5,0,1,10,1,1,1,1,64,9,12419,2,1,1,1,1
201863D008418,2,9,0,18,0,0,0,0,0,0,0,1,6,3,-1,-1,-1,-1,-1,-1,-1,-1
201863D008618,1,9,0,18,0,0,0,0,0,0,2,1,6,1,76,11,2720,2,11,-1,3,-1
201863D008618,2,9,0,18,0,0,0,0,1,10,1,1,6,2,48,8,-1,-1,-1,-1,3,-1
201863D008618,3,21,0,18,0,0,0,0,0,0,1,1,1,1,51,8,12777,2,2,2,1,2
201863D009318,1,9,0,18,0,0,0,0,0,0,1,1,6,2,24,5,1364,1,-1,-1,2,-1
201863D009318,2,9,0,3,0,0,0,0,0,0,2,1,6,2,49,8,1390,1,5,-1,2,-1
201863D009318,3,9,0,4,0,0,0,0,0,0,2,1,6,1,70,10,1598,2,4,-1,3,-1
201863D009618,1,9,0,16,0,0,0,0,7,9,1,1,6,1,22,5,2982,2,7,-1,3,-1
201863D010018,1,9,0,17,0,0,1,0,2,7,1,1,2,2,21,5,1390,1,13,-1,3,-1
201863D011018,1,9,0,9,0,5,0,0,0,0,3,1,6,1,47,8,1596,1,17,5,3,5
201863D011118,1,9,0,17,0,1,1,0,7,1,2,1,2,2,47,8,1124,1,20,-1,2,-1
201863D012218,1,9,0,9,0,5,0,0,0,0,1,1,6,1,23,5,1242,1,12,-1,1,-1
201863D012218,2,9,0,9,0,7,0,0,0,0,1,1,6,2,64,9,1198,1,15,-1,3,-1
201863D012318,1,9,0,18,0,0,0,0,2,10,1,1,6,2,55,8,1598,1,11,-1,2,-1
201863D012818,1,9,0,18,0,0,0,0,2,10,1,1,6,1,42,7,1560,2,1,-1,-1,-1
201863D012918,1,9,0,4,0,1,1,0,1,10,2,1,2,2,29,6,1461,2,8,-1,1,-1
201863D012918,2,9,0,18,0,1,1,0,0,0,1,1,3,2,30,6,1956,2,4,-1,1,-1
201863D012918,3,9,0,18,0,1,1,0,0,0,1,1,2,2,21,5,-1,-1,-1,-1,3,-1
201863D012918,4,9,0,4,0,1,0,0,0,0,0,1,6,3,-1,-1,-1,-1,-1,-1,-1,-1
201863D013318,1,9,0,17,0,0,5,0,2,10,1,1,2,2,24,5,1364,1,-1,-1,3,-1
201863D013418,1,9,0,18,0,1,0,0,0,0,1,1,6,2,21,5,1360,1,12,-1,2,-1
201863D013618,1,9,0,7,0,6,0,0,0,0,4,1,1,1,43,7,1206,1,6,-1,3,-1
201863D013718,1,9,0,18,0,0,2,0,7,4,3,1,1,1,30,6,1896,2,18,1,1,1
201863D014118,1,9,0,9,0,6,0,0,0,0,3,1,1,2,58,9,1896,2,16,-1,3,-1
201863D014118,2,3,0,18,0,1,1,4,0,0,1,1,6,1,24,5,124,1,12,-1,1,-1
201863D014118,3,9,0,2,0,1,0,0,0,0,2,1,6,2,36,7,1896,2,17,-1,1,-1
201863D014518,1,9,0,18,0,1,1,0,2,4,0,1,6,1,19,4,1242,1,13,-1,3,-1
201863D015318,1,9,0,18,0,0,1,0,1,10,1,1,2,2,29,6,1395,1,2,-1,1,-1
201863D015518,1,9,0,9,0,5,0,0,0,0,1,1,6,1,66,10,1590,1,14,-1,2,-1
201863D015518,2,9,0,18,0,8,1,0,0,0,3,1,6,1,64,9,2204,2,13,-1,3,-1
201863D015518,3,9,0,10,0,1,0,0,0,0,3,1,6,2,81,11,1686,2,14,-1,3,-1
201863D015618,1,90,0,18,0,0,5,0,1,10,1,1,1,1,44,7,17177,2,7,10,1,10
201863D015618,2,90,0,18,0,0,0,0,0,0,0,1,1,1,43,7,-1,-1,-1,10,1,10
201863D015618,3,21,1,18,0,0,0,0,0,0,0,1,1,3,-1,-1,-1,-1,-1,-1,-1,-1
201863D016318,1,9,0,18,0,0,1,0,0,0,1,1,6,1,90,11,1328,1,17,-1,3,-1
201863D016318,2,19,0,4,0,0,0,0,0,0,2,1,1,1,62,9,1753,2,5,-1,2,-1
201863D016318,3,17,0,18,0,0,0,0,0,0,0,1,6,3,-1,-1,-1,-1,-1,-1,-1,-1
201863D017118,1,9,0,18,0,0,1,0,8,10,3,1,6,2,47,8,1796,1,11,-1,2,-1
201863D017318,1,9,0,4,0,0,0,0,0,0,0,1,2,2,74,10,1399,2,6,-1,3,-1
201863D017318,2,19,0,13,0,0,0,0,0,0,3,1,2,1,23,5,1461,2,2,-1,2,-1
201863D017318,3,5,0,13,0,0,0,0,8,10,4,1,2,1,44,7,1000,1,4,-1,2,-1
201863D017418,1,21,0,4,6,0,0,12,0,0,0,1,1,1,62,9,11967,2,6,-1,1,-1
201863D017418,2,20,0,4,0,0,0,0,0,0,2,1,1,1,45,7,-1,-1,-1,-1,1,-1
201863D017418,3,9,0,18,0,0,1,0,0,0,2,1,6,2,62,9,1242,1,9,-1,3,-1
201863D017418,4,9,0,18,0,0,1,0,0,0,1,1,6,1,29,6,998,1,4,-1,3,-1
201863D017418,5,9,0,18,0,0,1,0,0,0,1,1,6,1,71,10,2777,2,9,-1,3,-1
201863D017918,1,9,0,5,0,1,0,0,0,0,4,1,6,2,32,6,2993,2,5,-1,3,-1
201863D018318,1,9,0,18,0,1,0,0,0,0,1,1,6,3,-1,-1,-1,-1,-1,-1,-1,-1
201863D018318,2,9,0,10,0,1,0,0,0,0,2,1,6,2,42,7,1242,1,1,-1,3,-1
201863D018418,1,9,0,17,0,0,2,0,8,10,1,1,2,2,18,4,1299,1,18,-1,2,-1
201863D018718,1,9,0,18,0,1,0,0,0,0,1,1,6,1,69,10,2494,8,-1,-1,3,-1
201863D018718,2,9,0,10,0,1,0,0,0,0,2,1,1,1,28,6,2494,2,6,-1,3,-1
201863D018818,1,9,0,5,0,0,0,4,7,10,1,1,6,2,85,11,1591,1,7,-1,3,-1
201863D018818,2,9,0,2,0,0,0,0,0,0,2,1,6,1,86,11,1364,2,2,-1,3,-1
201863D019318,1,9,0,18,0,0,0,0,0,0,3,1,6,1,65,9,1596,1,8,-1,3,-1
201863D019318,2,9,0,18,0,0,0,0,1,0,1,1,6,2,63,9,1975,1,10,-1,2,-1
201863D019618,1,9,0,16,0,1,0,0,0,0,1,1,6,2,58,9,1598,2,7,10,3,10
201863D019918,1,9,0,18,0,0,0,12,0,0,3,1,6,2,46,8,1388,1,11,-1,3,-1
201863D019918,2,9,0,2,0,0,0,0,0,0,0,1,6,3,-1,-1,-1,-1,-1,-1,-1,-1
201863D020018,1,9,0,16,0,0,1,0,0,0,1,1,6,1,68,10,1997,1,1,-1,3,-1
201863D020018,2,9,0,17,0,0,1,0,2,7,4,1,6,2,18,4,1242,1,9,-1,3,-1
201863D020518,1,9,0,18,0,0,2,0,0,0,0,1,6,2,48,8,1299,1,15,-1,2,-1
201863D020618,1,9,0,18,0,0,1,0,0,0,1,1,6,1,28,6,2495,2,14,-1,3,-1
201863D020618,2,9,0,18,0,0,1,0,0,0,1,1,2,2,30,6,1997,2,3,-1,3,-1
201863D020718,1,9,0,18,0,0,0,0,1,10,1,1,6,1,32,6,1590,1,29,1,1,1
201863D020718,2,9,0,18,0,0,5,0,0,0,1,1,6,1,52,8,1995,2,8,-1,3,-1
201863D020818,1,9,0,16,0,0,0,0,0,0,3,1,6,1,18,4,1242,1,11,-1,3,-1
201863D020818,2,9,0,17,0,0,0,0,1,10,1,1,6,2,26,6,1150,1,13,5,2,5
201863D021218,1,21,0,7,0,5,0,0,0,0,0,1,1,1,54,8,12809,2,5,-1,-1,-1
201863D021218,2,9,0,17,0,1,0,0,0,0,0,1,6,1,35,6,1910,2,10,6,3,6
201863D021918,1,9,0,9,0,6,0,0,0,0,1,1,6,1,52,8,1591,1,9,-1,2,-1
201863D021918,2,9,0,17,0,1,0,0,0,0,1,1,1,1,60,9,1461,2,12,-1,3,-1
201863D022218,1,9,0,18,0,0,0,0,0,0,1,1,6,1,21,5,1398,1,1,-1,3,-1
201863D022218,2,9,0,18,0,0,0,0,0,0,1,1,1,2,25,5,-1,-1,-1,-1,3,-1
201863D022718,1,9,0,16,0,0,1,7,7,1,3,1,2,1,70,10,1868,2,17,-1,3,-1
201863D022718,2,19,0,17,0,0,0,0,0,0,0,1,6,3,-1,-1,-1,-1,-1,-1,-1,-1
201863D023018,1,9,0,9,0,1,1,0,1,0,3,1,6,2,41,7,1597,2,2,-1,3,-1
201863D023018,2,9,0,18,0,8,1,0,0,0,1,1,6,2,45,7,2690,1,21,-1,3,-1
201863D023118,1,9,0,18,0,0,0,0,0,0,1,1,2,2,31,6,1587,1,12,-1,1,-1
201863D023118,2,9,0,18,0,0,0,0,0,0,1,1,1,1,61,9,1995,2,2,5,1,5
201863D023118,3,9,0,18,0,0,0,0,1,10,1,1,2,2,57,9,1197,1,3,-1,3,-1
201863D023518,1,9,0,13,0,0,2,0,7,10,3,1,6,1,45,7,898,1,2,-1,1,-1
201863D023518,2,9,0,13,0,0,0,0,1,0,1,1,2,1,40,7,2261,1,2,-1,-1,-1
201863D023518,3,9,0,18,0,0,0,0,0,0,0,1,6,3,-1,-1,-1,-1,-1,-1,-1,-1
201863D024318,1,9,0,18,0,0,1,0,8,1,1,1,6,1,20,4,1598,1,15,-1,3,-1
201863D024418,1,21,1,18,0,0,5,0,7,10,1,1,1,1,48,8,12777,2,-1,1,1,1
201863D024518,1,9,0,18,0,8,1,0,1,7,3,1,6,2,18,4,998,1,11,9,1,9
201863D024818,1,9,0,18,0,0,0,4,0,0,1,1,6,1,90,11,1498,1,16,-1,-1,-1
201863D024818,2,9,0,2,0,0,0,0,0,0,2,1,6,3,-1,-1,-1,-1,-1,-1,-1,-1
201863D025018,1,9,0,18,0,0,0,0,0,0,4,1,2,2,55,8,1560,2,7,-1,3,-1
201863D025018,2,9,0,18,0,0,0,0,0,0,0,1,6,3,-1,-1,-1,-1,-1,-1,-1,-1
201863D025218,1,5,0,18,0,0,0,0,0,0,0,1,6,1,66,10,883,1,15,-1,1,-1
201863D025218,2,9,0,4,0,0,0,0,0,0,0,1,6,1,38,7,1998,2,5,-1,2,-1
201863D025318,1,9,0,18,0,1,0,0,0,0,1,1,6,2,46,8,1795,1,18,-1,2,-1
201863D025318,2,9,0,10,0,5,0,0,0,0,0,1,6,2,32,6,2400,2,4,9,1,9
201863D025318,3,9,0,4,0,1,0,0,0,0,2,1,6,1,36,7,1461,2,3,-1,2,-1
201863D025318,4,9,0,4,0,1,0,0,0,0,2,1,6,1,77,11,1995,2,1,-1,3,-1
201863D025318,5,9,0,4,0,1,0,0,0,0,0,1,6,1,37,7,1796,1,8,-1,2,-1
201863D025318,6,9,0,18,0,1,0,0,1,9,1,1,6,2,70,10,-1,-1,-1,-1,3,-1
201863D025518,1,5,0,18,0,1,1,0,0,0,0,1,6,1,66,10,998,1,16,-1,1,-1
201863D025518,2,19,0,10,0,5,0,0,0,0,0,1,6,3,-1,-1,-1,-1,-1,-1,-1,-1
201863D025818,1,9,0,2,9,5,0,0,0,0,0,1,6,1,75,10,1296,1,-1,-1,2,-1
201863D026118,1,9,0,18,0,1,0,0,1,10,1,1,1,1,75,10,-1,-1,-1,7,3,7
201863D026118,2,9,0,4,0,1,0,0,7,10,2,1,6,2,20,4,1560,2,3,-1,2,-1
201863D026118,3,9,0,9,0,5,0,0,0,0,0,1,6,3,-1,-1,-1,-1,-1,-1,-1,-1
201863D026218,1,19,0,7,0,8,0,0,0,0,4,1,1,1,47,8,2287,2,3,-1,1,-1
201863D026218,2,9,0,18,0,1,0,0,0,0,1,1,6,2,25,5,1242,1,3,-1,3,-1
201863D026318,1,9,0,13,0,0,0,0,0,0,1,1,6,1,26,6,1461,2,2,1,1,1
201863D026318,2,9,0,17,0,0,0,0,0,0,1,1,6,1,72,10,1910,2,9,-1,1,-1
201863D026318,3,21,0,18,0,0,0,0,0,0,0,1,6,3,-1,-1,-1,-1,-1,-1,-1,-1
201863D027018,1,17,4,18,0,2,0,0,0,0,0,1,1,1,51,8,-1,2,16,-1,3,-1
201863D027018,2,16,0,18,0,2,0,0,0,0,0,1,6,2,11,3,-1,-1,-1,-1,3,-1
201863D027218,1,9,0,18,0,0,0,0,1,10,1,1,6,2,56,9,1999,1,7,-1,3,-1
201863D027218,2,9,0,18,0,0,0,0,1,10,1,1,6,2,27,6,1598,1,5,-1,3,-1
201863D027418,1,9,0,16,0,1,0,0,0,0,1,1,6,1,33,6,1995,1,10,3,1,3
201863D027418,2,19,0,17,0,2,0,0,0,0,1,1,6,1,47,8,1968,2,2,-1,3,-1
201863D027418,3,9,0,16,0,2,0,0,0,0,1,1,6,1,55,8,1968,2,4,6,1,6
201863D028218,1,5,0,16,0,0,0,0,1,0,3,1,6,1,41,7,-1,-1,-1,7,1,7
201863D028218,2,9,0,18,0,0,0,0,0,0,3,1,6,1,46,8,3628,2,8,3,1,3
201863D029118,1,5,0,16,0,0,1,0,1,7,3,1,6,1,79,11,998,1,10,3,1,3
201863D029418,1,9,0,18,0,0,0,0,7,10,1,1,6,1,27,6,898,1,1,-1,1,-1
201863D029518,1,1,0,18,0,0,0,0,0,0,3,1,6,1,48,8,-1,-1,-1,-1,2,-1
201863D029518,2,20,0,13,0,0,0,0,0,0,4,1,1,1,-1,-1,-1,-1,-1,7,1,7
201863D030218,1,9,0,9,0,6,0,0,0,0,3,1,6,1,22,5,1229,1,7,-1,3,-1
201863D030218,2,9,0,18,0,1,0,0,1,10,1,1,6,2,40,7,1997,2,14,-1,3,-1
201863D030318,1,10,0,9,0,5,0,0,0,0,4,1,6,1,60,9,2198,2,5,-1,3,-1
201863D030318,2,5,0,18,0,1,0,0,7,0,1,1,6,2,62,9,798,1,1,-1,3,-1
201863D030518,1,9,0,3,0,8,0,0,0,0,2,1,6,1,37,7,-1,-1,-1,5,1,5
201863D030518,2,9,0,3,0,1,0,0,0,0,2,1,6,1,22,5,2736,1,16,4,3,4
201863D030518,3,9,0,3,0,1,0,0,0,0,2,1,6,2,28,6,1598,2,3,-1,-1,-1
201863D030518,4,20,0,18,0,1,0,0,0,0,1,1,6,1,48,8,-1,-1,-1,-1,1,-1
201863D030518,5,9,0,5,0,6,0,0,0,0,0,1,6,3,-1,-1,-1,-1,-1,-1,-1,-1
201863D030618,1,11,0,18,0,0,0,0,0,0,3,1,1,2,58,9,4250,2,6,-1,2,-1
201863D030618,2,21,1,18,0,0,0,0,0,0,3,1,1,1,55,8,12900,2,6,2,1,2
201863D031018,1,9,0,13,0,0,0,0,1,10,1,1,6,2,78,11,2204,2,9,-1,3,-1
201863D031018,2,9,0,18,0,0,0,0,1,10,1,1,1,1,63,9,1248,2,8,-1,2,-1
201863D031018,3,21,0,18,0,0,1,0,1,10,0,1,1,1,51,8,11705,2,10,-1,3,-1
201863D031118,1,5,0,13,0,0,1,0,7,10,1,1,6,1,34,6,675,1,2,9,1,9
201863D031218,1,9,0,16,0,0,2,0,2,10,1,1,6,1,22,5,1461,2,15,-1,1,-1
201863D031318,1,9,0,18,0,0,0,0,0,0,1,1,6,2,23,5,1598,1,13,-1,3,-1
201863D031318,2,9,0,3,0,0,0,0,0,0,2,1,6,1,24,5,1499,2,4,-1,3,-1
201863D031318,3,9,0,3,0,0,0,0,0,0,2,1,6,2,76,11,1339,8,11,-1,1,-1
201863D031518,1,9,0,5,0,1,0,0,0,0,1,1,6,2,70,10,-1,-1,-1,4,1,4
201863D031518,2,9,0,4,0,1,0,0,0,0,2,1,6,1,45,7,-1,-1,-1,-1,3,-1
201863D031618,1,21,0,18,0,0,0,0,0,0,4,1,1,1,57,9,11970,2,12,2,1,2
201863D031818,1,9,0,17,0,0,0,0,7,10,1,1,6,2,66,10,1364,2,9,1,1,1
201863D032118,1,9,0,13,0,0,0,0,0,0,0,1,6,1,38,7,2497,1,13,8,1,8
201863D032118,2,9,0,16,0,0,0,0,0,0,2,1,2,2,62,9,1248,1,9,-1,3,-1
201863D032118,3,9,0,16,0,0,0,0,0,0,1,1,2,2,40,7,1951,2,16,-1,3,-1
201863D032118,4,21,0,18,0,0,0,0,0,0,0,1,6,3,-1,-1,-1,-1,-1,-1,-1,-1
201863D032518,1,9,0,18,0,2,0,0,1,10,1,1,6,1,76,11,1997,2,16,-1,3,-1
201863D032618,1,9,0,9,0,1,0,0,7,10,1,1,1,1,28,6,1360,1,17,-1,2,-1
201863D032618,2,9,0,18,0,1,0,0,0,0,1,1,1,1,47,8,2198,2,6,-1,3,-1
201863D033918,1,9,0,18,0,1,0,4,8,10,1,1,1,2,57,9,1229,1,6,-1,3,-1
201863D033918,2,9,0,2,6,1,0,0,7,0,2,1,6,1,75,10,-1,-1,-1,-1,1,-1
201863D034118,1,19,0,9,0,5,0,0,0,0,1,1,1,1,26,6,2143,2,7,1,1,1
201863D034118,2,9,0,18,0,1,0,0,0,0,3,1,2,2,26,6,1598,1,6,-1,1,-1
201863D034118,3,90,0,3,0,1,0,0,0,0,0,1,6,3,-1,-1,-1,-1,-1,-1,-1,-1
201863D034218,1,9,0,9,0,5,0,0,0,0,1,1,6,2,78,11,1388,1,7,-1,3,-1
201863D034218,2,9,0,18,0,1,0,0,0,0,1,1,6,2,18,4,1598,1,13,-1,3,-1
201863D034418,1,5,0,17,0,0,0,0,1,10,4,1,6,1,25,5,865,1,2,8,1,8
201863D034718,1,5,0,18,0,1,0,0,1,10,4,1,6,1,55,8,-1,-1,-1,-1,2,-1
201863D035218,1,9,0,5,0,6,0,0,0,0,1,1,6,2,21,5,-1,-1,-1,-1,3,-1
201863D035218,2,9,0,18,0,1,0,0,0,0,4,1,6,1,29,6,1390,1,16,-1,3,-1
201863D036418,1,19,0,1,0,8,0,0,0,0,2,1,1,1,51,8,2198,2,8,-1,3,-1
201863D036418,2,9,0,3,0,1,0,0,0,0,1,1,6,2,19,4,1598,1,15,-1,3,-1
201863D036818,1,9,0,13,0,0,0,0,0,0,4,1,6,3,-1,-1,-1,-1,-1,-1,-1,-1
201863D036818,2,22,0,18,0,0,0,0,0,0,3,1,6,1,73,10,-1,-1,-1,-1,1,-1
201863D036918,1,11,0,4,0,4,0,0,0,0,0,1,6,1,40,7,4249,2,-1,-1,3,-1
201863D036918,2,9,0,18,0,8,0,0,0,0,0,1,6,3,-1,-1,-1,-1,-1,-1,-1,-1
201863D037018,1,9,0,4,0,0,0,0,0,0,2,1,6,1,60,9,2995,1,14,5,3,5
201863D037018,2,19,0,18,0,0,0,0,0,0,1,1,1,1,27,6,2198,2,6,-1,-1,-1
201863D037018,3,9,0,4,0,0,0,0,0,0,0,1,6,3,-1,-1,-1,-1,-1,-1,-1,-1
201863D037318,1,9,0,18,0,0,0,0,0,0,1,1,1,1,44,7,1968,2,1,-1,1,-1
201863D037318,2,9,0,18,0,0,0,0,0,0,1,1,6,2,56,9,1296,1,11,-1,3,-1
201863D037418,1,9,0,18,0,0,1,0,0,0,4,1,6,2,54,8,1197,1,2,4,1,4
201863D038618,1,9,0,18,0,8,0,0,0,0,1,1,6,1,80,11,1398,2,9,-1,2,-1
201863D038618,2,9,0,18,0,8,0,0,0,0,1,1,6,2,29,6,1799,1,10,-1,1,-1
201863D038918,1,2,0,18,0,1,0,0,0,0,1,1,6,1,80,11,347,1,61,-1,2,-1
201863D038918,2,9,0,3,0,1,0,0,0,0,2,1,6,1,48,8,-1,-1,-1,-1,1,-1
201863D038918,3,9,0,4,0,1,0,0,0,0,0,1,6,3,-1,-1,-1,-1,-1,-1,-1,-1
201863D039018,1,9,0,18,0,6,0,0,0,0,1,1,6,2,50,8,1975,1,9,5,3,5
201863D039018,2,1,0,9,0,5,0,0,0,0,1,1,6,1,43,7,-1,-1,-1,-1,3,-1
201863D039518,1,9,0,18,0,0,0,0,0,0,1,1,6,1,17,4,998,1,12,-1,2,-1
201863D039518,2,9,0,18,0,0,0,0,7,10,3,1,6,1,54,8,1999,1,7,-1,3,-1
201863D039518,3,19,0,18,0,0,0,0,7,10,1,1,6,1,24,5,1968,2,2,-1,3,-1
201863D039618,1,9,0,5,0,6,0,0,0,0,1,1,6,1,54,8,1968,2,13,7,3,7
201863D039618,2,9,0,18,0,1,0,0,1,9,1,1,6,2,25,5,1598,2,2,7,1,7
201863D040218,1,9,0,18,0,0,0,0,0,0,4,1,6,1,43,7,-1,-1,-1,-1,1,-1
201863D040418,1,9,0,13,0,0,0,0,0,0,0,1,6,3,-1,-1,-1,-1,-1,-1,-1,-1
201863D040418,2,9,0,13,0,0,5,0,7,10,1,1,6,1,30,6,1390,1,13,-1,1,-1
201863D040418,3,9,0,18,0,0,0,0,0,0,0,1,6,3,-1,-1,-1,-1,-1,-1,-1,-1
201863D040518,1,9,0,17,0,1,2,0,7,10,1,1,1,2,45,7,1560,2,6,-1,3,-1
201863D041218,1,9,0,18,0,0,0,4,0,0,1,1,6,1,70,10,1124,1,9,-1,3,-1
201863D041218,2,19,4,2,0,0,0,0,0,0,2,1,1,1,63,9,2143,2,2,7,3,7
201863D041718,1,9,0,9,6,6,0,0,0,0,4,1,6,1,70,10,1686,2,17,-1,3,-1
201863D041718,2,19,0,18,0,1,0,0,1,10,3,1,1,2,51,8,1560,2,2,-1,3,-1
201863D041918,1,5,0,18,0,2,0,0,7,10,1,1,1,1,48,8,748,1,21,-1,1,-1
201863D041918,2,9,0,18,0,1,0,0,1,0,1,1,1,2,38,7,1296,1,10,-1,3,-1
201863D042018,1,9,0,16,0,0,2,0,2,4,1,1,6,2,36,7,1997,1,17,-1,3,-1
201863D042218,1,9,0,18,0,2,1,0,0,0,1,1,2,1,33,6,1242,1,19,-1,2,-1
201863D042218,2,21,0,18,0,1,0,0,0,0,1,1,1,1,46,8,16353,2,1,-1,2,-1
201863D042418,1,3,0,16,0,0,1,0,7,7,3,1,6,1,18,4,124,1,6,7,3,7
201863D042618,1,20,0,14,0,0,0,0,0,0,4,1,6,3,-1,-1,-1,-1,-1,-1,-1,-1
201863D042618,2,9,0,4,0,0,0,0,0,0,0,1,6,1,21,5,1560,2,6,-1,3,-1
201863D043018,1,5,0,13,0,1,0,0,0,0,0,1,6,1,30,6,599,1,8,-1,1,-1
201863D043018,2,5,0,18,0,1,1,0,0,0,0,1,6,1,40,7,1063,1,14,2,1,2
201863D043418,1,9,0,9,0,8,0,0,0,0,4,1,6,1,76,11,1461,2,5,-1,2,-1
201863D043418,2,1,0,9,0,8,0,0,1,10,3,1,3,1,30,6,-1,-1,-1,-1,2,-1
201863D043518,1,9,0,18,0,1,0,0,0,0,1,1,2,1,52,8,-1,-1,-1,-1,3,-1
201863D043518,2,9,0,8,0,1,0,0,0,0,2,1,1,1,51,8,2319,1,22,-1,3,-1
201863D043618,1,21,0,1,0,0,0,0,0,0,2,1,1,1,63,9,4500,2,2,-1,3,-1
201863D043618,2,5,0,18,0,0,0,0,0,0,1,1,6,1,60,9,1450,1,16,7,2,7