Accident_Index,Vehicle_Reference,Vehicle_Type,Towing_and_Articulation,Vehicle_Manoeuvre,Vehicle_Location-Restricted_Lane,Junction_Location,Skidding_and_Overturning,Hit_Object_in_Carriageway,Vehicle_Leaving_Carriageway,Hit_Object_off_Carriageway,1st_Point_of_Impact,Was_Vehicle_Left_Hand_Drive?,Journey_Purpose_of_Driver,Sex_of_Driver,Age_of_Driver,Age_Band_of_Driver,Engine_Capacity_(CC),Propulsion_Code,Age_of_Vehicle,Driver_IMD_Decile,Driver_Home_Area_Type,Vehicle_IMD_Decile
201863D043618,3,9,0,18,0,0,0,0,0,0,0,1,6,3,-1,-1,-1,-1,-1,-1,-1,-1
201863D044118,1,19,0,9,0,6,0,0,0,0,1,1,2,1,54,8,2198,2,7,-1,1,-1
201863D044118,2,9,0,18,0,1,0,0,1,10,4,1,6,2,72,10,1461,2,8,-1,3,-1
201863D044318,1,19,0,18,0,1,0,0,0,0,1,1,1,1,30,6,1598,2,2,2,1,2
201863D044318,2,9,0,4,0,1,0,0,0,0,2,1,6,2,49,8,1870,2,7,-1,3,-1
201863D045218,1,9,0,9,0,5,0,0,0,0,1,1,6,1,76,11,1590,1,18,-1,3,-1
201863D045218,2,9,0,18,0,1,0,0,0,0,1,1,6,2,28,6,1197,1,5,-1,3,-1
201863D046118,1,9,0,18,0,0,0,0,7,10,4,1,6,2,18,4,1753,2,14,-1,3,-1
201863D046718,1,9,0,17,0,0,0,0,1,10,1,1,6,1,44,7,1997,2,8,-1,1,-1
201863D046718,2,19,0,17,0,0,0,0,0,0,2,1,1,1,48,8,1995,2,6,9,2,9
201863D046718,3,9,0,2,6,0,0,0,7,10,2,1,6,2,57,9,999,1,2,-1,3,-1
201863D046918,1,4,0,18,0,1,0,0,0,0,1,1,6,2,47,8,-1,-1,-1,-1,-1,-1
201863D046918,2,9,0,9,0,5,0,0,0,0,3,1,6,1,44,7,1461,2,4,-1,3,-1
201863D046918,3,9,0,3,0,1,0,0,0,0,0,1,6,3,-1,-1,-1,-1,-1,-1,-1,-1
201863D047118,1,19,0,13,0,1,0,0,7,10,4,1,2,1,50,8,-1,-1,-1,4,1,4
201863D047118,2,9,0,9,0,5,0,0,0,0,3,1,6,1,86,11,2495,2,15,-1,3,-1
201863D047918,1,9,0,17,0,0,0,0,0,0,1,1,6,1,47,8,1956,2,4,5,3,5
201863D047918,2,9,0,16,0,0,0,0,0,0,3,1,6,1,34,6,1896,2,10,7,1,7
201863D047918,3,9,0,16,0,0,0,0,1,10,1,1,6,1,60,9,1600,2,9,4,1,4
201863D048218,1,9,0,18,0,1,0,0,0,0,1,1,6,1,62,9,1995,2,13,-1,3,-1
201863D048218,2,1,0,18,0,6,0,0,0,0,1,1,6,1,69,10,-1,-1,-1,-1,3,-1
201863D049018,1,5,0,16,0,0,0,0,7,10,1,1,6,1,44,7,1262,1,-1,-1,-1,-1
201863D049318,1,19,0,9,0,6,0,0,0,0,3,1,1,1,22,5,1968,2,2,-1,3,-1
201863D049318,2,9,0,16,0,1,1,0,7,10,1,1,6,1,34,6,1560,2,9,-1,1,-1
201863D049518,1,9,0,10,0,1,0,0,0,0,2,1,2,2,28,6,2179,2,6,-1,3,-1
201863D049518,2,9,0,18,0,1,0,0,0,0,1,1,2,2,20,4,1461,2,12,-1,3,-1
201863D049818,1,19,0,18,0,1,0,0,0,0,1,1,1,1,63,9,2143,2,3,4,3,4
201863D049818,2,9,0,10,0,1,0,0,0,0,2,1,3,2,34,6,1240,1,9,-1,2,-1
201863D050418,1,9,0,18,0,8,0,0,0,0,1,1,6,1,37,7,1951,2,13,-1,3,-1
201863D050418,2,9,0,18,0,4,0,0,0,0,2,1,6,2,31,6,998,1,6,-1,2,-1
201863D051418,1,9,0,16,0,0,5,0,8,10,1,1,6,1,21,5,1242,1,13,-1,3,-1
201863D051618,1,9,0,4,0,0,0,0,0,0,0,1,2,2,58,9,1598,1,8,-1,3,-1
201863D051618,2,21,0,2,0,0,0,0,0,0,0,1,6,3,-1,-1,-1,-1,-1,-1,-1,-1
201863D052018,1,19,0,18,0,8,2,0,7,10,3,1,6,-1,-1,-1,1560,2,5,-1,-1,-1
201863D052118,1,9,0,17,0,1,1,0,1,10,1,1,6,1,27,6,1988,1,15,-1,1,-1
201863D052218,1,17,0,18,0,0,0,0,0,0,0,1,1,1,17,4,854,2,3,-1,-1,-1
201863D052218,2,1,0,18,0,0,0,0,1,9,1,1,6,1,52,8,-1,-1,-1,-1,2,-1
201863D053218,1,9,0,17,0,0,0,0,2,10,4,1,6,1,71,10,1956,2,4,-1,2,-1
201863D053218,2,9,0,2,9,0,0,0,0,0,3,1,6,1,54,8,2982,2,3,-1,3,-1
201863D053518,1,5,0,17,0,0,1,0,2,10,1,1,6,1,46,8,999,1,4,9,1,9
201863D053518,2,5,0,18,0,0,0,0,0,0,0,1,1,1,38,7,1352,1,3,-1,2,-1
201863D053918,1,5,0,14,0,1,1,0,0,0,4,1,6,1,52,8,1312,1,11,9,1,9
201863D053918,2,17,0,9,0,5,0,0,0,0,0,1,1,1,63,9,-1,2,-1,-1,3,-1
201863D053918,3,9,0,3,0,1,0,0,0,0,0,1,6,3,-1,-1,-1,-1,-1,-1,-1,-1
201863D054718,1,9,0,18,0,0,2,0,2,10,1,1,6,2,28,6,-1,-1,-1,-1,3,-1
201863D054818,1,9,0,16,0,0,0,0,0,0,3,1,6,1,18,4,1364,1,13,-1,2,-1
201863D054818,2,9,0,17,0,0,0,0,0,0,3,1,2,1,29,6,1598,1,6,-1,1,-1
201863D055018,1,9,0,13,0,1,1,0,0,0,1,1,6,1,35,6,1595,1,26,-1,3,-1
201863D055018,2,9,0,6,0,5,0,0,7,10,3,1,1,1,52,8,1896,2,13,-1,3,-1
201863D055118,1,9,0,18,0,0,5,0,7,9,3,1,1,2,43,7,1149,1,12,-1,2,-1
201863D055318,1,9,0,17,0,0,0,0,2,10,1,1,6,2,18,4,1248,2,10,-1,3,-1
201863D055718,1,2,0,17,0,1,1,0,1,10,1,1,6,1,20,4,125,1,2,-1,3,-1
201863D056318,1,9,0,9,0,2,0,0,0,0,2,1,6,1,80,11,998,1,6,7,1,7
201863D056418,1,9,0,16,0,1,0,0,0,0,0,1,6,1,55,8,-1,-1,-1,-1,3,-1
201863D056418,2,5,0,13,0,1,1,0,0,0,1,1,6,1,43,7,999,1,13,1,1,1
201863D056418,3,9,0,17,0,1,0,0,0,0,1,1,6,1,29,6,1598,1,6,-1,-1,-1
201863D056818,1,9,0,13,0,0,0,0,0,0,3,1,6,2,64,9,1998,1,1,4,1,4
201863D056818,2,9,0,13,0,0,0,0,1,10,3,1,6,1,55,8,3456,1,4,7,3,7
201863D056818,3,9,0,18,0,0,0,0,0,0,3,1,6,1,26,6,1986,2,12,3,3,3
201863D057118,1,9,0,16,0,0,0,0,7,10,1,1,6,1,82,11,1587,1,8,-1,2,-1
201863D057518,1,9,0,18,0,1,0,0,0,0,1,1,1,1,49,8,1753,2,11,-1,2,-1
201863D057518,2,9,0,4,0,1,0,0,0,0,2,1,1,2,54,8,1560,2,5,-1,2,-1
201863D057518,3,9,0,4,0,1,0,0,0,0,2,1,6,1,63,9,1968,2,2,-1,2,-1
201863D057518,4,9,0,7,0,5,0,0,0,0,0,1,6,3,-1,-1,-1,-1,-1,-1,-1,-1
201863D057718,1,9,0,13,0,8,0,0,0,0,1,1,6,2,75,10,1598,2,8,-1,3,-1
201863D057718,2,1,0,9,0,8,0,0,0,0,3,1,2,1,41,7,-1,-1,-1,-1,2,-1
201863D057918,1,9,0,18,0,0,0,0,0,0,1,1,6,1,19,4,-1,-1,-1,-1,1,-1
201863D057918,2,9,0,18,0,0,0,0,0,0,1,1,6,2,19,4,996,1,8,-1,1,-1
201863D059318,1,5,0,17,0,2,1,0,1,10,1,1,6,1,34,6,599,1,17,1,1,1
201863D059618,1,9,0,18,0,1,1,0,0,0,1,1,3,2,22,5,1240,1,8,-1,1,-1
201863D059618,2,9,0,4,0,1,0,0,0,0,2,1,6,1,57,9,1198,1,2,-1,-1,-1
201863D059618,3,11,0,9,0,6,0,0,0,0,0,1,6,3,-1,-1,-1,-1,-1,-1,-1,-1
201863D060018,1,9,0,9,0,8,0,0,0,0,1,1,6,1,73,10,1796,2,4,-1,3,-1
201863D060018,2,5,0,18,0,1,0,0,0,0,1,1,6,1,27,6,649,1,11,5,1,5
201863D060218,1,9,0,13,0,0,1,0,0,0,1,1,6,1,41,7,1998,1,16,1,1,1
201863D060218,2,9,0,17,0,0,0,0,1,10,1,1,6,1,63,9,998,1,2,4,3,4
201863D060218,3,9,0,16,0,0,0,0,0,0,0,1,6,1,49,8,1997,1,10,7,1,7
201863D060418,1,9,0,13,0,0,0,0,0,0,0,1,6,3,-1,-1,-1,-1,-1,-1,-1,-1
201863D060418,2,9,0,17,0,0,0,0,2,10,3,1,6,2,37,7,1590,1,19,-1,1,-1
201863D060418,3,9,0,16,0,0,0,0,1,10,1,1,6,1,25,5,1598,1,16,7,2,7
201863D060518,1,5,0,17,0,1,1,0,1,10,1,1,6,1,28,6,599,1,19,4,1,4
201863D060618,1,9,0,18,0,1,0,0,0,0,1,1,6,1,81,11,1998,2,6,-1,2,-1
201863D060618,2,9,0,10,0,8,0,0,0,0,2,1,6,1,37,7,2990,2,9,3,1,3
201863D060818,1,9,0,18,0,1,0,0,0,0,4,1,6,1,41,7,1998,1,14,-1,1,-1
201863D060818,2,9,0,2,0,8,0,0,0,0,0,1,6,3,-1,-1,1598,1,9,-1,-1,-1
201863D060818,3,9,0,2,0,8,0,0,0,0,0,1,6,3,-1,-1,1390,1,11,-1,-1,-1
201863D062118,1,9,0,17,0,0,0,0,2,3,4,1,6,2,18,4,1149,1,13,-1,3,-1
201863D062818,1,5,0,16,0,0,0,0,7,10,4,1,6,1,58,9,656,1,11,-1,1,-1
201863D063018,1,5,0,13,0,0,0,0,7,0,0,1,2,1,39,7,656,1,10,-1,2,-1
201863D063018,2,9,0,16,0,0,0,0,0,0,0,1,6,3,-1,-1,-1,-1,-1,-1,-1,-1
201863D063118,1,9,0,9,0,5,0,0,0,0,4,1,6,1,63,9,1197,1,2,9,1,9
201863D063118,2,9,0,18,0,1,1,0,0,0,1,1,6,1,38,7,1061,1,15,-1,3,-1
201863D063318,1,5,0,13,0,0,1,0,0,0,1,1,6,1,42,7,749,1,7,3,1,3
201863D063318,2,11,0,18,0,0,0,0,0,0,1,1,1,2,35,6,6374,2,9,-1,3,-1
201863D063318,3,9,0,18,0,0,0,0,0,0,0,1,6,2,27,6,1598,1,16,5,1,5
201863D063318,4,5,0,18,0,0,0,0,0,0,0,1,6,1,46,8,-1,-1,-1,5,3,5
201863D064018,1,9,0,5,0,1,0,0,0,0,1,1,6,1,21,5,1242,1,10,7,3,7
201863D064018,2,9,0,10,0,1,0,0,0,0,2,1,6,1,67,10,1399,1,1,-1,3,-1
201863D064218,1,9,0,18,0,0,0,0,0,0,1,1,2,2,34,6,1461,2,10,-1,3,-1
201863D064218,2,19,0,4,0,0,0,0,0,0,2,1,1,1,51,8,1995,2,-1,-1,3,-1
201863D064218,3,19,0,4,0,0,0,0,0,0,2,1,6,1,23,5,1753,2,12,-1,3,-1
201863D064418,1,19,0,18,0,0,0,0,0,0,1,2,2,1,25,5,-1,-1,-1,-1,2,-1
201863D064418,2,9,0,18,0,0,1,0,7,10,1,1,6,1,40,7,1461,2,17,4,1,4
201863D064718,1,9,0,18,0,0,0,0,0,0,4,1,6,3,-1,-1,-1,-1,-1,-1,-1,-1
201863D064818,1,9,0,18,0,0,2,0,7,10,1,1,2,1,25,5,1360,1,18,-1,3,-1
201863D065118,1,9,0,18,0,0,5,0,2,10,3,1,6,1,17,4,1242,1,14,4,3,4
201863D065218,1,9,0,13,0,8,0,7,1,10,1,1,6,1,55,8,1986,2,13,2,1,2
201863D065218,2,9,0,18,0,8,0,0,0,0,1,1,2,1,45,7,-1,-1,-1,6,3,6
201863D065218,3,9,0,18,0,1,0,0,0,0,0,1,6,3,-1,-1,-1,-1,-1,-1,-1,-1
201863D065318,1,9,4,18,0,0,1,0,0,0,0,1,6,2,49,8,-1,-1,-1,-1,3,-1
201863D066418,1,9,0,7,0,5,1,0,7,7,1,1,6,2,17,4,1200,1,16,-1,2,-1
201863D066918,1,5,0,13,0,0,1,0,7,10,1,1,6,1,57,9,-1,-1,-1,-1,-1,-1
201863D066918,2,9,0,16,0,0,1,0,0,0,1,1,6,1,50,8,2987,2,8,2,3,2
201863D066918,3,9,0,17,0,0,0,0,0,0,0,1,6,3,-1,-1,-1,-1,-1,-1,-1,-1
201863D067018,1,9,0,1,9,8,0,0,0,0,4,1,6,1,59,9,2148,2,13,-1,3,-1
201863D067018,2,1,0,18,0,8,0,0,0,0,4,1,6,1,20,4,-1,-1,-1,-1,2,-1
201863D067318,1,19,0,18,0,0,1,0,0,0,1,1,6,3,-1,-1,-1,-1,-1,-1,-1,-1
201863D067318,2,9,0,4,0,0,0,0,0,0,2,1,6,2,25,5,998,1,12,-1,1,-1
201863D067318,3,9,3,4,0,0,0,0,0,0,2,1,6,1,60,9,2993,2,3,-1,3,-1
201863D069018,1,9,0,7,0,6,0,0,0,0,3,1,6,1,29,6,1587,1,13,-1,3,-1
201863D069018,2,9,0,18,0,1,0,0,0,0,1,1,6,2,84,11,998,1,4,-1,2,-1
201863D069218,1,19,0,9,0,5,0,0,0,0,1,1,6,1,53,8,1248,2,10,-1,2,-1
201863D069218,2,9,0,18,0,1,0,0,0,0,2,1,6,2,44,7,1968,2,1,-1,1,-1
201863D069318,1,9,0,16,0,0,1,0,0,0,1,1,6,1,36,7,998,1,14,-1,3,-1
201863D069318,2,9,3,17,0,0,0,0,0,0,3,1,6,1,75,10,1461,2,2,5,2,5
201863D069418,1,9,0,17,0,0,2,0,1,9,1,1,6,2,24,5,1896,2,16,8,3,8
201863D069618,1,9,0,16,0,0,0,0,7,10,1,1,6,1,24,5,1395,8,-1,-1,3,-1
201863D070018,1,9,0,13,9,0,5,0,8,7,1,1,6,1,40,7,2995,1,2,-1,1,-1
201863D070018,2,9,0,17,0,0,0,0,0,0,0,1,6,2,40,7,998,1,-1,-1,2,-1
201863D070018,3,9,0,18,0,0,0,0,0,0,0,1,6,3,-1,-1,-1,-1,-1,-1,-1,-1
201863D070318,1,9,0,17,0,0,0,0,2,10,4,1,2,1,22,5,1390,1,16,-1,1,-1
201863D070518,1,9,0,18,0,0,0,0,1,10,4,1,6,2,37,7,1149,1,16,8,2,8
201863D071518,1,19,0,16,0,0,1,0,0,0,1,1,6,1,45,7,2402,2,16,-1,3,-1
201863D071518,2,9,0,17,0,0,0,0,0,0,1,1,6,2,52,8,1598,2,5,-1,2,-1
201863D072018,1,9,0,18,0,2,0,0,0,0,1,1,6,1,55,8,1598,2,5,-1,2,-1
201863D072018,2,9,0,18,0,1,0,0,0,0,1,1,6,2,72,10,1149,1,4,-1,3,-1
201863D072018,3,19,0,4,0,2,0,0,0,0,2,1,6,1,58,9,2499,2,1,-1,1,-1
201863D073218,1,1,0,7,0,6,0,0,0,0,1,1,6,1,10,2,-1,-1,-1,-1,3,-1
201863D073218,2,9,0,18,0,1,0,0,0,0,4,1,6,1,60,9,2494,8,-1,7,1,7
201863D073318,1,9,0,17,0,1,0,0,0,0,1,1,6,2,43,7,1461,2,5,8,1,8
201863D073318,2,1,0,17,0,1,0,0,0,0,2,1,2,1,51,8,-1,-1,-1,-1,3,-1
201863D074018,1,9,0,13,0,0,1,0,7,10,1,1,6,1,26,6,1998,1,13,4,2,4
201863D074018,2,9,0,16,0,0,0,0,0,0,1,1,6,2,28,6,1360,1,15,4,1,4
201863D074018,3,19,0,17,0,0,0,0,0,0,0,1,6,1,37,7,-1,-1,-1,-1,3,-1
201863D074018,4,11,0,17,0,0,0,0,0,0,0,1,6,3,-1,-1,-1,-1,-1,-1,-1,-1
201863D074118,1,19,0,13,0,0,1,0,0,0,4,1,1,1,29,6,2143,2,1,-1,1,-1
201863D074118,2,19,0,13,0,0,5,0,7,9,3,1,1,1,32,6,1995,2,2,-1,3,-1
201863D074118,3,9,5,18,0,0,0,0,0,0,0,1,6,3,-1,-1,-1,-1,-1,-1,-1,-1
201863D074118,4,9,0,18,0,0,0,0,0,0,0,1,6,3,-1,-1,-1,-1,-1,-1,-1,-1
201863D074518,1,9,0,1,0,0,0,0,7,10,2,1,6,2,45,7,1198,1,-1,9,1,9
201863D074618,1,5,0,17,0,0,1,0,1,9,1,1,6,1,42,7,1137,1,20,7,1,7
201863D074718,1,9,0,18,0,1,0,0,0,0,1,1,1,2,44,7,1995,2,8,-1,1,-1
201863D074718,2,21,1,9,0,1,0,0,0,0,2,1,1,1,50,8,16400,2,1,-1,2,-1
201863D075718,1,9,0,8,0,1,0,0,0,0,2,1,2,1,17,4,1229,1,10,-1,1,-1
201863D075718,2,9,0,18,0,1,0,0,0,0,1,1,2,2,18,4,998,1,18,-1,3,-1
201863D075718,3,9,0,7,0,6,0,0,0,0,0,1,6,3,-1,-1,-1,-1,-1,-1,-1,-1
201863D075818,1,9,0,17,0,1,1,0,1,10,1,1,1,1,41,7,-1,-1,-1,5,1,5
201863D077218,1,9,0,18,0,0,0,0,8,10,1,1,6,1,26,6,2521,1,11,-1,2,-1
201863D077918,1,9,0,18,0,0,1,0,0,0,1,1,6,1,19,4,1299,1,16,-1,3,-1
201863D077918,2,9,0,4,0,0,0,0,0,0,1,1,6,1,29,6,1197,1,1,-1,3,-1
201863D078118,1,5,0,16,0,0,1,0,8,10,1,1,6,1,45,7,750,1,4,7,2,7
201863D078618,1,10,0,18,0,0,0,0,0,0,1,1,6,3,-1,-1,-1,-1,-1,-1,-1,-1
201863D078618,2,9,0,4,0,0,0,0,1,10,3,1,6,1,29,6,1600,1,18,4,1,4
201863D079018,1,9,0,18,0,1,0,0,0,0,1,1,6,2,22,5,1686,2,10,-1,1,-1
201863D079018,2,9,0,10,0,1,0,0,0,0,2,1,6,1,74,10,898,1,1,9,1,9
201863D079018,3,9,0,10,0,5,0,0,0,0,0,1,6,3,-1,-1,-1,-1,-1,-1,-1,-1
201863D079018,4,9,0,18,0,1,0,0,0,0,0,1,6,3,-1,-1,-1,-1,-1,-1,-1,-1
201863D079818,1,5,0,16,0,0,0,0,0,0,1,1,6,2,47,8,652,1,7,1,1,1
201863D079818,2,9,0,17,0,0,0,0,0,0,1,1,6,1,48,8,2143,2,1,5,3,5
201863D080218,1,5,0,17,0,0,0,0,0,0,3,1,6,1,33,6,749,1,29,-1,-1,-1
201863D080218,2,9,0,16,0,0,0,0,0,0,3,1,2,1,32,6,1997,2,2,4,1,4
201863D080418,1,9,0,16,0,0,0,0,0,0,1,1,6,1,19,4,1422,2,15,-1,1,-1
201863D080418,2,9,0,17,0,0,0,0,1,7,1,1,6,1,63,9,1995,2,14,10,1,10
201863D080818,1,9,0,9,0,6,0,0,0,0,4,1,6,1,30,6,1968,2,11,-1,3,-1
201863D080818,2,1,0,9,0,1,0,0,0,0,1,1,6,2,58,9,-1,-1,-1,-1,3,-1
201863D081218,1,9,0,4,0,1,0,0,0,0,2,1,6,1,68,10,1318,1,-1,-1,-1,-1
201863D081218,2,9,0,4,0,1,0,0,0,0,1,1,6,1,75,10,1999,1,9,10,1,10
201863D081218,3,9,0,4,0,1,0,0,0,0,1,1,6,2,54,8,1560,2,11,-1,3,-1
201863D081218,4,9,0,7,0,5,0,0,0,0,0,1,6,3,-1,-1,-1,-1,-1,-1,-1,-1
201863D081218,5,9,0,7,0,5,0,0,0,0,0,1,6,3,-1,-1,-1,-1,-1,-1,-1,-1
201863D081418,1,9,0,9,0,5,0,0,0,0,3,2,6,1,60,9,-1,-1,-1,-1,-1,-1
201863D081418,2,5,0,14,0,1,1,0,0,0,1,1,6,1,71,10,998,1,-1,-1,3,-1
201863D081518,1,5,0,17,0,1,0,0,3,10,1,1,6,1,35,6,1195,1,1,6,2,6
201863D082318,1,9,0,18,0,0,0,0,0,0,1,1,6,2,61,9,1560,2,7,-1,3,-1
201863D082318,2,17,0,18,0,0,0,0,0,0,2,1,1,1,62,9,3621,2,1,-1,3,-1
201863D082618,1,9,0,18,0,0,0,0,8,10,3,1,6,1,55,8,-1,-1,-1,-1,3,-1
201863D082818,1,19,0,17,0,0,0,0,0,4,4,1,1,1,29,6,1870,2,12,-1,1,-1
201863D082818,2,9,0,13,0,0,0,0,0,0,0,1,6,3,-1,-1,-1,-1,-1,-1,-1,-1
201863D082818,3,9,0,16,0,0,0,0,0,0,0,1,6,3,-1,-1,-1,-1,-1,-1,-1,-1
201863D083018,1,4,0,13,0,1,0,0,7,10,1,1,6,1,62,9,250,1,6,-1,2,-1
201863D083018,2,9,0,9,0,5,0,0,0,0,3,1,6,1,28,6,-1,-1,-1,-1,1,-1
201863D083318,1,9,0,9,0,5,0,0,1,10,1,1,2,2,34,6,1598,2,8,-1,2,-1
201863D083318,2,9,0,18,0,1,1,0,0,0,3,1,2,2,40,7,1598,2,1,-1,1,-1
201863D083618,1,19,0,18,0,6,0,0,0,0,1,1,1,1,55,8,2143,2,2,-1,1,-1
201863D083818,1,9,0,9,0,6,1,0,3,10,1,1,6,2,80,11,848,1,19,4,3,4
201863D084018,1,19,0,18,0,1,0,0,0,0,1,1,2,1,75,10,2488,2,14,-1,3,-1
201863D084018,2,9,0,10,0,1,0,0,0,0,2,1,6,2,50,8,1398,1,7,-1,3,-1
201863D084218,1,10,0,9,0,6,0,0,0,0,1,1,1,1,66,10,2461,2,12,-1,3,-1
201863D084218,2,11,0,18,0,8,0,0,0,0,3,1,1,2,60,9,6700,2,4,-1,2,-1
201863D084218,3,9,0,4,0,1,0,0,0,0,3,1,6,1,70,10,1596,1,9,-1,2,-1
201863D084218,4,9,0,3,0,1,0,0,0,0,0,1,6,3,-1,-1,-1,-1,-1,-1,-1,-1
201863D084918,1,9,0,17,0,0,1,0,1,4,1,1,6,1,39,7,2765,2,22,-1,1,-1
201863D085418,1,19,0,16,0,0,1,0,0,0,1,1,2,1,26,6,1995,2,5,7,2,7
201863D085418,2,9,0,17,0,0,0,0,1,10,1,1,2,1,61,9,2496,1,16,9,2,9
201863D085718,1,9,0,6,0,8,1,0,3,0,3,1,6,2,35,6,1968,2,9,6,1,6
201863D085718,2,9,0,18,0,1,5,0,7,10,1,1,6,1,27,6,1248,2,9,-1,1,-1
201863D085718,3,9,0,2,6,1,0,0,0,0,1,1,6,1,26,6,1124,1,25,-1,3,-1
201863D085918,1,21,1,17,0,2,5,0,1,1,4,1,1,1,43,7,12740,2,7,-1,3,-1
201863D086018,1,9,0,18,0,1,1,0,0,0,1,1,6,1,19,4,1360,1,16,-1,2,-1
201863D086018,2,9,0,4,0,1,0,0,0,0,2,1,6,1,35,6,1995,2,12,3,1,3
201863D086018,3,9,0,10,0,1,0,0,0,0,2,1,6,1,28,6,1461,2,8,3,1,3
201863D086018,4,17,0,18,0,1,0,0,0,0,0,1,6,3,-1,-1,-1,-1,-1,-1,-1,-1
201863D086518,1,9,0,18,0,0,0,0,0,0,1,1,2,1,36,7,1560,2,11,-1,3,-1
201863D086518,2,1,0,18,0,0,0,0,0,0,2,1,2,1,45,7,-1,-1,-1,-1,3,-1
201863D086818,1,5,0,18,0,0,1,0,1,10,4,1,6,1,60,9,599,1,15,7,1,7
201863D086918,1,9,0,16,0,0,5,0,2,10,1,1,6,1,20,4,1398,1,3,8,2,8
201863D087318,1,9,0,17,0,0,1,0,1,0,1,1,6,2,23,5,1061,1,15,-1,3,-1
201863D087318,2,17,0,16,0,0,0,0,0,0,1,1,1,1,43,7,16000,2,12,-1,3,-1
201863D087418,1,9,0,18,0,1,5,0,2,10,4,1,2,1,56,9,1461,2,13,-1,3,-1
201863D089018,1,9,0,16,0,1,1,0,7,4,3,1,6,1,22,5,1248,2,5,-1,3,-1
201863D089318,1,3,0,4,0,1,0,0,0,0,1,1,2,1,19,4,125,1,1,-1,3,-1
201863D089318,2,9,0,4,0,1,0,0,0,0,2,1,6,2,70,10,1995,2,2,-1,3,-1
201863D089318,3,9,0,7,0,5,0,0,0,0,0,1,6,1,55,8,2099,1,15,-1,3,-1
201863D090118,1,9,0,4,0,1,0,0,1,10,3,1,6,2,48,8,2179,2,10,4,3,4
201863D090118,2,9,0,18,0,1,1,0,2,10,1,1,6,1,52,8,2521,1,12,10,2,10
201863D090418,1,9,0,17,0,0,1,0,0,0,4,1,6,1,19,4,1398,1,10,-1,2,-1
201863D090418,2,19,0,16,0,0,0,0,0,0,3,1,1,1,39,7,1560,2,1,-1,1,-1
201863D090918,1,9,0,18,0,8,1,0,7,2,1,1,2,1,18,4,1360,1,11,-1,2,-1
201863D091218,1,9,0,18,0,0,0,0,0,0,4,1,6,1,19,4,999,1,15,-1,3,-1
201863D091318,1,9,0,17,0,1,0,0,0,0,1,1,1,1,36,7,-1,-1,-1,-1,3,-1
201863D091318,2,9,0,4,0,1,0,0,0,0,1,1,1,1,49,8,1499,1,-1,-1,1,-1
201863D091318,3,11,0,4,0,1,0,0,0,0,1,1,1,1,60,9,6690,2,3,-1,2,-1
201863D092418,1,9,0,18,0,0,0,0,0,0,4,1,6,1,24,5,1596,1,4,-1,3,-1
201863D092718,1,9,0,7,0,6,0,0,0,0,4,1,6,1,66,10,1461,2,6,-1,3,-1
201863D093118,1,19,0,4,0,0,0,0,0,0,0,1,6,1,52,8,1995,2,15,-1,1,-1
201863D093118,2,9,0,4,0,0,0,0,0,0,2,1,6,2,32,6,-1,-1,-1,-1,1,-1
201863D093118,3,3,0,18,0,0,0,0,0,0,1,1,6,1,38,7,-1,-1,-1,-1,1,-1
201863D093218,1,3,0,17,0,0,1,0,0,0,0,1,6,1,67,10,883,1,17,-1,3,-1
201863D093218,2,20,0,16,0,0,0,0,0,0,0,1,1,1,64,9,6700,2,2,-1,3,-1
201863D093318,1,9,0,4,0,1,0,0,0,0,1,1,6,2,19,4,1199,1,15,-1,1,-1
201863D093318,2,9,0,4,0,1,0,0,0,0,2,1,2,1,56,9,1364,1,1,-1,3,-1
201863D093318,3,9,0,4,0,1,0,0,0,0,2,1,1,1,48,8,-1,-1,-1,-1,3,-1
201863D093318,4,9,0,9,0,5,0,0,0,0,0,1,6,3,-1,-1,-1,-1,-1,-1,-1,-1
201863D093418,1,9,0,18,0,1,0,0,0,0,1,1,6,2,81,11,1242,1,14,-1,3,-1
201863D093418,2,5,0,4,0,1,0,0,0,0,2,1,6,1,64,9,805,1,4,-1,1,-1
201863D093418,3,9,0,4,0,1,0,0,0,0,0,1,6,2,40,7,1997,2,6,-1,3,-1
201863D093418,4,9,0,10,0,8,0,0,0,0,0,1,6,3,-1,-1,-1,-1,-1,-1,-1,-1
201863D094218,1,9,0,13,0,0,0,0,0,0,4,1,6,2,42,7,2000,2,9,-1,3,-1
201863D094218,2,1,0,18,0,0,0,0,0,0,3,1,6,2,28,6,-1,-1,-1,-1,2,-1
201863D094518,1,9,0,18,0,0,0,0,0,0,1,1,6,1,35,6,1997,2,2,-1,1,-1
201863D094518,2,19,0,2,0,0,0,0,0,0,3,1,6,1,25,5,1461,2,7,-1,1,-1
201863D095018,1,9,0,18,0,0,0,0,7,10,1,1,1,2,29,6,1598,1,5,-1,1,-1
201863D095018,2,9,0,18,0,0,1,0,1,10,3,1,6,1,63,9,1595,1,3,-1,3,-1
201863D095918,1,9,0,10,0,1,0,0,0,0,3,1,6,2,51,8,1422,2,2,-1,3,-1
201863D095918,2,5,0,14,0,1,1,0,7,1,1,1,6,1,56,9,998,1,9,-1,1,-1
201863D095918,3,9,0,8,0,1,0,0,0,0,0,1,6,2,51,8,2993,2,1,-1,3,-1