Accident_Index,Vehicle_Reference,Vehicle_Type,Towing_and_Articulation,Vehicle_Manoeuvre,Vehicle_Location-Restricted_Lane,Junction_Location,Skidding_and_Overturning,Hit_Object_in_Carriageway,Vehicle_Leaving_Carriageway,Hit_Object_off_Carriageway,1st_Point_of_Impact,Was_Vehicle_Left_Hand_Drive?,Journey_Purpose_of_Driver,Sex_of_Driver,Age_of_Driver,Age_Band_of_Driver,Engine_Capacity_(CC),Propulsion_Code,Age_of_Vehicle,Driver_IMD_Decile,Driver_Home_Area_Type,Vehicle_IMD_Decile
201863D096018,1,1,0,18,0,0,0,0,0,0,1,1,6,1,36,7,-1,-1,-1,5,1,5
201863D096018,2,5,0,18,0,0,0,0,0,0,1,1,6,1,-1,-1,-1,-1,-1,-1,-1,-1
201863D096118,1,9,0,18,0,0,2,0,1,10,1,1,6,1,26,6,1998,1,10,-1,2,-1
201863D096118,2,9,0,18,0,0,0,0,0,0,0,1,6,1,25,5,1998,1,12,-1,1,-1
201863D096218,1,9,0,7,0,8,0,0,0,0,4,1,1,2,41,7,1242,1,4,-1,3,-1
201863D096918,1,9,4,18,0,0,1,0,0,0,1,1,1,1,55,8,-1,-1,-1,-1,3,-1
201863D096918,2,9,0,4,0,0,0,0,0,0,2,1,6,1,61,9,998,1,1,-1,3,-1
201863D097218,1,19,0,18,0,1,1,0,0,0,1,1,1,1,44,7,2148,2,11,4,3,4
201863D097218,2,9,0,10,0,1,0,0,0,0,2,1,6,2,27,6,1242,1,9,-1,3,-1
201863D097518,1,2,0,17,0,2,1,0,1,10,1,1,6,1,21,5,471,1,5,8,1,8
201863D097618,1,9,0,9,0,6,0,0,0,0,1,1,6,2,54,8,1560,2,3,-1,3,-1
201863D097718,1,9,0,9,0,8,0,0,0,0,4,1,6,1,82,11,998,1,1,-1,2,-1
201863D097718,2,9,0,18,0,8,0,0,0,0,1,1,6,2,48,8,1995,2,8,-1,3,-1
201863D097818,1,9,0,7,0,6,0,0,0,0,3,1,1,1,60,9,1951,2,16,-1,3,-1
201863D097818,2,9,0,18,0,1,0,0,0,0,4,1,3,2,49,8,1587,1,15,-1,2,-1
201863D098018,1,5,0,18,0,0,1,0,0,0,0,1,6,1,26,6,865,1,7,-1,1,-1
201863D098318,1,9,0,18,0,0,0,0,0,0,1,1,6,2,75,10,999,1,4,-1,3,-1
201863D098618,1,9,0,18,0,0,0,0,0,0,2,1,6,2,18,4,1360,1,15,-1,3,-1
201863D098618,2,9,0,4,0,0,1,0,0,0,1,1,6,2,19,4,1124,1,14,-1,3,-1
201863D099018,1,9,0,17,0,0,5,0,2,10,4,1,6,2,35,6,1968,2,12,-1,3,-1
201863D099118,1,9,0,16,0,2,5,0,7,10,1,1,6,1,31,6,1598,1,11,-1,3,-1
201863D099718,1,9,0,9,0,6,0,0,0,0,1,1,6,1,83,11,1248,1,9,-1,1,-1
201863D099718,2,9,0,4,0,2,0,0,0,0,3,1,6,2,31,6,1984,2,6,-1,1,-1
201863D099918,1,9,0,16,0,0,5,0,1,9,1,1,6,1,24,5,1796,1,15,-1,2,-1
201863D100018,1,9,0,18,0,6,0,0,0,0,4,1,6,2,71,10,1896,2,14,-1,3,-1
201863D100018,2,9,0,18,0,1,0,0,0,0,1,1,6,1,66,10,1399,2,13,-1,2,-1
201863D100118,1,5,0,16,0,0,0,0,7,9,1,1,6,1,88,11,649,1,8,-1,2,-1
201863D100718,1,9,0,4,0,0,0,0,0,0,2,1,6,1,42,7,1997,2,13,-1,1,-1
201863D100718,2,9,0,18,0,0,0,0,0,0,1,1,3,1,22,5,1364,1,2,-1,3,-1
201863D100718,3,9,0,4,0,0,0,0,0,0,0,1,6,3,-1,-1,-1,-1,-1,-1,-1,-1
201863D100818,1,9,0,8,0,1,0,0,0,0,2,1,2,1,30,6,1995,2,7,-1,1,-1
201863D100818,2,9,0,18,0,1,0,0,0,0,1,1,6,1,46,8,1968,2,4,-1,1,-1
201863D101418,1,9,0,18,0,1,0,0,0,0,1,1,6,2,50,8,1586,1,3,-1,3,-1
201863D101418,2,9,0,18,0,1,0,0,7,10,1,1,6,2,57,9,1349,1,8,8,1,8
201863D101418,3,9,0,18,0,1,0,0,1,10,3,1,6,1,57,9,1998,2,12,1,1,1
201863D101518,1,19,0,18,0,1,1,0,2,1,3,1,6,1,35,6,1910,2,9,-1,3,-1
201863D101518,2,9,0,10,0,1,0,0,0,0,4,1,6,1,17,4,1199,1,15,-1,3,-1
201863D101618,1,1,0,18,0,0,0,4,0,0,1,1,6,1,35,6,-1,-1,-1,-1,2,-1
201863D101618,2,10,0,2,0,0,0,0,0,0,2,1,1,2,61,9,2998,2,11,-1,3,-1
201863D102318,1,9,0,18,0,0,2,0,2,4,1,1,6,2,30,6,1339,1,14,-1,3,-1
201863D102518,1,9,0,16,0,0,0,0,2,10,4,1,6,1,20,4,1600,2,8,-1,3,-1
201863D102518,2,9,0,17,0,0,0,0,0,0,3,1,6,1,43,7,1798,1,9,-1,3,-1
201863D102818,1,5,0,17,0,0,0,0,1,10,0,1,6,1,67,10,1600,1,9,-1,3,-1
201863D103318,1,9,0,13,0,0,0,0,0,0,4,1,6,2,80,11,1298,1,16,-1,3,-1
201863D103318,2,1,0,18,0,0,0,0,1,10,3,1,6,1,49,8,-1,-1,-1,-1,3,-1
201863D103818,1,9,0,18,0,0,0,0,1,4,1,1,6,2,21,5,1560,2,3,-1,3,-1
201863D104718,1,9,0,18,0,0,1,0,0,0,1,1,6,1,19,4,1198,1,13,-1,3,-1
201863D104718,2,9,0,4,0,0,0,0,0,0,2,1,6,2,21,5,1242,1,4,-1,1,-1
201863D104718,3,9,0,4,0,0,0,0,0,0,2,1,6,2,61,9,1998,1,3,-1,2,-1
201863D104918,1,19,0,16,0,0,0,0,0,0,1,1,1,1,22,5,1968,2,-1,-1,3,-1
201863D104918,2,19,0,17,0,0,0,0,0,0,3,1,1,1,56,9,2198,2,3,7,3,7
201863D105818,1,9,0,13,0,0,0,0,7,9,1,1,6,1,64,9,2765,2,18,-1,3,-1
201863D105818,2,9,0,17,0,0,0,0,1,10,1,1,1,2,41,7,1598,2,8,-1,3,-1
201863D105818,3,90,0,18,0,0,0,0,0,0,0,1,6,3,-1,-1,-1,-1,-1,-1,-1,-1
201863D106118,1,9,0,18,0,0,5,0,7,9,3,1,6,1,23,5,1399,2,7,2,1,2
201863D106118,2,9,0,18,0,0,0,0,0,0,1,1,6,2,22,5,973,1,15,7,1,7
201863D106318,1,9,0,18,0,0,2,0,1,10,4,1,6,2,23,5,1360,1,13,-1,3,-1
201863D106718,1,9,0,18,0,0,1,0,0,0,1,1,6,2,36,7,999,1,1,-1,3,-1
201863D106718,2,9,0,18,0,0,1,0,0,0,1,1,6,1,67,10,2184,2,14,5,3,5
201863D106718,3,9,0,18,0,0,1,0,0,0,2,1,6,2,42,7,1995,2,3,-1,3,-1
201863D107518,1,9,0,18,0,0,2,0,2,10,4,1,6,1,24,5,1598,1,13,3,1,3
201863D107618,1,9,0,18,0,0,0,7,1,7,4,1,6,1,17,4,1242,1,9,-1,3,-1
201863D107618,2,19,0,4,0,0,0,0,0,0,1,1,1,1,39,7,1995,2,-1,-1,3,-1
201863D107718,1,9,0,18,0,0,0,4,0,0,1,1,6,1,71,10,1199,2,7,-1,2,-1
201863D107718,2,9,0,2,6,0,0,0,0,0,1,1,1,1,53,8,1998,2,10,-1,3,-1
201863D108818,1,9,0,7,0,5,0,0,0,0,0,1,6,3,-1,-1,-1,-1,-1,-1,-1,-1
201863D108818,2,11,0,17,0,1,0,0,0,0,0,1,1,1,49,8,6871,2,9,-1,3,-1
201863D109618,1,9,0,16,0,0,0,0,0,0,1,1,1,1,31,6,-1,-1,-1,3,1,3
201863D109618,2,90,0,17,0,0,0,0,0,0,1,1,1,1,50,8,854,2,1,-1,3,-1
201863D110418,1,9,0,18,0,0,1,0,0,0,1,1,6,1,31,6,1781,1,15,-1,3,-1
201863D110418,2,9,0,18,0,0,0,0,0,0,2,1,6,2,65,9,1997,2,7,-1,3,-1
201863D110418,3,9,0,18,0,0,0,0,1,10,3,1,6,1,68,10,1149,1,11,4,2,4
201863D110618,1,9,0,18,0,1,0,0,1,10,1,1,6,1,25,5,-1,-1,-1,-1,3,-1
201863D110618,2,9,0,18,0,1,0,0,1,10,2,1,6,1,30,6,1198,1,11,2,1,2
201863D110618,3,9,0,4,0,1,0,0,0,0,2,1,6,2,47,8,1422,2,14,-1,3,-1
201863D110618,4,9,0,9,0,5,0,0,0,0,0,1,6,3,-1,-1,-1,-1,-1,-1,-1,-1
201863D110818,1,9,0,18,0,1,1,0,0,0,1,1,6,1,49,8,1685,2,5,1,1,1
201863D110818,2,9,0,10,0,1,0,0,0,0,2,1,6,1,58,9,1200,1,5,-1,3,-1
201863D111118,1,5,0,13,0,0,1,2,1,1,1,1,6,1,28,6,599,1,21,-1,1,-1
201863D111118,2,19,0,18,0,0,0,0,0,0,0,1,6,3,-1,-1,-1,-1,-1,-1,-1,-1
201863D111818,1,9,0,18,0,1,2,0,2,4,1,1,6,1,37,7,1149,1,6,4,1,4
201863D111918,1,9,0,17,0,0,0,0,1,9,4,1,6,1,19,4,1496,2,3,-1,3,-1
201863D112318,1,9,0,16,0,0,0,0,2,10,1,1,6,1,33,6,1461,2,6,7,3,7
201863D112318,2,9,0,17,0,0,0,0,0,0,1,1,6,1,76,11,998,1,2,-1,3,-1
201863D112418,1,19,0,1,0,5,0,0,0,0,2,1,1,1,46,8,2198,2,3,-1,3,-1
201863D113818,1,9,0,18,0,0,2,0,2,4,1,1,6,1,43,7,1360,1,8,-1,1,-1
201863D114118,1,9,0,17,0,0,5,0,1,9,1,1,6,1,22,5,1360,1,9,-1,1,-1
201863D114918,1,19,0,14,0,1,1,0,0,0,1,1,2,1,42,7,1868,2,19,-1,2,-1
201863D114918,2,9,0,4,0,1,0,0,0,0,2,1,6,1,58,9,4197,1,13,-1,3,-1
201863D114918,3,11,0,3,0,1,0,0,0,0,0,1,6,3,-1,-1,-1,-1,-1,-1,-1,-1
201863D114918,4,9,0,10,0,1,0,0,0,0,0,1,6,3,-1,-1,-1,-1,-1,-1,-1,-1
201863D115418,1,9,0,18,0,0,0,0,0,0,1,1,6,2,69,10,1686,2,7,-1,3,-1
201863D115418,2,19,0,18,0,0,0,0,0,0,1,1,1,1,46,8,2143,2,3,-1,1,-1
201863D116718,1,9,0,18,0,1,1,0,0,0,1,1,6,1,53,8,1199,1,15,-1,1,-1
201863D116718,2,9,0,4,0,1,0,0,0,0,2,1,6,2,60,9,1596,1,4,-1,3,-1
201863D116718,3,19,0,9,0,5,0,0,0,0,0,1,6,3,-1,-1,-1,-1,-1,-1,-1,-1
201863D117218,1,9,0,18,0,0,1,0,0,0,1,1,6,1,17,4,1150,1,12,-1,3,-1
201863D117218,2,9,0,18,0,0,0,0,0,0,1,1,6,2,32,6,1968,2,6,-1,3,-1
201863D117818,1,9,0,18,0,0,0,0,0,0,1,1,6,1,25,5,1598,1,8,-1,2,-1
201863D117818,2,1,0,18,0,0,0,0,0,0,2,1,2,1,49,8,-1,-1,-1,-1,2,-1
201863D117918,1,9,0,18,0,8,0,4,0,0,4,1,6,1,20,4,1956,2,5,-1,3,-1
201863D117918,2,9,0,2,0,8,0,0,0,0,2,1,6,1,24,5,1598,1,5,-1,2,-1
201863D117918,3,9,0,2,0,8,0,0,0,0,2,1,6,2,70,10,1896,2,14,-1,2,-1
201863D118018,1,19,0,18,0,0,0,0,0,0,4,1,1,3,-1,-1,-1,-1,-1,-1,-1,-1
201863D118418,1,19,0,5,0,4,0,0,0,0,1,1,6,1,58,9,1968,2,1,-1,1,-1
201863D118418,2,9,0,18,0,8,0,0,0,0,1,1,6,1,32,6,1560,2,11,-1,2,-1
201863D118718,1,5,0,13,0,0,2,0,0,0,1,1,6,1,30,6,996,1,19,4,1,4
201863D118718,2,11,0,16,0,0,0,0,0,0,1,1,1,1,41,7,9000,2,3,-1,3,-1
201863D118718,3,5,0,17,0,0,0,0,0,0,0,1,6,3,-1,-1,-1,-1,-1,-1,-1,-1
201863D118918,1,9,0,18,0,0,0,0,0,0,1,1,6,2,27,6,999,1,2,-1,1,-1
201863D118918,2,19,0,18,0,0,0,0,0,0,2,1,2,1,46,8,2402,2,14,-1,1,-1
201863D118918,3,9,0,4,0,0,0,0,1,0,2,1,2,2,54,8,2199,2,-1,-1,3,-1
201863D119218,1,19,0,16,0,0,1,0,0,0,1,1,1,1,30,6,2143,2,3,-1,2,-1
201863D119218,2,9,0,17,0,0,1,0,0,0,1,1,6,2,46,8,2720,2,12,-1,3,-1
201863D119318,1,9,0,18,0,0,0,0,7,10,1,1,6,1,31,6,-1,-1,-1,9,1,9
201863D119918,1,9,0,16,0,0,0,0,2,4,1,1,6,1,21,5,1149,1,17,10,1,10
201863D119918,2,9,0,16,0,0,0,0,0,0,0,1,6,2,64,9,1497,8,2,-1,2,-1
201863D120118,1,21,1,17,0,0,1,0,8,10,1,1,1,1,52,8,12900,2,7,9,2,9
201863D120118,2,21,1,16,0,0,0,0,1,7,1,1,1,1,33,6,12900,2,11,9,1,9
201863D120218,1,11,0,9,0,5,0,0,0,0,0,1,1,1,53,8,4461,2,4,-1,1,-1
201863D120218,2,19,0,13,0,1,0,0,0,0,0,1,6,3,-1,-1,-1,-1,-1,-1,-1,-1
201863D120918,1,9,0,9,0,5,0,0,0,0,1,1,6,1,75,10,1686,2,5,5,1,5
201863D120918,2,9,0,18,0,1,0,0,0,0,3,1,6,1,60,9,1598,1,18,-1,3,-1
201863D121218,1,9,0,16,0,0,0,0,8,10,1,1,6,1,63,9,1461,2,-1,4,1,4
201863D121718,1,2,0,18,0,0,0,0,1,10,1,1,6,2,21,5,125,1,12,-1,2,-1
201863D121718,2,9,0,18,0,0,0,0,0,0,0,1,6,3,-1,-1,-1,-1,-1,-1,-1,-1
201863D121818,1,19,0,17,0,0,2,0,7,4,1,1,1,1,19,4,2198,2,7,-1,3,-1
201863D122418,1,9,0,18,0,0,2,0,7,10,1,1,6,1,59,9,2987,2,6,-1,1,-1
201863D122918,1,9,0,4,0,0,0,0,0,0,3,1,6,1,85,11,1753,2,10,-1,3,-1
201863D122918,2,9,0,18,0,0,0,0,0,0,1,1,6,1,76,11,998,1,-1,-1,2,-1
201863D123018,1,9,0,18,0,0,0,0,0,0,1,1,6,1,45,7,1198,1,4,7,3,7
201863D123018,2,9,0,4,0,0,0,0,0,0,2,1,6,1,18,4,1242,1,10,-1,3,-1
201863D123018,3,9,0,4,0,0,0,0,0,0,2,1,6,1,62,9,1997,2,6,-1,3,-1
201863D123218,1,9,0,18,0,0,0,0,0,0,4,1,6,1,79,11,2755,2,2,-1,-1,-1
201863D124518,1,9,0,16,0,0,0,0,7,10,1,1,6,1,24,5,1461,2,4,-1,1,-1
201863DP01818,1,19,3,18,0,8,0,0,0,0,1,1,6,1,47,8,1995,2,-1,5,3,5
201891NE00620,1,9,0,17,0,0,0,0,1,4,2,1,6,1,18,4,-1,-1,-1,-1,2,-1
201891NE00689,1,9,0,18,0,1,0,0,0,0,4,1,1,2,39,7,-1,-1,-1,-1,3,-1
201891NE00689,2,9,0,9,0,1,0,0,0,0,1,1,2,2,44,7,1560,2,5,-1,2,-1
201891NE00947,1,9,0,5,0,1,0,0,7,0,1,1,6,1,32,6,1400,2,11,-1,1,-1
201891NE00947,2,9,0,18,0,1,0,0,7,0,1,1,6,1,23,5,1395,1,3,-1,2,-1
201891NE01184,1,9,0,17,0,0,0,0,0,0,1,1,6,2,35,6,1582,2,4,-1,1,-1
201891NE01596,1,9,0,9,0,5,0,0,0,0,1,1,6,1,82,11,1199,1,15,-1,3,-1
201891NE01596,2,9,0,18,0,8,1,0,7,10,1,1,2,2,46,8,1598,1,3,-1,3,-1
201891NE01596,3,9,0,10,0,8,0,0,0,0,1,1,6,2,67,10,1560,2,4,-1,3,-1
201891NE02147,1,9,0,15,0,0,1,0,7,11,1,1,6,1,21,5,1984,1,7,-1,3,-1
201891NE02147,2,9,0,15,0,0,5,0,7,4,2,1,6,1,20,4,1968,2,12,-1,2,-1
201891NE02595,1,9,0,18,0,0,5,0,7,8,1,1,6,1,44,7,1998,1,10,-1,3,-1
201891NE02892,1,9,0,7,0,1,0,0,0,0,1,1,1,2,21,5,-1,-1,-1,-1,-1,-1
201891NE02892,2,9,0,18,0,1,0,0,0,0,1,1,6,2,34,6,1956,2,4,-1,-1,-1
201891NE02893,1,9,0,10,0,1,0,0,0,0,2,1,6,1,61,9,1997,2,12,-1,1,-1
201891NE02893,2,1,0,18,0,1,0,0,0,0,1,1,6,2,53,8,-1,-1,-1,-1,3,-1
201891NE02911,1,9,0,5,0,1,0,0,0,0,1,1,6,2,25,5,1149,1,17,-1,3,-1
201891NE02911,2,9,0,18,0,1,0,0,0,0,1,1,1,1,39,7,-1,-1,-1,-1,3,-1
201891NH01030,1,9,0,17,0,0,2,0,7,0,1,1,6,1,42,7,-1,-1,-1,-1,-1,-1
201891NJ00040,1,9,0,17,0,0,5,0,1,11,1,1,6,1,58,9,-1,-1,-1,-1,3,-1
201891NJ00069,1,9,0,7,0,5,0,0,1,11,1,1,6,2,26,6,1596,1,2,-1,3,-1
201891NJ00313,1,9,0,18,0,1,0,0,0,0,1,1,6,1,70,10,1598,1,12,-1,2,-1
201891NJ00313,2,9,0,18,0,1,5,0,2,1,3,1,6,2,47,8,1997,2,-1,-1,2,-1
201891NJ00362,1,9,0,17,0,0,5,0,1,9,4,1,2,2,61,9,1997,2,14,-1,2,-1
201891NJ00549,1,9,0,18,0,1,1,0,7,9,1,1,6,1,59,9,1999,2,-1,-1,3,-1
201891NJ00549,2,9,0,9,0,1,0,0,0,0,1,1,6,2,53,8,1499,2,2,-1,3,-1
201891NJ01290,1,90,0,17,0,0,0,0,8,9,1,1,6,1,37,7,-1,-1,-1,3,-1,3
201891NJ01389,1,5,0,17,0,0,0,0,1,0,4,1,6,1,52,8,599,1,17,-1,2,-1
201891NJ02306,1,9,0,1,0,0,0,0,0,0,2,1,1,2,25,5,1498,1,-1,-1,-1,-1
201891NL00178,1,9,0,17,0,0,1,0,0,0,3,1,6,1,62,9,1598,2,5,-1,3,-1
201891NL00183,1,9,0,18,0,0,2,0,1,11,4,1,1,1,39,7,-1,-1,-1,-1,3,-1
201891NL00183,2,21,1,18,0,0,3,0,7,11,3,1,1,1,55,8,12580,2,12,-1,3,-1
201891NL00348,1,90,0,1,0,0,0,0,0,0,2,1,1,1,56,9,-1,-1,-1,-1,3,-1
201891NM00126,1,9,0,13,0,0,1,0,1,7,3,1,6,1,21,5,1995,2,1,-1,3,-1
201891NM00126,2,21,1,18,0,0,3,0,1,7,1,1,1,1,49,8,12740,2,5,-1,3,-1
201891NM00131,1,9,0,18,0,1,5,0,2,7,1,1,2,2,44,7,1229,1,13,-1,2,-1
201891NM00131,2,9,0,10,0,1,0,0,0,0,2,1,6,1,48,8,1198,1,6,-1,3,-1
201891NM00171,1,9,0,3,0,2,0,0,1,0,3,1,2,1,40,7,-1,-1,-1,-1,3,-1
201891NM00171,2,9,0,18,0,2,0,4,0,0,1,1,6,1,25,5,1598,1,9,-1,2,-1
201891NM00383,1,9,0,9,0,1,0,0,0,0,1,1,6,1,24,5,1199,2,4,-1,3,-1
201891NM00383,2,9,0,18,0,1,1,0,1,0,1,1,6,1,59,9,2191,2,2,-1,3,-1
201891NM00383,3,21,0,18,0,1,0,0,0,0,1,1,1,1,32,6,10837,2,5,-1,1,-1
201891NM00401,1,9,0,10,0,1,0,0,0,0,2,1,1,1,45,7,-1,-1,-1,-1,3,-1
201891NM00401,2,9,0,18,0,1,0,0,0,0,2,1,1,1,48,8,1461,2,2,-1,3,-1
201891NM00401,3,21,0,18,0,1,0,0,1,0,1,1,1,1,61,9,7698,2,3,-1,1,-1
201891NM00401,4,19,0,18,0,1,0,0,0,0,1,1,1,1,56,9,1598,2,3,-1,3,-1
201891NM00401,5,9,0,18,0,1,0,0,1,7,1,1,1,2,60,9,1329,1,3,-1,-1,-1
201891NM00477,1,9,0,18,0,0,0,0,0,0,1,1,6,1,83,11,-1,-1,-1,-1,-1,-1
201891NM00477,2,1,0,18,0,0,0,0,1,9,1,1,6,1,69,10,-1,-1,-1,-1,-1,-1
201891NM00696,1,19,0,17,0,0,2,0,1,9,4,1,6,1,73,10,-1,-1,-1,-1,3,-1
201891NM00726,1,5,0,18,0,0,5,0,1,9,1,1,2,1,39,7,955,1,16,-1,1,-1
201891NM00726,2,9,0,15,0,0,0,0,0,0,3,1,2,1,33,6,1956,2,5,-1,2,-1
201891NM00776,1,9,0,9,0,1,0,0,7,0,3,1,2,2,18,4,1242,1,10,-1,3,-1
201891NM00776,2,9,0,14,0,1,0,0,0,0,1,1,2,2,51,8,1968,2,1,-1,3,-1
201891NM00892,1,9,0,18,7,5,1,0,0,0,1,1,6,1,26,6,-1,-1,-1,-1,-1,-1
201891NM00892,2,19,0,10,0,6,0,0,0,0,3,1,1,1,54,8,2198,2,3,-1,-1,-1
201891NM01017,1,9,0,7,0,0,0,0,0,0,1,1,2,1,53,8,1461,2,4,-1,2,-1
201891NM01017,2,1,0,18,0,0,0,0,0,0,1,1,6,1,14,3,-1,-1,-1,-1,2,-1
201891NM01075,1,9,0,3,0,1,0,0,7,7,1,1,6,1,65,9,1242,1,4,-1,3,-1
201891NM01075,2,9,0,18,0,1,0,0,0,0,1,1,6,2,64,9,3200,1,15,-1,3,-1
201891NM01075,3,9,0,18,0,1,0,0,0,0,1,1,6,1,42,7,1969,2,1,-1,-1,-1
201891NM01195,1,9,0,10,0,1,0,0,0,0,1,1,6,2,62,9,-1,3,1,-1,3,-1
201891NM01195,2,1,0,9,0,1,0,0,0,0,1,1,6,2,40,7,-1,-1,-1,-1,2,-1
201891NM01220,1,90,0,18,0,0,0,0,0,0,3,1,1,1,39,7,4000,2,10,-1,2,-1
201891NM01220,2,90,0,18,0,0,0,0,0,0,3,1,1,1,45,7,8709,2,4,-1,3,-1
201891NM01220,3,9,0,18,0,0,0,0,0,0,1,1,6,2,44,7,1422,2,2,-1,3,-1
201891NM01366,1,9,0,9,0,5,0,10,7,0,3,1,6,1,22,5,1198,1,6,-1,3,-1
201891NM01366,2,9,0,3,0,1,0,10,7,0,1,1,6,1,40,7,1798,1,6,-1,1,-1
201891NM02730,1,9,0,17,0,0,2,0,7,4,3,1,6,1,22,5,-1,-1,-1,-1,3,-1
201891NM31421,1,9,0,9,0,2,0,0,0,0,4,1,2,2,55,8,1998,1,-1,-1,2,-1
201891NM31421,2,1,0,18,0,2,0,0,0,0,4,1,2,2,45,7,-1,-1,-1,-1,2,-1
201891NN00104,1,9,0,18,0,0,0,0,0,0,1,1,6,1,23,5,1493,2,11,-1,1,-1
201891NN00104,2,1,0,18,0,0,0,0,0,0,2,1,6,1,47,8,-1,-1,-1,-1,3,-1
201891NN00773,1,9,0,16,0,1,0,0,7,11,1,1,6,1,36,7,1975,1,10,-1,1,-1
201891NN01319,1,21,1,18,0,4,2,0,0,10,4,1,6,1,57,9,12740,2,5,-1,2,-1
201891NN01678,1,9,0,18,0,0,0,0,0,0,1,1,6,2,82,11,1299,1,13,-1,3,-1
201891NN01678,2,1,0,18,0,0,0,0,0,0,2,1,6,2,23,5,-1,-1,-1,-1,3,-1
201891NN02048,1,9,0,18,0,0,0,0,0,0,1,1,6,1,27,6,1598,2,5,-1,-1,-1
201891NN02048,2,21,1,18,0,0,0,0,0,0,2,1,6,1,49,8,12900,2,10,-1,-1,-1
201891NN02131,1,9,0,10,0,1,0,0,0,0,2,1,6,2,44,7,1388,1,12,-1,1,-1
201891NN02131,2,9,0,18,0,1,0,0,0,0,1,1,6,1,46,8,2995,1,3,-1,3,-1
201891NN02614,1,9,0,13,0,0,0,0,0,0,3,1,6,2,83,11,998,1,-1,-1,3,-1
201891NN02614,2,1,0,18,0,0,0,0,0,0,3,1,6,1,67,10,-1,-1,-1,-1,1,-1
201891NN02657,1,9,0,18,0,7,2,0,7,11,3,1,6,2,43,7,1461,2,15,-1,3,-1
201891NN03104,1,9,0,7,0,8,1,10,0,0,1,1,6,1,45,7,1598,1,10,-1,3,-1
201891NN03104,2,11,0,7,0,8,0,0,0,0,3,1,1,2,49,8,7300,2,18,-1,2,-1
201891NN03234,1,8,0,18,0,4,0,0,0,0,2,1,6,1,53,8,2993,2,5,-1,1,-1
201891NN03234,2,9,0,18,0,4,0,0,0,0,1,1,6,2,21,5,1229,1,7,-1,2,-1
201891NN03402,1,9,0,3,0,1,0,0,0,0,2,1,6,2,71,10,1248,1,3,-1,3,-1
201891NN03402,2,3,0,18,0,1,0,0,0,0,1,1,6,2,51,8,124,1,2,-1,3,-1
201891NN03402,3,9,0,9,0,1,0,0,0,0,0,1,6,2,57,9,1968,2,12,-1,3,-1
201891NN03588,1,9,0,18,0,8,0,0,0,0,2,1,6,2,37,7,1598,1,6,-1,3,-1
201891NN03588,2,9,0,9,0,5,0,0,0,0,1,1,6,1,76,11,2401,1,13,-1,3,-1
201891NN03881,1,9,0,9,0,0,0,0,0,0,2,1,6,2,42,7,1461,2,2,-1,-1,-1
201891NN03881,2,9,0,9,0,0,0,0,0,0,1,1,6,2,88,11,999,1,9,-1,2,-1
201891NN04160,1,9,0,18,0,1,2,0,1,0,1,1,6,2,27,6,1242,1,14,-1,1,-1
201891NN06723,1,5,0,18,0,1,1,4,0,0,1,1,6,1,40,7,599,1,22,-1,-1,-1
201891NN06723,2,19,0,2,9,1,0,0,0,0,2,1,6,3,-1,-1,2198,2,3,-1,-1,-1
201891NN06723,3,9,0,10,6,7,0,0,0,0,0,1,6,1,48,8,1896,2,15,-1,-1,-1
201891NN10082,1,11,0,5,0,1,0,0,0,0,0,1,1,1,49,8,-1,-1,-1,-1,-1,-1
201891NP00026,1,5,0,13,0,8,0,0,0,0,1,1,6,1,52,8,-1,-1,-1,-1,-1,-1
201891NP00026,2,19,0,9,0,5,0,0,0,0,3,1,1,1,39,7,-1,-1,-1,-1,-1,-1
201891NP00052,1,9,0,16,0,0,2,0,1,9,4,1,6,1,22,5,1328,1,12,-1,3,-1
201891NP00092,1,9,0,15,0,0,2,0,1,10,4,1,2,1,44,7,3246,1,11,-1,3,-1
201891NP00092,2,9,0,18,0,0,0,0,0,0,3,1,6,1,48,8,1461,2,1,-1,-1,-1
201891NP00643,1,9,0,18,0,0,0,0,0,0,1,1,6,2,41,7,1598,1,2,-1,1,-1
201891NP00643,2,9,0,18,0,0,0,0,0,0,1,1,6,1,37,7,1560,2,3,-1,3,-1
201891NP00654,1,11,0,18,0,0,0,4,0,0,1,1,1,1,45,7,9000,2,5,-1,1,-1
201891NP00654,2,9,0,4,0,0,0,0,1,0,2,1,6,2,25,5,999,1,1,-1,-1,-1
201891NP00996,1,9,0,18,0,0,1,0,1,9,1,1,2,1,22,5,1364,1,12,-1,2,-1
201891NP01051,1,19,0,16,0,0,2,0,7,0,3,1,6,1,28,6,2198,2,6,-1,-1,-1
201891NP01097,1,9,0,18,0,0,2,0,7,7,1,1,6,1,69,10,1198,1,14,-1,3,-1
201891NP01163,1,90,0,18,0,0,0,0,7,0,3,1,1,1,22,5,-1,-1,-1,-1,2,-1
201891NP01367,1,9,0,18,0,0,0,0,7,11,1,1,6,2,33,6,1461,2,7,-1,3,-1
201891NP01443,1,19,0,2,6,0,0,0,0,0,3,1,1,1,83,11,2198,2,8,-1,-1,-1
201891NP01729,1,9,0,17,0,0,0,0,0,0,3,1,6,2,27,6,1560,2,-1,-1,1,-1
201891NP01729,2,8,0,16,0,0,0,0,0,0,1,1,6,2,38,7,2143,2,4,-1,1,-1
201891NP01785,1,9,0,18,0,0,0,0,0,0,1,1,6,2,32,6,1995,2,1,-1,-1,-1
201891NP01785,2,9,0,18,0,0,0,0,0,0,1,1,6,2,34,6,1968,2,4,-1,3,-1