Accident_Index,Vehicle_Reference,Vehicle_Type,Towing_and_Articulation,Vehicle_Manoeuvre,Vehicle_Location-Restricted_Lane,Junction_Location,Skidding_and_Overturning,Hit_Object_in_Carriageway,Vehicle_Leaving_Carriageway,Hit_Object_off_Carriageway,1st_Point_of_Impact,Was_Vehicle_Left_Hand_Drive?,Journey_Purpose_of_Driver,Sex_of_Driver,Age_of_Driver,Age_Band_of_Driver,Engine_Capacity_(CC),Propulsion_Code,Age_of_Vehicle,Driver_IMD_Decile,Driver_Home_Area_Type,Vehicle_IMD_Decile
201891NP02518,1,9,0,9,0,5,0,0,0,10,3,1,6,1,33,6,-1,-1,-1,-1,-1,-1
201891NP02518,2,5,0,13,0,5,5,0,0,0,1,1,6,1,32,6,-1,-1,-1,-1,-1,-1
201891NP02790,1,5,0,18,0,0,5,0,0,0,3,1,6,1,55,8,-1,-1,-1,-1,-1,-1
201891NP02790,2,9,0,16,0,0,1,0,0,0,1,1,6,2,36,7,-1,-1,-1,-1,-1,-1
201891NP03317,1,9,0,16,0,0,0,0,0,0,1,1,6,1,30,6,4134,2,6,-1,-1,-1
201891NP03317,2,19,0,17,0,0,0,0,0,0,3,1,1,1,58,9,2299,2,2,-1,3,-1
201891NP03317,3,19,0,17,0,0,0,0,1,9,1,1,1,1,54,8,1753,2,10,-1,-1,-1
201891NP03317,4,9,0,17,0,0,0,0,1,9,0,1,6,1,37,7,2143,2,-1,-1,-1,-1
201891NP03463,1,5,0,-1,0,0,1,0,7,0,-1,1,6,1,40,7,-1,-1,-1,-1,-1,-1
201891NP03463,2,9,0,-1,0,0,1,0,0,0,-1,-1,6,1,63,9,-1,-1,-1,-1,-1,-1
201891SNE0162,1,3,0,18,0,0,1,0,0,0,0,1,2,1,18,4,124,1,14,-1,3,-1
201891SNE0425,1,9,0,17,0,0,1,0,1,2,1,1,6,1,25,5,1598,1,11,-1,-1,-1
201891SNE0529,1,9,0,18,0,0,2,0,7,4,1,1,6,1,20,4,1995,2,13,-1,2,-1
201891SNE0598,1,9,0,18,0,0,1,0,7,4,1,1,6,1,20,4,1998,1,11,-1,3,-1
201891SNE0681,1,1,0,18,0,0,0,0,1,0,2,1,6,1,43,7,-1,-1,-1,-1,-1,-1
201891SNE0681,2,20,0,18,0,0,0,0,0,0,1,1,2,1,22,5,-1,-1,-1,-1,-1,-1
201891SNE0765,1,9,0,17,0,1,2,0,1,0,1,1,6,2,70,10,1329,1,9,-1,2,-1
201891SNE0791,1,20,0,16,0,0,0,0,0,0,3,1,1,1,68,10,-1,-1,-1,-1,3,-1
201891SNE0791,2,19,0,17,0,0,0,0,0,0,3,1,1,1,46,8,1560,2,3,-1,-1,-1
201891SNE0819,1,9,0,18,0,0,5,0,0,11,1,1,6,1,33,6,2268,2,4,-1,3,-1
201891SNE1033,1,1,0,17,0,0,1,0,1,0,0,1,6,1,20,4,-1,-1,-1,-1,-1,-1
201891SNE1082,1,9,0,18,0,1,2,0,7,11,4,1,6,1,20,4,1796,1,14,-1,3,-1
201891SNE1099,1,5,0,18,0,4,2,0,3,0,4,1,6,1,24,5,599,1,17,-1,-1,-1
201891SNE1107,1,9,0,18,0,0,0,0,0,0,1,1,6,1,73,10,999,1,2,-1,-1,-1
201891SNE1107,2,9,4,4,0,0,0,0,0,0,1,1,6,1,58,9,3200,2,3,-1,-1,-1
201891SNE1107,3,9,0,4,0,0,0,0,0,0,1,1,6,2,19,4,1598,1,5,-1,-1,-1
201891SNE1116,1,9,0,7,0,5,0,0,0,0,1,1,6,2,21,5,1229,1,4,-1,2,-1
201891SNE1116,2,1,0,18,0,6,0,0,0,0,1,1,6,2,14,3,-1,-1,-1,-1,2,-1
201891SNE1139,1,9,0,17,0,0,0,6,0,0,1,1,6,1,53,8,-1,-1,-1,-1,3,-1
201891SNE1171,1,9,0,1,0,0,0,0,0,11,2,1,6,2,88,11,-1,-1,-1,-1,-1,-1
201891SNE1193,1,5,0,17,0,0,0,0,0,0,1,1,6,1,48,8,-1,-1,-1,-1,-1,-1
201891SNE1193,2,9,0,16,0,0,0,0,0,0,1,1,6,1,34,6,1598,1,-1,-1,-1,-1
201891SNE1213,1,1,0,18,0,0,0,-1,0,0,1,1,6,2,20,4,-1,-1,-1,-1,2,-1
201891SNE1334,1,9,0,18,0,0,1,0,1,4,1,1,6,1,20,4,-1,-1,-1,-1,-1,-1
201891SNE1411,1,9,0,18,-1,0,0,0,7,4,1,1,6,2,67,10,1197,1,1,-1,-1,-1
201891SNE1447,1,9,0,1,-1,0,0,0,0,0,2,1,2,2,57,9,-1,-1,-1,-1,-1,-1
201891SNE1447,2,9,0,2,-1,0,0,0,0,0,3,1,2,1,56,9,2400,2,4,-1,3,-1
201891SNE1468,1,5,0,18,0,0,0,0,0,0,2,1,6,1,60,9,999,1,1,-1,-1,-1
201891SNE1468,2,9,0,18,0,0,0,0,0,0,3,1,6,1,64,9,1998,2,6,-1,-1,-1
201891SNE1486,1,9,0,6,7,5,0,0,7,0,0,1,6,2,59,9,-1,-1,-1,4,1,4
201891SNE1486,2,9,0,3,0,-1,0,0,0,0,0,1,1,2,39,7,-1,-1,-1,-1,-1,-1
201891SNE1486,3,19,0,3,0,-1,0,0,0,0,0,1,6,2,38,7,-1,-1,-1,-1,-1,-1
201891SNE1486,4,9,0,3,0,-1,0,0,7,0,2,1,6,2,73,10,1398,1,5,-1,-1,-1
201891SNE1486,5,9,0,18,0,-1,1,0,1,0,1,1,1,1,69,10,-1,-1,-1,-1,3,-1
201891SNE1486,6,9,0,18,0,-1,0,0,0,0,1,1,6,2,29,6,-1,-1,-1,-1,-1,-1
201891SNE1557,1,9,0,18,0,0,2,0,7,0,1,1,6,1,24,5,1796,1,14,-1,2,-1
201891SNE1570,1,1,0,18,0,1,2,0,0,0,1,1,6,1,37,7,-1,-1,-1,-1,3,-1
201891SNE1575,1,3,0,18,0,0,1,0,0,0,0,1,2,1,18,4,124,1,14,-1,3,-1
201891SNE1579,1,90,0,18,0,0,1,0,1,4,1,1,6,1,48,8,-1,-1,-1,-1,2,-1
201891SNE1615,1,9,0,18,0,0,2,0,0,0,4,1,6,2,52,8,1328,1,8,-1,3,-1
201891SNE1623,1,9,0,10,0,6,0,0,0,0,2,1,6,2,54,8,1560,2,1,-1,3,-1
201891SNE1623,2,9,0,18,0,5,0,0,0,0,1,1,6,2,19,4,1198,1,10,-1,2,-1
201891SNE1632,1,9,0,9,0,6,0,0,0,0,3,1,6,1,73,10,2000,1,18,-1,-1,-1
201891SNE1632,2,5,0,16,0,8,0,0,1,0,1,1,6,1,52,8,1301,1,1,-1,-1,-1
201891SNE1640,1,9,0,18,0,0,0,0,0,0,1,1,6,2,30,6,1499,2,1,-1,1,-1
201891SNE1640,2,9,0,18,0,0,0,0,0,0,1,1,6,2,53,8,1229,1,8,-1,3,-1
201891SNE1642,1,19,0,16,0,0,0,0,0,0,3,1,1,1,28,6,2143,2,2,-1,1,-1
201891SNE1642,2,19,0,17,0,0,0,0,0,0,3,1,6,1,63,9,1399,2,13,-1,3,-1
201891SNE1663,1,5,0,13,0,0,0,0,0,0,1,1,6,1,55,8,-1,-1,-1,-1,-1,-1
201891SNE1663,2,5,0,18,0,0,0,0,1,0,1,1,6,2,59,9,-1,-1,-1,-1,-1,-1
201891SNE1663,3,5,0,18,0,0,0,0,0,0,3,1,6,2,67,10,-1,-1,-1,-1,-1,-1
201891SNE1676,1,9,0,8,0,5,0,0,0,0,3,1,6,2,45,7,1360,1,11,-1,2,-1
201891SNE1676,2,90,0,8,0,6,0,0,0,0,4,1,1,1,52,8,-1,-1,-1,-1,2,-1
201891SNE1709,1,1,0,18,0,0,0,0,0,0,3,1,6,1,56,9,-1,-1,-1,3,2,3
201891SNE1709,2,5,0,17,0,0,0,0,0,0,4,1,6,1,57,9,-1,-1,-1,-1,-1,-1
201891SNE1712,1,9,0,5,0,0,0,0,0,0,1,1,6,2,28,6,1242,1,7,-1,-1,-1
201891SNE1772,1,9,0,9,0,5,0,0,0,0,3,1,6,1,81,11,1198,1,1,-1,2,-1
201891SNE1772,2,9,0,18,0,1,0,0,0,0,1,1,2,1,31,6,-1,-1,-1,-1,3,-1
201891SNE1787,1,90,0,18,0,0,0,0,0,0,0,1,6,1,65,9,1997,2,-1,-1,-1,-1
201891SNE1787,2,9,0,18,0,0,2,0,7,0,3,1,6,2,66,10,1364,1,3,-1,-1,-1
201891SNE1787,3,9,0,18,0,0,1,0,0,0,4,1,6,1,56,9,-1,-1,-1,-1,-1,-1
201891SNE1810,1,3,0,18,0,0,0,0,0,0,1,1,6,1,26,6,125,1,7,-1,-1,-1
201891SNE1868,1,9,0,10,0,1,0,0,0,0,2,1,1,1,36,7,1968,2,8,4,1,4
201891SNE1868,2,5,0,18,0,1,1,0,1,9,1,1,2,1,42,7,1000,1,16,-1,-1,-1
201891SNE1938,1,9,0,17,0,0,2,0,1,4,4,1,6,1,17,4,1364,1,11,-1,2,-1
201891SNE1946,1,9,0,18,0,0,1,12,7,11,1,1,6,1,-1,-1,-1,-1,-1,-1,3,-1
201891SNE1992,1,9,0,17,0,0,2,0,1,0,1,1,6,1,37,7,2143,2,6,-1,-1,-1
201891SNE2038,1,9,0,9,0,5,0,0,0,0,4,1,6,1,79,11,1984,1,14,-1,3,-1
201891SNE2038,2,4,0,18,0,1,2,0,0,0,1,1,6,1,55,8,150,1,36,2,1,2
201891SNE2102,1,5,0,16,0,0,0,0,0,0,0,1,6,1,50,8,675,1,8,-1,-1,-1
201891SNE2102,2,9,0,17,0,0,0,0,0,0,1,1,6,1,84,11,998,1,2,-1,-1,-1
201891SNE2121,1,9,0,18,0,1,0,0,0,0,1,1,6,2,61,9,1364,1,4,-1,-1,-1
201891SNE2121,2,9,0,9,0,7,0,0,0,0,2,1,6,2,73,10,1493,2,8,-1,-1,-1
201891SNE2123,1,9,0,18,0,0,0,0,0,0,3,1,6,2,52,8,2995,1,1,-1,-1,-1
201891SNE2123,2,9,0,18,0,0,0,0,0,0,3,1,6,1,39,7,1896,2,13,-1,2,-1
201891SNE2186,1,21,1,16,0,0,0,0,0,0,0,1,1,1,58,9,16350,2,5,-1,1,-1
201891SNE2186,2,9,0,17,0,0,0,11,0,0,1,1,6,2,28,6,1968,2,4,-1,3,-1
201891SNE2186,3,9,0,17,0,0,0,11,1,0,1,1,6,1,34,6,1560,2,11,-1,3,-1
201891SNE2195,1,5,0,16,0,0,1,0,1,0,3,1,6,1,67,10,690,1,5,-1,-1,-1
201891SNE2260,1,9,0,18,0,0,0,0,1,11,1,1,6,2,72,10,1796,2,5,-1,3,-1
201891SNE2278,1,-1,4,13,0,0,0,0,0,0,4,1,6,1,-1,-1,-1,-1,-1,-1,-1,-1
201891SNE2278,2,1,0,18,0,0,0,0,0,0,3,1,6,1,63,9,-1,-1,-1,-1,-1,-1
201891SNE2280,1,9,0,17,0,0,2,0,7,0,4,1,6,1,26,6,1796,1,13,-1,3,-1
201891SNE2415,1,8,0,16,0,0,0,0,7,11,1,1,1,1,63,9,1997,2,9,-1,-1,-1
201891SNE2471,1,9,0,18,0,0,0,0,0,0,1,1,6,1,61,9,1598,2,-1,-1,3,-1
201891SNE2471,2,1,0,18,0,0,0,0,0,0,1,1,6,1,56,9,-1,-1,-1,-1,3,-1
201891SNE2481,1,9,0,18,0,1,0,0,0,0,1,1,6,2,38,7,1461,2,3,-1,3,-1
201891SNE2481,2,9,0,3,0,1,0,0,0,0,2,1,6,1,26,6,1997,2,8,-1,3,-1
201891SNE2481,3,9,0,3,0,1,0,0,0,0,2,1,6,1,68,10,1997,2,7,-1,3,-1
201891SNE2582,1,9,0,17,0,0,5,0,0,11,4,1,6,2,42,7,1242,1,14,-1,2,-1
201891SNE2645,1,4,0,18,0,0,0,0,0,0,4,1,6,1,32,6,-1,-1,-1,-1,-1,-1
201891SNE2671,1,9,0,9,0,6,0,0,7,0,1,1,6,1,77,11,1339,1,9,-1,3,-1
201891SNE2671,2,9,0,18,0,1,0,0,0,0,3,1,2,2,24,5,1598,1,6,-1,3,-1
201891SNE2714,1,9,0,9,0,5,0,0,0,0,4,1,6,1,77,11,1390,1,8,-1,2,-1
201891SNE2714,2,90,0,18,0,1,0,0,0,0,1,1,1,1,50,8,-1,-1,-1,-1,2,-1
201891SNE2799,1,9,0,18,0,0,0,0,0,0,1,1,6,1,69,10,1995,2,14,-1,-1,-1
201891SNE2799,2,19,0,18,0,0,0,0,1,0,1,1,1,1,55,8,1968,2,3,-1,3,-1
201891SNE2815,1,9,0,16,0,0,5,0,7,4,1,1,2,1,26,6,1328,1,17,-1,2,-1
201891SNE2863,1,5,0,18,0,0,1,0,0,0,3,1,6,1,25,5,918,1,19,-1,3,-1
201891SNE2863,2,5,0,18,0,0,1,0,0,0,3,1,6,1,29,6,1298,1,18,-1,3,-1
201891SNE2886,1,5,0,9,0,6,0,0,0,0,3,1,6,1,54,8,-1,-1,-1,-1,-1,-1
201891SNE2886,2,9,0,18,0,1,0,0,0,0,1,1,6,1,28,6,1149,1,7,-1,-1,-1
201891SNE2905,1,9,0,9,0,5,0,0,0,0,4,1,6,1,35,6,-1,-1,-1,-1,-1,-1
201891SNE2905,2,9,0,18,0,1,0,0,0,0,1,1,2,2,46,8,-1,-1,-1,-1,-1,-1
201891SNE3066,1,9,0,16,0,0,2,0,7,0,4,1,6,1,48,8,2495,2,14,5,1,5
201891SNE3084,1,9,0,18,0,0,2,0,7,10,1,1,2,1,32,6,1390,1,17,-1,3,-1
201891SNE3200,1,9,0,9,0,1,0,0,0,0,1,1,6,2,64,9,1896,2,10,-1,-1,-1
201891SNE3200,2,9,0,18,0,1,0,0,1,11,1,1,6,1,55,8,2494,2,5,-1,-1,-1
201891SNE3200,3,9,0,10,0,6,0,0,0,0,1,1,6,2,28,6,1686,2,5,-1,-1,-1
201891SNE3250,1,9,0,4,0,0,0,0,0,0,1,1,6,1,65,9,-1,-1,-1,-1,3,-1
201891SNE3280,1,9,0,18,0,3,0,0,0,0,4,1,6,1,21,5,1496,2,1,-1,-1,-1
201891SNE3280,2,9,0,18,0,4,0,0,0,0,3,1,6,1,54,8,1968,2,-1,-1,-1,-1
201891SNE3504,1,9,0,15,0,0,0,0,1,11,2,1,6,1,41,7,1328,1,14,-1,3,-1
201891SNE3504,2,17,4,18,0,0,0,0,0,0,1,1,1,1,49,8,-1,-1,-1,-1,1,-1
201891SNE3549,1,9,0,16,0,3,2,0,0,7,1,1,6,2,41,7,-1,-1,-1,-1,-1,-1
201891SNE3574,1,9,0,18,0,0,0,0,0,0,1,1,6,1,21,5,1896,2,14,-1,-1,-1
201891SNE3574,2,19,0,18,0,0,0,0,0,0,3,1,6,1,33,6,2198,2,4,-1,-1,-1
201891SNE3662,1,9,0,5,0,6,0,0,0,0,1,1,6,1,80,11,1598,2,7,-1,3,-1
201891SNE3662,2,1,0,17,0,1,0,0,0,0,1,1,2,1,60,9,-1,-1,-1,-1,2,-1
201891SNE3684,1,9,0,7,0,1,0,0,1,0,1,1,6,2,33,6,1896,2,14,-1,-1,-1
201891SNE3796,1,19,0,17,0,0,0,0,3,0,1,1,6,1,34,6,2198,2,11,-1,1,-1
201891SNE3954,1,9,0,13,0,0,2,0,7,10,1,1,6,1,20,4,999,1,-1,-1,3,-1
201891SNE4026,1,9,0,18,0,0,0,0,0,0,1,1,2,2,63,9,1149,1,6,-1,3,-1
201891SNE4175,1,9,0,17,0,0,0,0,1,11,4,1,2,2,20,4,1242,1,3,-1,2,-1
201891SNE4242,1,9,0,1,0,0,0,0,0,0,2,1,6,3,-1,-1,-1,-1,-1,-1,-1,-1
201891SNE6023,1,9,0,17,0,0,0,0,7,4,1,1,6,1,40,7,1910,2,13,-1,3,-1
201891SNH0467,1,9,0,16,0,0,2,0,7,3,3,1,1,2,39,7,-1,-1,-1,-1,3,-1
201891SNH0884,1,9,0,18,0,0,2,0,1,3,1,1,6,2,21,5,-1,-1,-1,-1,3,-1
201891SNH0905,1,9,0,16,6,2,2,10,7,7,3,1,6,1,18,4,1798,1,9,-1,3,-1
201891SNH0966,1,9,0,17,0,0,2,12,0,7,1,1,6,1,53,8,1328,1,1,-1,-1,-1
201891SNH0968,1,9,0,17,0,0,2,0,1,2,1,1,6,1,19,4,1390,1,11,-1,-1,-1
201891SNH0999,1,9,0,18,0,0,0,0,1,0,1,1,6,1,19,4,1390,1,17,-1,3,-1
201891SNH1418,1,9,0,4,0,4,0,0,0,0,4,1,6,1,75,10,1197,1,1,-1,-1,-1
201891SNH1632,1,97,0,4,0,0,0,0,1,0,0,1,6,1,49,8,-1,-1,-1,-1,-1,-1
201891SNH1690,1,9,0,18,0,1,0,0,0,0,1,1,6,1,22,5,999,1,1,-1,-1,-1
201891SNH1690,2,9,0,18,0,1,0,0,0,0,3,1,6,2,29,6,1590,1,13,-1,-1,-1
201891SNH1836,1,9,0,18,0,0,0,0,0,0,0,1,6,3,-1,-1,-1,-1,-1,-1,-1,-1
201891SNH1836,2,97,0,4,0,0,0,0,1,9,0,1,6,1,55,8,-1,-1,-1,-1,-1,-1
201891SNH2144,1,9,0,18,0,0,0,0,0,0,4,1,6,1,83,11,4293,1,10,-1,2,-1
201891SNH2144,2,9,0,18,0,0,0,0,0,0,1,1,6,2,18,4,1149,1,12,-1,3,-1
201891SNH2514,1,9,0,17,0,0,5,0,7,0,1,1,6,1,46,8,1596,1,17,-1,3,-1
201891SNH2648,1,9,0,18,0,0,0,0,0,0,1,1,6,1,58,9,898,1,4,-1,3,-1
201891SNH2744,1,19,0,18,0,0,0,0,0,0,1,1,6,1,55,8,1248,2,4,-1,3,-1
201891SNH2744,2,9,0,18,0,0,0,0,0,0,1,1,6,1,29,6,1584,1,11,-1,2,-1
201891SNH3001,1,3,0,18,0,0,0,0,0,0,4,1,6,2,49,8,125,1,9,-1,2,-1
201891SNH3115,1,5,0,18,0,0,0,0,1,0,4,1,2,1,52,8,599,1,23,-1,3,-1
201891SNH3207,1,9,0,6,0,0,0,0,1,0,3,1,6,2,42,7,1229,1,8,-1,-1,-1
201891SNH3207,2,9,0,18,0,0,0,0,0,0,1,1,6,2,38,7,2967,2,4,-1,-1,-1
201891SNH3284,1,9,0,17,0,1,1,0,1,8,1,1,6,1,24,5,-1,3,-1,-1,-1,-1
201891SNH3342,1,3,0,17,0,0,1,11,1,0,4,1,6,2,19,4,124,1,12,-1,3,-1
201891SNH3747,1,5,0,17,0,0,0,0,1,0,0,1,6,1,34,6,999,1,8,-1,3,-1
201891SNH3888,1,9,0,9,0,2,0,0,0,0,1,1,6,1,71,10,1364,1,2,-1,2,-1
201891SNH3911,1,9,0,5,0,4,0,0,0,0,1,1,1,2,49,8,1318,1,-1,-1,1,-1
201891SNH3911,2,5,0,18,0,8,0,0,0,0,4,1,6,1,52,8,1052,1,18,-1,2,-1
201891SNJ0551,1,9,0,13,0,0,0,0,0,0,3,1,2,1,42,7,1275,1,-1,-1,2,-1
201891SNJ0551,2,5,0,18,0,0,0,0,7,9,1,1,2,1,35,6,-1,-1,-1,-1,2,-1
201891SNJ0604,1,5,0,16,0,0,0,0,1,0,1,1,2,1,54,8,1299,1,15,-1,-1,-1
201891SNJ0637,1,9,0,18,0,0,1,0,1,9,1,1,6,2,54,8,1229,1,9,-1,3,-1
201891SNJ0750,1,9,0,17,0,0,5,0,1,0,3,1,6,1,17,4,1389,1,19,-1,-1,-1
201891SNJ0754,1,19,0,9,0,1,0,0,0,0,1,1,1,1,28,6,2198,2,7,-1,-1,-1
201891SNJ0754,2,9,0,18,0,1,0,0,0,0,1,1,2,2,46,8,1388,1,8,-1,3,-1
201891SNJ0781,1,9,0,18,0,1,0,0,0,0,1,1,6,1,57,9,-1,-1,-1,-1,3,-1
201891SNJ0781,2,90,0,7,0,6,0,0,0,0,1,1,6,1,40,7,-1,-1,-1,-1,3,-1
201891SNJ1040,1,9,0,3,0,0,0,0,1,11,2,1,6,2,58,9,1598,2,8,-1,3,-1
201891SNJ1040,2,9,0,18,0,0,0,4,0,0,1,1,6,2,65,9,1499,2,1,-1,3,-1
201891SNJ1040,3,9,0,2,0,0,0,4,1,11,3,1,1,1,26,6,1560,2,6,-1,2,-1
201891SNJ1069,1,9,0,13,0,0,0,0,1,0,1,1,6,2,62,9,1597,2,2,-1,-1,-1
201891SNJ1069,2,9,0,18,0,0,0,0,0,0,0,1,6,1,69,10,1896,2,16,-1,-1,-1
201891SNJ1090,1,9,0,9,0,1,0,0,3,0,1,1,6,1,61,9,1597,2,2,-1,-1,-1
201891SNJ1090,2,9,0,18,0,1,0,0,0,0,1,1,6,1,57,9,2495,2,16,-1,3,-1
201891SNJ1410,1,9,0,13,0,0,1,0,0,0,3,1,6,1,91,11,999,1,1,-1,2,-1
201891SNJ1410,2,9,0,18,0,0,1,0,0,0,3,1,6,1,79,11,1332,1,19,-1,3,-1
201891SNJ1410,3,9,0,18,0,0,1,0,0,0,1,1,6,2,51,8,-1,-1,-1,-1,3,-1
201891SNJ1597,1,9,0,3,0,0,0,0,0,0,2,1,6,1,34,6,1995,2,10,-1,3,-1
201891SNJ1597,2,9,0,18,0,0,0,0,0,0,1,1,6,1,91,11,1242,1,12,-1,2,-1
201891SNJ1789,1,5,0,16,0,0,0,0,1,0,4,1,6,1,62,9,1462,1,3,10,1,10
201891SNJ1989,1,9,0,13,0,0,0,0,0,0,4,1,1,1,52,8,-1,-1,-1,-1,-1,-1
201891SNJ1989,2,5,0,18,0,0,0,0,0,0,3,1,6,1,61,9,961,1,-1,-1,-1,-1
201891SNJ2020,1,4,0,17,0,0,0,0,0,11,1,1,6,1,19,4,124,1,12,-1,-1,-1
201891SNJ2033,1,9,0,5,0,4,0,0,0,0,3,1,6,1,80,11,1399,1,-1,-1,2,-1
201891SNJ2033,2,1,0,18,0,8,0,0,0,0,1,1,6,1,52,8,-1,-1,-1,-1,2,-1
201891SNJ2040,1,5,0,7,0,0,0,0,0,0,1,1,6,1,77,11,-1,-1,-1,-1,3,-1
201891SNJ2195,1,9,0,18,0,8,0,0,0,0,4,1,6,2,35,6,1796,1,15,-1,2,-1
201891SNJ2195,2,9,0,18,0,1,0,0,7,0,1,1,6,1,84,11,1560,2,1,-1,3,-1
201891SNJ2528,1,9,0,13,0,1,0,0,7,0,1,1,1,1,25,5,1248,2,4,-1,2,-1
201891SNJ2528,2,9,0,9,0,1,0,0,7,0,2,1,6,1,57,9,1998,1,1,-1,1,-1
201891SNJ2578,1,9,0,4,0,0,0,0,0,0,2,1,6,2,41,7,1242,1,11,-1,-1,-1
201891SNJ2578,2,19,0,18,0,0,0,0,0,0,1,1,6,1,48,8,3199,2,10,-1,2,-1
201891SNJ2578,3,9,0,15,0,0,0,0,0,0,0,1,6,3,-1,-1,-1,-1,-1,-1,-1,-1
201891SNJ2945,1,9,0,18,0,1,1,11,0,0,1,1,6,1,27,6,-1,-1,-1,-1,-1,-1
201891SNJ2945,2,9,0,9,0,1,1,11,0,0,1,1,6,1,81,11,-1,-1,-1,-1,-1,-1
201891SNJ3132,1,9,0,2,8,0,0,0,0,10,2,1,6,2,37,7,1398,1,7,-1,-1,-1
201891SNJ3219,1,9,0,16,0,0,1,0,7,11,4,1,6,1,27,6,1229,1,13,-1,-1,-1
201891SNJ3620,1,1,0,18,0,0,0,0,0,0,1,1,6,2,58,9,-1,-1,-1,-1,3,-1
201891SNJ3776,1,9,0,16,0,0,1,0,1,11,3,1,6,2,18,4,1560,2,8,-1,2,-1
201891SNJ3776,2,9,0,16,0,0,1,0,0,7,1,1,2,1,43,7,1560,2,6,-1,2,-1
201891SNJ3920,1,9,0,18,0,0,2,0,7,0,1,1,6,2,57,9,1870,2,12,5,1,5
201891SNJ3952,1,9,0,16,0,0,2,0,7,11,1,1,6,1,28,6,-1,-1,-1,-1,-1,-1
201891SNJ4223,1,9,0,18,0,0,5,0,1,11,4,1,6,1,18,4,1229,1,13,-1,2,-1
201891SNJ4296,1,9,0,17,0,0,0,0,0,0,1,1,6,2,19,4,998,1,4,-1,2,-1
201891SNJ4296,2,9,0,2,0,0,0,0,0,0,1,1,6,3,-1,-1,1199,2,7,-1,-1,-1
201891SNJ4371,1,9,0,16,0,1,1,0,7,9,3,1,6,2,25,5,1598,2,5,-1,2,-1
201891SNJ4564,1,9,0,18,0,0,5,0,0,0,1,1,6,1,19,4,1242,1,12,-1,3,-1
201891SNK0403,1,9,0,18,0,0,0,0,7,11,1,1,6,1,22,5,2521,1,11,-1,2,-1
201891SNK0500,1,9,0,16,0,0,0,0,7,11,1,1,6,2,22,5,1248,2,8,-1,3,-1
201891SNK0503,1,9,0,18,0,8,0,0,7,11,4,1,1,1,50,8,-1,-1,-1,-1,2,-1
201891SNK0503,2,9,0,18,0,8,0,0,0,0,1,1,2,1,62,9,1360,1,14,-1,3,-1
201891SNK0613,1,9,0,18,0,2,0,0,0,0,1,1,6,1,21,5,1900,2,20,-1,2,-1
201891SNK1169,1,11,0,18,0,0,0,4,0,0,1,1,1,1,52,8,4250,2,13,-1,-1,-1
201891SNK1169,2,9,0,2,0,0,0,4,0,0,3,1,6,3,-1,-1,1598,2,3,-1,-1,-1
201891SNK1169,3,9,0,2,0,0,0,4,0,0,2,1,6,3,-1,-1,1229,1,4,-1,-1,-1
201891SNK1169,4,11,0,18,0,0,0,4,0,0,1,1,1,1,52,8,4250,2,13,-1,-1,-1
201891SNK1231,1,9,0,17,0,2,2,0,1,0,3,1,6,1,17,4,1242,1,12,-1,3,-1
201891SNK1704,1,5,0,18,0,0,0,0,7,11,1,1,6,1,43,7,953,1,13,-1,1,-1
201891SNK1820,1,9,0,9,0,8,0,0,0,0,3,1,6,2,54,8,1339,1,12,-1,3,-1
201891SNK1820,2,1,0,18,0,8,0,0,0,0,1,1,6,2,28,6,-1,-1,-1,-1,3,-1
201891SNK2020,1,9,0,7,0,1,0,0,0,0,2,1,6,2,47,8,2351,1,19,-1,-1,-1
201891SNK2020,2,9,0,18,0,1,0,0,0,0,1,1,6,2,60,9,1956,2,6,-1,-1,-1
201891SNK2318,1,9,0,15,0,1,0,0,0,0,1,1,6,1,20,4,1595,1,11,-1,3,-1
201891SNK2318,2,19,0,8,0,6,0,0,0,0,4,1,1,2,43,7,1248,2,5,-1,2,-1
201891SNK2389,1,17,0,18,0,0,5,0,1,9,4,1,1,1,30,6,4525,2,2,-1,3,-1
201891SNK3246,1,9,0,1,0,-1,0,0,0,0,2,1,6,1,39,7,1364,1,3,-1,2,-1
201891SNK3374,1,21,0,9,0,5,0,0,0,0,0,1,1,1,55,8,5880,2,12,-1,3,-1
201891SNK3374,2,9,0,18,0,1,0,0,7,0,0,1,2,1,24,5,1796,1,13,-1,3,-1
201891SNK3502,1,9,0,18,0,0,0,0,0,0,1,1,6,1,79,11,2498,1,19,-1,3,-1
201891SNL0322,1,9,0,18,0,0,1,12,0,0,1,1,6,1,44,7,1799,1,9,-1,3,-1
201891SNL0697,1,9,0,16,0,0,2,0,7,11,1,1,6,1,51,8,1834,1,13,-1,3,-1
201891SNL0801,1,9,0,13,0,0,0,0,1,11,1,1,6,1,19,4,998,1,7,-1,-1,-1
201891SNL0801,2,9,0,18,0,0,0,0,1,11,3,1,6,2,20,4,1229,1,4,-1,-1,-1
201891SNL0816,1,9,0,18,0,0,1,0,1,0,1,1,6,1,18,4,1995,2,12,-1,-1,-1
201891SNL1170,1,9,0,18,7,0,5,0,7,0,1,1,2,1,27,6,1496,1,1,-1,3,-1
201891SNL1524,1,9,0,5,-1,0,0,0,0,0,1,1,6,1,89,11,1896,2,13,-1,3,-1
201891SNL1524,2,8,0,2,-1,0,0,0,0,0,2,1,1,2,73,10,1598,2,6,-1,2,-1
201891SNL1546,1,9,0,9,0,1,1,0,7,11,1,1,6,1,71,10,-1,-1,-1,-1,-1,-1
201891SNL2287,1,9,0,18,0,1,0,0,0,0,4,1,6,2,46,8,-1,-1,-1,-1,-1,-1
201891SNL2287,2,9,0,5,0,2,0,0,0,0,1,1,6,2,64,9,1229,1,4,-1,-1,-1
201891SNL2384,1,9,4,9,0,5,0,0,0,0,4,1,6,1,68,10,-1,-1,-1,-1,3,-1
201891SNL2384,2,9,0,18,0,1,0,0,0,0,1,1,6,1,41,7,1364,1,9,-1,3,-1
201891SNL2984,1,9,0,18,0,0,5,0,1,0,1,1,6,2,22,5,1242,1,-1,-1,2,-1
201891SNL3505,1,9,0,18,0,5,0,0,0,0,1,1,6,1,73,10,1242,1,-1,9,1,9
201891SNL3505,2,9,0,5,0,6,0,0,0,0,3,1,6,2,25,5,1349,1,6,-1,3,-1
201891SNM0091,1,9,0,18,0,0,0,0,0,11,1,1,6,2,38,7,1395,1,-1,-1,2,-1
201891SNM0493,1,19,0,16,0,0,2,0,0,0,1,1,1,1,51,8,1461,2,2,-1,2,-1
201891SNM0607,1,9,0,18,0,1,0,0,0,0,1,1,1,1,47,8,-1,-1,-1,-1,-1,-1