Accident_Index,Vehicle_Reference,Vehicle_Type,Towing_and_Articulation,Vehicle_Manoeuvre,Vehicle_Location-Restricted_Lane,Junction_Location,Skidding_and_Overturning,Hit_Object_in_Carriageway,Vehicle_Leaving_Carriageway,Hit_Object_off_Carriageway,1st_Point_of_Impact,Was_Vehicle_Left_Hand_Drive?,Journey_Purpose_of_Driver,Sex_of_Driver,Age_of_Driver,Age_Band_of_Driver,Engine_Capacity_(CC),Propulsion_Code,Age_of_Vehicle,Driver_IMD_Decile,Driver_Home_Area_Type,Vehicle_IMD_Decile
201891SNM0607,2,1,0,18,0,1,0,0,0,0,4,1,4,1,13,3,-1,-1,-1,-1,-1,-1
201891SNM0652,1,9,0,18,0,1,1,0,7,0,1,1,2,2,30,6,1120,2,5,-1,1,-1
201891SNM0652,2,9,0,18,0,1,0,0,0,0,1,1,2,2,55,8,1598,2,3,-1,1,-1
201891SNM0670,1,9,0,18,0,0,0,4,0,0,1,1,6,1,28,6,1896,2,14,-1,-1,-1
201891SNM0670,2,9,0,2,0,0,0,0,0,0,2,1,3,2,39,7,2776,2,11,-1,-1,-1
201891SNM0810,1,9,0,18,0,0,0,0,1,4,1,1,6,1,69,10,-1,-1,-1,-1,-1,-1
201891SNM0931,1,9,0,9,0,8,0,0,0,0,4,1,6,1,27,6,1968,2,7,-1,1,-1
201891SNM0931,2,9,0,18,0,1,0,0,0,0,1,1,6,1,69,10,1422,2,2,-1,3,-1
201891SNM1050,1,9,0,18,0,0,2,0,7,11,4,1,6,1,32,6,1149,1,14,-1,3,-1
201891SNM1082,1,9,0,13,0,1,0,0,7,10,1,1,2,1,37,7,-1,-1,-1,-1,-1,-1
201891SNM1082,2,9,0,18,0,5,0,0,7,10,3,1,1,2,54,8,-1,-1,-1,-1,-1,-1
201891SNM1124,1,19,0,13,0,0,2,0,0,0,1,1,1,1,55,8,1598,2,4,-1,1,-1
201891SNM1293,1,9,0,18,0,0,1,0,7,0,1,1,6,1,32,6,2979,1,1,-1,-1,-1
201891SNM1344,1,19,0,18,0,0,1,0,0,0,3,1,2,1,51,8,-1,-1,-1,-1,1,-1
201891SNM1344,2,19,0,18,0,0,0,0,0,0,3,1,1,1,51,8,2299,2,-1,-1,-1,-1
201891SNM1344,3,9,0,18,0,0,0,0,0,0,3,1,6,2,71,10,1598,2,4,3,1,3
201891SNM1347,1,9,0,18,0,0,0,0,1,0,4,1,6,2,48,8,1598,1,8,-1,2,-1
201891SNM1441,1,9,0,18,0,0,2,0,7,0,4,1,6,1,35,6,1598,1,13,-1,2,-1
201891SNM1499,1,9,0,18,0,0,5,0,7,11,3,1,6,2,77,11,1586,1,1,-1,-1,-1
201891SNM1499,2,9,0,13,0,0,1,0,1,11,3,1,6,1,23,5,-1,-1,-1,-1,-1,-1
201891SNM1499,3,9,0,13,0,0,1,0,1,11,4,1,6,1,47,8,2995,1,1,-1,-1,-1
201891SNM1542,1,8,0,9,0,8,0,0,0,0,1,1,2,1,39,7,1995,2,3,-1,2,-1
201891SNM1542,2,9,0,9,0,8,0,0,0,0,3,1,2,1,47,8,1798,2,6,-1,2,-1
201891SNM1675,1,9,0,18,0,1,0,0,0,0,3,1,1,1,53,8,1998,8,-1,-1,3,-1
201891SNM1675,2,9,0,16,0,2,0,0,0,0,1,1,6,1,31,6,1242,1,2,-1,1,-1
201891SNM1702,1,9,0,13,0,0,2,0,7,11,3,1,6,1,58,9,898,1,2,-1,1,-1
201891SNM1702,2,9,0,13,0,0,1,0,7,11,4,1,6,1,77,11,1998,1,3,-1,3,-1
201891SNM1896,1,97,0,9,0,5,1,0,7,0,4,1,6,1,53,8,-1,-1,-1,-1,-1,-1
201891SNM1896,2,9,0,18,0,5,0,0,0,0,1,1,6,1,52,8,1995,2,-1,-1,-1,-1
201891SNM1909,1,9,4,5,8,0,0,0,0,0,0,1,1,1,61,9,2982,2,7,-1,-1,-1
201891SNM1909,2,5,0,16,0,0,2,0,0,0,3,1,6,1,61,9,1298,1,16,-1,-1,-1
201891SNM1951,1,17,0,5,0,6,0,10,2,9,4,1,1,1,42,7,-1,2,27,-1,1,-1
201891SNM1951,2,9,0,18,0,1,0,0,0,0,0,1,6,3,-1,-1,-1,-1,-1,-1,-1,-1
201891SNM2018,1,9,0,18,0,2,5,0,0,0,4,1,6,1,38,7,2993,2,6,-1,2,-1
201891SNM2018,2,19,0,9,0,2,0,0,0,0,1,1,6,1,71,10,2148,2,12,-1,-1,-1
201891SNM2196,1,10,0,10,0,2,0,0,0,0,1,1,1,1,56,9,-1,-1,-1,-1,3,-1
201891SNM2269,1,9,0,15,0,0,0,0,0,0,4,1,6,1,65,9,1798,8,-1,-1,-1,-1
201891SNM2269,2,1,0,18,0,0,0,0,0,0,3,1,6,2,52,8,-1,-1,-1,-1,3,-1
201891SNM2271,1,9,0,18,0,2,0,0,0,0,1,1,6,1,73,10,1591,1,-1,-1,-1,-1
201891SNM2271,2,9,0,2,0,2,0,0,0,0,2,1,6,3,-1,-1,1968,2,2,-1,-1,-1
201891SNM2434,1,9,0,18,0,0,0,0,0,0,1,1,1,1,67,10,1995,2,8,-1,1,-1
201891SNM2434,2,9,0,18,0,0,1,0,7,0,3,1,6,1,82,11,1597,2,2,6,3,6
201891SNM2458,1,9,0,2,0,0,0,0,0,0,2,1,6,2,59,9,1498,1,8,-1,1,-1
201891SNM2458,2,9,0,18,0,0,0,4,0,0,1,1,6,2,45,7,1198,1,11,-1,-1,-1
201891SNM2546,1,9,0,3,0,0,0,0,0,0,2,1,6,1,31,6,-1,-1,-1,-1,2,-1
201891SNM2546,2,9,0,18,0,0,0,0,0,0,1,1,6,2,64,9,2179,2,5,-1,3,-1
201891SNM2546,3,9,0,18,0,0,0,0,0,0,1,1,6,1,27,6,1149,1,8,-1,2,-1
201891SNM2665,1,9,0,18,0,-1,0,0,0,0,2,1,6,1,17,4,1199,1,14,-1,2,-1
201891SNM2665,2,9,0,18,0,-1,0,0,0,0,1,1,1,1,60,9,2993,2,4,-1,-1,-1
201891SNM2677,1,3,0,16,0,0,2,0,0,0,4,1,6,1,17,4,124,1,19,-1,3,-1
201891SNM2890,1,9,0,9,0,1,0,0,0,0,1,1,6,1,58,9,-1,-1,-1,-1,-1,-1
201891SNM2890,2,9,0,18,0,1,0,0,0,0,1,1,6,1,52,8,999,1,-1,-1,-1,-1
201891SNM3014,1,9,0,5,0,6,0,0,1,7,1,1,6,1,29,6,1998,1,-1,-1,-1,-1
201891SNM3014,2,21,0,18,0,1,0,0,0,0,1,1,1,1,46,8,12777,2,5,5,1,5
201891SNM3025,1,9,0,17,0,0,0,0,1,0,4,1,6,2,19,4,1248,1,9,-1,3,-1
201891SNM3238,1,9,0,18,0,0,0,0,0,0,1,1,6,2,72,10,999,1,1,-1,-1,-1
201891SNM3238,2,9,0,18,0,0,0,0,0,0,1,1,6,1,38,7,2494,2,7,-1,3,-1
201891SNM3242,1,9,0,18,0,8,0,0,0,0,1,1,6,3,-1,-1,-1,-1,-1,-1,-1,-1
201891SNM3359,1,9,0,9,0,6,0,0,0,0,3,1,6,1,33,6,2191,2,5,-1,2,-1
201891SNM3359,2,1,0,18,0,1,0,0,0,0,1,1,6,2,30,6,-1,-1,-1,4,1,4
201891SNM3388,1,9,0,9,0,6,0,0,0,0,0,1,6,2,-1,-1,1390,1,14,-1,-1,-1
201891SNM3388,2,1,0,18,0,2,0,0,0,0,0,1,6,2,71,10,-1,-1,-1,-1,3,-1
201891SNM3624,1,9,0,1,0,2,0,0,0,0,2,1,6,2,54,8,1598,2,7,-1,2,-1
201891SNM3659,1,9,0,18,0,0,0,0,0,0,2,1,6,2,27,6,1598,1,6,-1,3,-1
201891SNM3659,2,9,0,18,0,0,0,0,0,0,1,1,6,1,41,7,1998,1,8,-1,3,-1
201891SNM3659,3,19,0,13,0,0,0,0,0,0,1,1,6,3,-1,-1,1598,2,3,-1,-1,-1
201891SNM3820,1,21,4,18,0,0,0,0,0,0,1,1,2,1,42,7,12419,2,1,-1,3,-1
201891SNM3820,2,9,0,18,0,0,1,0,0,0,4,1,6,2,32,6,1999,2,-1,-1,1,-1
201891SNM4122,1,9,0,13,0,0,0,0,7,0,1,1,2,1,22,5,998,1,1,-1,3,-1
201891SNM4122,2,19,0,18,0,0,0,0,0,0,1,1,2,1,35,6,1995,2,1,7,1,7
201891SNM4186,1,21,1,18,0,0,1,0,0,0,1,1,1,1,61,9,-1,-1,-1,-1,-1,-1
201891SNM4186,2,19,0,6,0,0,5,0,7,0,3,1,1,1,40,7,2143,2,2,-1,3,-1
201891SNM4375,1,9,0,18,0,0,0,5,7,10,1,1,6,1,17,4,998,1,5,-1,3,-1
201891SNN0181,1,9,0,17,0,0,0,0,2,1,1,1,6,1,25,5,1398,1,6,-1,-1,-1
201891SNN0235,1,9,0,18,0,0,1,0,1,0,1,1,6,2,36,7,1998,1,4,-1,3,-1
201891SNN0237,1,9,0,16,0,0,0,0,2,11,4,1,6,1,37,7,4799,1,11,-1,3,-1
201891SNN0454,1,8,0,9,0,6,0,0,0,0,3,1,1,1,59,9,2143,2,6,-1,1,-1
201891SNN0454,2,9,0,18,0,1,0,0,0,0,1,1,2,1,63,9,1339,1,8,-1,2,-1
201891SNN0454,3,-1,-1,-1,-1,-1,-1,0,-1,0,-1,1,-1,-1,-1,-1,-1,-1,-1,-1,-1,-1
201891SNN0486,1,9,0,18,0,0,1,0,7,11,1,1,2,1,24,5,-1,-1,-1,-1,-1,-1
201891SNN0495,1,9,0,16,0,0,2,0,2,0,4,1,2,1,49,8,1388,1,8,-1,3,-1
201891SNN0514,1,9,0,9,0,5,0,0,0,0,1,1,6,2,88,11,1299,1,16,-1,1,-1
201891SNN0514,2,9,0,18,0,1,0,0,0,0,1,1,6,2,71,10,1198,1,3,-1,1,-1
201891SNN0720,1,3,0,2,0,1,0,0,0,0,4,1,6,1,61,9,125,1,1,-1,2,-1
201891SNN0720,2,9,0,3,0,1,0,0,0,0,1,1,6,2,48,8,1598,1,11,-1,3,-1
201891SNN0844,1,9,0,4,9,0,0,0,7,0,1,1,6,1,31,6,1995,2,-1,-1,3,-1
201891SNN0982,1,19,0,18,0,0,0,0,1,4,1,1,2,1,48,8,-1,-1,-1,-1,-1,-1
201891SNN1059,1,9,0,12,0,0,0,0,0,0,3,1,6,1,54,8,-1,-1,-1,-1,3,-1
201891SNN1059,2,5,0,13,0,0,0,0,0,0,4,1,6,1,51,8,997,1,16,-1,3,-1
201891SNN1281,1,9,0,18,0,0,0,0,7,1,1,1,6,1,75,10,1596,1,2,-1,3,-1
201891SNN1329,1,9,0,7,0,6,0,0,0,0,1,1,6,1,-1,-1,1685,2,5,-1,3,-1
201891SNN1329,2,1,0,17,0,1,5,0,0,0,4,1,6,1,33,6,-1,-1,-1,-1,1,-1
201891SNN1337,1,9,0,18,0,0,0,0,7,0,1,1,6,1,72,10,1386,1,15,-1,3,-1
201891SNN1419,1,11,0,18,0,1,1,0,0,0,1,1,1,1,71,10,9600,2,19,-1,3,-1
201891SNN1419,2,9,0,8,0,1,0,0,1,0,2,1,1,2,42,7,1389,1,14,-1,1,-1
201891SNN1435,1,11,0,7,0,6,0,0,0,0,4,1,6,3,-1,-1,-1,-1,-1,-1,-1,-1
201891SNN1583,1,9,0,18,0,0,1,0,7,9,4,1,6,2,24,5,1360,1,10,-1,1,-1
201891SNN1632,1,9,0,5,0,1,0,0,0,0,2,1,6,2,57,9,-1,-1,-1,-1,1,-1
201891SNN1632,2,21,0,5,0,1,0,0,0,0,1,1,1,1,52,8,-1,-1,-1,-1,2,-1
201891SNN1653,1,3,0,16,0,0,1,0,0,0,4,1,6,1,18,4,125,1,4,-1,3,-1
201891SNN1683,1,9,0,18,0,1,0,0,0,0,1,1,6,1,51,8,1242,1,15,-1,2,-1
201891SNN1704,1,1,0,7,0,1,0,0,0,0,1,1,6,2,9,2,-1,-1,-1,-1,-1,-1
201891SNN1704,2,9,0,16,0,1,0,0,0,0,3,1,6,2,36,7,1686,2,4,-1,-1,-1
201891SNN1748,1,11,0,7,0,1,0,0,0,0,2,1,1,1,50,8,13000,2,1,-1,3,-1
201891SNN1864,1,1,0,16,0,1,1,0,0,0,0,1,6,1,59,9,-1,-1,-1,-1,-1,-1
201891SNN2069,1,9,0,18,0,3,0,0,1,0,1,1,6,1,92,11,1596,1,12,-1,1,-1
201891SNN2069,2,19,0,5,0,4,0,0,1,0,3,1,1,1,29,6,1968,2,2,-1,3,-1
201891SNN2070,1,9,0,17,0,0,5,0,8,0,1,1,6,2,35,6,1390,1,12,-1,3,-1
201891SNN2106,1,19,0,18,0,0,0,0,0,0,3,1,1,1,57,9,1461,2,1,-1,3,-1
201891SNN2197,1,9,0,16,0,0,2,0,1,9,1,1,6,1,52,8,1997,2,13,-1,1,-1
201891SNN2256,1,9,0,18,0,1,1,0,1,0,1,1,6,1,21,5,1995,1,7,-1,-1,-1
201891SNN2256,2,19,0,9,0,5,0,0,0,0,3,1,1,1,32,6,2464,2,11,-1,-1,-1
201891SNN2386,1,9,0,7,0,1,0,0,0,0,4,1,6,1,37,7,1296,1,12,-1,1,-1
201891SNN2386,2,9,0,18,0,1,1,0,0,0,1,1,6,2,54,8,1598,2,1,-1,1,-1
201891SNN2463,1,9,0,17,0,0,0,0,1,7,1,1,6,1,42,7,1248,1,-1,-1,-1,-1
201891SNN2463,2,9,0,16,0,0,0,0,0,10,1,1,6,1,75,10,2497,2,11,-1,3,-1
201891SNN2489,1,9,0,5,0,6,0,0,0,0,4,1,6,2,60,9,1395,1,3,-1,3,-1
201891SNN2489,2,9,0,18,0,1,0,0,0,0,1,1,1,2,24,5,-1,-1,-1,-1,1,-1
201891SNN2560,1,9,0,18,0,0,0,0,7,11,1,1,6,2,69,10,1968,2,3,-1,-1,-1
201891SNN2616,1,19,0,9,0,6,0,0,0,0,2,1,1,1,31,6,2143,2,-1,-1,2,-1
201891SNN2616,2,9,0,18,0,1,1,0,7,4,1,1,6,1,19,4,1229,1,13,-1,3,-1
201891SNN2632,1,9,0,3,0,4,0,0,0,0,2,1,6,2,39,7,2143,2,1,-1,3,-1
201891SNN2632,2,9,0,18,0,4,0,0,0,0,1,1,6,1,84,11,1339,1,11,-1,2,-1
201891SNN2705,1,9,0,18,0,0,0,0,0,0,2,1,6,1,58,9,1197,1,-1,5,3,5
201891SNN2705,2,5,0,18,0,0,0,0,1,9,1,1,2,1,50,8,1084,1,18,-1,3,-1
201891SNN2733,1,9,0,18,0,1,0,0,0,0,1,1,2,1,39,7,-1,-1,-1,-1,-1,-1
201891SNN2733,2,9,0,10,0,1,0,0,0,0,1,1,6,2,67,10,-1,-1,-1,-1,-1,-1
201891SNN2759,1,21,0,18,0,0,0,0,0,0,1,1,1,1,60,9,4580,2,5,-1,3,-1
201891SNN2811,1,9,0,18,0,0,0,0,0,0,1,1,1,1,27,6,1968,2,2,-1,1,-1
201891SNN2819,1,9,0,16,0,1,0,0,0,0,1,1,6,1,72,10,-1,-1,-1,-1,3,-1
201891SNN2819,2,9,0,17,0,2,0,0,0,0,1,1,6,2,52,8,1598,1,-1,-1,-1,-1
201891SNN2827,1,9,0,18,0,1,0,0,0,0,1,1,6,1,49,8,1398,1,-1,5,1,5
201891SNN2827,2,4,0,18,0,1,0,0,0,0,4,1,6,1,43,7,1584,1,11,-1,-1,-1
201891SNN2854,1,9,0,17,0,1,0,0,0,0,3,1,6,1,18,4,1242,1,10,-1,1,-1
201891SNN2854,2,9,0,9,0,1,0,0,0,0,4,1,6,1,32,6,1200,1,1,-1,-1,-1
201891SNN2863,1,9,0,17,0,0,0,0,7,7,3,1,2,2,53,8,1560,2,14,-1,3,-1
201891SNN2863,2,21,1,16,0,0,0,0,0,0,3,1,1,1,55,8,12902,2,5,-1,1,-1
201891SNN2892,1,9,0,7,0,-1,0,0,0,0,1,1,6,3,-1,-1,-1,-1,-1,-1,-1,-1
201891SNN2892,2,1,0,18,0,-1,0,0,0,0,4,1,6,1,28,6,-1,-1,-1,-1,1,-1
201891SNN2916,1,19,0,18,0,0,1,0,1,9,1,1,1,1,44,7,2198,2,3,-1,2,-1
201891SNN2916,2,9,0,18,0,0,1,0,0,0,1,1,2,1,51,8,1995,2,2,-1,3,-1
201891SNN2932,1,9,0,18,0,0,0,0,0,0,4,1,6,3,-1,-1,-1,-1,-1,-1,-1,-1
201891SNN2932,2,1,0,18,0,0,0,0,0,0,3,1,2,1,31,6,-1,-1,-1,-1,1,-1
201891SNN3141,1,9,0,10,0,1,0,0,0,0,2,1,6,2,63,9,1461,2,3,-1,-1,-1
201891SNN3141,2,9,0,18,0,1,0,0,0,0,1,1,6,2,35,6,1997,2,7,-1,-1,-1
201891SNN3151,1,9,0,9,0,5,0,0,0,0,1,1,6,1,34,6,-1,-1,-1,-1,-1,-1
201891SNN3151,2,5,0,18,0,1,1,0,7,11,1,1,6,1,29,6,-1,-1,-1,-1,-1,-1
201891SNN3166,1,19,0,18,0,0,0,0,0,0,4,1,6,1,38,7,1598,2,1,-1,3,-1
201891SNN3232,1,9,0,13,0,0,0,0,0,0,4,1,2,2,34,6,1998,1,14,-1,-1,-1
201891SNN3232,2,1,0,18,0,0,0,0,0,0,3,1,6,2,30,6,-1,-1,-1,-1,1,-1
201891SNN3232,3,1,0,18,0,0,0,0,0,0,3,1,6,1,53,8,-1,-1,-1,-1,1,-1
201891SNN3232,4,9,0,18,0,0,0,0,0,0,0,1,6,3,-1,-1,-1,-1,-1,-1,-1,-1
201891SNN3252,1,9,0,16,0,0,1,0,7,4,4,1,2,1,19,4,1149,1,9,-1,-1,-1
201891SNN3276,1,9,0,17,0,0,0,0,0,0,3,1,6,2,67,10,1560,2,5,-1,-1,-1
201891SNN3276,2,9,0,16,0,0,0,0,7,4,1,1,6,1,66,10,1995,2,5,-1,-1,-1
201891SNN3276,3,9,0,16,0,0,0,0,0,0,1,1,6,1,57,9,1598,2,3,-1,-1,-1
201891SNN3287,1,9,0,9,0,5,1,0,0,10,1,1,6,1,18,4,1242,1,18,-1,3,-1
201891SNN3312,1,9,0,18,0,8,0,0,0,0,1,1,6,1,68,10,2179,2,9,-1,3,-1
201891SNN3312,2,1,0,18,0,8,0,0,0,0,3,1,2,1,50,8,-1,-1,-1,-1,-1,-1
201891SNN3322,1,9,0,5,0,4,0,0,0,0,1,1,6,2,29,6,1582,2,1,-1,3,-1
201891SNN3322,2,1,0,18,0,-1,0,0,0,0,3,1,6,2,34,6,-1,-1,-1,-1,-1,-1
201891SNN3330,1,9,0,3,0,0,0,0,0,0,2,1,2,1,49,8,1396,2,5,-1,-1,-1
201891SNN3330,2,9,0,3,0,0,0,0,7,9,2,1,2,1,37,7,1799,1,8,-1,-1,-1
201891SNN3330,3,9,0,18,0,0,1,4,1,0,1,1,2,1,48,8,1796,1,8,-1,-1,-1
201891SNN3341,1,9,0,3,0,3,0,0,0,0,1,1,6,3,-1,-1,-1,-1,-1,-1,-1,-1
201891SNN3361,1,9,0,5,0,4,0,0,0,0,3,1,6,1,28,6,1870,2,7,-1,3,-1
201891SNN3361,2,1,-1,-1,-1,-1,-1,0,-1,0,-1,1,-1,2,40,7,-1,-1,-1,-1,3,-1
201891SNN3465,1,9,0,18,0,1,0,0,0,0,1,1,6,1,23,5,1584,1,13,-1,-1,-1
201891SNN3465,2,9,0,3,0,1,0,0,0,0,2,1,6,2,69,10,1395,1,2,-1,-1,-1
201891SNN3465,3,19,0,10,0,5,0,0,0,0,2,1,2,1,41,7,1560,2,10,-1,-1,-1
201891SNN3474,1,8,0,13,0,1,0,0,0,0,1,1,1,1,55,8,1796,1,12,-1,-1,-1
201891SNN3474,2,1,0,18,0,-1,0,0,0,0,3,1,6,1,16,4,-1,-1,-1,-1,-1,-1
201891SNN3474,3,9,0,18,0,1,0,0,0,0,0,1,6,3,-1,-1,-1,-1,-1,-1,-1,-1
201891SNN3496,1,9,0,9,0,6,1,0,0,0,1,1,6,2,57,9,1956,2,3,-1,1,-1
201891SNN3496,2,9,0,18,0,1,0,0,0,0,1,1,6,2,54,8,1339,1,12,-1,3,-1
201891SNN3530,1,9,0,3,0,4,0,0,0,0,3,1,6,1,44,7,1910,2,9,-1,2,-1
201891SNN3530,2,5,0,18,0,3,0,0,0,0,1,1,6,1,39,7,745,1,1,-1,1,-1
201891SNN3544,1,3,0,17,0,0,0,0,0,0,0,1,6,1,19,4,124,1,7,-1,3,-1
201891SNN3544,2,98,0,16,0,0,0,0,0,0,0,1,1,3,-1,-1,-1,-1,-1,-1,-1,-1
201891SNN3550,1,9,0,18,0,2,0,0,0,0,2,1,6,1,51,8,1685,2,-1,-1,-1,-1
201891SNN3550,2,9,0,18,0,2,0,0,0,0,1,1,1,1,35,6,-1,-1,-1,-1,1,-1
201891SNN3752,1,19,0,18,0,0,0,0,0,0,3,1,1,1,39,7,2287,2,3,-1,1,-1
201891SNN3752,2,19,0,12,0,0,0,0,0,0,3,1,1,1,55,8,1968,2,5,-1,3,-1
201891SNN3969,1,9,0,17,0,0,0,0,1,4,1,1,6,1,25,5,999,1,1,-1,-1,-1
201891SNN4064,1,9,0,7,0,3,0,0,0,0,1,1,6,1,61,9,1995,2,1,-1,1,-1
201891SNN4064,2,9,0,7,0,3,0,0,0,0,3,1,6,1,19,4,1397,1,5,-1,1,-1
201891SNN4069,1,9,0,17,0,0,1,0,1,7,1,1,6,1,46,8,1584,1,13,-1,-1,-1
201891SNN4097,1,9,0,18,0,0,0,0,7,4,1,1,6,1,27,6,2979,1,17,-1,3,-1
201891SNN4184,1,9,0,18,0,0,0,0,0,0,1,1,6,1,21,5,1998,1,13,-1,3,-1
201891SNN4184,2,1,0,18,0,0,0,0,0,0,2,1,2,1,14,3,-1,-1,-1,-1,3,-1
201891SNN4195,1,8,0,18,0,0,0,0,0,0,4,1,6,3,-1,-1,-1,-1,-1,-1,-1,-1
201891SNN4195,2,1,0,18,0,0,0,0,0,0,3,1,6,1,19,4,-1,-1,-1,-1,1,-1
201891SNN4221,1,9,0,16,0,0,2,0,7,11,1,1,2,1,27,6,1318,1,-1,-1,-1,-1
201891SNN4251,1,1,0,18,0,0,0,0,0,0,0,1,6,1,53,8,-1,-1,-1,-1,-1,-1
201891SNN4345,1,9,0,15,0,0,1,4,0,0,1,1,6,2,20,4,1242,1,5,-1,1,-1
201891SNN4345,2,9,0,2,0,0,0,0,1,0,2,1,6,1,62,9,-1,-1,-1,-1,3,-1
201891SNN4478,1,9,0,16,0,0,5,0,7,11,1,1,6,1,18,4,1390,1,12,-1,3,-1
201891SNN4527,1,9,0,18,0,1,1,0,7,0,3,1,6,1,43,7,1389,1,21,-1,3,-1
201891SNN4527,2,9,0,13,0,1,1,0,0,0,4,1,6,2,64,9,1995,2,2,-1,2,-1
201891SNP0044,1,9,0,16,0,0,2,12,0,10,1,1,6,1,36,7,1753,2,11,3,1,3
201891SNP0207,1,9,0,18,0,0,2,0,8,10,1,1,6,1,42,7,1999,2,1,8,3,8
201891SNP0274,1,90,0,18,0,0,2,7,1,1,1,1,6,1,58,9,2987,2,2,-1,3,-1
201891SNP0310,1,9,0,16,0,0,2,0,2,0,1,1,6,1,29,6,1388,1,11,-1,-1,-1
201891SNP0495,1,9,0,16,0,0,1,6,0,0,1,1,1,1,34,6,1796,1,11,-1,3,-1
201891SNP0517,1,9,0,13,0,1,0,0,1,7,3,1,6,1,37,7,1497,8,2,-1,3,-1
201891SNP0517,2,9,0,9,0,1,0,0,0,0,1,1,6,1,21,5,-1,-1,-1,-1,-1,-1
201891SNP0543,1,21,0,18,0,0,1,6,0,0,1,1,6,1,57,9,-1,-1,-1,-1,3,-1
201891SNP0586,1,19,0,18,0,0,1,0,1,1,1,1,1,1,53,8,2148,2,12,-1,-1,-1
201891SNP0612,1,19,0,18,0,1,2,12,7,0,1,1,1,1,28,6,1968,2,1,-1,-1,-1
201891SNP0666,1,9,0,16,0,2,0,0,0,0,1,1,6,2,53,8,1200,1,5,-1,3,-1
201891SNP0666,2,9,0,16,0,2,0,0,0,0,2,1,6,1,36,7,-1,-1,-1,-1,-1,-1
201891SNP0768,1,17,0,18,0,0,5,0,1,9,4,1,1,1,22,5,4400,2,12,-1,-1,-1
201891SNP0819,1,21,0,18,0,0,0,0,0,0,3,1,1,1,57,9,4500,2,4,-1,1,-1
201891SNP0819,2,21,0,18,0,0,0,0,0,0,3,1,1,1,71,10,10837,2,2,-1,3,-1
201891SNP0837,1,9,0,7,0,4,0,0,0,0,1,1,1,2,46,8,1149,1,10,-1,2,-1
201891SNP0837,2,1,0,9,0,3,0,0,0,0,4,1,6,1,54,8,-1,-1,-1,-1,-1,-1
201891SNP0848,1,1,0,18,0,0,0,12,1,0,3,1,6,1,73,10,-1,-1,-1,-1,-1,-1
201891SNP0866,1,9,0,17,0,0,0,0,0,0,1,1,6,1,67,10,1560,2,7,-1,-1,-1
201891SNP0866,2,9,0,18,0,0,0,0,0,0,1,1,6,1,66,10,2993,2,1,-1,-1,-1
201891SNP0900,1,1,0,18,0,8,0,0,0,0,4,1,6,1,68,10,-1,-1,-1,-1,-1,-1
201891SNP0900,2,9,0,18,0,8,0,0,0,0,4,1,6,2,40,7,1998,2,7,-1,-1,-1
201891SNP0939,1,8,0,18,0,0,0,12,0,0,1,1,2,1,34,6,1998,1,11,-1,3,-1
201891SNP0948,1,9,0,18,0,2,0,4,0,0,1,1,3,2,43,7,1997,1,11,-1,3,-1
201891SNP0948,2,9,0,3,0,2,0,0,0,0,2,1,6,1,39,7,2993,2,3,-1,3,-1
201891SNP0948,3,19,0,3,0,2,0,4,0,0,2,1,2,1,35,6,1995,2,1,-1,2,-1
201891SNP1036,1,10,0,18,0,0,5,0,1,10,4,1,1,1,58,9,-1,-1,-1,3,1,3
201891SNP1051,1,9,0,13,0,0,0,0,0,0,1,1,6,2,73,10,-1,-1,-1,-1,-1,-1
201891SNP1051,2,9,0,16,0,0,0,0,0,0,4,1,6,2,33,6,1497,8,-1,-1,-1,-1
201891SNP1051,3,9,0,16,0,0,0,0,1,10,1,1,6,1,64,9,-1,-1,-1,-1,3,-1
201891SNP1165,1,9,0,3,0,1,1,0,0,0,2,1,6,2,35,6,1422,1,2,-1,3,-1
201891SNP1165,2,9,0,18,0,1,1,0,0,0,1,1,2,2,25,5,1598,2,5,-1,-1,-1
201891SNP1236,1,9,0,16,0,0,0,0,7,0,1,1,6,2,48,8,1461,2,7,-1,3,-1
201891SNP1236,2,9,0,18,0,0,0,0,1,9,1,1,6,1,44,7,999,1,-1,-1,-1,-1
201891SNP1240,1,9,0,17,0,0,0,0,0,0,1,1,6,1,60,9,-1,-1,-1,-1,2,-1
201891SNP1240,2,21,0,16,0,0,1,0,0,0,1,1,1,1,59,9,5132,2,3,-1,1,-1
201891SNP1263,1,5,0,18,0,0,1,0,0,0,0,1,6,1,59,9,1050,1,13,9,1,9
201891SNP1331,1,9,0,17,0,0,0,0,0,0,1,1,6,1,33,6,2143,2,4,-1,-1,-1
201891SNP1331,2,9,0,17,0,0,0,0,0,0,2,1,6,1,58,9,1499,2,2,-1,-1,-1
201891SNP1334,1,5,0,18,0,0,1,0,0,0,1,1,2,1,42,7,1199,1,17,-1,3,-1
201891SNP1334,2,9,0,17,0,0,0,0,0,0,1,1,6,1,58,9,1968,2,5,-1,1,-1
201891SNP1334,3,9,0,16,0,0,0,0,0,0,1,1,6,2,44,7,1995,2,2,-1,1,-1
201891SNP1343,1,9,0,18,0,0,5,6,0,11,4,1,6,1,33,6,1364,1,-1,-1,-1,-1
201891SNP1364,1,21,0,18,0,0,0,0,1,9,1,1,1,1,58,9,6871,2,3,-1,3,-1
201891SNP1364,2,9,0,17,0,0,0,0,0,0,4,1,6,1,22,5,-1,-1,-1,10,3,10
201891SNP1382,1,9,0,7,0,6,0,0,0,0,3,1,6,1,30,6,1560,2,-1,-1,-1,-1
201891SNP1382,2,9,0,18,0,1,0,0,7,0,3,1,6,1,62,9,-1,-1,-1,-1,-1,-1
201891SNP1440,1,8,0,18,0,0,1,0,8,10,1,1,6,2,39,7,1686,2,11,-1,3,-1
201891SNP1445,1,9,0,18,0,0,0,0,7,0,1,1,6,1,29,6,898,1,1,-1,-1,-1
201891SNP1445,2,9,0,18,0,0,0,0,0,0,1,1,6,1,68,10,1968,2,7,-1,1,-1
201891SNP1517,1,9,0,18,0,1,1,0,0,0,1,1,6,2,20,4,1124,1,16,-1,-1,-1
201891SNP1517,2,19,0,10,0,1,0,1,0,0,2,1,6,1,71,10,1995,2,5,-1,-1,-1
201891SNP1522,1,9,0,18,0,0,0,0,1,0,3,1,6,2,46,8,1388,1,9,-1,3,-1
201891SNP1522,2,11,0,18,0,0,0,0,0,0,3,1,1,1,56,9,10838,2,-1,-1,3,-1