Accident_Index,Vehicle_Reference,Vehicle_Type,Towing_and_Articulation,Vehicle_Manoeuvre,Vehicle_Location-Restricted_Lane,Junction_Location,Skidding_and_Overturning,Hit_Object_in_Carriageway,Vehicle_Leaving_Carriageway,Hit_Object_off_Carriageway,1st_Point_of_Impact,Was_Vehicle_Left_Hand_Drive?,Journey_Purpose_of_Driver,Sex_of_Driver,Age_of_Driver,Age_Band_of_Driver,Engine_Capacity_(CC),Propulsion_Code,Age_of_Vehicle,Driver_IMD_Decile,Driver_Home_Area_Type,Vehicle_IMD_Decile
201891SNP1540,1,9,0,9,0,1,0,0,0,0,4,1,6,1,37,7,1598,2,-1,-1,-1,-1
201891SNP1540,2,19,0,18,0,1,0,0,0,0,1,1,1,1,30,6,1995,2,1,-1,-1,-1
201891SNP1540,3,1,0,3,-1,-1,0,0,0,0,0,1,6,2,-1,-1,-1,-1,-1,-1,-1,-1
201891SNP1571,1,5,0,17,0,0,1,12,7,0,1,1,6,1,32,6,-1,-1,-1,-1,-1,-1
201891SNP1573,1,9,0,17,0,0,0,0,0,0,1,1,6,1,35,6,1242,1,-1,-1,-1,-1
201891SNP1573,2,9,0,16,0,0,0,0,1,0,1,1,6,2,39,7,1685,2,4,-1,-1,-1
201891SNP1644,1,9,0,7,0,4,0,0,0,0,1,1,1,2,46,8,1149,1,10,-1,2,-1
201891SNP1644,2,1,0,9,0,3,0,0,0,0,4,1,6,1,54,8,-1,-1,-1,-1,-1,-1
201891SNP1678,1,9,0,9,0,0,0,0,0,0,1,1,6,1,70,10,-1,-1,-1,-1,-1,-1
201891SNP1678,2,4,0,18,0,0,0,0,1,9,1,1,6,1,52,8,-1,-1,-1,-1,-1,-1
201891SNP1810,1,9,0,18,0,6,0,0,0,0,3,1,6,1,70,10,-1,-1,-1,-1,-1,-1
201891SNP1810,2,9,0,18,0,1,1,0,1,0,1,1,6,1,22,5,2521,1,12,-1,-1,-1
201891SNP1812,1,19,0,18,0,0,5,0,1,10,4,1,1,1,40,7,1968,2,2,-1,1,-1
201891SNP1813,1,19,0,17,0,0,0,0,0,0,1,1,2,1,35,6,2198,2,3,-1,1,-1
201891SNP1813,2,90,0,16,0,0,0,0,0,0,3,1,6,3,-1,-1,-1,-1,-1,-1,-1,-1
201891SNP1896,1,1,0,18,0,-1,5,0,0,10,3,1,6,1,51,8,-1,-1,-1,-1,-1,-1
201891SNP1951,1,5,0,16,0,0,0,0,0,0,1,1,6,1,57,9,1170,1,-1,-1,-1,-1
201891SNP1951,2,9,0,16,0,0,0,0,0,0,2,1,6,1,47,8,2993,2,-1,-1,-1,-1
201891SNP1968,1,9,0,6,1,0,0,0,0,1,0,-1,-1,1,70,10,-1,-1,-1,-1,-1,-1
201891SNP1968,2,9,0,6,1,0,0,1,0,11,0,-1,-1,1,68,10,-1,-1,-1,-1,-1,-1
201891SNP1973,1,19,0,18,0,0,0,0,0,0,1,1,1,1,42,7,1560,2,4,-1,-1,-1
201891SNP1973,2,9,0,18,0,0,0,0,1,9,1,1,6,2,18,4,1229,1,9,-1,-1,-1
201891SNP2014,1,9,0,18,0,0,0,0,1,0,2,1,6,1,41,7,-1,-1,-1,-1,-1,-1
201891SNP2014,2,9,0,18,0,0,0,0,0,0,1,1,6,2,57,9,1968,2,4,-1,2,-1
201891SNP2018,1,9,0,13,0,0,1,0,1,11,1,1,6,1,27,6,998,1,14,-1,3,-1
201891SNP2018,2,9,0,18,0,0,0,0,0,0,3,1,6,2,78,11,1596,1,11,-1,3,-1
201891SNP2018,3,19,0,18,0,0,0,0,0,0,3,1,6,1,57,9,1995,2,9,-1,3,-1
201891SNP2044,1,9,0,16,0,1,0,0,1,0,4,1,6,2,69,10,1997,2,2,-1,2,-1
201891SNP2196,1,9,0,18,0,0,0,0,0,0,1,1,6,1,49,8,2993,2,3,-1,3,-1
201891SNP2196,2,9,0,18,0,0,1,0,0,0,1,1,6,1,47,8,2995,1,3,-1,3,-1
201891SNP2205,1,9,0,18,0,0,1,0,0,0,1,1,6,1,39,7,1242,1,-1,-1,-1,-1
201891SNP2205,2,9,0,18,0,0,1,0,0,0,1,1,6,2,20,4,1461,2,6,-1,3,-1
201891SNP2213,1,9,0,18,-1,0,0,0,0,0,4,1,6,3,-1,-1,-1,-1,-1,-1,-1,-1
201891SNP2213,2,19,0,2,-1,0,0,0,0,0,0,1,1,1,47,8,-1,-1,-1,-1,-1,-1
201891SNP2271,1,9,0,17,0,0,1,0,0,0,1,1,6,2,23,5,1248,1,7,1,1,1
201891SNP2271,2,9,0,17,0,0,0,0,0,0,1,1,6,1,23,5,1956,2,1,-1,-1,-1
201891SNP2292,1,5,0,13,0,1,5,0,7,1,4,1,6,1,70,10,800,1,2,-1,-1,-1
201891SNP2292,2,9,0,7,0,1,0,0,0,0,3,1,6,1,50,8,1798,8,1,-1,-1,-1
201891SNP2361,1,9,0,18,0,0,0,0,0,0,4,1,6,1,42,7,1560,2,11,-1,3,-1
201891SNP2451,1,9,0,16,0,0,5,0,1,0,1,1,6,2,69,10,-1,-1,-1,-1,1,-1
201891SNP2478,1,19,0,18,0,0,0,0,0,0,4,1,6,2,27,6,1560,2,10,-1,-1,-1
201891SNP2480,1,9,0,18,0,0,0,0,0,0,3,1,6,2,39,7,1968,2,1,-1,3,-1
201891SNP2489,1,5,0,18,0,0,0,0,0,0,0,1,6,1,52,8,-1,-1,-1,-1,-1,-1
201891SNP2531,1,9,0,13,0,0,2,0,2,0,1,1,4,1,-1,-1,3000,1,11,-1,3,-1
201891SNP2568,1,3,0,18,0,0,1,0,7,0,0,1,6,1,19,4,-1,-1,-1,-1,1,-1
201891SNP2568,2,9,0,18,0,0,0,0,0,0,1,1,6,1,32,6,1499,2,1,-1,3,-1
201891SNP2574,1,9,0,16,0,0,2,0,7,0,1,1,6,1,50,8,1896,2,16,-1,3,-1
201891SNP2618,1,9,0,18,0,0,0,0,0,0,4,1,6,1,49,8,1461,2,-1,-1,1,-1
201891SNP2731,1,5,0,17,0,0,1,0,1,0,1,1,6,1,66,10,1137,1,20,4,1,4
201891SNP2737,1,9,0,13,0,0,0,0,0,0,1,1,6,1,35,6,1199,1,-1,3,1,3
201891SNP2737,2,90,0,18,0,0,0,0,0,0,4,1,6,1,69,10,2500,2,23,-1,-1,-1
201891SNP2737,3,9,0,18,0,0,0,0,7,0,1,1,6,1,29,6,1995,2,5,-1,1,-1
201891SNP2737,4,9,0,18,0,0,0,0,0,0,1,1,6,2,37,7,1969,2,1,-1,3,-1
201891SNP2807,1,97,0,18,8,-1,0,0,0,0,0,1,6,2,99,11,-1,-1,-1,-1,-1,-1
201891SNP2848,1,9,0,9,0,1,0,0,1,0,1,1,6,2,27,6,1998,2,14,7,3,7
201891SNP2848,2,9,0,18,0,1,0,0,7,0,4,1,2,2,36,7,1560,2,8,-1,3,-1
201891SNP2893,1,9,0,16,0,0,0,0,0,0,1,1,6,1,40,7,1596,1,15,3,1,3
201891SNP2893,2,9,0,17,0,0,0,0,0,0,1,1,6,1,51,8,2993,2,1,-1,3,-1
201891SNP2898,1,19,0,18,0,0,1,0,0,0,1,1,1,1,52,8,1461,2,13,-1,2,-1
201891SNP2898,2,19,0,18,0,0,0,0,0,0,1,1,1,2,43,7,1248,2,4,-1,3,-1
201891SNP2971,1,9,0,18,0,0,0,0,7,0,1,1,6,1,30,6,1984,1,11,1,1,1
201891SNP2971,2,9,0,5,8,0,0,0,0,0,3,1,6,1,43,7,1248,1,1,-1,-1,-1
201891SNP2994,1,9,0,18,0,0,0,0,1,0,1,1,2,1,29,6,1956,2,6,-1,-1,-1
201891SNP3013,1,9,0,18,0,0,1,0,7,4,1,1,6,1,45,7,1968,2,-1,-1,-1,-1
201891SNP3013,2,9,0,16,0,0,0,0,0,0,1,1,6,1,72,10,1998,2,4,-1,3,-1
201891SNP3013,3,9,0,17,0,0,1,0,0,0,1,1,6,2,22,5,1242,1,3,-1,3,-1
201891SNP3064,1,19,0,16,0,0,0,0,0,0,1,1,6,1,58,9,1997,2,3,-1,-1,-1
201891SNP3064,2,9,0,17,0,0,0,0,1,9,1,1,6,1,20,4,1390,1,9,-1,3,-1
201891SNP3141,1,9,0,16,0,1,0,0,0,0,1,1,6,1,26,6,1685,2,5,-1,3,-1
201891SNP3184,1,9,0,16,0,0,0,0,1,4,1,1,6,1,29,6,1200,1,-1,-1,-1,-1
201891SNP3184,2,9,0,17,0,0,0,0,0,0,1,1,6,1,51,8,-1,-1,-1,-1,-1,-1
201891SNP3269,1,4,0,4,0,0,1,0,0,0,1,1,6,1,40,7,125,1,-1,8,1,8
201891SNP3287,1,9,0,18,0,0,0,0,1,0,1,1,6,1,61,9,-1,-1,-1,-1,3,-1
201891SNP3287,2,9,0,18,0,0,0,0,7,0,1,1,6,1,38,7,1461,2,-1,-1,-1,-1
201891SNP3488,1,9,0,18,0,3,0,0,0,0,1,1,6,1,20,4,1349,1,8,-1,2,-1
201891SNP3563,1,5,0,18,0,1,0,0,0,0,1,1,6,1,53,8,1170,1,7,-1,-1,-1
201891SNP3563,2,19,0,18,0,1,0,0,0,0,2,1,6,1,41,7,2198,2,6,-1,-1,-1
201891SNP3661,1,9,0,10,0,1,0,0,0,0,2,1,1,1,30,6,-1,-1,-1,-1,-1,-1
201891SNP3661,2,97,0,18,0,1,2,0,0,0,1,1,6,1,56,9,-1,-1,-1,-1,-1,-1
201891SNP3812,1,9,0,18,0,0,2,0,7,9,1,1,6,1,28,6,1781,1,17,-1,3,-1
201891SNP3870,1,9,0,16,0,0,0,0,7,0,1,1,6,1,62,9,1461,2,1,-1,-1,-1
201891SNP3957,1,9,0,18,0,0,0,0,1,0,1,1,6,2,21,5,1242,1,7,-1,-1,-1
201891SNP3974,1,9,0,17,0,0,0,0,1,1,1,1,6,1,28,6,1229,1,5,-1,1,-1
201891SNP3977,1,9,0,16,0,1,0,0,0,0,1,1,6,1,26,6,1685,2,5,-1,-1,-1
201891SNP3991,1,5,0,18,0,0,0,0,1,0,1,1,6,1,58,9,1101,1,40,-1,-1,-1
201891SNP4460,1,9,0,18,0,0,2,0,1,0,1,1,6,1,17,4,1399,2,10,-1,3,-1
201891SNP4837,1,9,0,18,0,0,0,0,0,0,1,1,6,1,69,10,1364,1,-1,-1,-1,-1
201891SNP4837,2,9,0,18,0,0,0,0,0,0,1,1,6,1,57,9,1339,1,5,-1,-1,-1
201891SNP5638,1,9,0,18,0,0,1,0,7,0,1,1,1,1,33,6,2172,2,15,-1,-1,-1
201891STJ0551,1,9,0,18,0,0,1,0,7,10,1,1,1,1,61,9,1248,1,-1,-1,3,-1
201891STJ0551,2,19,0,18,0,0,1,0,1,10,1,1,1,1,19,4,2198,2,2,-1,1,-1
201891STM4186,1,21,1,18,0,0,0,0,0,0,1,1,1,1,55,8,-1,-1,-1,-1,1,-1
201891STM4186,2,90,0,18,0,0,0,0,0,0,2,1,6,1,55,8,2287,2,-1,-1,3,-1
201891STP1968,1,9,0,18,0,0,0,0,0,7,0,1,6,1,-1,-1,-1,-1,-1,-1,-1,-1
201891STP1968,2,9,0,18,0,0,0,0,1,9,0,1,6,1,77,11,1560,2,10,-1,-1,-1
201891STP3141,1,9,0,16,0,1,5,0,0,0,1,1,6,1,-1,-1,2477,2,11,-1,-1,-1
201891STP3141,2,9,0,18,0,-1,0,0,0,0,1,1,6,1,50,8,-1,-1,-1,-1,-1,-1
2018921800007,1,9,0,4,0,4,0,0,1,0,1,1,6,1,55,8,1968,2,4,-1,3,-1
2018921800007,2,9,0,5,0,4,1,0,1,0,4,1,6,1,29,6,1995,2,9,-1,1,-1
2018921800010,1,9,0,9,0,6,0,0,0,0,3,1,6,1,68,10,-1,-1,-1,-1,1,-1
2018921800010,2,9,0,17,0,1,0,0,0,0,1,1,6,2,32,6,-1,-1,-1,-1,3,-1
2018921800015,1,9,0,18,0,0,0,0,7,11,1,1,2,2,25,5,1229,1,5,-1,1,-1
2018921800018,1,9,0,18,0,0,0,4,0,0,1,1,6,1,85,11,1598,1,18,-1,1,-1
2018921800018,2,21,0,2,0,0,0,0,0,0,2,1,1,1,41,7,2298,2,4,-1,3,-1
2018921800020,1,9,0,18,0,0,0,0,0,0,3,1,2,1,39,7,-1,-1,-1,-1,-1,-1
2018921800020,2,19,0,18,0,0,0,0,0,0,3,1,6,3,30,6,-1,-1,-1,-1,-1,-1
2018921800023,1,9,0,17,0,0,5,0,2,4,1,1,6,2,33,6,2993,2,3,-1,3,-1
2018921800027,1,21,1,18,0,0,0,0,0,0,1,1,1,1,65,9,12777,2,8,-1,3,-1
2018921800030,1,9,0,18,0,1,1,0,2,6,1,1,6,2,51,8,1242,1,4,-1,1,-1
2018921800032,1,9,0,18,0,1,1,0,0,0,1,1,6,2,48,8,1999,2,-1,-1,1,-1
2018921800032,2,9,0,10,0,1,0,0,0,0,2,1,6,1,29,6,1951,2,14,-1,3,-1
2018921800033,1,9,0,18,0,0,0,0,0,0,4,1,1,1,66,10,2231,2,5,-1,3,-1
2018921800034,1,19,0,18,0,1,0,0,0,0,1,1,2,1,50,8,2198,2,3,-1,3,-1
2018921800034,2,9,0,3,0,1,0,0,0,0,2,1,2,2,26,6,1499,1,1,-1,1,-1
2018921800035,1,9,0,9,0,8,0,0,0,0,3,1,6,1,20,4,1296,1,10,-1,2,-1
2018921800038,1,21,1,18,0,0,0,0,0,0,4,1,1,1,40,7,12740,2,2,-1,1,-1
2018921800045,1,9,0,7,0,2,0,0,0,0,1,1,6,2,25,5,1998,1,11,-1,-1,-1
2018921800045,2,1,0,18,0,6,0,0,0,0,2,1,1,2,15,3,-1,-1,-1,-1,1,-1
2018921800046,1,19,0,9,0,8,0,0,0,0,1,1,2,1,58,9,2198,2,11,-1,1,-1
2018921800046,2,1,0,18,0,8,0,0,0,0,3,1,2,1,49,8,-1,-1,-1,-1,3,-1
2018921800047,1,9,0,18,0,0,1,0,1,4,1,1,6,1,38,7,1968,2,2,-1,3,-1
2018921800048,1,9,0,2,0,0,0,0,0,0,4,1,6,3,50,8,1685,2,5,-1,3,-1
2018921800048,2,9,0,18,0,0,0,4,0,0,4,1,6,1,60,9,1951,2,13,-1,3,-1
2018921800051,1,9,0,16,0,0,1,0,0,0,1,1,6,2,23,5,1390,1,8,-1,3,-1
2018921800051,2,9,0,17,0,0,1,0,0,0,1,1,6,2,19,4,1390,1,5,-1,-1,-1
2018921800052,1,5,0,16,0,0,1,0,1,9,4,1,6,1,35,6,1340,1,10,-1,3,-1
2018921800053,1,9,0,9,0,8,0,0,0,0,4,1,2,1,48,8,1395,1,3,-1,-1,-1
2018921800053,2,5,0,18,0,2,0,0,0,0,1,1,2,1,35,6,599,1,17,-1,-1,-1
2018921800056,1,9,0,18,0,6,0,0,0,0,1,1,6,2,27,6,1598,1,8,-1,1,-1
2018921800057,1,9,0,4,0,0,0,0,0,0,2,1,2,1,45,7,1910,2,9,-1,2,-1
2018921800057,2,9,0,4,0,0,0,0,0,0,2,1,2,2,24,5,1560,2,4,-1,2,-1
2018921800057,3,9,0,4,0,0,0,0,0,0,2,1,2,2,27,6,1422,2,3,-1,3,-1
2018921800057,4,9,0,4,0,0,0,0,0,0,1,1,2,2,26,6,1597,2,-1,-1,2,-1
2018921800062,1,9,0,17,0,0,5,0,7,11,3,1,6,1,35,6,1422,2,15,-1,1,-1
2018921800062,2,9,0,16,0,0,5,0,0,0,3,1,2,2,55,8,1560,2,3,-1,-1,-1
2018921800066,1,9,0,18,0,8,-1,0,0,0,4,1,6,3,-1,-1,-1,-1,-1,-1,-1,-1
2018921800067,1,2,0,9,0,2,1,10,0,0,0,1,6,1,16,4,49,1,-1,-1,1,-1
2018921800068,1,10,0,18,0,0,0,0,0,0,1,1,1,1,78,11,2461,2,18,-1,1,-1
2018921800073,1,9,0,5,0,0,0,0,1,2,2,1,6,2,61,9,1999,2,2,-1,1,-1
2018921800074,1,9,0,13,9,0,0,0,7,5,4,1,6,1,70,10,1339,1,7,-1,1,-1
2018921800076,1,9,0,9,0,0,0,0,0,0,1,1,6,1,70,10,1995,2,5,-1,2,-1
2018921800080,1,9,0,7,0,6,0,0,0,0,3,1,2,1,52,8,999,1,2,-1,1,-1
2018921800080,2,9,0,18,0,1,0,0,0,0,1,1,2,1,39,7,-1,-1,-1,-1,1,-1
2018921800082,1,9,0,18,0,5,0,0,0,0,4,1,6,2,68,10,1598,2,4,-1,2,-1
2018921800084,1,9,0,9,0,6,0,0,0,0,3,1,2,1,60,9,-1,-1,-1,-1,1,-1
2018921800084,2,3,0,18,0,8,1,0,0,0,4,1,2,1,46,8,124,1,2,-1,1,-1
2018921800088,1,9,0,17,0,1,0,0,0,0,4,1,6,1,67,10,1595,1,10,-1,3,-1
2018921800088,2,9,0,18,0,1,0,11,0,0,3,1,6,2,52,8,1198,1,1,-1,3,-1
2018921800089,1,9,0,16,0,0,5,0,7,4,3,1,6,2,20,4,1422,2,10,-1,3,-1
2018921800090,1,1,0,3,0,1,0,0,0,0,3,1,2,2,40,7,-1,-1,-1,-1,1,-1
2018921800090,2,9,4,5,0,1,0,11,0,0,4,1,6,3,21,5,-1,-1,-1,-1,-1,-1
2018921800092,1,1,0,14,0,0,5,0,0,0,0,1,6,1,36,7,-1,-1,-1,-1,3,-1
2018921800092,2,9,0,2,0,0,0,0,0,0,0,1,6,2,50,8,1587,1,11,-1,3,-1
2018921800094,1,9,0,18,0,0,2,11,1,10,3,1,6,1,25,5,1364,1,11,-1,1,-1
2018921800104,1,9,0,4,0,1,0,0,0,0,1,1,6,2,70,10,998,1,2,-1,3,-1
2018921800104,2,9,0,3,0,1,0,0,0,0,2,1,6,2,42,7,1598,2,3,-1,1,-1
2018921800104,3,9,0,3,0,1,0,0,0,0,2,1,6,2,77,11,1386,1,5,-1,3,-1
2018921800105,1,9,0,4,0,1,0,0,0,0,4,1,2,1,45,7,2143,2,5,-1,3,-1
2018921800108,1,11,0,13,0,8,0,0,0,0,1,1,1,1,50,8,5900,2,13,-1,3,-1
2018921800108,2,9,0,9,0,8,1,0,8,11,3,1,1,1,30,6,1686,2,14,-1,3,-1
2018921800112,1,9,0,18,0,2,0,0,0,0,1,1,6,1,34,6,1999,2,1,-1,-1,-1
2018921800116,1,9,0,17,0,0,1,4,0,0,1,1,6,1,35,6,2771,1,19,-1,-1,-1
2018921800116,2,9,0,2,0,0,0,0,1,11,2,1,6,1,57,9,1597,2,3,-1,-1,-1
2018921800116,3,9,0,2,0,0,0,0,0,0,2,1,6,1,34,6,1956,2,7,-1,-1,-1
2018921800116,4,9,0,2,0,0,0,0,0,0,1,1,6,1,59,9,-1,-1,-1,-1,-1,-1
2018921800119,1,9,0,18,0,0,0,0,0,0,1,1,6,2,61,9,-1,-1,-1,-1,3,-1
2018921800119,2,9,0,13,0,0,0,0,7,11,1,1,2,1,23,5,1461,2,2,-1,1,-1
2018921800121,1,9,0,18,0,0,0,0,1,4,3,1,6,2,88,11,1242,1,6,-1,3,-1
2018921800122,1,5,0,13,0,1,2,0,7,9,1,1,6,1,51,8,656,1,12,-1,3,-1
2018921800122,2,17,4,9,0,1,0,0,0,0,3,1,1,1,29,6,-1,2,3,-1,-1,-1
2018921800129,1,9,0,18,0,1,0,0,0,0,1,1,1,1,35,6,1560,2,2,-1,2,-1
2018921800129,2,21,1,7,0,5,0,0,0,0,3,1,1,1,46,8,11705,2,6,3,2,3
2018921800130,1,9,0,18,0,0,0,0,0,0,1,1,2,1,47,8,2894,1,1,-1,3,-1
2018921800131,1,9,0,17,0,0,2,0,1,4,1,1,6,1,36,7,2261,1,1,-1,1,-1
2018921800132,1,9,0,18,0,0,2,10,1,2,4,1,6,2,21,5,1242,1,9,-1,3,-1
2018921800137,1,9,0,13,0,0,1,0,1,4,3,1,6,1,24,5,1994,1,15,-1,3,-1
2018921800137,2,9,0,18,0,0,1,0,1,4,1,1,6,1,36,7,1896,2,15,-1,2,-1
2018921800144,1,9,0,17,6,1,2,0,7,11,3,1,2,2,38,7,1390,1,12,-1,-1,-1
2018921800145,1,9,0,18,0,8,0,0,0,0,3,1,1,1,26,6,1995,2,1,-1,1,-1
2018921800145,2,9,0,18,0,8,0,0,0,0,1,1,6,2,65,9,1199,1,-1,-1,1,-1
2018921800146,1,1,0,18,0,1,0,0,0,0,1,1,6,1,10,2,-1,-1,-1,-1,3,-1
2018921800146,2,9,0,18,0,1,0,0,0,0,4,1,2,1,61,9,2800,2,13,-1,3,-1
2018921800147,1,9,0,18,0,6,1,0,0,0,3,1,6,2,24,5,1399,1,7,-1,3,-1
2018921800147,2,9,0,18,0,8,1,0,7,11,4,1,6,1,64,9,1498,1,-1,-1,2,-1
2018921800148,1,9,0,18,0,0,5,0,0,0,4,1,6,2,20,4,1248,2,13,-1,2,-1
2018921800151,1,9,0,15,0,0,0,0,0,0,1,1,6,2,46,8,999,1,3,-1,1,-1
2018921800151,2,20,0,3,0,0,0,0,0,0,1,1,1,1,44,7,2402,2,10,-1,3,-1
2018921800154,1,9,0,18,0,0,0,0,0,0,1,1,6,2,19,4,996,1,6,-1,1,-1
2018921800154,2,9,0,18,0,0,0,0,0,0,2,1,6,2,27,6,1969,2,2,-1,2,-1
2018921800157,1,17,0,17,0,0,2,0,7,0,4,1,1,1,35,6,6596,2,-1,-1,1,-1
2018921800160,1,9,0,16,0,0,2,0,2,0,1,1,2,1,45,7,998,1,7,-1,3,-1
2018921800161,1,9,0,5,0,1,0,0,0,0,4,1,1,1,26,6,2993,2,2,-1,1,-1
2018921800163,1,9,0,18,0,4,0,0,0,0,1,1,6,2,39,7,1398,1,5,-1,3,-1
2018921800163,2,3,0,17,0,3,5,0,0,0,4,1,1,1,20,4,125,1,3,-1,1,-1
2018921800165,1,9,0,17,0,0,2,0,8,0,1,1,6,2,17,4,1149,1,7,-1,1,-1
2018921800165,2,9,0,16,0,0,1,0,2,0,3,1,6,1,65,9,1951,2,13,-1,3,-1
2018921800169,1,9,0,18,0,0,5,0,1,9,0,1,6,2,34,6,1398,2,16,-1,3,-1
2018921800170,1,19,0,18,0,1,0,0,2,0,3,1,1,1,22,5,2198,2,3,-1,2,-1
2018921800170,2,19,0,10,0,5,0,0,0,0,2,1,1,1,29,6,2198,2,3,-1,3,-1
2018921800175,1,9,0,18,0,8,0,0,0,0,1,1,6,1,57,9,1997,2,9,-1,1,-1
2018921800175,2,9,0,9,0,1,0,0,0,0,1,1,6,2,63,9,1199,1,1,-1,1,-1
2018921800176,1,9,0,4,0,4,0,0,0,0,1,1,6,1,32,6,1461,2,5,-1,1,-1
2018921800176,2,1,0,18,0,3,0,0,0,0,4,1,6,1,20,4,-1,-1,-1,-1,1,-1
2018921800177,1,8,0,18,0,0,1,4,0,0,1,1,1,1,36,7,1560,2,8,-1,1,-1
2018921800177,2,9,0,2,0,0,0,0,0,0,1,1,6,3,42,7,2204,2,11,-1,-1,-1
2018921800179,1,19,0,17,0,1,0,0,0,0,1,1,1,1,58,9,1461,2,7,-1,3,-1
2018921800179,2,9,0,4,0,1,0,0,0,0,2,1,2,1,57,9,2231,2,11,-1,3,-1
2018921800180,1,9,0,7,0,6,1,11,0,0,1,1,2,1,20,4,1242,1,14,-1,3,-1
2018921800180,2,9,0,18,0,1,1,11,0,0,3,1,6,2,35,6,998,1,4,-1,3,-1
2018921800183,1,9,0,7,0,2,1,0,7,1,1,1,6,1,42,7,1197,1,1,-1,1,-1
2018921800184,1,9,0,16,0,1,0,0,0,0,1,1,2,1,25,5,1560,2,2,-1,1,-1
2018921800186,1,19,0,18,0,0,5,0,8,2,1,1,6,1,31,6,1995,2,9,-1,2,-1
2018921800187,1,9,0,18,0,0,0,0,0,0,1,1,6,2,32,6,2967,2,2,-1,2,-1
2018921800189,1,9,0,16,0,0,0,0,0,0,1,1,2,1,26,6,3246,1,14,-1,1,-1
2018921800189,2,9,0,17,0,0,0,0,0,0,1,1,2,2,19,4,1248,2,3,-1,-1,-1
2018921800192,1,9,0,18,0,0,0,6,8,0,1,1,6,1,25,5,2393,2,1,-1,3,-1
2018921800193,1,9,0,13,0,0,0,0,0,0,4,1,6,2,53,8,1910,2,9,-1,1,-1
2018921800193,2,21,1,18,0,0,0,0,0,0,3,1,1,1,59,9,10837,2,5,-1,3,-1
2018921800194,1,9,0,5,0,8,0,0,0,0,3,1,2,1,32,6,998,1,6,-1,1,-1
2018921800194,2,1,0,18,0,8,0,0,0,0,1,1,2,2,33,6,-1,-1,-1,-1,1,-1
2018921800195,1,9,0,1,0,0,0,0,0,0,2,1,6,2,35,6,1390,1,4,-1,-1,-1
2018921800196,1,9,0,16,0,0,5,0,7,0,3,1,6,2,29,6,1198,1,6,-1,1,-1
2018921800197,1,9,0,10,0,0,0,0,6,0,3,1,2,1,52,8,1997,2,9,-1,1,-1
2018921800197,2,9,0,13,0,0,0,0,0,0,1,1,2,1,47,8,1796,1,10,-1,1,-1
2018921800198,1,9,0,18,0,8,0,0,0,0,3,1,2,1,45,7,1248,2,6,-1,3,-1
2018921800198,2,9,0,18,0,8,0,0,1,0,1,2,2,2,36,7,1242,1,6,-1,3,-1
2018921800199,1,9,0,18,0,0,0,0,0,0,3,1,6,2,59,9,-1,-1,-1,-1,3,-1
2018921800199,2,5,0,14,0,0,0,4,0,0,1,1,6,2,52,8,645,1,9,-1,1,-1
2018921800199,3,5,0,14,0,0,0,4,0,0,2,1,1,1,58,9,645,1,2,-1,1,-1
2018921800199,4,9,0,2,0,0,0,0,0,0,3,1,6,2,35,6,1364,2,10,-1,3,-1
2018921800200,1,9,0,3,0,0,0,0,0,0,2,1,2,1,58,9,1999,2,1,-1,3,-1
2018921800200,2,9,0,3,0,0,0,0,0,0,2,1,6,1,74,10,1364,2,4,-1,1,-1
2018921800200,3,9,0,18,0,0,0,4,1,1,1,1,6,1,39,7,2204,2,11,-1,3,-1
2018921800202,1,9,0,18,0,0,0,0,0,0,1,1,6,1,58,9,2231,2,5,-1,1,-1
2018921800206,1,9,0,16,0,0,0,0,0,0,1,1,1,1,42,7,1596,1,13,-1,1,-1
2018921800206,2,9,0,18,0,0,0,0,1,0,1,1,6,1,52,8,1461,2,9,-1,3,-1
2018921800208,1,9,0,7,0,8,0,0,0,0,1,1,6,1,50,8,1997,2,3,-1,1,-1
2018921800209,1,9,0,17,0,0,1,0,0,0,4,1,6,2,27,6,1242,1,5,-1,1,-1
2018921800209,2,90,0,16,0,0,0,0,1,0,1,1,1,1,44,7,2987,2,1,-1,2,-1
2018921800209,3,9,0,17,0,0,0,0,0,0,1,1,2,2,39,7,2143,2,5,-1,2,-1
2018921800210,1,9,0,18,0,0,0,0,0,0,1,1,6,1,18,4,1390,1,6,-1,3,-1
2018921800211,1,9,0,18,0,0,0,0,1,7,1,1,2,2,22,5,1242,1,2,-1,1,-1
2018921800212,1,9,0,5,0,1,0,0,0,0,1,1,6,1,29,6,1995,1,13,-1,3,-1
2018921800215,1,21,1,5,0,1,0,0,0,0,1,1,1,1,48,8,12777,2,7,-1,2,-1
2018921800220,1,9,0,3,0,1,0,0,0,0,1,1,1,1,27,6,-1,-1,-1,-1,-1,-1
2018921800220,2,9,0,3,0,1,1,0,0,0,1,1,1,2,35,6,1390,1,6,-1,2,-1
2018921800220,3,9,0,18,0,1,0,0,8,10,1,1,1,1,63,9,1997,2,2,-1,-1,-1
2018921800220,4,9,0,3,0,1,0,0,0,0,2,1,6,1,39,7,1968,2,4,-1,3,-1
2018921800221,1,9,0,13,0,0,0,0,1,10,2,1,2,1,39,7,1398,1,4,-1,3,-1
2018921800221,2,9,0,13,0,0,0,0,1,10,2,1,6,1,49,8,998,1,2,-1,1,-1
2018921800222,1,5,0,18,0,6,0,0,0,0,1,1,6,1,24,5,599,1,18,-1,1,-1
2018921800222,2,9,0,9,0,5,0,0,0,0,3,1,6,1,64,9,2987,2,13,-1,1,-1
2018921800227,1,9,0,18,0,8,0,0,0,0,1,1,2,1,36,7,1197,1,3,-1,1,-1
2018921800229,1,3,0,18,0,1,0,10,7,0,1,1,6,1,24,5,124,1,27,-1,3,-1