Accident_Index,Vehicle_Reference,Vehicle_Type,Towing_and_Articulation,Vehicle_Manoeuvre,Vehicle_Location-Restricted_Lane,Junction_Location,Skidding_and_Overturning,Hit_Object_in_Carriageway,Vehicle_Leaving_Carriageway,Hit_Object_off_Carriageway,1st_Point_of_Impact,Was_Vehicle_Left_Hand_Drive?,Journey_Purpose_of_Driver,Sex_of_Driver,Age_of_Driver,Age_Band_of_Driver,Engine_Capacity_(CC),Propulsion_Code,Age_of_Vehicle,Driver_IMD_Decile,Driver_Home_Area_Type,Vehicle_IMD_Decile
2018921800230,1,9,0,16,0,0,1,0,7,11,3,1,6,1,30,6,-1,-1,-1,-1,1,-1
2018921800231,1,9,0,18,0,8,0,0,0,0,1,1,6,2,67,10,1242,1,4,-1,1,-1
2018921800231,2,9,0,9,0,1,0,0,0,0,1,1,6,2,71,10,1386,1,10,-1,2,-1
2018921800233,1,9,0,18,0,0,0,0,0,0,4,1,6,1,32,6,1242,1,4,-1,1,-1
2018921800234,1,19,0,1,0,0,0,0,0,0,2,1,1,1,48,8,1995,2,-1,-1,-1,-1
2018921800235,1,9,0,4,0,0,0,0,1,10,1,1,6,2,17,4,1390,1,15,-1,1,-1
2018921800239,1,9,0,16,0,0,0,0,0,0,4,2,6,1,61,9,1985,1,17,-1,3,-1
2018921800244,1,5,0,17,0,0,1,0,0,0,3,1,6,1,34,6,599,1,16,-1,3,-1
2018921800245,1,9,0,18,0,2,0,0,0,0,1,1,6,1,58,9,1364,1,3,-1,1,-1
2018921800247,1,9,0,13,0,0,0,0,7,0,1,1,1,1,33,6,2995,1,1,-1,3,-1
2018921800247,2,19,0,18,0,0,0,0,1,0,1,1,1,1,38,7,1598,2,5,-1,-1,-1
2018921800247,3,9,0,18,0,0,0,0,0,0,3,1,6,2,40,7,1560,2,2,-1,1,-1
2018921800248,1,9,0,4,0,0,0,0,0,0,2,1,3,2,33,6,1497,8,4,-1,1,-1
2018921800248,2,9,0,4,0,0,0,0,0,0,1,1,6,2,19,4,1364,1,9,-1,1,-1
2018921800250,1,9,0,18,0,0,0,0,0,0,1,1,6,1,52,8,1998,1,15,-1,1,-1
2018921800250,2,9,0,18,0,0,0,0,0,0,2,1,6,1,78,11,1396,1,4,-1,1,-1
2018921800252,1,9,4,18,0,1,1,10,0,0,1,1,6,1,35,6,2495,2,25,-1,3,-1
2018921800252,2,9,0,9,0,8,0,0,1,0,4,1,6,2,50,8,1797,8,3,-1,3,-1
2018921800253,1,9,0,18,0,1,0,0,0,0,4,1,6,1,33,6,-1,-1,-1,-1,3,-1
2018921800254,1,9,0,18,0,1,0,0,7,0,1,1,6,2,41,7,1399,2,9,-1,1,-1
2018921800254,2,19,0,12,0,1,0,0,7,0,2,1,1,1,51,8,1560,2,4,-1,1,-1
2018921800256,1,5,0,16,0,0,2,0,7,4,1,1,2,1,54,8,-1,-1,-1,-1,1,-1
2018921800257,1,9,0,18,0,0,0,4,7,0,3,1,2,2,17,4,1598,1,6,-1,3,-1
2018921800257,2,9,0,2,0,0,0,0,7,0,3,1,6,3,25,5,1229,1,11,-1,-1,-1
2018921800258,1,9,0,16,0,0,5,0,1,11,1,1,6,1,17,4,998,1,2,-1,1,-1
2018921800261,1,9,0,18,0,0,0,0,7,10,1,1,6,1,62,9,1998,2,4,-1,3,-1
2018921800262,1,9,0,16,0,0,1,0,7,0,1,1,6,1,20,4,1590,1,13,-1,2,-1
2018921800262,2,9,0,18,0,0,0,0,0,0,1,1,6,1,80,11,1951,2,14,-1,2,-1
2018921800263,1,9,0,9,0,8,0,0,0,0,1,1,6,1,38,7,999,1,-1,-1,-1,-1
2018921800263,2,9,0,18,0,1,0,0,0,0,1,1,6,1,70,10,1597,2,1,-1,3,-1
2018921800264,1,9,0,4,0,0,0,0,0,0,1,1,2,1,58,9,-1,-1,-1,-1,3,-1
2018921800265,1,3,0,13,0,0,0,0,0,0,1,1,6,1,22,5,124,1,-1,-1,1,-1
2018921800265,2,9,0,18,0,0,0,0,0,0,3,1,6,3,25,5,-1,-1,-1,-1,-1,-1
2018921800266,1,9,0,17,0,0,0,0,1,0,1,1,6,2,58,9,1999,2,-1,-1,3,-1
2018921800266,2,8,0,16,0,0,1,0,0,0,1,1,1,1,64,9,1950,2,-1,-1,1,-1
2018921800267,1,9,0,18,0,0,0,0,1,0,1,1,6,1,60,9,-1,-1,-1,-1,1,-1
2018921800267,2,9,0,9,0,0,0,0,0,0,1,1,6,1,67,10,1968,2,3,-1,3,-1
2018921800268,1,9,0,4,0,0,0,0,0,0,2,1,6,2,43,7,2967,2,-1,-1,3,-1
2018921800268,2,5,0,4,0,0,5,0,0,0,2,1,6,1,47,8,647,1,19,-1,2,-1
2018921800268,3,9,0,18,0,0,0,0,0,0,1,1,6,2,22,5,1598,1,4,-1,1,-1
2018921800269,1,9,0,9,0,8,0,0,0,0,4,1,2,1,66,10,-1,-1,-1,-1,1,-1
2018921800269,2,1,0,18,0,8,0,0,0,0,1,1,6,1,51,8,-1,-1,-1,-1,1,-1
2018921800270,1,9,0,17,0,2,2,10,1,2,1,1,6,1,46,8,1796,1,15,-1,1,-1
2018921800272,1,9,0,18,0,8,1,0,1,0,4,1,2,2,30,6,1587,1,12,-1,3,-1
2018921800272,2,9,0,18,0,1,1,0,0,0,1,1,6,1,77,11,1969,2,2,-1,2,-1
2018921800273,1,21,1,18,0,0,0,4,0,0,1,1,1,1,50,8,10837,2,6,-1,1,-1
2018921800273,2,19,0,3,0,0,5,0,1,3,2,1,1,1,44,7,2299,2,2,2,1,2
2018921800274,1,9,0,5,0,1,0,0,0,0,1,1,6,1,58,9,2967,2,6,-1,1,-1
2018921800276,1,9,0,18,0,1,1,0,0,0,4,1,6,1,28,6,1229,1,8,-1,2,-1
2018921800276,2,9,0,5,0,1,0,4,0,0,3,1,2,2,23,5,1598,1,6,-1,2,-1
2018921800276,3,9,0,2,0,1,0,0,0,0,0,1,6,1,34,6,1896,2,16,-1,-1,-1
2018921800279,1,9,0,18,0,0,0,0,7,11,1,1,6,2,17,4,1368,1,11,-1,-1,-1
2018921800281,1,9,0,7,4,5,0,0,0,0,4,1,6,2,38,7,1368,1,11,-1,1,-1
2018921800281,2,1,0,15,4,1,0,0,0,0,1,1,2,2,49,8,-1,-1,-1,-1,1,-1
2018921800283,1,9,0,18,0,0,1,0,0,0,3,1,6,1,59,9,-1,-1,-1,-1,3,-1
2018921800283,2,9,0,18,0,0,0,0,7,0,1,1,6,1,45,7,1997,2,2,-1,1,-1
2018921800284,1,9,0,18,0,0,0,0,0,0,1,1,6,2,22,5,1229,1,5,-1,1,-1
2018921800286,1,9,0,12,0,7,1,0,2,7,3,1,2,1,36,7,999,1,-1,-1,1,-1
2018921800286,2,21,1,11,0,2,0,0,0,0,4,1,1,1,37,7,12419,2,8,-1,1,-1
2018921800287,1,9,0,17,0,0,2,10,1,2,1,1,6,1,25,5,1794,1,16,-1,1,-1
2018921800288,1,9,0,18,0,0,1,12,0,0,1,1,6,1,22,5,2184,2,2,-1,3,-1
2018921800288,2,9,0,18,0,0,1,0,0,0,1,1,6,2,62,9,2179,2,3,-1,3,-1
2018921800290,1,9,0,4,0,0,0,0,0,0,1,1,6,1,20,4,1149,1,15,-1,3,-1
2018921800290,2,9,0,4,0,0,0,0,1,0,3,1,6,2,33,6,2400,2,7,-1,-1,-1
2018921800293,1,9,0,16,0,1,0,0,0,0,1,1,6,1,20,4,1229,1,6,-1,3,-1
2018921800293,2,9,0,17,0,1,0,0,0,0,1,1,6,1,20,4,1229,1,4,-1,3,-1
2018921800294,1,5,0,17,0,0,5,0,1,0,4,1,6,1,43,7,1584,1,9,-1,3,-1
2018921800296,1,5,0,16,0,0,2,0,0,0,3,1,6,1,56,9,-1,-1,-1,-1,-1,-1
2018921800296,2,9,0,17,0,0,0,0,0,0,3,1,6,1,44,7,1991,2,12,-1,3,-1
2018921800297,1,9,0,10,0,1,0,0,0,0,2,1,2,2,54,8,2698,2,12,-1,1,-1
2018921800297,2,9,0,18,0,1,0,0,0,0,1,1,6,2,79,11,1242,1,1,-1,1,-1
2018921800298,1,9,0,7,0,2,0,0,0,0,1,1,6,2,18,4,1560,2,11,-1,2,-1
2018921800298,2,1,0,18,0,1,0,0,0,0,2,1,6,1,56,9,-1,-1,-1,-1,3,-1
2018921800299,1,5,0,16,0,0,1,0,0,0,3,1,6,1,37,7,645,1,15,-1,3,-1
2018921800299,2,9,0,17,0,0,0,0,1,9,1,1,1,2,54,8,1560,2,2,-1,3,-1
2018921800300,1,9,0,9,0,1,0,0,7,0,3,1,1,2,40,7,1598,1,2,-1,2,-1
2018921800300,2,4,0,14,0,1,0,0,0,0,1,1,1,1,30,6,125,1,2,-1,1,-1
2018921800301,1,5,0,18,0,1,0,0,0,0,1,1,6,1,34,6,1237,1,4,-1,1,-1
2018921800301,2,9,0,18,0,8,0,0,0,0,1,1,6,2,33,6,1499,1,1,-1,1,-1
2018921800302,1,9,0,9,0,8,0,0,0,0,3,1,6,1,41,7,1685,2,4,-1,1,-1
2018921800302,2,1,0,18,0,1,5,0,0,0,1,1,6,1,42,7,-1,-1,-1,-1,1,-1
2018921800303,1,9,0,18,0,0,0,0,0,0,3,1,1,2,45,7,1499,2,1,-1,3,-1
2018921800303,2,9,0,18,0,0,0,0,0,0,3,1,6,2,63,9,1248,2,8,-1,3,-1
2018921800304,1,9,0,18,0,0,5,0,0,0,4,1,2,1,49,8,1398,1,1,-1,1,-1
2018921800304,2,9,0,2,0,0,0,4,0,0,3,1,6,2,55,8,1968,2,3,-1,3,-1
2018921800304,3,9,0,2,0,0,0,11,0,0,1,1,6,2,17,4,1198,1,5,-1,3,-1
2018921800305,1,9,0,9,0,8,0,0,0,0,3,1,6,2,30,6,1398,1,3,-1,1,-1
2018921800305,2,1,0,18,0,8,0,0,0,0,1,1,6,1,29,6,-1,-1,-1,-1,1,-1
2018921800306,1,21,1,18,0,0,0,4,1,10,1,1,1,1,48,8,12902,2,5,-1,3,-1
2018921800306,2,9,0,2,0,0,0,0,0,0,3,1,6,3,40,7,2401,2,11,-1,-1,-1
2018921800306,3,9,0,2,0,0,0,0,0,0,3,1,6,3,40,7,1995,2,9,-1,-1,-1
2018921800307,1,9,0,15,0,1,1,0,7,11,1,1,6,2,43,7,1598,1,8,-1,-1,-1
2018921800307,2,17,4,9,0,1,0,0,0,0,3,1,1,1,68,10,-1,2,26,-1,-1,-1
2018921800308,1,9,0,7,0,1,0,0,3,0,2,1,6,2,25,5,1461,2,6,-1,3,-1
2018921800308,2,9,-1,-1,0,1,0,0,0,0,4,1,6,3,-1,-1,-1,-1,-1,-1,-1,-1
2018921800310,1,9,0,18,0,8,0,0,0,0,1,1,1,1,46,8,-1,-1,-1,-1,-1,-1
2018921800310,2,1,0,12,0,8,0,0,0,0,2,1,6,2,32,6,-1,-1,-1,-1,1,-1
2018921800311,1,9,0,18,0,2,0,0,0,0,1,1,2,2,41,7,2993,2,1,-1,2,-1
2018921800311,2,9,0,18,0,1,0,0,0,0,1,1,2,1,66,10,2987,2,8,-1,3,-1
2018921800315,1,9,0,16,0,0,0,0,0,0,1,1,1,2,18,4,1229,1,6,-1,1,-1
2018921800315,2,9,0,4,0,0,0,0,0,0,2,1,1,1,57,9,1999,2,1,-1,-1,-1
2018921800316,1,9,0,9,0,5,0,0,0,0,1,1,2,1,29,6,-1,-1,-1,-1,1,-1
2018921800316,2,5,0,4,0,1,5,0,0,0,1,1,2,1,23,5,748,1,41,-1,-1,-1
2018921800318,1,9,0,18,0,2,0,0,0,1,1,1,6,1,26,6,1999,1,13,-1,-1,-1
2018921800319,1,17,4,18,0,0,0,0,0,0,3,1,1,1,62,9,6788,2,2,-1,3,-1
2018921800319,2,4,0,16,0,0,1,0,0,0,3,1,6,1,22,5,249,1,9,-1,3,-1
2018921800320,1,9,0,18,0,0,0,0,0,0,1,1,6,1,22,5,1596,1,5,-1,3,-1
2018921800320,2,9,0,18,0,0,0,0,1,0,1,1,6,1,73,10,1598,1,5,-1,1,-1
2018921800321,1,9,0,18,0,1,0,0,0,0,1,1,6,1,49,8,1598,1,8,-1,1,-1
2018921800321,2,9,0,18,0,1,0,0,0,0,2,1,2,1,53,8,-1,-1,-1,-1,3,-1
2018921800321,3,9,0,18,0,1,0,0,1,10,1,1,2,2,50,8,2987,2,8,-1,3,-1
2018921800322,1,9,0,18,0,3,1,0,1,7,1,1,2,2,38,7,995,1,11,-1,3,-1
2018921800323,1,5,0,13,0,0,0,0,0,0,4,1,6,1,70,10,-1,-1,-1,-1,-1,-1
2018921800323,2,5,0,18,0,0,0,0,0,0,4,1,6,1,52,8,1050,1,-1,-1,1,-1
2018921800324,1,9,0,9,0,1,0,0,0,0,1,1,2,2,17,4,1242,1,8,-1,3,-1
2018921800324,2,1,0,18,0,1,0,0,0,0,1,1,6,1,41,7,-1,-1,-1,-1,2,-1
2018921800325,1,9,0,17,0,0,0,0,1,11,1,1,6,1,27,6,1498,1,2,-1,2,-1
2018921800326,1,9,0,9,0,6,0,0,7,0,3,1,6,1,76,11,1461,2,1,-1,3,-1
2018921800326,2,19,0,18,0,1,1,0,7,0,1,1,6,1,31,6,2461,2,17,-1,2,-1
2018921800327,1,9,0,18,0,1,0,0,0,0,1,1,2,1,57,9,1398,1,3,-1,3,-1
2018921800327,2,9,0,10,0,1,0,0,0,0,1,1,1,2,53,8,1968,2,3,-1,3,-1
2018921800328,1,1,0,16,0,0,0,0,0,0,0,1,6,1,60,9,-1,-1,-1,-1,3,-1
2018921800328,2,19,0,13,0,0,0,0,0,0,0,1,6,1,21,5,-1,-1,-1,-1,-1,-1
2018921800329,1,9,0,17,0,0,0,0,0,0,1,1,6,1,18,4,1390,1,8,-1,1,-1
2018921800329,2,9,0,16,0,0,0,0,0,0,1,1,6,1,29,6,1587,1,14,-1,3,-1
2018921800330,1,9,0,17,0,8,1,0,7,0,1,1,6,1,28,6,2000,1,25,-1,1,-1
2018921800330,2,9,0,18,0,8,0,0,0,0,1,1,6,2,51,8,2993,2,6,-1,1,-1
2018921800331,1,9,0,9,0,6,0,0,0,0,3,1,6,2,23,5,1242,1,9,-1,3,-1
2018921800331,2,1,0,17,0,8,0,0,0,0,1,1,2,2,24,5,-1,-1,-1,-1,1,-1
2018921800332,1,9,0,9,0,1,0,0,0,0,3,1,2,2,35,6,1149,1,5,-1,1,-1
2018921800332,2,1,0,18,0,8,0,0,0,0,3,1,2,1,35,6,-1,-1,-1,-1,1,-1
2018921800333,1,9,0,18,0,0,0,0,1,0,3,1,6,1,86,11,1497,1,13,-1,1,-1
2018921800333,2,21,1,18,0,0,3,0,0,0,3,1,1,1,48,8,12809,2,3,1,1,1
2018921800334,1,9,0,15,0,0,0,10,8,9,4,1,2,2,43,7,1796,1,9,-1,3,-1
2018921800334,2,9,0,15,0,0,5,0,0,0,3,1,2,1,51,8,999,1,2,-1,1,-1
2018921800334,3,21,1,17,0,0,0,0,0,0,3,1,1,1,45,7,12777,2,8,-1,1,-1
2018921800336,1,5,0,17,0,0,1,0,0,0,3,1,6,1,43,7,1170,1,1,-1,-1,-1
2018921800337,1,9,0,18,0,0,0,0,0,0,4,1,6,1,45,7,1199,2,6,-1,1,-1
2018921800337,2,5,0,15,0,0,0,0,7,0,1,1,6,1,60,9,998,1,10,-1,-1,-1
2018921800338,1,4,0,18,0,3,0,0,0,0,4,1,1,1,30,6,125,1,1,-1,-1,-1
2018921800338,2,9,0,11,0,2,0,0,0,0,0,1,6,3,50,8,-1,-1,-1,-1,-1,-1
2018921800340,1,9,0,18,7,0,1,7,1,10,1,1,6,1,84,11,1390,1,8,-1,1,-1
2018921800342,1,9,0,18,0,8,0,0,0,0,4,1,6,1,26,6,999,1,1,-1,1,-1
2018921800342,2,8,0,18,0,8,0,0,0,0,4,1,6,1,50,8,1499,2,2,-1,1,-1
2018921800343,1,9,0,9,0,6,0,0,0,0,4,1,6,1,30,6,1560,2,12,-1,2,-1
2018921800343,2,9,0,17,0,6,0,0,0,0,1,1,6,1,40,7,1998,1,12,-1,1,-1
2018921800344,1,9,0,18,0,8,0,0,1,0,1,1,6,2,79,11,2401,2,12,-1,3,-1
2018921800344,2,9,0,9,0,2,0,0,0,0,1,1,6,2,56,9,1197,1,-1,-1,3,-1
2018921800345,1,9,0,9,0,8,0,0,0,0,3,1,6,1,66,10,2400,2,8,-1,3,-1
2018921800345,2,5,0,18,0,8,0,0,0,0,1,1,2,1,61,9,1085,1,19,-1,3,-1
2018921800346,1,5,0,16,0,0,1,0,7,0,1,1,6,1,49,8,1000,1,-1,-1,3,-1
2018921800346,2,9,0,17,0,0,0,0,0,0,0,1,6,3,21,5,-1,-1,-1,-1,-1,-1
2018921800347,1,98,0,7,0,8,0,0,0,0,0,1,6,3,21,5,-1,-1,-1,-1,-1,-1
2018921800347,2,1,0,16,0,1,0,0,1,0,0,1,6,1,17,4,-1,-1,-1,-1,1,-1
2018921800348,1,9,0,18,0,0,0,0,6,2,1,1,6,1,80,11,2179,2,6,-1,2,-1
2018921800348,2,9,0,18,0,0,0,0,0,0,2,1,6,1,22,5,998,1,1,-1,1,-1
2018921800350,1,9,0,18,0,0,0,0,0,0,1,1,6,2,46,8,998,1,14,-1,1,-1
2018921800350,2,9,0,18,0,0,0,0,1,0,1,1,6,2,55,8,1968,2,2,-1,1,-1
2018921800351,1,9,0,16,0,0,2,0,0,0,0,1,6,1,18,4,1242,1,11,-1,2,-1
2018921800352,1,9,0,16,0,0,1,0,8,1,1,1,2,1,19,4,1364,1,10,-1,3,-1
2018921800353,1,9,0,5,0,1,1,0,2,0,2,1,6,2,69,10,1098,1,-1,-1,3,-1
2018921800353,2,19,0,18,0,8,0,0,0,0,1,1,6,1,61,9,2464,2,11,-1,3,-1
2018921800356,1,9,0,17,0,2,0,0,0,0,3,1,6,1,45,7,1395,1,-1,-1,-1,-1
2018921800356,2,5,0,18,0,1,2,0,0,0,3,1,1,1,48,8,749,1,26,7,3,7
2018921800358,1,9,0,18,0,0,5,0,8,11,1,1,6,1,54,8,1499,1,4,-1,2,-1
2018921800359,1,9,0,18,0,0,1,0,4,6,1,1,6,1,22,5,1598,1,5,-1,1,-1
2018921800359,2,17,0,18,0,0,0,0,0,0,2,1,1,1,40,7,5193,2,1,-1,1,-1
2018921800360,1,3,0,18,0,1,0,0,1,0,2,1,6,1,25,5,398,1,12,-1,1,-1
2018921800360,2,17,5,9,0,5,0,0,0,0,0,1,1,1,40,7,-1,2,5,-1,3,-1
2018921800361,1,9,0,18,0,2,0,0,1,0,1,1,6,2,45,7,1997,2,9,-1,2,-1
2018921800362,1,9,0,4,0,1,1,0,1,4,3,1,6,1,37,7,-1,-1,-1,-1,2,-1
2018921800362,2,9,0,18,0,1,1,0,3,0,1,1,6,1,42,7,-1,-1,-1,-1,1,-1
2018921800363,1,9,0,18,0,0,0,0,0,0,1,1,6,2,61,9,1339,1,2,-1,1,-1
2018921800363,2,2,0,18,0,0,0,0,0,0,1,1,6,1,49,8,124,1,8,-1,2,-1
2018921800365,1,9,0,16,0,0,5,0,7,11,1,1,6,2,18,4,1360,1,15,-1,3,-1
2018921800371,1,10,0,17,0,0,0,0,0,0,1,1,6,1,46,8,-1,-1,-1,-1,-1,-1
2018921800371,2,9,0,16,0,0,0,0,1,0,1,1,6,2,39,7,1598,2,2,-1,3,-1
2018921800373,1,9,0,17,0,1,2,0,1,11,1,1,6,2,25,5,1686,2,16,-1,3,-1
2018921800374,1,9,0,17,0,0,5,10,1,4,4,1,6,1,53,8,1995,2,11,-1,2,-1
2018921800375,1,9,0,16,0,0,5,0,1,11,1,1,6,1,23,5,1598,1,3,-1,1,-1
2018921800379,1,9,0,18,0,0,0,0,2,11,3,1,6,2,56,9,1596,1,16,-1,-1,-1
2018921800379,2,9,0,13,0,0,5,0,2,4,4,1,6,1,30,6,1390,1,17,-1,3,-1
2018921800379,3,9,0,13,0,0,0,0,0,0,4,1,6,2,50,8,1999,2,-1,-1,3,-1
2018921800380,1,9,0,9,0,8,0,0,0,0,3,1,6,2,60,9,1596,1,9,-1,2,-1
2018921800380,2,9,0,18,0,1,0,0,0,0,1,1,6,1,71,10,1598,1,13,-1,3,-1
2018921800381,1,9,0,17,0,0,1,6,7,10,1,1,6,1,20,4,1598,1,11,-1,3,-1
2018921800382,1,19,0,9,0,8,0,0,7,0,4,1,1,1,19,4,2198,2,11,-1,3,-1
2018921800382,2,21,1,18,0,8,1,0,0,0,1,1,1,1,63,9,-1,-1,-1,-1,-1,-1
2018921800385,1,9,0,5,0,0,0,0,0,0,1,1,6,1,29,6,1560,2,2,-1,1,-1
2018921800385,2,9,0,3,0,0,0,0,0,0,2,1,6,2,48,8,1499,1,-1,-1,2,-1
2018921800385,3,9,0,3,0,0,0,0,0,0,2,1,6,1,38,7,1598,2,1,-1,1,-1
2018921800386,1,19,0,18,0,8,0,0,0,0,3,1,1,1,38,7,1598,2,1,-1,1,-1
2018921800386,2,1,0,4,0,8,0,0,0,0,1,1,6,1,11,3,-1,-1,-1,-1,1,-1
2018921800387,1,19,0,5,0,4,0,0,0,0,1,1,2,1,38,7,1598,2,-1,-1,1,-1
2018921800387,2,1,0,18,0,8,0,0,0,0,1,1,2,2,26,6,-1,-1,-1,-1,1,-1
2018921800390,1,5,0,17,0,0,2,0,1,10,1,1,6,1,53,8,1157,1,18,-1,1,-1
2018921800391,1,9,0,17,0,0,0,0,1,4,1,1,6,2,60,9,1364,1,1,-1,3,-1
2018921800392,1,3,0,4,0,0,1,0,0,0,0,1,2,1,18,4,124,1,8,-1,1,-1
2018921800393,1,19,0,9,0,4,0,0,0,0,3,1,1,1,26,6,2461,2,9,-1,1,-1
2018921800393,2,1,0,9,0,4,0,0,0,0,2,1,1,1,40,7,-1,-1,-1,-1,1,-1
2018921800395,1,5,0,16,0,1,0,0,1,0,1,1,6,1,40,7,644,1,12,-1,3,-1
2018921800395,2,9,0,9,0,5,0,0,0,0,1,1,6,1,61,9,-1,-1,-1,-1,3,-1
2018921800396,1,9,0,16,0,8,0,0,0,0,1,1,6,1,20,4,1422,2,14,-1,2,-1
2018921800396,2,9,0,17,0,8,0,0,0,0,1,1,6,2,27,6,1968,2,1,-1,3,-1
2018921800398,1,9,0,18,0,2,0,0,0,0,1,1,6,1,67,10,998,1,5,-1,1,-1
2018921800401,1,9,0,18,0,1,0,0,0,0,1,1,6,1,79,11,-1,-1,-1,-1,1,-1
2018921800401,2,9,0,3,0,1,0,0,0,0,2,1,6,1,59,9,1399,2,14,-1,2,-1
2018921800401,3,9,0,10,0,1,0,0,0,0,2,1,6,2,28,6,1364,1,-1,-1,-1,-1
2018921800402,1,9,0,18,0,0,2,0,1,0,4,1,2,2,20,4,1248,1,5,-1,3,-1
2018921800404,1,9,0,4,0,8,0,0,0,0,1,1,6,1,30,6,1198,1,9,-1,1,-1
2018921800404,2,1,0,18,9,8,0,0,0,0,3,1,6,1,34,6,-1,-1,-1,-1,1,-1
2018921800405,1,9,0,18,0,8,0,0,0,0,1,1,6,1,23,5,-1,-1,-1,-1,3,-1
2018921800406,1,9,0,9,0,6,0,0,0,0,3,1,2,1,54,8,-1,-1,-1,-1,3,-1
2018921800406,2,97,0,18,0,6,0,0,0,0,1,1,6,1,25,5,-1,-1,-1,-1,-1,-1
2018921800407,1,9,0,5,0,8,0,0,0,0,0,1,1,2,57,9,998,1,6,-1,1,-1
2018921800407,2,3,0,18,0,1,0,0,0,0,3,1,6,1,17,4,124,1,8,-1,1,-1
2018921800409,1,19,0,18,0,8,0,4,0,0,4,1,6,1,57,9,2298,2,2,-1,3,-1
2018921800409,2,19,0,2,6,1,0,4,0,0,3,1,6,1,27,6,2143,2,8,-1,3,-1
2018921800409,3,9,0,2,6,1,0,0,0,0,4,1,6,1,28,6,2495,2,21,-1,3,-1
2018921800410,1,9,0,17,0,0,0,0,0,0,1,1,6,2,23,5,1686,2,4,-1,3,-1
2018921800410,2,9,0,16,0,0,5,0,1,11,1,1,6,2,78,11,1597,2,3,-1,3,-1
2018921800412,1,9,0,16,0,0,1,0,2,4,1,1,6,2,21,5,1398,1,5,-1,3,-1
2018921800413,1,9,0,18,0,0,0,0,0,0,1,1,6,2,77,11,998,1,3,-1,1,-1
2018921800414,1,9,0,16,0,0,2,0,1,11,3,1,6,1,39,7,-1,-1,-1,-1,3,-1
2018921800415,1,9,0,15,0,0,1,0,1,6,1,1,1,1,20,4,1229,1,6,-1,1,-1
2018921800416,1,9,0,9,0,6,0,0,0,0,1,1,6,2,30,6,1995,2,10,-1,-1,-1
2018921800416,2,1,0,18,0,1,5,0,0,0,4,1,1,2,19,4,-1,-1,-1,-1,2,-1
2018921800417,1,9,0,16,0,0,1,0,7,11,1,1,6,1,20,4,-1,-1,-1,-1,2,-1
2018921800418,1,9,0,5,0,1,0,0,0,0,1,1,6,1,78,11,2268,2,2,-1,1,-1
2018921800419,1,9,0,17,0,0,0,0,0,0,1,1,6,2,41,7,1248,2,4,-1,1,-1
2018921800419,2,9,0,16,0,0,0,0,0,0,1,1,6,1,65,9,1199,2,6,-1,3,-1
2018921800420,1,3,0,18,0,0,0,0,7,0,4,1,6,1,24,5,125,1,-1,-1,2,-1
2018921800422,1,17,4,18,0,1,0,0,0,0,1,1,1,1,19,4,6788,2,-1,-1,3,-1
2018921800422,2,9,0,9,0,8,0,0,0,0,1,1,6,1,62,9,1396,2,4,-1,-1,-1
2018921800423,1,9,0,14,0,0,0,0,0,0,1,1,6,2,53,8,1591,1,3,-1,3,-1
2018921800424,1,9,0,12,0,0,0,0,0,0,3,1,2,2,56,9,1598,1,7,-1,3,-1
2018921800424,2,9,0,13,0,0,0,0,0,0,4,1,6,2,66,10,998,1,2,-1,1,-1
2018921800425,1,9,0,17,0,1,5,0,1,10,1,1,6,1,30,6,1560,2,11,-1,3,-1
2018921800426,1,9,0,16,0,0,1,0,8,4,1,1,6,1,19,4,1397,1,10,-1,3,-1
2018921800426,2,9,0,18,0,0,0,0,0,0,1,1,6,2,56,9,1248,2,7,-1,3,-1
2018921800427,1,9,0,5,0,8,0,0,0,0,1,1,2,2,34,6,1598,2,5,-1,2,-1
2018921800427,2,9,0,9,0,8,0,0,0,0,1,1,2,1,25,5,1390,1,8,-1,3,-1
2018921800428,1,9,0,18,0,0,0,0,0,0,4,1,6,2,58,9,1560,2,8,-1,2,-1
2018921800428,2,1,0,18,0,0,0,0,0,0,1,1,6,2,62,9,-1,-1,-1,-1,3,-1
2018921800429,1,9,0,4,0,0,0,0,0,0,1,1,6,1,66,10,1586,1,9,-1,1,-1
2018921800430,1,9,0,18,0,0,0,0,0,0,1,1,2,2,56,9,1598,1,8,-1,2,-1
2018921800430,2,9,0,18,0,0,0,0,1,0,1,1,2,1,58,9,-1,-1,-1,-1,1,-1
2018921800432,1,19,0,17,0,0,0,0,0,0,3,1,1,1,20,4,1995,2,-1,-1,1,-1
2018921800432,2,9,0,16,0,0,2,0,1,0,3,1,6,2,18,4,1242,1,6,-1,3,-1
2018921800435,1,9,0,9,0,1,0,0,0,0,1,1,6,2,81,11,-1,-1,-1,-1,3,-1
2018921800435,2,9,0,18,0,1,0,0,0,0,1,1,4,2,17,4,1339,1,14,-1,3,-1
2018921800436,1,9,0,3,0,1,0,0,0,0,2,1,6,1,47,8,1461,2,-1,-1,-1,-1
2018921800436,2,9,0,3,0,1,0,0,0,0,2,1,6,2,29,6,999,1,3,-1,2,-1
2018921800436,3,9,0,18,0,1,0,0,0,0,1,1,6,1,87,11,1364,1,11,-1,2,-1
2018921800437,1,9,0,18,0,1,0,0,0,0,3,1,1,2,52,8,1995,2,8,-1,1,-1
2018921800437,2,9,0,18,0,6,0,0,0,0,3,1,6,1,41,7,1999,2,1,-1,1,-1