Accident_Index,Vehicle_Reference,Vehicle_Type,Towing_and_Articulation,Vehicle_Manoeuvre,Vehicle_Location-Restricted_Lane,Junction_Location,Skidding_and_Overturning,Hit_Object_in_Carriageway,Vehicle_Leaving_Carriageway,Hit_Object_off_Carriageway,1st_Point_of_Impact,Was_Vehicle_Left_Hand_Drive?,Journey_Purpose_of_Driver,Sex_of_Driver,Age_of_Driver,Age_Band_of_Driver,Engine_Capacity_(CC),Propulsion_Code,Age_of_Vehicle,Driver_IMD_Decile,Driver_Home_Area_Type,Vehicle_IMD_Decile
2018921800438,1,9,0,9,0,1,1,0,0,0,1,1,1,1,65,9,3200,2,1,-1,3,-1
2018921800438,2,9,0,18,0,1,5,0,7,11,1,1,1,1,62,9,1398,1,-1,-1,3,-1
2018921800439,1,19,0,9,0,1,0,0,0,0,1,1,2,1,20,4,2198,2,2,-1,1,-1
2018921800439,2,5,0,18,0,1,1,0,7,0,3,1,6,1,57,9,996,1,19,-1,3,-1
2018921800440,1,9,0,16,0,0,0,0,0,0,4,2,6,1,22,5,1390,1,16,-1,3,-1
2018921800440,2,19,0,17,0,0,0,0,0,0,3,2,6,1,40,7,-1,-1,-1,-1,1,-1
2018921800441,1,5,0,18,0,0,0,12,0,0,1,1,6,1,47,8,1199,1,11,-1,-1,-1
2018921800442,1,11,0,18,0,4,0,0,0,0,1,1,1,1,59,9,4500,2,6,-1,1,-1
2018921800442,2,9,0,7,0,4,0,0,0,0,2,1,6,2,49,8,2191,2,-1,-1,-1,-1
2018921800443,1,19,0,18,0,8,0,0,0,0,4,1,1,1,37,7,2198,2,4,-1,1,-1
2018921800443,2,9,0,18,0,8,0,0,0,0,1,1,6,2,54,8,1968,2,4,-1,3,-1
2018921800446,1,9,0,16,0,0,1,0,0,0,3,1,6,1,18,4,1242,1,10,-1,3,-1
2018921800446,2,9,0,17,0,0,0,0,0,0,3,1,6,2,60,9,1560,2,3,-1,2,-1
2018921800447,1,9,0,9,0,1,0,0,0,0,4,1,6,1,32,6,1998,1,14,-1,3,-1
2018921800447,2,1,0,18,0,1,0,0,0,0,1,1,6,2,53,8,-1,-1,-1,-1,1,-1
2018921800448,1,9,0,18,0,4,0,0,0,0,4,1,2,1,62,9,1461,2,3,-1,3,-1
2018921800448,2,1,0,18,0,4,0,0,0,0,1,1,6,1,70,10,-1,-1,-1,-1,-1,-1
2018921800450,1,9,0,18,9,1,0,0,0,0,1,1,6,2,26,6,1248,1,1,-1,1,-1
2018921800450,2,1,0,18,9,1,0,0,0,0,1,1,2,2,47,8,-1,-1,-1,-1,1,-1
2018921800451,1,19,0,18,0,0,0,0,0,0,4,1,6,3,21,5,-1,-1,-1,-1,-1,-1
2018921800451,2,1,0,18,0,0,0,0,1,0,3,1,6,1,63,9,-1,-1,-1,-1,3,-1
2018921800452,1,9,0,18,0,1,0,0,0,0,1,1,2,1,21,5,1596,1,8,-1,1,-1
2018921800452,2,9,0,3,0,1,0,0,0,0,2,1,6,2,41,7,-1,-1,-1,-1,3,-1
2018921800453,1,19,0,18,0,8,1,12,0,0,1,1,6,1,40,7,-1,-1,-1,-1,2,-1
2018921800454,1,9,0,10,0,8,0,0,0,0,2,1,2,1,59,9,1997,2,12,-1,3,-1
2018921800454,2,9,0,18,0,8,0,0,0,0,1,1,2,2,24,5,1496,2,3,-1,3,-1
2018921800454,3,19,0,18,0,8,0,0,0,0,1,2,1,1,31,6,2402,2,8,-1,2,-1
2018921800455,1,21,0,18,0,7,0,0,0,0,1,1,1,2,38,7,-1,-1,-1,-1,-1,-1
2018921800458,1,9,0,12,0,0,0,0,0,0,0,1,6,2,38,7,1596,1,13,-1,1,-1
2018921800458,2,9,0,13,0,0,1,0,4,6,0,1,6,1,56,9,1560,2,11,-1,1,-1
2018921800460,1,5,0,18,0,1,1,0,1,0,1,1,6,1,35,6,988,1,17,-1,3,-1
2018921800460,2,9,0,9,7,8,0,0,0,0,4,1,6,2,53,8,1796,1,10,-1,3,-1
2018921800460,3,9,0,4,0,1,0,0,0,0,3,1,6,2,50,8,1149,1,15,-1,3,-1
2018921800460,4,9,0,4,0,1,1,0,0,0,1,1,6,1,21,5,1598,1,3,-1,2,-1
2018921800461,1,9,0,18,0,1,0,0,0,0,2,1,6,1,50,8,1582,2,4,-1,3,-1
2018921800461,2,9,0,18,0,1,0,0,0,0,1,1,6,2,84,11,1149,1,15,-1,3,-1
2018921800462,1,9,0,9,0,8,0,0,0,0,3,1,6,1,78,11,1198,1,-1,-1,3,-1
2018921800462,2,19,0,18,0,6,0,0,0,0,1,1,2,1,19,4,1499,2,1,-1,2,-1
2018921800463,1,9,0,5,0,4,0,0,0,0,1,1,6,2,23,5,1395,1,-1,-1,1,-1
2018921800463,2,1,0,5,0,4,0,0,0,0,2,1,6,1,60,9,-1,-1,-1,-1,1,-1
2018921800466,1,2,0,5,0,1,1,0,0,0,0,1,6,1,16,4,49,1,-1,-1,3,-1
2018921800468,1,9,0,5,0,1,0,0,0,0,1,1,4,1,18,4,1229,1,5,-1,2,-1
2018921800468,2,9,0,18,0,1,1,0,0,0,3,1,1,2,66,10,1685,2,2,-1,3,-1
2018921800468,3,9,0,4,0,1,0,0,0,0,3,1,2,1,30,6,1395,1,1,-1,1,-1
2018921800469,1,9,0,16,0,0,1,0,7,0,1,1,6,1,20,4,1995,2,13,-1,3,-1
2018921800469,2,9,0,17,0,0,0,0,0,0,1,1,6,2,74,10,1753,2,12,-1,2,-1
2018921800470,1,9,0,18,0,0,0,11,0,0,1,1,6,2,47,8,1395,1,1,-1,2,-1
2018921800472,1,9,0,18,0,0,0,0,0,0,2,1,6,1,36,7,1968,2,2,-1,3,-1
2018921800472,2,9,0,13,0,0,0,0,0,0,1,1,6,1,72,10,-1,-1,-1,-1,1,-1
2018921800474,1,5,0,18,0,0,0,0,0,0,3,1,6,1,66,10,1200,1,2,-1,2,-1
2018921800474,2,9,0,18,0,0,0,0,0,0,0,1,6,2,22,5,1395,1,2,-1,2,-1
2018921800474,3,21,0,18,0,0,0,0,0,0,1,1,1,1,45,7,10837,2,3,-1,1,-1
2018921800475,1,9,0,7,0,6,0,0,0,0,3,1,6,1,38,7,1598,1,12,-1,-1,-1
2018921800475,2,1,0,18,0,8,0,0,0,0,1,1,2,1,55,8,-1,-1,-1,-1,1,-1
2018921800476,1,9,0,18,0,0,0,0,0,0,1,1,6,1,21,5,1229,1,3,-1,2,-1
2018921800476,2,9,0,18,0,0,0,0,0,0,1,1,6,1,43,7,2993,2,-1,-1,1,-1
2018921800477,1,9,0,13,0,0,2,0,7,9,1,1,6,2,24,5,1781,1,14,-1,1,-1
2018921800477,2,19,0,18,0,0,1,0,0,0,2,1,1,1,33,6,-1,-1,-1,-1,1,-1
2018921800477,3,1,0,18,0,0,0,0,0,0,0,1,6,1,48,8,-1,-1,-1,-1,1,-1
2018921800478,1,3,0,16,0,0,0,0,0,0,1,1,6,1,49,8,125,1,3,-1,-1,-1
2018921800478,2,9,0,17,0,0,0,0,0,0,1,1,6,1,68,10,1242,1,8,-1,1,-1
2018921800479,1,4,0,9,0,1,0,0,0,0,1,1,6,1,24,5,125,1,-1,-1,2,-1
2018921800479,2,9,0,5,0,8,0,0,0,0,1,1,6,2,33,6,1197,1,1,-1,3,-1
2018921800480,1,9,0,4,0,0,0,0,0,0,2,1,6,2,37,7,1995,2,2,-1,3,-1
2018921800480,2,9,0,17,0,0,0,0,1,9,1,1,6,2,39,7,898,1,-1,-1,3,-1
2018921800481,1,5,0,3,9,1,0,0,1,7,1,1,1,1,34,6,998,1,9,-1,1,-1
2018921800481,2,9,0,9,0,1,0,0,0,0,1,1,6,1,45,7,1998,1,13,-1,1,-1
2018921800482,1,9,0,16,0,0,5,6,7,10,1,1,2,1,22,5,1994,1,19,-1,1,-1
2018921800483,1,9,0,18,0,0,2,0,0,0,3,1,2,1,37,7,998,1,9,-1,3,-1
2018921800486,1,9,0,18,0,1,1,4,0,0,1,1,6,1,29,6,1968,2,12,-1,1,-1
2018921800486,2,9,0,10,0,1,0,0,0,0,2,1,6,2,58,9,2993,2,3,-1,3,-1
2018921800487,1,9,0,18,0,0,0,0,0,0,1,1,6,2,67,10,1461,2,1,-1,3,-1
2018921800487,2,9,0,18,0,0,0,0,0,0,1,1,6,1,52,8,2199,2,5,-1,1,-1
2018921800489,1,9,0,16,0,0,2,0,7,0,1,1,6,1,23,5,1798,1,11,-1,2,-1
2018921800493,1,19,0,17,0,0,2,0,7,11,1,1,1,1,29,6,2400,2,17,-1,1,-1
2018921800495,1,9,0,18,0,0,1,0,5,6,1,1,6,2,45,7,1598,1,13,-1,-1,-1
2018921800496,1,9,0,18,0,0,1,0,5,6,1,1,6,1,55,8,-1,-1,-1,-1,3,-1
2018921800497,1,9,0,9,0,8,0,10,0,0,3,1,6,2,59,9,1396,1,2,-1,3,-1
2018921800497,2,9,0,18,0,8,0,10,7,0,1,1,2,1,27,6,1685,2,-1,-1,1,-1
2018921800498,1,9,0,18,0,1,0,0,0,0,1,1,6,1,29,6,1984,1,4,-1,-1,-1
2018921800498,2,9,0,10,0,1,0,0,0,0,2,1,6,2,44,7,998,1,4,-1,2,-1
2018921800499,1,17,4,4,0,0,0,0,0,0,3,1,1,1,23,5,6728,2,7,-1,3,-1
2018921800499,2,9,0,17,0,0,0,0,0,0,1,1,6,1,25,5,1997,2,11,-1,2,-1
2018921800500,1,9,0,13,0,0,0,0,0,0,1,1,2,1,63,9,1598,1,12,-1,-1,-1
2018921800500,2,9,0,18,0,0,0,0,0,0,1,1,2,2,60,9,-1,-1,-1,-1,3,-1
2018921800500,3,21,1,18,0,0,0,0,0,0,4,1,1,1,41,7,10518,2,6,-1,-1,-1
2018921800501,1,9,0,5,9,5,5,0,2,10,1,1,6,1,32,6,-1,-1,-1,-1,1,-1
2018921800503,1,8,0,5,0,0,0,0,0,0,3,1,6,1,50,8,2198,2,4,-1,3,-1
2018921800504,1,9,0,1,0,0,0,4,0,0,3,1,6,2,75,10,1597,2,1,-1,3,-1
2018921800507,1,9,0,18,0,8,0,0,0,0,1,1,6,2,53,8,1600,1,18,-1,1,-1
2018921800507,2,9,0,18,9,8,0,0,6,11,1,1,6,2,29,6,1149,1,1,-1,1,-1
2018921800508,1,9,0,18,0,1,0,0,0,0,1,1,6,1,56,9,1998,1,9,-1,1,-1
2018921800508,2,9,0,1,0,2,1,0,0,0,2,1,6,2,61,9,1598,1,12,-1,-1,-1
2018921800510,1,21,0,5,0,1,0,0,0,0,1,1,1,1,54,8,-1,-1,-1,-1,1,-1
2018921800511,1,9,0,17,0,0,5,0,1,11,1,1,6,1,38,7,1360,1,13,-1,1,-1
2018921800512,1,19,0,18,0,0,1,0,1,0,1,1,1,1,38,7,1995,2,8,-1,2,-1
2018921800513,1,9,0,1,0,1,0,0,0,0,2,1,6,1,23,5,1995,1,12,-1,1,-1
2018921800514,1,9,0,18,0,0,0,0,0,0,1,1,6,2,64,9,998,1,-1,-1,2,-1
2018921800514,2,9,0,4,0,0,0,0,0,0,2,1,2,1,45,7,1598,1,6,-1,2,-1
2018921800514,3,9,0,4,0,0,0,0,7,0,2,1,2,1,28,6,1598,1,15,-1,2,-1
2018921800515,1,9,0,16,0,0,1,10,1,10,1,1,2,2,38,7,1360,1,10,-1,2,-1
2018921800516,1,9,0,9,0,5,2,0,0,0,1,1,1,2,57,9,1598,2,-1,-1,3,-1
2018921800516,2,9,0,18,0,3,0,0,0,0,1,1,2,1,44,7,-1,-1,-1,-1,3,-1
2018921800516,3,9,0,10,-1,1,0,0,0,0,1,1,6,2,19,4,999,1,2,-1,1,-1
2018921800517,1,19,0,16,0,0,1,0,2,7,2,1,6,1,22,5,2198,2,11,-1,3,-1
2018921800517,2,9,0,18,0,0,0,0,0,0,1,1,2,1,40,7,1910,2,11,-1,1,-1
2018921800518,1,19,0,1,0,1,0,0,0,0,4,1,1,1,64,9,1248,2,3,-1,1,-1
2018921800519,1,5,0,18,0,0,0,10,1,9,1,1,6,1,46,8,765,1,-1,-1,3,-1
2018921800522,1,9,0,18,0,1,0,0,1,0,1,1,6,2,20,4,1560,2,6,-1,3,-1
2018921800522,2,5,0,3,0,2,0,0,1,0,2,1,6,1,52,8,1237,1,5,-1,3,-1
2018921800522,3,9,0,10,0,2,0,0,1,0,2,1,6,2,35,6,1995,2,5,-1,3,-1
2018921800525,1,9,0,9,0,8,0,0,0,0,1,1,6,1,24,5,1998,1,11,-1,1,-1
2018921800526,1,9,0,16,0,0,1,0,0,0,1,1,6,1,31,6,1984,1,10,-1,1,-1
2018921800526,2,3,0,18,0,0,0,0,0,0,1,1,6,1,19,4,125,1,3,-1,1,-1
2018921800528,1,21,0,5,0,4,0,0,0,0,3,1,1,1,47,8,5880,2,4,-1,1,-1
2018921800528,2,5,0,18,0,3,0,0,0,0,4,1,1,1,51,8,1170,1,6,-1,-1,-1
2018921800529,1,11,0,18,0,0,0,0,0,0,1,1,1,1,59,9,6696,2,5,-1,1,-1
2018921800530,1,19,0,18,0,8,5,0,0,0,4,1,1,1,61,9,2198,2,5,-1,1,-1
2018921800530,2,21,0,5,0,6,0,0,0,0,1,1,1,1,48,8,12740,2,1,-1,1,-1
2018921800532,1,9,0,17,0,0,1,0,1,9,1,1,6,2,30,6,1598,1,16,-1,3,-1
2018921800533,1,9,0,13,0,1,0,0,0,0,1,1,6,1,23,5,1994,1,14,-1,1,-1
2018921800533,2,9,0,9,0,1,0,0,0,0,3,1,6,1,40,7,1364,1,8,-1,3,-1
2018921800534,1,9,0,17,0,0,0,0,1,11,4,1,6,2,19,4,1248,2,12,-1,2,-1
2018921800537,1,9,0,9,0,5,0,0,0,0,1,1,6,1,85,11,1242,1,7,-1,2,-1
2018921800537,2,17,0,18,0,1,0,0,0,0,1,1,1,1,51,8,6788,2,1,-1,3,-1
2018921800538,1,9,0,14,0,1,0,0,0,0,1,1,6,1,55,8,1995,2,6,-1,2,-1
2018921800538,2,9,0,9,0,6,0,0,0,0,3,1,6,2,31,6,1968,2,5,-1,1,-1
2018921800540,1,9,0,10,0,6,0,0,0,0,0,1,2,2,77,11,998,1,4,-1,3,-1
2018921800540,2,9,0,18,0,1,0,0,1,4,1,1,2,1,52,8,1498,1,8,-1,3,-1
2018921800540,3,9,0,10,0,1,5,0,0,0,0,1,2,2,47,8,1560,2,9,-1,3,-1
2018921800541,1,9,0,1,0,0,0,0,0,0,2,1,6,1,48,8,1197,1,-1,1,1,1
2018921800543,1,9,0,7,0,2,0,0,0,0,3,1,2,2,39,7,-1,-1,-1,-1,1,-1
2018921800543,2,4,0,17,0,8,1,0,0,0,4,1,6,1,49,8,471,1,-1,-1,1,-1
2018921800545,1,9,0,11,0,0,0,0,0,0,4,1,1,1,36,7,1968,2,4,-1,1,-1
2018921800545,2,5,0,13,0,0,0,0,0,0,3,1,6,1,30,6,650,1,17,-1,1,-1
2018921800546,1,9,0,7,0,8,0,4,1,0,1,1,6,2,85,11,1197,1,1,-1,1,-1
2018921800546,2,9,0,18,0,8,0,0,0,0,3,1,6,2,41,7,2000,1,11,-1,1,-1
2018921800546,3,9,0,2,0,1,0,0,0,0,2,1,6,3,40,7,2925,2,-1,-1,-1,-1
2018921800546,4,9,0,2,0,2,0,0,0,0,2,1,6,3,25,5,1998,8,2,-1,-1,-1
2018921800546,5,9,0,2,0,2,0,0,0,0,2,1,6,3,25,5,1560,2,2,-1,-1,-1
2018921800546,6,9,0,2,0,2,0,0,0,0,1,1,6,3,25,5,1598,2,4,-1,-1,-1
2018921800547,1,9,0,17,0,8,1,0,2,11,1,1,6,2,53,8,1598,1,7,-1,3,-1
2018921800547,2,9,0,16,0,8,0,0,0,0,1,1,6,1,39,7,1397,1,5,-1,3,-1
2018921800549,1,9,0,18,0,0,0,0,0,0,1,1,6,1,19,4,1461,2,2,-1,1,-1
2018921800551,1,9,0,9,0,4,0,9,3,4,1,1,6,1,23,5,1229,1,11,-1,3,-1
2018921800552,1,9,0,5,0,4,0,0,0,0,1,1,2,2,24,5,999,1,2,-1,1,-1
2018921800552,2,1,0,18,0,3,0,0,0,0,4,1,6,1,40,7,-1,-1,-1,-1,1,-1
2018921800553,1,9,0,16,0,0,0,0,0,0,3,1,6,1,29,6,1596,1,8,-1,1,-1
2018921800553,2,11,0,17,0,0,0,0,0,0,3,1,1,1,61,9,12000,2,15,-1,3,-1
2018921800555,1,10,0,2,0,0,0,0,2,7,2,1,6,2,30,6,-1,-1,-1,-1,-1,-1
2018921800555,2,9,0,18,0,0,0,4,2,7,1,1,6,1,31,6,1896,2,11,-1,2,-1
2018921800556,1,9,0,13,0,1,0,0,4,6,1,1,6,1,32,6,1968,2,12,-1,1,-1
2018921800556,2,9,0,18,0,1,0,0,0,0,1,1,6,1,33,6,-1,-1,-1,-1,1,-1
2018921800557,1,9,0,18,0,1,0,0,1,11,1,1,2,1,65,9,1998,1,-1,-1,1,-1
2018921800557,2,9,0,9,0,6,0,0,4,11,4,1,6,1,58,9,-1,-1,-1,-1,3,-1
2018921800558,1,9,0,9,0,6,0,0,0,0,4,1,6,2,66,10,1796,1,15,-1,3,-1
2018921800558,2,1,0,17,0,8,0,0,0,0,3,1,6,2,77,11,-1,-1,-1,-1,1,-1
2018921800560,1,19,0,5,0,0,0,0,0,0,1,1,2,1,33,6,2477,2,3,-1,3,-1
2018921800560,2,9,0,3,0,0,0,0,0,0,2,1,6,1,22,5,1560,2,3,-1,1,-1
2018921800560,3,9,0,3,0,0,0,0,0,0,2,1,6,2,34,6,1229,1,7,-1,3,-1
2018921800562,1,9,0,16,0,0,0,0,0,0,2,1,2,2,68,10,1984,1,9,-1,3,-1
2018921800562,2,9,0,16,0,0,0,0,0,0,2,1,2,1,33,6,1956,2,3,-1,1,-1
2018921800562,3,9,0,16,0,0,0,0,0,0,1,1,2,1,39,7,1968,2,1,-1,1,-1
2018921800565,1,9,0,16,0,0,0,0,0,0,0,1,6,2,54,8,1968,2,8,-1,3,-1
2018921800565,2,9,0,17,0,0,0,0,0,0,1,1,6,1,37,7,1896,2,20,-1,2,-1
2018921800566,1,5,0,18,0,0,0,10,1,2,1,1,1,1,22,5,599,1,17,-1,3,-1
2018921800567,1,9,0,13,0,0,0,0,0,0,0,1,6,1,46,8,1596,1,5,-1,2,-1
2018921800567,2,9,0,13,0,0,0,0,4,10,1,1,2,2,33,6,999,1,1,-1,3,-1
2018921800567,3,9,0,13,0,0,0,0,0,0,1,1,2,2,18,4,1242,1,8,-1,2,-1
2018921800569,1,9,0,17,0,8,0,0,0,0,1,1,6,2,68,10,1968,2,1,-1,3,-1
2018921800569,2,9,0,16,0,8,0,0,1,0,1,1,6,1,58,9,1968,2,1,-1,-1,-1
2018921800570,1,9,0,18,0,1,0,0,0,0,1,1,6,2,49,8,1984,1,2,-1,3,-1
2018921800570,2,19,0,9,0,1,0,0,0,0,3,1,1,1,30,6,1968,2,-1,1,1,1
2018921800571,1,9,0,18,9,1,0,10,1,10,1,1,6,1,18,4,1229,1,12,-1,1,-1
2018921800573,1,5,0,18,9,0,0,0,0,0,2,1,6,1,47,8,779,1,5,-1,1,-1
2018921800574,1,9,0,17,0,0,0,11,0,0,1,1,6,1,35,6,2982,2,6,-1,3,-1
2018921800574,2,9,0,16,0,0,0,0,0,0,1,1,6,1,22,5,-1,-1,-1,-1,3,-1
2018921800575,1,9,0,13,0,0,0,0,0,0,4,1,6,3,-1,-1,-1,-1,-1,-1,-1,-1
2018921800575,2,1,0,18,0,0,0,0,0,0,3,1,6,1,58,9,-1,-1,-1,-1,3,-1
2018921800576,1,9,0,9,0,8,0,0,0,0,4,1,6,1,58,9,1598,1,11,-1,-1,-1
2018921800576,2,1,0,18,4,1,0,0,1,0,1,1,6,1,37,7,-1,-1,-1,-1,1,-1
2018921800577,1,19,0,9,0,8,0,0,0,0,1,1,1,1,64,9,1461,2,3,-1,2,-1
2018921800577,2,9,0,18,0,8,0,0,0,0,1,1,2,1,47,8,2191,2,5,-1,-1,-1
2018921800579,1,9,0,9,0,8,0,0,0,0,4,1,6,1,49,8,1999,2,1,-1,-1,-1
2018921800579,2,1,0,18,0,8,5,0,0,0,1,1,6,1,29,6,-1,-1,-1,-1,-1,-1
2018921800580,1,9,0,18,0,0,5,4,0,0,1,1,6,1,75,10,1396,1,7,-1,1,-1
2018921800580,2,9,0,2,0,0,0,0,1,0,1,1,6,1,25,5,1968,2,12,-1,1,-1
2018921800582,1,9,0,4,0,1,0,0,0,0,1,1,1,1,40,7,2198,2,6,6,3,6
2018921800582,2,11,0,18,0,1,0,0,0,0,4,1,1,1,27,6,6700,2,6,-1,1,-1
2018921800583,1,9,0,9,0,0,0,0,1,0,1,1,6,1,82,11,1242,1,11,-1,1,-1
2018921800583,2,9,0,2,0,0,0,0,0,0,2,1,6,2,42,7,1598,1,6,-1,3,-1
2018921800583,3,9,0,2,0,0,0,0,0,0,2,1,6,2,38,7,1364,1,-1,-1,3,-1
2018921800584,1,9,0,5,0,8,1,4,1,0,1,1,4,1,23,5,1242,1,6,-1,1,-1
2018921800584,2,9,0,18,0,8,1,0,3,10,1,1,1,1,52,8,-1,-1,-1,-1,1,-1
2018921800584,3,9,0,2,6,2,1,0,1,11,2,1,6,3,25,5,-1,-1,-1,-1,-1,-1
2018921800585,1,9,0,9,0,8,0,0,0,0,1,1,1,1,59,9,1242,1,7,-1,1,-1
2018921800586,1,9,0,18,0,0,0,0,0,0,4,1,6,1,90,11,1896,2,13,-1,2,-1
2018921800587,1,9,0,5,0,8,0,0,0,0,1,1,2,1,59,9,1998,1,-1,-1,1,-1
2018921800587,2,5,0,18,0,1,0,0,6,0,1,1,2,1,27,6,599,1,6,-1,1,-1
2018921800588,1,9,0,1,0,0,0,0,0,0,2,1,1,2,19,4,1388,1,8,-1,2,-1
2018921800589,1,9,0,16,0,0,0,0,0,0,1,1,6,1,78,11,2979,1,17,-1,3,-1
2018921800589,2,9,0,17,0,0,0,0,1,0,1,1,6,1,69,10,3200,2,4,-1,3,-1
2018921800590,1,19,0,1,9,1,0,4,0,0,2,1,1,1,50,8,2198,2,3,-1,1,-1
2018921800590,2,9,0,2,0,2,0,0,0,0,3,1,3,2,35,6,1997,2,4,-1,1,-1
2018921800591,1,9,0,4,9,0,0,0,7,11,1,1,6,1,19,4,2497,1,13,-1,3,-1
2018921800592,1,5,0,4,0,1,1,0,0,0,1,1,6,1,60,9,1340,1,29,-1,3,-1
2018921800592,2,9,0,3,0,1,0,0,0,0,2,1,6,2,37,7,1598,1,5,-1,3,-1
2018921800593,1,9,0,16,0,0,0,0,0,0,1,1,6,2,33,6,1896,2,12,-1,1,-1
2018921800593,2,9,0,17,0,0,0,0,0,0,1,1,6,2,77,11,1197,1,3,-1,3,-1
2018921800594,1,5,0,18,0,0,0,0,0,0,1,1,2,1,37,7,1000,1,8,-1,1,-1
2018921800594,2,9,0,18,0,0,0,0,0,0,2,1,2,1,43,7,2191,2,1,-1,3,-1
2018921800594,3,9,0,18,0,0,0,0,0,0,1,1,2,2,33,6,1395,1,2,-1,-1,-1
2018921800595,1,9,0,18,0,0,0,0,0,0,4,1,6,2,70,10,998,1,6,-1,-1,-1
2018921800596,1,9,0,17,0,2,0,0,1,7,1,1,6,1,84,11,1498,1,2,-1,2,-1
2018921800597,1,19,0,17,0,0,0,0,1,0,1,1,1,1,38,7,2198,2,2,-1,3,-1
2018921800597,2,9,0,16,0,0,0,0,0,0,1,1,6,2,76,11,1968,2,10,-1,3,-1
2018921800598,1,4,0,18,0,8,2,0,0,0,1,1,1,1,28,6,124,1,2,-1,1,-1
2018921800598,2,9,0,9,0,8,0,0,0,0,1,1,6,2,22,5,1499,1,2,-1,1,-1
2018921800600,1,9,0,9,0,1,0,0,7,0,2,1,6,2,52,8,1560,2,2,-1,3,-1
2018921800600,2,9,0,9,0,1,0,0,0,0,1,1,1,2,35,6,1598,2,5,-1,-1,-1
2018921800601,1,9,0,18,0,0,0,0,0,0,1,1,6,1,59,9,1364,1,-1,9,1,9
2018921800601,2,8,0,18,0,0,0,0,0,0,1,1,1,1,72,10,1997,2,4,-1,3,-1
2018921800602,1,9,0,16,0,0,1,0,7,0,1,1,2,1,40,7,-1,-1,-1,-1,1,-1
2018921800602,2,9,0,17,0,0,0,0,1,0,1,1,6,2,18,4,1242,1,8,-1,2,-1
2018921800603,1,9,0,18,0,2,0,0,1,11,4,1,6,1,18,4,1229,1,6,-1,3,-1
2018921800603,2,9,0,7,0,6,0,0,0,0,1,1,6,1,66,10,1896,2,16,-1,1,-1
2018921800604,1,8,0,16,0,0,5,0,1,9,4,1,1,1,32,6,1995,2,1,-1,1,-1
2018921800605,1,20,0,18,0,1,0,0,0,0,1,1,1,1,34,6,10518,2,6,-1,2,-1
2018921800605,2,10,0,5,0,1,0,0,0,0,3,1,1,1,72,10,-1,-1,-1,-1,3,-1
2018921800607,1,9,0,9,0,3,0,0,0,0,1,1,6,2,31,6,1149,1,13,-1,1,-1
2018921800608,1,1,0,18,0,8,0,0,0,0,4,1,2,1,51,8,-1,-1,-1,-1,3,-1
2018921800608,2,98,0,14,0,0,0,0,0,0,0,1,6,3,45,7,-1,-1,-1,-1,-1,-1
2018921800609,1,9,0,9,0,6,0,0,0,0,1,1,6,2,28,6,1968,2,10,-1,3,-1
2018921800609,2,9,0,18,0,6,0,0,0,0,1,1,6,2,63,9,1598,2,6,-1,3,-1
2018921800610,1,9,0,18,0,1,0,4,0,0,4,2,6,1,25,5,1240,1,15,-1,-1,-1
2018921800610,2,9,0,10,0,8,0,0,0,0,1,1,6,2,20,4,-1,-1,-1,-1,1,-1
2018921800610,3,9,0,2,0,2,0,0,0,0,4,1,6,2,27,6,1149,1,4,-1,1,-1
2018921800612,1,9,0,4,0,1,0,0,0,0,1,1,6,1,60,9,1596,1,8,-1,1,-1
2018921800613,1,9,0,18,0,0,0,0,0,0,4,1,6,1,36,7,2521,1,12,-1,3,-1
2018921800613,2,9,0,2,0,0,0,0,0,0,3,1,6,3,25,5,1587,1,13,-1,3,-1
2018921800614,1,9,0,18,0,8,0,0,0,0,1,1,1,2,36,7,1598,1,12,-1,2,-1
2018921800614,2,9,0,4,0,8,0,0,0,0,2,1,2,1,60,9,-1,-1,-1,-1,1,-1
2018921800615,1,21,0,18,0,0,0,0,0,0,1,1,1,1,50,8,6370,2,8,-1,2,-1
2018921800615,2,9,0,18,0,0,0,0,1,0,2,1,6,2,68,10,998,1,1,-1,1,-1
2018921800615,3,9,0,18,0,0,0,0,4,6,3,1,6,2,18,4,1364,1,10,-1,1,-1
2018921800617,1,9,0,18,0,0,0,0,8,10,1,1,6,2,40,7,2993,2,3,-1,3,-1
2018921800617,2,19,0,18,0,0,0,0,0,0,1,1,6,1,25,5,1995,2,11,-1,1,-1
2018921800618,1,9,0,13,0,0,1,0,1,4,1,1,6,1,23,5,2457,1,11,-1,1,-1
2018921800618,2,9,0,18,0,0,0,0,0,0,1,1,6,1,40,7,1598,1,13,-1,1,-1
2018921800618,3,9,0,13,0,0,0,0,0,0,0,1,6,2,22,5,1685,2,1,-1,1,-1
2018921800619,1,19,0,18,0,0,0,0,0,0,1,1,1,1,33,6,1896,2,14,-1,3,-1
2018921800620,1,19,0,18,0,0,1,0,1,4,1,1,6,1,28,6,1598,2,8,-1,3,-1
2018921800620,2,9,0,4,0,0,1,0,5,2,2,1,2,2,40,7,999,1,2,-1,1,-1
2018921800620,3,9,0,4,0,0,1,0,0,0,2,1,2,1,56,9,1956,2,6,-1,2,-1
2018921800620,4,9,0,4,0,0,0,0,0,0,2,1,2,1,45,7,1998,1,12,-1,1,-1