Accident_Index,Vehicle_Reference,Vehicle_Type,Towing_and_Articulation,Vehicle_Manoeuvre,Vehicle_Location-Restricted_Lane,Junction_Location,Skidding_and_Overturning,Hit_Object_in_Carriageway,Vehicle_Leaving_Carriageway,Hit_Object_off_Carriageway,1st_Point_of_Impact,Was_Vehicle_Left_Hand_Drive?,Journey_Purpose_of_Driver,Sex_of_Driver,Age_of_Driver,Age_Band_of_Driver,Engine_Capacity_(CC),Propulsion_Code,Age_of_Vehicle,Driver_IMD_Decile,Driver_Home_Area_Type,Vehicle_IMD_Decile
2018930000123,1,9,0,18,0,0,0,0,0,0,1,1,2,1,44,7,-1,-1,-1,-1,3,-1
2018930000123,2,9,0,3,0,0,0,0,0,0,2,1,2,1,20,4,1596,1,7,-1,2,-1
2018930000123,3,9,0,3,0,0,0,0,0,0,2,1,2,1,54,8,1975,1,13,-1,1,-1
2018930000123,4,9,0,3,0,0,0,0,0,0,2,1,2,2,47,8,-1,-1,-1,-1,1,-1
2018930000124,1,9,0,18,0,0,0,0,0,0,1,1,6,1,61,9,1984,1,2,-1,3,-1
2018930000124,2,9,0,18,0,0,0,0,1,0,1,1,6,2,23,5,1329,1,4,-1,3,-1
2018930000125,1,9,0,18,0,0,0,0,0,0,0,1,2,1,31,6,1560,2,5,-1,3,-1
2018930000125,2,9,0,13,0,0,5,0,1,9,3,1,2,1,53,8,2000,2,13,-1,3,-1
2018930000127,1,9,0,16,0,0,5,0,8,11,1,1,6,1,53,8,1149,1,13,-1,1,-1
2018930000128,1,9,0,5,0,0,0,0,0,0,4,1,6,2,74,10,1896,2,14,-1,3,-1
2018930000129,1,19,0,4,0,1,0,0,0,0,1,1,1,1,51,8,1753,2,13,-1,2,-1
2018930000130,1,9,0,18,0,0,0,0,0,0,1,1,6,2,18,4,-1,-1,-1,-1,1,-1
2018930000131,1,9,0,13,0,0,0,0,0,0,4,1,6,1,18,4,1390,1,10,-1,3,-1
2018930000131,2,5,0,18,0,0,5,0,0,0,0,1,6,1,44,7,-1,-1,-1,-1,3,-1
2018930000131,3,9,0,4,0,0,0,0,0,0,3,1,6,1,31,6,-1,-1,-1,-1,2,-1
2018930000133,1,9,0,4,0,1,0,0,0,0,1,1,6,1,72,10,-1,-1,-1,-1,1,-1
2018930000133,2,9,0,10,0,1,0,0,0,0,2,1,6,1,71,10,1968,2,5,-1,3,-1
2018930000134,1,9,0,18,0,0,1,0,0,0,1,1,1,2,31,6,1686,2,18,-1,2,-1
2018930000134,2,9,0,18,0,0,0,0,0,0,1,1,1,1,29,6,2982,2,10,-1,3,-1
2018930000134,3,9,0,18,0,0,0,0,0,0,1,1,2,2,45,7,1582,2,7,-1,2,-1
2018930000134,4,9,0,18,0,0,0,0,7,11,1,1,2,1,22,5,2143,2,4,-1,1,-1
2018930000135,1,9,0,13,0,1,0,0,7,9,4,1,6,2,68,10,1968,2,1,-1,3,-1
2018930000135,2,9,0,9,0,1,0,0,0,0,3,1,6,1,71,10,-1,-1,-1,7,3,7
2018930000136,1,9,0,9,0,8,0,0,0,0,3,1,6,1,48,8,-1,-1,-1,-1,3,-1
2018930000136,2,5,0,18,0,1,5,0,0,0,1,1,6,1,32,6,999,1,12,-1,1,-1
2018930000137,1,9,0,9,0,8,0,0,0,0,2,1,6,2,31,6,1461,2,4,-1,1,-1
2018930000137,2,5,0,18,0,1,2,0,0,0,1,1,6,1,61,9,1402,1,16,-1,1,-1
2018930000138,1,9,0,4,0,0,0,0,0,0,1,1,6,2,34,6,1997,2,5,-1,3,-1
2018930000138,2,9,0,4,0,0,0,0,0,0,2,1,6,2,22,5,1598,1,15,-1,1,-1
2018930000139,1,9,0,18,0,0,0,0,0,0,4,1,6,1,28,6,1586,1,11,-1,1,-1
2018930000140,1,9,0,18,0,2,0,0,0,0,1,1,6,2,73,10,1198,1,5,-1,2,-1
2018930000141,1,9,0,5,0,2,0,0,0,0,0,1,1,1,57,9,1598,2,8,-1,1,-1
2018930000142,1,5,0,16,0,0,2,0,7,0,1,1,6,1,66,10,-1,-1,-1,-1,2,-1
2018930000143,1,9,0,13,0,0,0,0,1,0,3,1,1,2,47,8,1398,1,2,-1,1,-1
2018930000143,2,9,0,13,0,0,0,0,8,10,4,1,1,2,42,7,-1,-1,-1,-1,1,-1
2018930000144,1,9,0,18,0,1,0,0,0,0,1,1,6,2,73,10,999,1,4,-1,2,-1
2018930000144,2,9,0,18,0,2,0,0,0,0,1,1,6,2,37,7,2199,2,8,-1,3,-1
2018930000145,1,9,0,18,0,0,0,0,1,11,1,1,6,1,33,6,1998,2,11,-1,1,-1
2018930000146,1,9,0,14,0,1,0,0,0,0,1,1,6,2,76,11,1296,1,11,-1,1,-1
2018930000146,2,9,0,2,0,1,0,0,0,0,2,1,6,3,-1,-1,1149,1,14,-1,-1,-1
2018930000147,1,9,0,7,0,8,0,0,0,0,1,1,6,1,82,11,999,1,1,-1,2,-1
2018930000147,2,9,0,18,0,1,0,0,0,0,1,1,6,1,39,7,1798,1,10,-1,1,-1
2018930000148,1,9,0,18,0,1,0,0,0,0,1,1,6,1,17,4,-1,-1,-1,-1,3,-1
2018930000149,1,9,0,18,0,1,0,0,0,0,1,1,6,1,76,11,-1,-1,-1,-1,2,-1
2018930000149,2,9,0,10,0,1,0,0,0,0,2,1,2,2,71,10,1124,1,14,-1,2,-1
2018930000150,1,9,0,9,0,8,0,0,0,0,3,1,6,1,59,9,1560,2,4,-1,1,-1
2018930000150,2,1,0,18,0,1,5,0,0,0,1,1,6,1,56,9,-1,-1,-1,-1,1,-1
2018930000151,1,9,0,1,0,0,0,0,0,0,2,1,6,1,34,6,1995,2,12,-1,1,-1
2018930000152,1,9,0,14,0,0,0,0,0,0,1,1,6,1,60,9,1591,1,3,-1,3,-1
2018930000152,2,19,0,2,0,0,0,0,1,0,2,1,6,3,-1,-1,1753,2,14,-1,-1,-1
2018930000152,3,9,0,2,0,0,0,0,0,0,1,1,6,3,-1,-1,1753,2,15,-1,-1,-1
2018930000153,1,3,0,17,0,1,5,0,0,0,1,1,6,1,33,6,124,1,7,-1,1,-1
2018930000153,2,9,0,2,0,1,0,0,0,0,2,1,6,3,-1,-1,1591,1,-1,-1,-1,-1
2018930000154,1,9,0,5,0,8,0,0,0,0,1,1,6,1,28,6,1399,1,1,-1,-1,-1
2018930000154,2,21,0,18,0,1,0,0,0,0,4,1,1,1,52,8,4580,2,1,-1,1,-1
2018930000156,1,9,0,18,0,0,0,0,0,0,1,1,2,1,53,8,1198,1,1,-1,1,-1
2018930000156,2,9,0,2,0,0,0,0,0,0,2,1,2,1,-1,-1,-1,-1,-1,-1,1,-1
2018930000157,1,9,0,16,0,0,0,0,0,0,1,1,6,2,33,6,1560,2,13,-1,2,-1
2018930000157,2,9,0,17,0,0,0,0,1,0,1,1,6,1,74,10,1598,2,2,-1,3,-1
2018930000158,1,9,0,5,0,0,0,0,0,0,1,1,6,1,59,9,-1,-1,-1,-1,-1,-1
2018930000158,2,9,0,18,0,0,0,0,0,0,4,1,6,1,53,8,1896,2,8,-1,2,-1
2018930000159,1,9,0,18,0,2,0,0,0,0,1,1,1,1,64,9,-1,-1,-1,-1,1,-1
2018930000160,1,9,0,18,0,0,0,0,0,0,1,1,6,2,71,10,-1,-1,-1,-1,3,-1
2018930000160,2,22,0,18,0,0,0,0,0,0,4,1,6,1,89,11,-1,-1,-1,-1,2,-1
2018930000161,1,1,0,9,0,2,5,0,0,0,4,1,6,1,8,2,-1,-1,-1,-1,1,-1
2018930000161,2,19,0,18,0,1,0,0,0,0,1,1,2,1,53,8,1399,2,7,-1,1,-1
2018930000162,1,5,0,16,0,0,5,0,7,0,3,1,6,1,52,8,1298,1,9,-1,1,-1
2018930000162,2,9,0,18,0,0,0,0,0,0,3,1,6,2,46,8,996,1,9,-1,3,-1
2018930000162,3,9,0,18,0,0,0,0,0,0,1,1,6,1,23,5,1598,2,7,-1,1,-1
2018930000163,1,9,0,13,0,0,2,0,1,7,4,1,6,1,32,6,1968,2,5,-1,2,-1
2018930000163,2,9,0,18,0,0,0,0,0,0,2,1,6,1,68,10,999,1,3,-1,1,-1
2018930000164,1,19,0,16,0,0,0,0,0,0,1,1,1,1,34,6,1560,2,2,-1,3,-1
2018930000164,2,19,0,16,0,0,0,0,0,0,0,1,1,1,48,8,2299,2,1,3,2,3
2018930000164,3,21,1,17,0,0,0,0,0,0,1,1,1,1,39,7,12777,2,2,-1,3,-1
2018930000165,1,17,0,18,0,1,0,0,1,2,1,1,1,1,22,5,-1,-1,-1,-1,3,-1
2018930000165,2,9,0,9,0,8,0,0,0,0,1,1,1,2,37,7,1598,1,4,-1,3,-1
2018930000166,1,9,0,7,0,8,0,0,0,0,3,1,1,1,57,9,2191,2,2,-1,1,-1
2018930000166,2,1,0,18,0,1,0,0,0,0,1,1,1,1,62,9,-1,-1,-1,-1,1,-1
2018930000167,1,9,0,4,0,0,0,0,0,0,1,1,6,1,24,5,1149,1,14,-1,1,-1
2018930000167,2,9,0,4,0,0,0,0,0,0,1,1,6,2,55,8,1998,1,2,-1,3,-1
2018930000167,3,9,0,3,0,0,0,0,0,0,2,1,6,1,25,5,1781,1,17,-1,1,-1
2018930000167,4,9,0,3,0,0,0,0,0,0,2,1,1,1,52,8,1364,1,4,-1,1,-1
2018930000168,1,19,0,18,0,0,0,0,0,0,0,1,6,1,38,7,1896,2,17,-1,3,-1
2018930000168,2,4,0,18,0,0,5,0,1,0,4,1,2,1,46,8,471,1,-1,-1,3,-1
2018930000169,1,9,0,18,0,0,0,0,0,0,1,1,6,3,-1,-1,-1,-1,-1,-1,-1,-1
2018930000170,1,9,0,18,0,0,0,0,0,0,3,1,6,1,54,8,1364,1,3,7,1,7
2018930000170,2,21,1,18,0,0,0,0,0,0,3,1,1,1,34,6,12902,2,5,-1,1,-1
2018930000171,1,9,0,4,0,0,0,0,0,0,1,1,6,2,27,6,1242,1,3,-1,1,-1
2018930000171,2,9,0,3,0,0,0,0,0,0,2,1,6,1,43,7,1968,2,5,-1,-1,-1
2018930000171,3,9,0,3,0,0,0,0,0,0,2,1,6,1,35,6,1997,2,3,-1,3,-1
2018930000171,4,9,0,3,0,0,0,0,0,0,2,1,6,1,37,7,1498,1,7,-1,3,-1
2018930000172,1,9,0,18,0,8,0,0,0,0,1,1,6,2,42,7,1398,2,5,-1,1,-1
2018930000172,2,9,0,18,0,8,0,0,1,11,4,1,3,1,29,6,1596,1,13,-1,1,-1
2018930000173,1,9,0,4,0,1,0,0,0,0,1,1,6,2,17,4,1360,1,9,-1,3,-1
2018930000173,2,9,0,10,0,1,0,0,0,0,2,1,6,2,27,6,1395,1,2,-1,3,-1
2018930000174,1,9,0,18,0,0,0,0,0,0,3,1,6,1,62,9,2359,1,8,-1,3,-1
2018930000174,2,9,0,18,0,0,0,0,0,0,3,1,6,1,69,10,1390,1,15,-1,1,-1
2018930000174,3,9,0,18,0,0,0,0,0,0,1,1,6,1,40,7,-1,-1,-1,-1,3,-1
2018930000175,1,1,0,16,0,0,2,0,0,0,1,1,6,1,46,8,-1,-1,-1,-1,2,-1
2018930000175,2,21,0,17,0,0,0,0,0,0,3,1,1,1,25,5,-1,-1,-1,-1,2,-1
2018930000176,1,9,0,17,0,0,1,0,1,11,1,1,6,1,30,6,-1,-1,-1,-1,2,-1
2018930000178,1,9,0,18,0,0,0,0,0,0,1,1,6,2,79,11,998,1,14,-1,1,-1
2018930000179,1,5,0,17,0,0,5,0,0,0,1,1,6,1,44,7,1043,1,3,-1,3,-1
2018930000180,1,2,0,18,0,0,0,0,1,0,1,1,6,1,14,3,-1,-1,-1,-1,2,-1
2018930000180,2,9,0,18,0,0,0,0,0,0,4,1,6,1,23,5,1896,2,16,-1,2,-1
2018930000181,1,5,0,16,0,0,5,0,0,0,1,1,6,2,64,9,-1,-1,-1,-1,3,-1
2018930000181,2,9,0,17,0,0,0,0,0,0,1,1,6,2,53,8,1799,1,8,-1,2,-1
2018930000182,1,9,0,18,0,2,0,0,2,11,1,1,6,2,46,8,1360,1,15,-1,1,-1
2018930000183,1,3,0,16,0,0,5,0,0,0,1,1,6,2,23,5,-1,-1,-1,-1,1,-1
2018930000183,2,9,0,17,0,0,0,0,0,0,1,1,6,1,60,9,1395,1,3,-1,3,-1
2018930000185,1,9,0,18,0,0,5,0,1,9,1,1,6,2,63,9,1339,1,4,-1,1,-1
2018930000187,1,19,0,18,0,0,0,0,0,0,1,1,6,1,22,5,1896,2,13,-1,2,-1
2018930000188,1,9,0,9,0,2,0,0,0,0,4,1,2,1,20,4,1339,1,15,-1,1,-1
2018930000188,2,1,0,18,0,1,5,0,0,0,1,1,6,1,49,8,-1,-1,-1,-1,1,-1
2018930000189,1,9,0,1,0,0,0,0,0,0,2,1,6,1,50,8,1999,1,11,-1,1,-1
2018930000190,1,9,0,4,0,0,0,0,0,0,1,1,1,1,38,7,1997,2,2,-1,1,-1
2018930000191,1,5,0,9,0,8,2,0,0,0,3,1,6,1,70,10,1043,1,6,-1,1,-1
2018930000192,1,9,0,17,0,0,0,0,0,0,1,1,6,2,86,11,1360,1,8,-1,3,-1
2018930000192,2,9,0,16,0,0,0,0,0,0,1,1,6,1,35,6,1598,2,7,-1,3,-1
2018930000193,1,9,0,9,0,2,0,0,0,0,1,1,6,2,37,7,1995,2,6,-1,1,-1
2018930000193,2,9,0,3,0,1,0,0,0,0,3,1,6,2,29,6,1598,1,9,-1,1,-1
2018930000194,1,19,0,9,0,8,0,0,0,0,1,1,1,1,45,7,1248,2,5,-1,1,-1
2018930000194,2,9,4,16,0,1,0,0,7,4,1,1,6,1,69,10,-1,-1,-1,-1,3,-1
2018930000195,1,9,0,14,0,2,0,0,0,0,3,1,1,3,-1,-1,-1,-1,-1,-1,-1,-1
2018930000195,2,9,0,3,0,2,0,0,0,0,4,1,1,2,27,6,-1,-1,-1,-1,1,-1
2018930000196,1,21,1,4,0,0,0,0,0,0,1,1,1,1,37,7,12777,2,1,3,2,3
2018930000196,2,9,0,4,0,0,0,0,0,0,2,1,3,2,25,5,1229,1,4,-1,1,-1
2018930000197,1,9,0,17,0,0,0,0,0,5,1,1,6,1,68,10,1398,1,2,-1,1,-1
2018930000198,1,5,0,17,0,0,0,0,1,11,1,1,6,1,54,8,600,1,20,3,2,3
2018930000198,2,90,0,16,0,0,0,0,0,0,0,1,6,3,-1,-1,-1,-1,-1,-1,-1,-1
2018930000199,1,3,0,12,0,0,5,0,4,6,3,1,6,2,22,5,-1,-1,-1,-1,3,-1
2018930000199,2,9,0,13,0,0,0,0,0,0,4,1,6,2,42,7,2401,2,13,-1,1,-1
2018930000200,1,9,0,18,0,0,0,0,0,0,1,1,6,2,17,4,1598,2,8,-1,1,-1
2018930000201,1,9,0,18,0,2,0,0,0,0,1,1,6,2,75,10,1197,1,2,-1,3,-1
2018930000202,1,9,0,9,0,6,0,0,0,0,1,1,6,1,61,9,1560,2,8,-1,1,-1
2018930000202,2,9,0,18,0,1,0,0,0,0,3,1,6,1,27,6,1461,2,4,-1,1,-1
2018930000203,1,5,0,17,0,0,5,0,0,0,1,1,6,1,37,7,675,1,3,-1,1,-1
2018930000203,2,9,0,16,0,0,5,0,0,0,3,1,6,2,61,9,1242,1,9,-1,3,-1
2018930000204,1,9,0,18,0,0,0,0,0,0,1,1,6,2,52,8,1149,1,15,-1,1,-1
2018930000204,2,11,0,2,0,0,0,0,0,0,2,1,1,1,48,8,4461,2,5,-1,1,-1
2018930000205,1,9,0,17,0,0,0,0,2,4,1,1,6,2,36,7,1896,2,14,-1,2,-1
2018930000206,1,9,0,1,0,1,0,0,0,0,2,1,6,1,21,5,2993,2,14,-1,3,-1
2018930000206,2,1,0,18,0,1,0,0,0,0,1,1,6,1,14,3,-1,-1,-1,-1,1,-1
2018930000207,1,9,0,9,0,2,0,0,0,0,3,1,6,1,84,11,2143,2,4,8,1,8
2018930000207,2,9,0,18,0,1,0,0,0,0,1,1,6,1,26,6,1582,2,7,-1,1,-1
2018930000207,3,21,1,9,0,2,0,0,0,0,0,1,6,3,-1,-1,-1,-1,-1,-1,-1,-1
2018930000208,1,21,0,7,0,2,0,0,7,0,1,1,1,1,43,7,10518,2,5,-1,1,-1
2018930000209,1,19,0,1,0,2,0,0,0,0,2,1,6,1,61,9,-1,-1,-1,-1,1,-1
2018930000210,1,19,0,4,0,0,0,0,0,0,1,1,1,1,47,8,1598,2,2,-1,1,-1
2018930000210,2,9,0,4,0,0,0,0,0,0,2,1,6,2,49,8,1199,1,3,-1,3,-1
2018930000211,1,5,0,17,0,0,5,0,0,0,1,1,6,1,46,8,-1,-1,-1,-1,-1,-1
2018930000211,2,9,0,16,0,0,0,0,0,0,1,1,2,1,45,7,1968,2,10,-1,3,-1
2018930000212,1,9,0,7,0,2,0,0,0,0,1,1,6,1,47,8,1364,2,7,-1,1,-1
2018930000212,2,5,0,18,0,1,5,0,0,0,1,1,6,1,68,10,600,1,18,-1,1,-1
2018930000213,1,9,0,4,0,0,0,0,0,0,2,1,6,2,26,6,1969,2,3,2,1,2
2018930000213,2,9,0,4,0,0,0,0,0,0,1,1,6,1,82,11,1395,1,1,5,3,5
2018930000214,1,9,0,18,0,0,0,0,1,0,1,1,6,2,61,9,1998,1,11,-1,1,-1
2018930000214,2,9,3,18,0,0,5,0,0,0,1,1,6,1,57,9,1997,2,7,7,1,7
2018930000214,3,9,0,18,0,0,0,0,0,0,1,1,6,2,69,10,1299,1,15,6,1,6
2018930000215,1,1,0,14,0,0,5,0,0,0,4,1,6,2,43,7,-1,-1,-1,-1,1,-1
2018930000215,2,9,0,2,0,0,0,0,0,0,4,1,6,1,50,8,2400,2,6,-1,1,-1
2018930000216,1,1,0,9,0,2,5,0,0,0,4,1,6,1,41,7,-1,-1,-1,-1,1,-1
2018930000216,2,9,0,18,0,2,0,0,0,0,1,1,1,1,57,9,1797,8,4,-1,1,-1
2018930000217,1,9,0,18,0,0,0,0,4,6,1,1,6,2,53,8,-1,-1,-1,-1,1,-1
2018930000217,2,21,1,18,0,0,0,0,0,0,2,1,1,1,46,8,-1,-1,-1,2,1,2
2018930000218,1,9,0,9,0,2,0,0,0,0,2,1,6,2,83,11,1461,2,2,-1,2,-1
2018930000218,2,5,0,18,0,1,5,0,0,0,1,1,6,1,51,8,1170,1,3,-1,1,-1
2018930000219,1,9,0,18,0,0,0,0,0,0,1,1,6,1,21,5,1968,2,4,-1,2,-1
2018930000219,2,9,0,4,0,0,0,0,0,0,0,1,6,2,31,6,1999,2,-1,-1,2,-1
2018930000220,1,5,0,14,0,0,0,0,0,0,4,1,6,1,31,6,636,1,14,-1,2,-1
2018930000220,2,9,0,4,0,0,0,0,0,0,3,1,6,2,33,6,1461,2,13,-1,1,-1
2018930000221,1,5,0,13,0,0,5,0,0,0,4,1,6,1,27,6,649,1,6,-1,1,-1
2018930000221,2,5,0,13,0,0,0,0,0,0,2,1,6,1,57,9,1200,1,27,-1,1,-1
2018930000222,1,9,0,18,0,0,0,0,7,3,1,1,6,2,47,8,1240,1,13,-1,1,-1
2018930000223,1,9,0,18,0,2,0,0,0,0,4,1,6,2,44,7,-1,-1,-1,-1,3,-1
2018930000224,1,19,0,16,0,0,0,0,0,0,1,1,6,1,28,6,1499,2,-1,-1,3,-1
2018930000224,2,9,0,17,0,0,0,0,0,0,1,1,6,2,25,5,1998,1,14,-1,2,-1
2018930000225,1,9,0,16,0,0,0,0,0,0,1,1,6,2,35,6,1461,2,-1,-1,1,-1
2018930000225,2,5,0,17,0,0,5,0,0,0,4,1,6,1,50,8,600,1,18,-1,1,-1
2018930000226,1,9,0,9,0,8,0,0,7,0,3,1,6,2,79,11,999,1,6,-1,3,-1
2018930000226,2,21,1,18,0,1,0,0,0,0,1,1,1,1,36,7,16400,2,2,-1,3,-1
2018930000227,1,19,0,9,0,1,0,0,0,0,1,1,1,1,56,9,2287,2,6,-1,1,-1
2018930000227,2,9,0,18,0,1,0,0,0,0,1,1,6,1,57,9,2268,2,-1,-1,3,-1
2018930000228,1,9,0,18,0,8,0,0,7,1,1,1,6,1,81,11,1598,1,5,-1,3,-1
2018930000228,2,9,0,18,0,1,0,0,0,0,3,1,6,1,63,9,1496,1,-1,-1,2,-1
2018930000229,1,9,0,9,0,8,0,0,0,0,1,1,6,2,63,9,-1,-1,-1,-1,1,-1
2018930000229,2,9,0,9,0,8,0,0,0,0,3,1,6,2,19,4,-1,-1,-1,-1,1,-1
2018930000230,1,1,0,12,0,0,5,0,0,0,2,1,6,1,13,3,-1,-1,-1,-1,1,-1
2018930000230,2,9,0,18,0,0,0,0,0,0,1,1,6,2,32,6,1686,2,14,-1,1,-1
2018930000231,1,21,1,16,0,0,0,0,0,0,4,1,1,1,53,8,12419,2,5,-1,1,-1
2018930000231,2,1,0,16,0,0,5,0,0,0,2,1,6,2,75,10,-1,-1,-1,-1,1,-1
2018930000232,1,9,0,18,0,0,0,0,0,0,1,1,6,2,32,6,1598,1,10,-1,1,-1
2018930000233,1,9,0,18,0,0,0,0,0,0,3,1,6,2,55,8,1499,2,1,-1,3,-1
2018930000233,2,9,0,18,0,0,0,0,0,0,2,1,6,2,47,8,2231,2,10,-1,2,-1
2018930000233,3,9,0,18,0,0,0,0,0,0,1,1,6,2,26,6,1796,1,12,-1,1,-1
2018930000234,1,9,0,17,0,0,5,0,1,11,1,1,6,1,21,5,1197,1,2,-1,3,-1
2018930000235,1,19,0,18,0,1,0,0,0,0,1,1,6,1,56,9,1753,2,9,-1,3,-1
2018930000235,2,9,0,10,0,1,0,0,0,0,2,1,2,1,72,10,1995,2,14,-1,2,-1
2018930000235,3,9,0,18,0,1,0,0,0,0,1,1,2,1,51,8,1120,2,5,-1,2,-1
2018930000236,1,9,0,12,0,0,5,0,7,0,1,1,6,1,58,9,1591,1,-1,-1,1,-1
2018930000236,2,21,1,18,0,0,0,0,0,0,1,1,1,1,44,7,10677,2,1,-1,-1,-1
2018930000237,1,11,0,5,0,0,0,0,0,0,0,1,1,1,25,5,5132,2,3,-1,1,-1
2018930000238,1,9,0,13,0,1,0,0,0,0,3,1,6,1,56,9,1560,2,4,-1,1,-1
2018930000238,2,9,0,10,0,1,0,0,0,0,1,1,6,2,29,6,1198,1,-1,-1,1,-1
2018930000239,1,21,1,11,0,1,0,0,0,0,1,1,1,1,51,8,-1,-1,-1,-1,3,-1
2018930000239,2,9,0,8,0,1,0,0,0,0,3,1,6,1,69,10,-1,-1,-1,-1,1,-1
2018930000240,1,9,0,6,0,1,0,0,0,0,1,1,6,1,67,10,-1,-1,-1,-1,3,-1
2018930000240,2,9,0,18,0,1,0,0,0,0,1,1,6,1,33,6,1461,2,-1,-1,3,-1
2018930000241,1,9,0,18,0,0,0,12,0,0,1,1,6,1,73,10,1968,2,3,-1,1,-1
2018930000242,1,1,0,18,0,1,5,0,0,0,1,1,6,1,11,3,-1,-1,-1,-1,1,-1
2018930000242,2,9,0,4,0,1,0,0,0,0,3,1,6,1,52,8,1240,1,8,-1,1,-1
2018930000243,1,9,0,18,0,0,2,0,1,7,1,1,2,1,31,6,-1,-1,-1,-1,1,-1
2018930000244,1,9,0,17,0,0,2,0,7,4,1,1,6,1,22,5,1390,1,15,-1,1,-1
2018930000245,1,9,0,18,0,0,5,0,1,0,1,1,6,1,24,5,1984,1,-1,-1,3,-1
2018930000246,1,1,0,18,0,1,5,0,0,0,3,1,6,1,5,1,-1,-1,-1,-1,1,-1
2018930000246,2,9,0,18,0,1,0,0,0,0,1,1,6,3,-1,-1,-1,-1,-1,-1,-1,-1
2018930000247,1,9,0,7,0,1,0,0,0,0,4,1,6,3,-1,-1,-1,-1,-1,-1,-1,-1
2018930000247,2,1,0,18,0,1,5,0,0,0,3,1,2,1,42,7,-1,-1,-1,-1,1,-1
2018930000248,1,9,0,9,0,8,0,0,0,0,1,1,6,1,79,11,-1,-1,-1,-1,3,-1
2018930000248,2,1,0,18,0,8,5,0,0,0,1,1,6,1,30,6,-1,-1,-1,-1,1,-1
2018930000249,1,20,0,18,0,0,0,0,2,7,4,1,1,1,59,9,2998,2,5,-1,3,-1
2018930000250,1,9,0,18,0,0,0,0,0,0,1,1,6,1,46,8,1461,2,-1,-1,-1,-1
2018930000250,2,10,0,18,0,0,0,0,0,0,1,1,1,1,63,9,2400,2,9,-1,1,-1
2018930000251,1,9,0,5,0,0,0,0,0,0,0,1,1,1,42,7,1395,1,3,-1,3,-1
2018930000252,1,9,0,18,0,2,0,0,0,0,1,1,6,2,18,4,-1,-1,-1,-1,1,-1
2018930000252,2,9,0,2,0,2,0,0,0,0,2,1,6,3,-1,-1,1398,1,-1,-1,-1,-1
2018930000252,3,9,0,2,0,2,0,0,0,0,2,1,6,3,-1,-1,1248,2,8,-1,-1,-1
2018930000253,1,9,0,16,0,0,2,0,1,0,4,1,2,1,26,6,1229,1,5,10,1,10
2018930000254,1,9,0,18,0,0,0,0,7,11,1,1,6,1,62,9,-1,-1,-1,-1,1,-1
2018930000255,1,19,0,18,0,0,0,0,7,2,1,1,2,1,35,6,2402,2,12,-1,1,-1
2018930000255,2,9,0,18,0,0,0,0,0,0,1,1,6,2,32,6,1390,1,12,-1,1,-1
2018930000256,1,3,0,18,0,0,0,0,0,0,1,1,6,1,31,6,-1,-1,-1,-1,3,-1
2018930000256,2,3,0,18,0,0,0,0,0,0,3,1,6,1,50,8,997,1,14,-1,2,-1
2018930000257,1,9,0,9,0,2,0,0,0,0,3,1,6,1,38,7,1596,1,10,-1,1,-1
2018930000258,1,9,0,18,0,0,1,0,4,1,1,1,6,1,20,4,3980,1,21,-1,3,-1
2018930000259,1,9,0,17,0,0,1,0,7,11,0,1,1,2,33,6,1590,1,16,-1,1,-1
2018930000260,1,9,0,18,0,0,0,0,0,0,1,1,6,2,52,8,1364,1,3,-1,1,-1
2018930000261,1,9,0,4,0,1,0,0,0,0,1,1,1,1,42,7,-1,3,6,-1,1,-1
2018930000262,1,9,0,18,0,8,0,0,0,0,4,1,6,2,20,4,998,1,2,-1,1,-1
2018930000262,2,9,0,18,0,8,0,0,0,0,1,1,6,1,37,7,1685,2,2,-1,1,-1
2018930000263,1,21,1,18,0,0,0,0,0,0,1,1,1,1,59,9,12777,2,3,8,1,8
2018930000264,1,1,0,14,0,0,5,0,0,0,4,1,6,1,35,6,-1,-1,-1,-1,1,-1
2018930000264,2,9,0,2,0,0,0,0,0,0,4,1,6,3,-1,-1,998,1,15,-1,-1,-1
2018930000265,1,9,0,18,0,1,5,0,0,0,1,1,6,1,18,4,1598,2,3,-1,3,-1
2018930000265,2,9,0,7,0,8,0,0,0,0,2,1,6,1,26,6,998,1,-1,-1,1,-1
2018930000267,1,1,0,12,0,2,5,0,0,0,1,1,6,1,11,3,-1,-1,-1,-1,1,-1
2018930000267,2,9,0,18,0,2,0,0,0,0,4,1,6,1,61,9,1995,2,14,-1,1,-1
2018930000268,1,9,0,14,0,0,5,4,0,0,1,1,6,2,81,11,1198,1,11,-1,1,-1
2018930000268,2,9,0,2,0,0,0,0,0,0,2,1,6,3,-1,-1,1968,2,7,-1,-1,-1
2018930000269,1,9,0,16,0,0,5,0,2,0,1,1,6,1,38,7,-1,-1,-1,-1,1,-1
2018930000270,1,9,0,16,0,0,0,0,2,7,4,1,2,1,32,6,1951,2,15,-1,1,-1
2018930000270,2,9,0,18,0,0,0,0,0,0,1,1,6,2,66,10,1997,2,1,-1,3,-1
2018930000271,1,9,0,18,0,0,0,0,0,0,1,1,6,1,62,9,-1,-1,-1,-1,1,-1
2018930000271,2,9,0,18,0,0,0,0,0,0,1,1,6,1,26,6,1995,2,2,-1,1,-1
2018930000272,1,9,0,16,0,0,1,0,8,11,2,1,6,2,38,7,1598,1,14,-1,1,-1
2018930000273,1,9,0,17,0,0,1,6,8,7,2,1,6,2,27,6,1598,1,9,-1,2,-1