Accident_Index,Vehicle_Reference,Vehicle_Type,Towing_and_Articulation,Vehicle_Manoeuvre,Vehicle_Location-Restricted_Lane,Junction_Location,Skidding_and_Overturning,Hit_Object_in_Carriageway,Vehicle_Leaving_Carriageway,Hit_Object_off_Carriageway,1st_Point_of_Impact,Was_Vehicle_Left_Hand_Drive?,Journey_Purpose_of_Driver,Sex_of_Driver,Age_of_Driver,Age_Band_of_Driver,Engine_Capacity_(CC),Propulsion_Code,Age_of_Vehicle,Driver_IMD_Decile,Driver_Home_Area_Type,Vehicle_IMD_Decile
2018930000274,1,9,0,18,0,0,2,0,1,9,4,1,6,2,19,4,1242,1,6,-1,-1,-1
2018930000275,1,9,0,14,0,0,0,0,0,0,1,1,2,2,22,5,1229,1,11,-1,1,-1
2018930000276,1,9,0,18,0,8,0,0,0,0,1,1,6,1,52,8,1995,2,6,-1,3,-1
2018930000276,2,9,0,18,0,8,5,0,1,0,3,1,6,1,34,6,1198,1,4,-1,1,-1
2018930000277,1,9,0,9,0,8,0,0,0,0,1,1,6,1,23,5,1997,2,9,-1,3,-1
2018930000277,2,1,0,18,0,8,5,0,0,0,4,1,6,1,38,7,-1,-1,-1,-1,3,-1
2018930000278,1,17,0,18,0,8,0,0,0,0,1,1,2,1,33,6,-1,-1,-1,-1,3,-1
2018930000278,2,9,0,18,0,1,0,0,2,11,4,1,6,2,82,11,1329,1,7,-1,1,-1
2018930000279,1,9,0,14,0,2,0,0,0,0,3,1,1,1,48,8,1995,2,14,-1,1,-1
2018930000280,1,3,0,9,0,8,5,0,0,0,3,1,6,1,21,5,125,1,-1,-1,1,-1
2018930000280,2,9,0,18,0,8,0,0,0,0,4,1,6,1,52,8,1598,1,13,-1,3,-1
2018930000281,1,5,0,18,0,0,5,0,0,0,1,1,6,1,34,6,-1,-1,-1,-1,-1,-1
2018930000281,2,9,0,18,0,0,0,0,1,0,1,1,6,1,72,10,1461,2,1,1,1,1
2018930000282,1,9,0,4,0,1,0,0,0,0,1,1,2,1,25,5,-1,-1,-1,-1,1,-1
2018930000282,2,9,0,10,0,1,0,0,0,0,2,1,2,2,27,6,-1,-1,-1,-1,1,-1
2018930000283,1,9,0,16,0,2,0,0,0,0,2,1,6,1,18,4,1995,2,11,-1,1,-1
2018930000283,2,9,0,17,0,1,0,0,0,0,1,1,6,1,31,6,1598,1,12,-1,1,-1
2018930000284,1,9,0,16,0,0,0,0,0,0,1,1,6,1,30,6,1968,2,8,-1,1,-1
2018930000284,2,9,0,17,0,0,0,0,0,0,3,1,6,1,39,7,-1,-1,-1,-1,1,-1
2018930000284,3,9,0,16,0,0,0,0,0,0,2,1,6,1,75,10,1591,1,6,-1,1,-1
2018930000285,1,1,0,18,0,0,5,0,0,0,1,1,6,1,53,8,-1,-1,-1,-1,1,-1
2018930000285,2,9,0,1,0,0,0,0,0,0,3,1,6,2,36,7,1364,1,1,-1,3,-1
2018930000286,1,5,0,13,0,0,5,0,0,0,1,1,6,1,27,6,749,1,18,-1,1,-1
2018930000286,2,1,0,18,0,0,5,0,0,0,2,1,6,1,75,10,-1,-1,-1,-1,3,-1
2018930000287,1,9,0,17,0,0,5,0,2,11,1,1,6,1,22,5,1388,1,12,-1,3,-1
2018930000287,2,9,0,16,0,0,0,0,0,0,0,1,6,3,-1,-1,-1,-1,-1,-1,-1,-1
2018930000288,1,9,0,17,0,0,0,0,1,0,3,1,6,2,17,4,1242,1,15,-1,1,-1
2018930000289,1,9,0,18,0,1,0,0,0,0,1,1,6,1,28,6,1910,2,11,-1,1,-1
2018930000289,2,9,0,18,0,1,0,0,0,0,1,1,6,1,65,9,1368,1,3,-1,3,-1
2018930000290,1,5,0,18,0,8,5,0,0,0,4,1,6,1,54,8,645,1,9,-1,1,-1
2018930000290,2,5,0,18,0,8,5,0,0,0,4,1,6,1,54,8,-1,-1,-1,-1,1,-1
2018930000291,1,19,4,9,0,1,0,0,0,0,0,1,1,1,56,9,1995,2,-1,-1,3,-1
2018930000291,2,9,0,18,0,1,0,0,1,1,4,1,6,1,62,9,-1,-1,-1,-1,2,-1
2018930000292,1,5,0,4,0,0,2,0,0,0,3,1,6,1,59,9,1298,1,16,-1,1,-1
2018930000292,2,11,0,18,0,0,0,0,0,0,3,1,1,1,43,7,-1,-1,-1,-1,1,-1
2018930000293,1,9,0,18,0,0,0,7,0,0,3,1,6,1,66,10,1229,1,5,-1,1,-1
2018930000294,1,9,0,18,0,0,0,0,0,0,1,1,2,1,19,4,1242,1,13,-1,1,-1
2018930000294,2,9,3,18,0,0,0,0,0,0,1,1,6,1,63,9,-1,-1,-1,-1,-1,-1
2018930000295,1,9,0,18,0,0,0,0,7,10,1,1,6,2,30,6,1998,1,15,-1,3,-1
2018930000296,1,9,0,1,0,0,0,0,0,0,2,1,6,1,46,8,-1,-1,-1,-1,1,-1
2018930000297,1,11,0,18,0,1,0,0,0,0,1,1,1,1,25,5,6696,2,4,-1,1,-1
2018930000298,1,19,0,4,0,0,0,0,0,0,1,1,6,1,48,8,2143,2,1,-1,3,-1
2018930000298,2,9,0,4,0,0,0,0,0,0,2,1,6,2,83,11,1248,1,9,-1,1,-1
2018930000298,3,9,0,4,0,0,0,0,0,0,4,1,2,2,50,8,-1,-1,-1,-1,1,-1
2018930000304,1,9,0,18,0,0,0,0,0,0,1,1,1,2,38,7,1398,1,7,-1,1,-1
2018930000305,1,9,0,9,0,8,0,0,0,0,3,1,6,1,75,10,1395,1,2,10,1,10
2018930000305,2,5,0,18,0,1,5,0,0,0,1,1,6,1,56,9,1170,1,2,-1,2,-1
2018930000306,1,9,0,9,0,1,0,0,0,0,4,1,6,1,78,11,1197,1,1,-1,3,-1
2018930000306,2,9,0,18,0,1,0,0,0,0,1,1,6,2,39,7,2400,2,8,-1,3,-1
2018930000307,1,9,0,16,0,0,5,0,7,0,4,1,6,1,30,6,-1,-1,-1,-1,3,-1
2018930000308,1,9,0,18,0,0,0,0,7,2,1,1,6,1,80,11,1349,1,5,-1,3,-1
2018930000309,1,19,0,4,0,1,0,0,0,0,1,1,1,1,24,5,1753,2,11,-1,2,-1
2018930000309,2,17,4,9,0,8,5,0,0,0,3,1,1,1,67,10,-1,-1,-1,-1,1,-1
2018930000310,1,9,0,9,0,1,0,0,0,0,1,1,6,1,77,11,1395,1,2,-1,1,-1
2018930000310,2,1,0,18,0,1,5,0,0,0,3,1,6,1,46,8,-1,-1,-1,-1,3,-1
2018930000311,1,9,0,18,0,0,1,0,1,11,1,1,6,2,64,9,1950,2,2,-1,1,-1
2018930000313,1,9,0,6,0,0,0,0,0,0,1,1,1,1,47,8,-1,3,-1,-1,1,-1
2018930000313,2,5,0,18,0,0,5,0,0,0,3,1,6,1,47,8,1100,1,24,-1,1,-1
2018930000313,3,9,0,2,0,0,0,0,0,0,3,1,6,3,-1,-1,2967,2,10,-1,-1,-1
2018930000314,1,9,0,18,0,8,0,0,0,0,1,1,6,1,40,7,1968,2,12,-1,1,-1
2018930000314,2,9,0,18,0,1,0,0,0,0,1,1,6,2,75,10,-1,-1,-1,-1,1,-1
2018930000315,1,9,0,18,0,0,0,0,0,0,1,1,6,2,56,9,1198,1,2,-1,2,-1
2018930000317,1,9,0,14,0,2,0,0,0,0,3,1,6,1,56,9,1560,2,13,-1,1,-1
2018930000317,2,3,0,14,0,2,5,0,0,0,4,1,6,1,43,7,124,1,1,-1,1,-1
2018930000318,1,9,0,17,0,0,1,0,1,11,1,1,6,1,44,7,2874,2,16,-1,2,-1
2018930000319,1,9,0,18,0,0,0,0,7,4,1,1,6,1,80,11,2231,2,9,-1,3,-1
2018930000320,1,9,0,17,0,0,5,0,1,11,1,1,6,1,25,5,-1,-1,-1,-1,1,-1
2018930000321,1,9,0,14,0,0,0,0,0,0,1,1,2,1,45,7,1461,2,4,-1,3,-1
2018930000322,1,5,0,18,0,0,2,0,0,0,1,1,2,1,41,7,-1,-1,-1,-1,1,-1
2018930000322,2,19,0,18,0,0,0,0,0,0,0,1,2,1,32,6,1248,2,10,-1,3,-1
2018930000323,1,5,0,17,0,0,2,0,1,1,1,1,6,1,44,7,1261,1,14,-1,2,-1
2018930000324,1,19,0,6,0,8,0,0,0,0,1,1,1,1,70,10,1560,2,3,-1,1,-1
2018930000324,2,9,0,18,0,1,0,0,0,0,1,1,1,1,22,5,1968,2,4,-1,1,-1
2018930000325,1,9,0,4,0,0,0,0,0,0,1,1,6,2,26,6,1596,1,8,6,3,6
2018930000325,2,9,0,4,0,0,0,0,0,0,2,1,6,1,65,9,1798,8,-1,-1,1,-1
2018930000325,3,9,0,4,0,0,0,0,0,0,0,1,6,1,51,8,1798,8,-1,-1,1,-1
2018930000326,1,9,0,7,0,8,0,0,3,11,1,1,6,1,34,6,1984,1,13,-1,1,-1
2018930000328,1,9,0,18,0,0,0,0,7,11,1,1,6,1,26,6,1956,2,2,-1,3,-1
2018930000328,2,9,0,18,0,0,0,0,0,0,1,1,6,1,34,6,1598,1,5,-1,3,-1
2018930000329,1,9,0,13,0,1,0,0,0,0,1,1,6,1,58,9,2400,2,3,-1,3,-1
2018930000329,2,19,0,9,0,1,0,0,7,11,3,1,1,1,46,8,1499,2,-1,-1,3,-1
2018930000330,1,9,0,18,0,0,0,0,0,0,1,1,6,1,37,7,1600,2,7,-1,1,-1
2018930000330,2,9,0,18,0,0,0,0,0,0,1,1,2,1,63,9,1560,2,3,-1,3,-1
2018930000331,1,9,0,18,0,8,0,0,0,0,1,1,6,2,21,5,999,1,-1,-1,1,-1
2018930000331,2,9,0,18,0,8,0,0,0,0,4,1,1,1,21,5,1499,2,4,-1,1,-1
2018930000332,1,9,0,18,0,1,0,0,0,0,3,1,6,1,33,6,-1,-1,-1,-1,1,-1
2018930000332,2,1,0,18,0,1,0,0,0,0,1,1,6,1,11,3,-1,-1,-1,-1,1,-1
2018930000333,1,17,0,13,0,0,0,0,0,0,4,1,6,3,-1,-1,-1,-1,-1,-1,-1,-1
2018930000333,2,1,0,18,0,0,5,0,0,0,2,1,6,1,38,7,-1,-1,-1,-1,1,-1
2018930000334,1,3,0,14,0,0,2,0,0,0,3,1,6,2,56,9,125,1,2,-1,1,-1
2018930000334,2,9,0,3,0,0,0,0,0,0,3,1,6,2,17,4,1197,1,1,-1,1,-1
2018930000335,1,9,0,13,0,0,0,0,0,0,1,1,6,2,69,10,1229,1,6,-1,3,-1
2018930000335,2,17,4,18,0,0,0,0,0,0,2,1,1,1,64,9,-1,-1,-1,-1,1,-1
2018930000336,1,9,0,18,0,0,0,0,2,2,1,1,6,1,58,9,999,1,4,-1,2,-1
2018930000337,1,9,0,18,0,2,0,0,0,0,3,1,6,1,19,4,1769,1,13,-1,1,-1
2018930000338,1,9,0,17,0,2,0,0,0,0,1,1,6,1,56,9,1242,1,10,-1,3,-1
2018930000338,2,9,0,4,0,1,0,0,0,0,1,1,6,2,53,8,-1,-1,-1,-1,3,-1
2018930000339,1,9,0,18,0,8,0,0,5,10,1,1,1,1,54,8,1969,2,-1,4,1,4
2018930000339,2,21,1,18,0,8,0,0,0,0,3,1,1,1,41,7,12777,2,-1,3,2,3
2018930000340,1,9,0,13,0,0,5,0,1,4,4,1,6,1,53,8,1364,1,10,-1,1,-1
2018930000341,1,9,0,16,0,0,1,0,2,11,4,1,6,1,19,4,1679,1,20,-1,1,-1
2018930000342,1,9,0,18,0,0,0,0,0,0,1,1,6,1,25,5,1499,1,1,-1,1,-1
2018930000343,1,9,0,18,0,0,5,0,7,0,3,1,6,2,20,4,1248,1,7,-1,1,-1
2018930000344,1,9,0,17,0,0,2,0,1,11,4,1,6,1,17,4,1364,1,8,-1,1,-1
2018930000345,1,9,0,4,0,1,0,0,0,0,1,1,6,1,17,4,1229,1,6,-1,1,-1
2018930000345,2,9,0,4,0,1,0,0,0,0,2,1,6,1,65,9,1248,1,4,-1,1,-1
2018930000346,1,9,0,16,0,0,1,0,7,11,1,1,6,1,24,5,1124,1,16,-1,3,-1
2018930000347,1,17,0,18,0,0,0,0,0,0,3,1,1,1,52,8,-1,-1,-1,-1,1,-1
2018930000347,2,9,0,18,0,0,0,0,0,0,1,1,6,1,18,4,1461,2,5,-1,3,-1
2018930000348,1,9,0,4,0,0,0,0,0,0,1,1,6,1,35,6,1968,2,5,-1,1,-1
2018930000348,2,19,0,3,0,0,0,0,0,0,2,1,6,1,56,9,2198,2,4,7,2,7
2018930000349,1,5,0,16,0,0,1,0,7,11,1,1,6,1,29,6,599,1,18,-1,1,-1
2018930000350,1,5,0,17,0,0,5,0,1,0,1,1,6,1,59,9,-1,-1,-1,-1,3,-1
2018930000351,1,9,0,12,0,0,0,0,0,0,3,1,6,1,55,8,1388,1,3,-1,2,-1
2018930000351,2,9,0,18,0,0,0,0,0,0,4,1,6,2,33,6,1582,2,5,-1,1,-1
2018930000352,1,9,0,6,0,0,0,0,0,0,1,1,6,1,72,10,1364,1,-1,-1,1,-1
2018930000352,2,9,0,18,0,0,0,0,7,11,4,1,6,2,17,4,1198,1,13,-1,1,-1
2018930000353,1,9,0,17,0,0,1,0,0,0,4,1,2,1,26,6,1598,1,13,-1,1,-1
2018930000353,2,9,0,18,0,0,0,0,0,0,1,1,2,1,52,8,-1,-1,-1,-1,3,-1
2018930000354,1,9,0,7,0,2,1,0,0,0,1,1,6,1,83,11,1560,2,1,-1,3,-1
2018930000354,2,9,0,18,0,1,0,0,0,0,1,1,6,1,54,8,1399,1,1,-1,3,-1
2018930000355,1,9,0,16,0,0,1,0,7,0,1,1,1,2,22,5,1598,1,11,-1,1,-1
2018930000356,1,19,0,3,0,1,0,0,0,0,1,1,6,3,-1,-1,-1,-1,-1,-1,-1,-1
2018930000356,2,9,0,3,0,1,0,0,0,0,2,1,1,2,20,4,1242,1,2,-1,1,-1
2018930000357,1,9,0,16,0,0,2,0,7,11,1,1,6,1,33,6,1197,1,3,-1,1,-1
2018930000358,1,9,0,13,0,0,0,0,0,0,1,1,6,1,29,6,2191,2,1,-1,3,-1
2018930000358,2,9,0,18,0,0,0,0,0,0,1,1,6,2,24,5,1796,1,9,-1,1,-1
2018930000359,1,9,0,16,0,0,1,0,7,11,1,1,6,1,18,4,1590,1,14,-1,3,-1
2018930000360,1,9,0,18,0,0,0,0,8,3,1,1,6,1,31,6,1968,2,12,-1,3,-1
2018930000361,1,9,0,18,0,0,0,0,0,0,1,1,6,1,59,9,1595,1,5,-1,3,-1
2018930000361,2,9,0,18,0,0,0,0,0,0,1,1,6,1,33,6,1560,2,9,-1,3,-1
2018930000362,1,9,0,17,0,0,5,0,2,0,4,1,1,2,65,9,1349,1,10,-1,3,-1
2018930000363,1,19,0,4,0,1,0,0,0,0,1,1,1,2,36,7,-1,-1,-1,-1,1,-1
2018930000363,2,9,0,4,0,1,0,0,0,0,3,1,6,2,64,9,1596,1,6,-1,1,-1
2018930000363,3,9,0,3,0,1,0,0,0,0,2,1,6,1,71,10,-1,-1,-1,-1,3,-1
2018930000363,4,19,0,3,0,1,0,0,0,0,2,1,1,1,64,9,1560,2,5,-1,3,-1
2018930000363,5,19,0,3,0,1,0,0,0,0,2,1,1,1,61,9,-1,-1,-1,-1,1,-1
2018930000364,1,1,0,18,0,0,5,0,0,0,3,1,6,1,26,6,-1,-1,-1,-1,1,-1
2018930000364,2,21,0,18,0,0,0,0,0,0,4,1,1,1,48,8,10837,2,1,-1,3,-1
2018930000365,1,9,0,17,0,0,0,0,0,0,1,1,6,2,50,8,-1,-1,-1,-1,3,-1
2018930000365,2,9,0,16,0,0,0,0,0,0,1,1,6,1,60,9,2995,1,5,-1,-1,-1
2018930000366,1,9,0,4,0,0,0,0,0,0,1,1,6,1,54,8,999,1,1,-1,2,-1
2018930000366,2,9,0,4,0,0,0,0,1,0,2,1,6,1,78,11,1591,1,3,-1,1,-1
2018930000367,1,9,0,18,0,0,0,0,7,11,1,1,6,1,53,8,1995,2,3,-1,1,-1
2018930000368,1,9,0,18,0,0,0,0,4,6,1,1,6,1,70,10,1968,2,1,-1,-1,-1
2018930000368,2,9,0,18,0,0,0,0,0,0,0,1,6,1,40,7,1560,2,4,-1,2,-1
2018930000369,1,9,0,18,0,1,0,0,0,0,1,1,6,1,83,11,1149,1,16,-1,1,-1
2018930000370,1,19,0,4,0,0,0,0,0,0,1,1,1,1,49,8,1995,2,1,-1,1,-1
2018930000370,2,9,0,4,0,0,0,0,0,0,2,1,6,2,21,5,1229,1,2,-1,1,-1
2018930000371,1,9,0,6,0,2,0,0,0,0,1,1,6,2,35,6,1596,1,2,-1,1,-1
2018930000371,2,9,0,14,0,1,0,0,0,0,4,1,6,2,40,7,1560,2,9,-1,1,-1
2018930000372,1,9,0,18,0,0,0,0,0,0,0,1,6,1,74,10,1229,1,12,-1,1,-1
2018930000373,1,9,0,18,0,0,5,0,2,11,4,1,1,1,20,4,-1,-1,-1,-1,1,-1
2018930000374,1,9,0,17,0,0,1,0,2,7,4,1,6,1,19,4,1598,1,13,-1,3,-1
2018930000374,2,9,0,17,0,0,0,0,0,0,1,1,6,1,44,7,-1,-1,-1,10,2,10
2018930000375,1,9,0,18,0,3,0,0,0,0,1,1,6,2,30,6,1798,1,4,-1,1,-1
2018930000376,1,9,0,18,0,0,1,0,1,2,3,1,6,1,50,8,2979,1,14,-1,1,-1
2018930000377,1,9,0,5,0,6,0,0,0,0,1,1,6,2,71,10,1398,1,3,-1,1,-1
2018930000377,2,9,0,18,0,1,0,0,0,0,3,1,6,2,32,6,1598,2,5,-1,1,-1
2018930000378,1,9,0,18,0,1,0,0,0,0,1,1,3,1,20,4,1197,1,4,-1,1,-1
2018930000379,1,9,0,18,0,0,0,0,0,0,3,1,1,2,52,8,1560,2,3,-1,3,-1
2018930000380,1,9,0,7,0,8,0,0,0,0,1,1,2,1,61,9,1493,2,11,-1,1,-1
2018930000380,2,1,0,18,0,2,5,0,0,0,4,1,2,1,36,7,-1,-1,-1,-1,1,-1
2018930000381,1,19,0,16,0,0,0,0,1,11,4,1,1,1,33,6,1499,2,3,-1,1,-1
2018930000382,1,9,0,18,0,0,0,0,1,11,1,1,6,1,17,4,1587,1,13,-1,1,-1
2018930000383,1,9,0,7,0,8,0,0,0,0,1,1,6,1,60,9,1198,1,3,-1,3,-1
2018930000383,2,9,0,18,0,1,0,0,0,0,4,1,6,1,49,8,1560,2,3,-1,3,-1
2018930000384,1,9,0,4,0,0,0,0,0,0,1,1,2,1,19,4,1910,2,10,-1,3,-1
2018930000384,2,9,0,3,0,0,0,0,0,0,2,1,6,1,74,10,-1,-1,-1,-1,3,-1
2018930000385,1,9,0,17,0,0,0,0,0,0,1,1,6,2,35,6,1364,1,11,-1,3,-1
2018930000385,2,21,0,16,0,0,0,0,7,9,1,1,1,1,49,8,6693,2,5,-1,1,-1
2018930000386,1,9,0,18,0,0,5,0,1,11,1,1,6,1,22,5,2495,2,16,-1,3,-1
2018930000386,2,9,0,4,0,0,0,0,0,0,0,1,6,1,53,8,1968,2,2,-1,1,-1
2018930000387,1,9,0,13,0,1,0,0,0,0,1,1,6,1,72,10,1364,1,9,-1,1,-1
2018930000387,2,19,0,9,0,1,0,0,0,0,3,1,1,1,50,8,1598,2,2,-1,1,-1
2018930000388,1,9,0,18,0,8,0,0,7,11,1,1,6,2,21,5,1598,1,6,-1,3,-1
2018930000388,2,21,0,18,0,8,0,0,0,0,1,1,1,1,54,8,13000,2,10,-1,3,-1
2018930000389,1,9,0,9,0,1,0,0,0,0,1,1,6,2,65,9,1396,2,1,-1,3,-1
2018930000389,2,1,0,18,0,1,5,0,1,0,1,1,6,1,32,6,-1,-1,-1,-1,1,-1
2018930000390,1,9,0,2,0,0,0,0,0,0,3,1,6,2,70,10,1396,1,8,-1,1,-1
2018930000390,2,1,0,14,0,0,0,0,0,0,3,1,6,1,60,9,-1,-1,-1,-1,3,-1
2018930000391,1,9,0,4,0,0,0,0,0,0,1,1,6,2,48,8,1199,2,6,-1,1,-1
2018930000391,2,11,0,2,0,0,0,0,0,0,2,1,1,1,36,7,4250,2,13,-1,3,-1
2018930000391,3,9,0,4,0,0,0,0,0,0,1,1,6,2,40,7,1598,1,6,-1,1,-1
2018930000392,1,9,0,18,0,1,0,0,0,0,1,1,6,1,54,8,1986,2,12,-1,2,-1
2018930000392,2,9,0,10,0,1,0,0,0,0,2,1,1,2,54,8,999,1,1,-1,2,-1
2018930000393,1,9,0,7,0,8,0,0,1,11,3,1,2,2,22,5,1461,2,1,-1,1,-1
2018930000393,2,21,0,16,0,1,0,0,0,0,1,1,2,1,43,7,11967,2,6,-1,1,-1
2018930000394,1,9,0,4,0,2,1,0,3,0,4,1,6,1,85,11,-1,-1,-1,-1,1,-1
2018930000394,2,19,0,18,0,1,0,0,1,0,1,1,6,1,66,10,1248,2,1,-1,1,-1
2018930000395,1,9,0,18,0,8,0,0,0,0,1,1,6,1,20,4,1498,1,1,-1,3,-1
2018930000395,2,9,0,18,0,1,0,0,0,0,3,1,6,2,67,10,1242,1,7,-1,1,-1
2018930000396,1,9,0,18,0,0,1,0,7,11,1,1,2,2,19,4,999,1,3,-1,3,-1
2018930000397,1,9,0,18,0,2,0,0,0,0,1,1,6,1,25,5,1597,2,2,-1,-1,-1
2018930000398,1,9,0,18,0,2,0,0,3,11,1,1,2,2,19,4,1598,1,9,-1,1,-1
2018930000402,1,9,0,9,0,8,0,0,0,0,1,1,2,1,56,9,-1,-1,-1,-1,1,-1
2018930000403,1,9,0,6,0,1,0,0,0,0,2,1,6,1,61,9,2268,2,-1,-1,-1,-1
2018930000403,2,5,0,18,0,1,5,0,0,0,1,1,6,1,19,4,689,1,3,4,1,4
2018930000403,3,9,0,18,0,1,0,0,0,0,4,1,6,1,62,9,2199,2,7,-1,3,-1
2018930000404,1,9,0,18,0,0,2,0,1,11,1,1,6,2,58,9,1587,1,13,-1,1,-1
2018930000405,1,9,0,16,0,0,1,0,0,0,1,1,6,1,28,6,1360,1,12,-1,1,-1
2018930000405,2,9,0,18,0,0,0,0,1,10,1,1,6,1,62,9,1598,2,2,-1,1,-1
2018930000406,1,9,0,4,0,8,0,0,0,0,1,1,6,2,43,7,1248,1,4,-1,1,-1
2018930000406,2,9,0,18,0,1,0,0,1,11,1,1,6,2,52,8,1197,1,1,-1,1,-1
2018930000407,1,9,0,5,0,0,0,0,0,0,2,1,6,2,29,6,1685,2,6,-1,3,-1
2018930000407,2,9,0,18,0,0,0,0,4,6,1,1,6,2,57,9,1339,1,10,-1,1,-1
2018930000409,1,9,0,18,0,2,0,0,0,0,3,1,6,1,77,11,1796,1,14,-1,1,-1
2018930000409,2,9,0,2,0,2,0,0,0,0,1,1,6,3,-1,-1,-1,-1,-1,-1,-1,-1
2018930000409,3,9,0,18,0,1,0,0,0,0,4,1,2,1,46,8,1685,2,5,-1,1,-1
2018930000410,1,9,0,18,0,0,0,0,1,4,1,1,6,1,20,4,1984,1,13,-1,1,-1
2018930000411,1,9,0,4,0,1,0,0,0,0,1,1,6,2,25,5,1349,1,4,-1,1,-1
2018930000411,2,9,0,10,0,1,0,0,0,0,2,1,6,1,53,8,2354,1,13,-1,1,-1
2018930000412,1,9,0,4,0,0,0,0,0,0,1,1,6,1,73,10,1364,1,10,-1,1,-1
2018930000412,2,19,0,4,0,0,0,0,0,0,2,1,1,1,32,6,-1,-1,-1,-1,1,-1
2018930000413,1,9,0,9,0,2,0,0,0,0,3,1,2,1,27,6,1499,1,1,-1,1,-1
2018930000413,2,9,0,18,0,1,0,0,0,0,1,1,2,1,30,6,1896,2,15,-1,1,-1
2018930000414,1,9,0,7,0,8,0,0,0,0,1,1,1,1,50,8,1968,2,1,-1,1,-1
2018930000415,1,9,0,4,0,0,0,0,0,0,1,1,6,1,37,7,1995,2,1,-1,1,-1
2018930000415,2,9,0,3,0,0,0,0,0,0,2,1,6,2,47,8,-1,-1,-1,-1,1,-1
2018930000416,1,9,0,4,0,1,0,0,0,0,1,1,1,1,36,7,-1,-1,-1,-1,1,-1
2018930000416,2,9,0,4,0,1,0,0,0,0,2,1,6,2,26,6,1240,1,8,-1,-1,-1
2018930000417,1,9,0,9,0,1,0,0,0,0,1,1,2,1,19,4,1586,1,2,-1,1,-1
2018930000417,2,1,0,18,0,1,5,0,0,0,1,1,2,1,53,8,-1,-1,-1,-1,1,-1
2018930000418,1,9,0,9,0,8,0,0,0,0,3,1,6,1,59,9,1968,2,3,-1,2,-1
2018930000418,2,9,0,18,0,1,0,0,0,0,1,1,6,1,23,5,1149,1,1,-1,1,-1
2018930000419,1,3,0,18,0,1,5,0,0,0,0,1,1,1,28,6,108,1,5,-1,1,-1
2018930000419,2,9,0,7,0,8,0,0,0,0,0,1,6,1,32,6,1950,2,-1,-1,1,-1
2018930000420,1,9,0,9,0,2,0,0,0,0,4,1,6,1,84,11,1198,1,3,-1,1,-1
2018930000420,2,9,0,18,0,1,0,0,0,0,1,1,6,1,21,5,-1,-1,-1,-1,1,-1
2018930000421,1,9,0,1,0,1,0,0,0,0,3,1,6,1,35,6,1149,1,12,-1,1,-1
2018930000422,1,9,0,17,0,0,0,0,0,0,1,1,6,1,30,6,1995,2,3,-1,3,-1
2018930000422,2,9,0,16,0,0,0,0,0,0,1,1,6,1,28,6,1197,1,1,-1,2,-1
2018930000423,1,9,0,18,0,0,0,0,1,1,1,1,2,1,51,8,2993,2,5,-1,3,-1
2018930000424,1,11,0,9,0,2,0,0,0,0,1,1,1,1,59,9,4461,2,4,-1,3,-1
2018930000425,1,9,0,4,0,0,0,0,0,0,1,1,6,2,25,5,1399,2,15,-1,1,-1
2018930000425,2,9,0,3,0,0,0,0,0,0,2,1,2,1,20,4,1598,1,7,-1,2,-1
2018930000426,1,9,0,16,0,0,2,0,8,4,3,1,6,1,26,6,1998,1,5,-1,2,-1
2018930000428,1,9,0,16,0,0,0,0,7,11,1,1,2,1,36,7,1968,2,8,-1,1,-1
2018930000429,1,9,0,18,0,1,0,0,0,0,1,1,6,1,67,10,-1,-1,-1,-1,1,-1
2018930000430,1,19,0,9,0,1,0,0,0,0,3,1,1,1,40,7,2463,2,12,-1,1,-1
2018930000430,2,9,0,13,0,1,0,0,0,0,1,1,6,2,38,7,1200,1,1,-1,3,-1
2018930000431,1,9,0,18,0,0,0,0,5,6,1,1,6,2,62,9,2500,1,14,-1,3,-1
2018930000432,1,9,0,4,0,1,1,0,0,0,1,1,6,2,19,4,1084,1,1,-1,1,-1
2018930000432,2,9,0,3,0,1,0,0,0,0,2,1,3,2,27,6,1685,2,5,-1,1,-1
2018930000433,1,3,0,18,0,0,5,0,0,0,3,1,6,1,33,6,124,1,10,-1,1,-1
2018930000433,2,9,0,18,0,0,0,0,0,0,3,1,6,2,19,4,1242,1,8,-1,1,-1
2018930000434,1,9,0,9,0,8,0,0,0,0,1,1,1,1,66,10,1598,2,1,-1,2,-1
2018930000435,1,9,0,18,0,0,0,0,8,11,1,1,2,1,31,6,1598,2,-1,-1,3,-1
2018930000436,1,9,0,18,0,0,0,0,1,0,3,1,6,1,71,10,998,1,5,-1,2,-1
2018930000436,2,21,1,18,0,0,0,0,0,0,3,1,1,1,50,8,11946,2,6,-1,1,-1
2018930000436,3,9,0,18,0,0,0,0,1,0,1,1,6,1,68,10,2179,2,7,4,3,4
2018930000436,4,9,0,18,0,0,0,0,1,0,1,1,2,1,41,7,1390,1,8,-1,1,-1
2018930000437,1,9,0,18,0,1,0,0,0,0,3,1,6,3,-1,-1,-1,-1,-1,-1,-1,-1
2018930000438,1,9,0,9,0,2,0,0,0,0,1,1,6,2,36,7,1587,1,13,-1,2,-1
2018930000439,1,9,0,18,0,0,1,0,1,0,4,1,6,1,67,10,1598,2,3,8,1,8
2018930000440,1,19,0,18,0,0,1,0,0,0,1,1,6,1,34,6,2298,2,6,10,1,10