Accident_Index,Vehicle_Reference,Vehicle_Type,Towing_and_Articulation,Vehicle_Manoeuvre,Vehicle_Location-Restricted_Lane,Junction_Location,Skidding_and_Overturning,Hit_Object_in_Carriageway,Vehicle_Leaving_Carriageway,Hit_Object_off_Carriageway,1st_Point_of_Impact,Was_Vehicle_Left_Hand_Drive?,Journey_Purpose_of_Driver,Sex_of_Driver,Age_of_Driver,Age_Band_of_Driver,Engine_Capacity_(CC),Propulsion_Code,Age_of_Vehicle,Driver_IMD_Decile,Driver_Home_Area_Type,Vehicle_IMD_Decile
2018930000440,2,9,0,18,0,0,0,0,0,0,1,1,6,1,37,7,2995,1,3,6,1,6
2018930000441,1,9,0,18,0,8,0,0,0,0,3,1,6,3,-1,-1,-1,-1,-1,-1,-1,-1
2018930000441,2,5,0,9,0,8,5,0,0,0,1,1,6,1,25,5,124,1,3,-1,1,-1
2018930000442,1,9,0,17,0,0,1,0,0,0,4,1,2,1,21,5,2521,1,11,-1,2,-1
2018930000442,2,9,0,3,0,0,0,0,0,0,1,1,2,1,27,6,-1,-1,-1,-1,3,-1
2018930000443,1,9,0,5,0,8,0,0,0,0,1,1,2,2,32,6,999,1,-1,-1,3,-1
2018930000443,2,11,0,18,0,1,0,0,0,0,3,1,1,1,63,9,7300,2,6,-1,1,-1
2018930000444,1,9,0,18,0,0,0,0,0,0,1,1,2,1,22,5,1398,1,2,-1,3,-1
2018930000444,2,9,0,18,0,0,0,0,7,0,1,1,6,2,35,6,1390,1,16,-1,1,-1
2018930000445,1,9,0,18,0,0,1,0,7,3,1,1,2,2,21,5,998,1,2,-1,3,-1
201893T000025,1,19,0,18,0,0,0,0,0,0,1,1,6,3,-1,-1,1995,2,1,-1,-1,-1
201893T000026,1,9,0,17,0,0,2,0,1,3,4,1,6,1,37,7,1560,2,13,-1,1,-1
201893T000069,1,9,0,9,0,8,0,0,0,0,0,1,1,1,31,6,999,1,8,-1,2,-1
201893T000069,2,9,0,18,0,1,0,0,7,11,1,1,1,1,36,7,-1,-1,-1,-1,2,-1
201893T000071,1,9,0,9,0,8,0,0,0,0,3,1,6,1,19,4,1360,1,14,-1,1,-1
201893T000071,2,19,0,18,0,1,0,0,0,0,1,1,1,1,44,7,2198,2,2,-1,1,-1
2018941800003,1,9,0,18,0,0,0,0,1,0,1,1,6,2,39,7,1975,1,12,-1,1,-1
2018941800003,2,9,0,18,0,0,0,0,1,0,2,1,1,2,60,9,1242,1,9,-1,1,-1
2018941800009,1,9,0,13,0,4,0,0,0,0,4,1,6,3,-1,-1,-1,-1,-1,-1,-1,-1
2018941800009,2,9,0,9,0,4,0,0,0,0,3,1,6,2,51,8,998,1,14,-1,1,-1
2018941800010,1,9,0,18,0,4,0,0,0,0,1,1,2,1,34,6,1398,2,9,-1,1,-1
2018941800010,2,1,0,9,0,8,0,0,0,0,4,1,2,1,54,8,-1,-1,-1,-1,1,-1
2018941800011,1,9,0,7,0,4,0,0,0,0,3,1,1,1,36,7,-1,-1,-1,-1,1,-1
2018941800011,2,9,0,18,0,8,0,0,0,0,4,1,1,1,51,8,1560,2,5,-1,1,-1
2018941800012,1,9,0,18,0,8,0,0,0,0,1,1,1,2,25,5,1461,2,1,-1,1,-1
2018941800012,2,9,0,18,0,8,0,0,0,0,1,1,6,1,45,7,1596,1,16,-1,1,-1
2018941800014,1,9,0,18,0,0,0,0,0,0,1,1,6,1,22,5,998,1,5,-1,1,-1
2018941800014,2,19,0,2,0,0,0,0,0,0,2,1,6,1,25,5,2198,2,4,-1,-1,-1
2018941800016,1,9,0,9,0,8,0,0,0,0,1,1,6,1,46,8,1124,1,13,-1,1,-1
2018941800016,2,5,0,18,0,8,2,0,0,0,1,1,6,1,57,9,1300,1,6,-1,1,-1
2018941800018,1,21,1,18,0,0,1,0,0,0,1,1,1,1,46,8,-1,-1,-1,-1,1,-1
2018941800018,2,9,0,4,0,0,0,0,0,0,2,1,2,1,79,11,1395,1,4,-1,3,-1
2018941800018,3,9,0,4,0,0,0,0,2,0,2,1,2,2,30,6,-1,-1,-1,-1,1,-1
2018941800018,4,9,0,4,0,0,0,0,0,0,2,1,2,1,39,7,1968,2,1,-1,3,-1
2018941800018,5,19,0,4,0,0,0,0,0,0,2,1,1,1,36,7,2198,2,10,-1,3,-1
2018941800019,1,9,0,14,0,0,0,4,0,0,4,1,6,1,47,8,2979,1,15,-1,1,-1
2018941800019,2,9,0,2,0,0,0,0,2,0,2,1,6,1,38,7,-1,-1,-1,-1,1,-1
2018941800019,3,9,0,2,0,0,0,0,0,0,2,1,6,2,44,7,1598,2,4,-1,1,-1
2018941800020,1,9,0,9,0,6,0,0,0,0,3,1,1,2,56,9,-1,-1,-1,-1,3,-1
2018941800020,2,9,0,18,0,8,1,0,0,0,1,1,2,1,48,8,1396,1,15,-1,2,-1
2018941800022,1,21,1,18,0,0,3,0,4,6,1,1,1,1,50,8,12900,2,7,-1,1,-1
2018941800025,1,9,0,9,0,2,1,0,7,0,1,1,6,1,32,6,1598,1,16,-1,3,-1
2018941800027,1,19,0,4,0,0,0,0,0,0,2,1,2,1,49,8,1461,2,2,-1,2,-1
2018941800027,2,9,0,18,0,0,0,0,0,0,2,1,2,1,36,7,1968,2,11,-1,2,-1
2018941800028,1,9,0,18,0,0,1,0,0,0,1,1,6,1,34,6,1598,1,13,-1,1,-1
2018941800028,2,9,0,4,0,0,1,0,0,0,2,1,6,1,24,5,1598,2,9,-1,1,-1
2018941800028,3,9,0,4,0,0,0,0,0,0,2,1,6,1,27,6,2191,2,3,-1,2,-1
2018941800030,1,9,0,18,0,0,0,0,0,0,1,1,6,1,19,4,1598,2,5,-1,3,-1
2018941800030,2,9,0,3,0,0,0,0,0,0,2,1,1,1,54,8,-1,-1,-1,-1,1,-1
2018941800031,1,8,0,18,0,0,0,4,0,0,1,1,6,1,57,9,1968,2,1,-1,1,-1
2018941800031,2,9,0,2,0,0,0,0,1,0,2,1,6,2,53,8,1499,1,1,-1,2,-1
2018941800033,1,9,0,18,0,4,0,0,0,0,3,1,6,1,31,6,1796,1,10,-1,1,-1
2018941800033,2,9,0,18,0,4,0,0,0,0,3,1,6,2,65,9,1206,1,5,-1,3,-1
2018941800034,1,9,0,18,0,1,0,0,0,0,1,1,6,3,-1,-1,-1,-1,-1,-1,-1,-1
2018941800036,1,9,0,18,0,0,0,0,0,0,1,1,2,1,56,9,1197,1,1,-1,1,-1
2018941800039,1,9,0,18,0,0,0,0,0,0,1,1,2,1,18,4,998,1,4,-1,-1,-1
2018941800039,2,9,0,4,0,0,0,0,0,0,2,1,2,1,39,7,2494,1,17,-1,1,-1
2018941800039,3,9,0,4,0,0,0,0,0,0,2,1,6,1,38,7,1896,2,14,-1,-1,-1
2018941800039,4,9,0,4,0,0,0,0,0,0,2,1,6,1,36,7,1595,1,12,-1,1,-1
2018941800043,1,9,0,18,0,0,1,0,0,0,1,1,6,1,49,8,1995,1,16,-1,1,-1
2018941800043,2,19,0,18,0,0,0,0,0,0,1,1,6,1,26,6,2143,2,2,-1,1,-1
2018941800044,1,9,0,14,0,1,0,0,0,0,1,1,6,3,-1,-1,-1,-1,-1,-1,-1,-1
2018941800044,2,9,0,18,0,1,0,0,0,0,1,1,2,2,57,9,1398,1,5,-1,1,-1
2018941800049,1,9,0,16,0,0,0,0,0,0,1,1,6,1,18,4,1198,1,6,-1,1,-1
2018941800049,2,9,0,17,0,0,0,0,0,0,1,1,6,2,45,7,1956,2,7,-1,2,-1
2018941800052,1,9,0,18,0,0,0,0,0,0,1,1,6,1,55,8,-1,-1,-1,-1,1,-1
2018941800052,2,9,0,18,0,0,0,0,0,0,1,1,1,1,25,5,1968,2,1,-1,1,-1
2018941800060,1,9,0,18,0,8,1,0,3,0,1,1,6,1,40,7,998,1,15,-1,1,-1
2018941800064,1,9,0,18,0,0,1,0,0,0,1,1,6,3,-1,-1,-1,-1,-1,-1,-1,-1
2018941800064,2,9,0,4,0,0,0,0,0,0,2,1,6,2,60,9,1364,2,10,-1,3,-1
2018941800065,1,9,0,17,0,0,1,0,7,9,4,1,6,1,25,5,1149,1,15,-1,2,-1
2018941800067,1,9,0,5,0,1,0,0,0,0,3,1,6,1,50,8,1968,2,8,-1,3,-1
2018941800069,1,9,0,4,0,1,0,0,3,11,1,1,6,2,62,9,1149,1,6,-1,2,-1
2018941800077,1,9,0,15,0,8,0,0,0,0,3,1,6,3,-1,-1,-1,-1,-1,-1,-1,-1
2018941800077,2,9,0,10,0,1,0,0,0,0,4,1,2,2,26,6,1560,2,5,-1,2,-1
2018941800080,1,9,0,18,0,1,0,0,0,0,1,1,6,2,49,8,1386,1,10,-1,-1,-1
2018941800080,2,9,0,10,0,1,0,0,0,0,2,1,6,1,53,8,1598,1,7,-1,2,-1
2018941800082,1,9,0,18,0,0,1,0,1,10,1,1,6,2,42,7,1198,1,9,-1,1,-1
2018941800086,1,9,0,18,0,0,0,0,0,0,1,1,6,1,23,5,1995,2,14,-1,1,-1
2018941800087,1,9,0,18,0,2,0,0,0,0,3,1,1,2,44,7,998,1,4,-1,1,-1
2018941800088,1,9,0,18,0,1,0,0,0,0,1,1,6,2,35,6,1398,1,2,-1,1,-1
2018941800089,1,9,0,18,0,1,0,0,0,0,4,1,6,2,69,10,1400,1,12,-1,1,-1
2018941800091,1,9,0,18,0,0,0,0,0,0,1,1,6,1,44,7,-1,-1,-1,-1,1,-1
2018941800095,1,19,0,18,0,1,0,0,0,0,1,1,1,1,28,6,1560,2,5,-1,1,-1
2018941800095,2,9,0,18,0,1,0,0,0,0,1,1,6,2,52,8,2179,2,4,-1,1,-1
2018941800096,1,5,0,9,0,8,1,0,3,10,1,1,6,1,39,7,918,1,21,-1,1,-1
2018941800101,1,9,0,17,0,0,1,0,1,3,1,1,6,1,25,5,1975,1,13,-1,1,-1
2018941800102,1,19,0,5,7,0,0,0,0,0,1,1,1,1,32,6,2143,2,6,-1,1,-1
2018941800107,1,5,0,18,0,8,1,0,0,0,4,1,2,1,26,6,599,1,14,-1,-1,-1
2018941800108,1,9,0,5,0,4,0,0,0,0,3,1,6,2,51,8,1796,1,8,-1,3,-1
2018941800108,2,9,0,5,0,8,0,0,0,0,1,1,2,1,44,7,-1,-1,-1,-1,1,-1
2018941800109,1,9,0,18,0,4,0,0,0,0,0,1,6,1,18,4,1229,1,12,-1,1,-1
2018941800109,2,1,0,9,0,3,0,0,0,0,4,1,2,1,47,8,-1,-1,-1,-1,1,-1
2018941800111,1,9,0,18,0,1,0,0,0,0,1,1,6,1,43,7,1597,2,3,-1,1,-1
2018941800112,1,1,0,18,9,6,0,0,0,0,1,1,6,1,26,6,-1,-1,-1,-1,1,-1
2018941800112,2,9,0,8,0,1,0,0,0,0,4,1,1,1,41,7,1968,2,3,-1,1,-1
2018941800115,1,9,0,9,0,8,0,0,0,0,1,1,6,3,-1,-1,-1,-1,-1,-1,-1,-1
2018941800115,2,1,0,18,0,8,0,0,0,0,3,1,6,1,45,7,-1,-1,-1,-1,1,-1
2018941800117,1,9,0,9,0,5,0,0,0,0,4,1,6,1,-1,-1,1598,2,3,-1,-1,-1
2018941800117,2,1,0,10,0,1,0,0,0,0,3,1,6,2,21,5,-1,-1,-1,-1,1,-1
2018941800118,1,9,0,18,0,0,0,0,0,0,4,1,6,2,53,8,1398,1,4,-1,2,-1
2018941800119,1,9,0,18,0,1,0,0,0,0,1,1,6,1,49,8,1796,1,14,-1,1,-1
2018941800119,2,9,0,4,0,1,0,0,0,0,2,1,6,2,36,7,1997,2,11,-1,1,-1
2018941800120,1,9,0,17,0,0,1,0,7,10,4,1,2,2,54,8,1246,1,9,-1,1,-1
2018941800121,1,9,0,18,0,0,0,7,7,10,1,1,6,1,72,10,1685,2,3,-1,1,-1
2018941800124,1,4,0,10,0,8,2,0,0,0,4,1,6,1,56,9,1340,1,9,-1,1,-1
2018941800125,1,9,0,18,0,0,1,0,0,0,1,1,6,1,23,5,1598,2,6,-1,2,-1
2018941800125,2,9,0,4,0,0,0,0,0,0,2,1,6,1,31,6,1956,2,5,-1,1,-1
2018941800126,1,9,0,18,0,1,0,0,0,0,1,1,6,2,37,7,1598,1,13,-1,1,-1
2018941800129,1,9,0,18,0,0,0,0,0,0,1,1,6,2,59,9,1598,2,3,-1,1,-1
2018941800132,1,9,0,17,0,0,0,0,0,0,4,1,6,2,80,11,1560,2,8,-1,3,-1
2018941800132,2,1,0,18,0,0,0,0,0,0,3,1,6,1,66,10,-1,-1,-1,-1,2,-1
2018941800134,1,9,0,18,0,1,1,0,0,0,1,1,6,1,44,7,1796,1,8,-1,-1,-1
2018941800134,2,21,1,9,0,8,0,0,0,0,3,1,6,1,48,8,-1,-1,-1,-1,-1,-1
2018941800135,1,9,0,18,0,0,2,0,1,0,1,1,2,1,45,7,1798,1,11,-1,1,-1
2018941800136,1,9,0,18,0,0,0,0,7,0,1,1,2,1,40,7,2497,1,11,-1,3,-1
2018941800136,2,9,0,18,0,0,0,0,1,0,1,1,3,2,35,6,1798,8,2,-1,3,-1
2018941800137,1,9,0,9,0,6,0,0,0,0,1,1,6,2,71,10,1198,1,11,-1,3,-1
2018941800137,2,9,0,18,0,1,0,0,0,0,1,1,6,1,47,8,1587,1,12,-1,1,-1
2018941800139,1,9,0,18,0,1,0,0,0,0,1,1,6,1,63,9,1200,1,2,-1,1,-1
2018941800139,2,9,0,3,0,1,0,0,0,0,2,1,6,1,73,10,1398,2,11,-1,1,-1
2018941800143,1,9,0,9,0,8,0,0,0,0,4,1,6,2,54,8,999,1,1,-1,3,-1
2018941800143,2,19,0,18,0,8,0,0,0,0,1,1,2,1,52,8,1753,2,5,-1,1,-1
2018941800144,1,19,0,6,0,8,0,0,0,0,3,1,1,1,58,9,1560,2,8,-1,1,-1
2018941800144,2,11,0,18,0,1,0,0,0,0,1,1,1,1,53,8,9000,2,12,-1,1,-1
2018941800147,1,9,0,18,0,0,2,0,8,11,4,1,6,1,33,6,1598,1,19,-1,1,-1
2018941800147,2,20,0,16,0,0,0,0,0,0,0,1,1,1,47,8,-1,-1,-1,-1,1,-1
2018941800150,1,9,0,18,0,0,5,10,7,0,1,1,2,2,24,5,1398,1,2,-1,-1,-1
2018941800151,1,9,0,18,0,0,0,0,0,0,1,1,6,1,32,6,-1,-1,-1,-1,1,-1
2018941800151,2,9,0,4,0,0,0,0,0,0,2,1,6,1,41,7,1968,2,2,-1,1,-1
2018941800154,1,9,0,9,0,8,0,0,0,0,4,1,1,1,76,11,-1,-1,-1,-1,1,-1
2018941800154,2,9,0,18,0,8,0,0,0,0,1,1,6,1,21,5,1598,1,4,-1,1,-1
2018941800155,1,9,0,18,0,0,1,0,1,0,1,1,6,2,33,6,1229,1,7,-1,1,-1
2018941800156,1,9,0,7,0,8,0,0,3,11,3,1,1,2,18,4,1390,1,12,-1,1,-1
2018941800156,2,9,0,18,0,8,0,0,0,0,1,1,2,2,35,6,1199,1,16,-1,2,-1
2018941800157,1,9,0,18,0,1,0,0,0,0,1,1,6,1,46,8,1997,2,14,-1,3,-1
2018941800157,2,9,0,3,0,1,0,0,0,0,2,1,6,1,63,9,1242,1,7,-1,2,-1
2018941800158,1,19,0,18,0,1,0,0,0,0,1,1,6,2,47,8,1598,2,6,-1,1,-1
2018941800158,2,9,0,10,0,1,0,0,0,0,2,1,6,1,63,9,2979,1,14,-1,1,-1
2018941800163,1,9,0,4,0,0,1,0,0,0,2,1,6,1,44,7,1560,2,3,-1,2,-1
2018941800163,2,9,0,18,0,0,1,0,0,0,1,1,6,1,20,4,1799,1,10,-1,1,-1
2018941800163,3,9,0,18,0,0,1,0,0,0,1,1,6,2,28,6,1461,2,5,-1,1,-1
2018941800163,4,9,0,18,0,0,1,0,0,0,1,1,6,1,56,9,1796,1,11,-1,1,-1
2018941800163,5,19,0,18,0,0,0,0,0,0,1,1,2,1,34,6,2198,2,3,-1,1,-1
2018941800163,6,9,0,18,0,0,0,0,0,0,1,1,1,1,50,8,1560,2,3,-1,3,-1
2018941800170,1,9,0,18,0,0,1,0,0,0,1,1,6,1,20,4,1362,1,6,-1,1,-1
2018941800170,2,9,0,2,0,0,0,0,0,0,2,1,6,1,19,4,1368,1,8,-1,3,-1
2018941800173,1,9,0,9,0,5,0,0,0,0,1,1,6,1,26,6,1499,2,1,-1,1,-1
2018941800174,1,9,0,18,0,0,0,0,0,0,4,1,6,1,20,4,1598,2,5,-1,1,-1
2018941800175,1,9,0,18,0,0,1,0,1,4,1,1,6,1,29,6,1995,2,12,-1,1,-1
2018941800177,1,9,0,16,0,0,0,10,7,11,1,1,6,1,46,8,1995,2,1,4,3,4
2018941800180,1,9,0,16,0,0,1,0,7,10,1,1,1,2,57,9,1149,1,7,-1,2,-1
2018941800181,1,17,4,7,0,8,0,0,0,0,1,1,1,1,21,5,-1,2,3,-1,3,-1
2018941800181,2,19,0,18,0,1,1,0,0,0,1,1,1,1,32,6,2402,2,9,-1,3,-1
2018941800184,1,9,0,1,0,1,0,0,0,0,4,1,6,2,46,8,1796,1,13,-1,1,-1
2018941800184,2,9,0,2,0,1,0,0,0,0,3,1,6,2,34,6,1582,2,10,-1,1,-1
2018941800186,1,9,0,16,0,0,0,0,0,0,1,1,6,1,33,6,1910,2,12,-1,1,-1
2018941800186,2,9,0,17,0,0,0,0,0,0,1,1,6,1,75,10,2400,2,5,-1,1,-1
2018941800187,1,9,0,9,0,8,0,0,0,0,1,1,6,1,56,9,1360,1,16,-1,1,-1
2018941800194,1,9,0,18,0,8,5,0,0,0,4,1,6,1,26,6,1199,1,19,-1,1,-1
2018941800194,2,9,0,18,0,8,0,0,0,0,1,1,6,2,20,4,1150,1,11,-1,1,-1
2018941800200,1,9,0,18,0,0,0,0,0,0,4,1,6,2,62,9,1198,1,6,-1,2,-1
2018941800201,1,9,0,17,0,0,0,10,2,11,1,1,6,2,44,7,1390,1,12,-1,2,-1
2018941800206,1,9,0,18,0,1,0,0,0,0,1,1,6,2,29,6,2967,2,11,-1,3,-1
2018941800206,2,9,0,4,0,1,0,0,0,0,2,1,6,1,55,8,2231,2,4,-1,1,-1
2018941800206,3,19,0,4,0,1,0,0,0,0,2,1,1,2,62,9,-1,-1,-1,-1,1,-1
2018941800206,4,9,0,4,0,1,0,0,0,0,2,1,6,2,70,10,1598,2,5,-1,1,-1
2018941800210,1,11,0,18,0,2,0,0,0,0,1,1,1,1,57,9,8268,2,14,-1,1,-1
2018941800212,1,11,0,18,0,1,0,0,0,0,1,1,1,1,41,7,12000,2,13,-1,1,-1
2018941800212,2,9,0,10,0,1,0,0,0,0,2,1,6,1,27,6,1997,2,4,-1,1,-1
2018941800213,1,9,0,18,0,0,0,0,0,0,3,1,6,3,-1,-1,-1,-1,-1,-1,-1,-1
2018941800221,1,9,0,18,0,4,0,9,1,11,1,1,6,2,78,11,1108,1,9,-1,1,-1
2018941800223,1,9,0,18,0,0,0,0,0,0,1,1,1,1,32,6,1560,2,5,-1,1,-1
2018941800223,2,9,0,4,0,0,0,0,0,0,2,1,2,2,60,9,999,1,3,-1,3,-1
2018941800227,1,9,0,18,0,4,0,0,0,0,1,1,6,1,35,6,1248,2,4,-1,1,-1
2018941800227,2,9,0,9,0,8,1,0,0,0,4,1,6,1,67,10,1360,1,9,-1,1,-1
2018941800233,1,9,0,9,0,8,0,0,1,11,4,1,6,2,49,8,1598,1,7,-1,3,-1
2018941800233,2,9,0,18,0,8,0,0,1,10,3,1,6,2,24,5,1242,1,9,-1,3,-1
2018941800235,1,9,0,9,0,1,0,0,0,0,4,1,6,1,34,6,-1,-1,-1,-1,1,-1
2018941800235,2,5,0,18,0,1,1,0,0,0,1,1,6,1,45,7,998,1,11,-1,1,-1
2018941800236,1,19,0,18,0,0,0,0,0,0,1,1,6,3,-1,-1,2198,2,11,-1,-1,-1
2018941800236,2,9,0,4,0,0,0,0,0,0,2,1,6,2,23,5,1995,2,4,-1,1,-1
2018941800236,3,9,0,4,0,0,0,0,0,0,2,1,6,1,20,4,1199,1,16,-1,-1,-1
2018941800236,4,9,0,4,0,0,0,0,0,0,2,1,6,2,24,5,-1,-1,-1,-1,-1,-1
2018941800237,1,9,0,18,0,0,0,0,0,0,1,1,6,1,79,11,1586,1,11,-1,1,-1
2018941800237,2,9,0,3,0,0,0,0,0,0,2,1,6,2,30,6,1398,2,13,-1,1,-1
2018941800237,3,9,0,3,0,0,0,0,0,0,2,1,6,1,44,7,1910,2,10,-1,1,-1
2018941800238,1,5,0,18,0,0,1,0,0,0,1,1,6,1,53,8,954,1,14,-1,-1,-1
2018941800238,2,9,0,3,0,0,0,0,0,0,2,1,6,1,41,7,999,1,1,-1,3,-1
2018941800240,1,9,0,18,0,1,0,0,0,0,1,1,6,2,30,6,1587,1,12,-1,1,-1
2018941800240,2,9,0,3,0,1,0,0,0,0,2,1,6,2,74,10,1242,1,2,-1,1,-1
2018941800241,1,9,0,18,0,0,0,0,0,0,0,1,6,3,-1,-1,-1,-1,-1,-1,-1,-1
2018941800241,2,9,0,18,0,0,0,0,0,0,2,1,1,1,51,8,1956,2,5,-1,1,-1
2018941800241,3,9,0,18,0,0,0,0,0,0,1,1,1,1,54,8,1364,1,9,-1,1,-1
2018941800241,4,9,0,18,0,0,0,0,0,0,1,1,1,1,35,6,1461,2,15,-1,1,-1
2018941800241,5,9,0,18,0,0,0,0,0,0,1,1,1,1,42,7,3200,2,10,-1,3,-1
2018941800241,6,9,0,18,0,0,0,0,0,0,1,1,1,1,31,6,898,1,5,-1,1,-1
2018941800242,1,9,0,18,0,0,5,0,2,7,1,1,6,1,74,10,1997,2,7,-1,1,-1
2018941800244,1,9,0,9,0,6,0,0,0,0,3,1,-1,2,67,10,1969,1,-1,-1,3,-1
2018941800244,2,9,0,18,0,8,0,0,0,0,1,1,6,2,55,8,-1,-1,-1,-1,3,-1
2018941800245,1,9,0,8,0,1,0,0,0,0,1,1,6,3,-1,-1,-1,-1,-1,-1,-1,-1
2018941800245,2,9,0,8,0,1,0,0,0,0,2,1,6,2,33,6,998,1,5,-1,1,-1
2018941800249,1,9,0,18,0,0,1,10,7,11,3,1,-1,1,22,5,1995,2,11,-1,2,-1
2018941800251,1,9,0,18,0,4,0,0,0,0,1,1,6,1,45,7,1595,1,13,-1,1,-1
2018941800251,2,9,0,18,0,8,0,0,0,0,4,1,6,2,22,5,-1,-1,-1,-1,1,-1
2018941800257,1,9,0,18,0,1,1,0,1,1,1,1,-1,1,19,4,-1,-1,-1,-1,1,-1
2018941800257,2,9,0,18,0,1,0,0,0,0,0,1,1,1,31,6,2993,2,3,-1,1,-1
2018941800258,1,9,0,16,0,0,2,0,8,11,1,1,6,2,37,7,1399,1,9,-1,2,-1
2018941800259,1,9,0,16,0,2,0,0,7,11,1,1,2,2,57,9,1396,1,6,-1,1,-1
2018941800260,1,9,0,18,0,0,0,0,0,0,1,1,6,1,36,7,-1,-1,-1,-1,1,-1
2018941800260,2,9,0,18,0,0,0,0,0,0,1,1,-1,1,20,4,1598,2,6,-1,3,-1
2018941800262,1,21,0,18,0,1,0,0,1,0,1,1,1,1,50,8,3920,2,6,-1,3,-1
2018941800262,2,19,0,4,0,1,0,0,0,0,2,1,1,1,36,7,1995,2,1,-1,2,-1
2018941800263,1,9,0,18,0,0,0,0,0,0,1,1,6,1,30,6,-1,-1,-1,-1,-1,-1
2018941800263,2,9,0,3,0,0,0,0,0,0,2,1,6,2,20,4,998,1,3,-1,1,-1
2018941800266,1,9,0,17,0,0,2,0,1,4,1,1,2,1,33,6,-1,-1,-1,-1,1,-1
2018941800270,1,9,0,16,0,8,2,0,2,0,1,1,6,1,20,4,1242,1,14,-1,1,-1
2018941800271,1,19,0,18,0,0,0,0,0,0,1,1,1,1,29,6,1686,2,15,-1,1,-1
2018941800271,2,9,0,4,0,0,0,0,0,0,2,1,1,1,46,8,1995,1,16,-1,1,-1
2018941800271,3,9,0,4,0,0,0,0,0,0,2,1,1,1,23,5,1998,1,14,-1,1,-1
2018941800271,4,9,0,4,0,0,0,0,0,0,2,1,1,1,42,7,1994,1,16,-1,1,-1
2018941800272,1,9,0,18,0,0,0,0,0,0,1,1,2,2,56,9,1685,2,3,-1,3,-1
2018941800274,1,9,0,18,0,0,0,0,0,0,1,1,2,1,19,4,999,1,2,-1,1,-1
2018941800274,2,9,0,4,0,0,0,0,0,0,2,1,2,1,24,5,1968,2,8,-1,1,-1
2018941800275,1,9,0,18,0,0,1,0,0,0,1,1,1,2,28,6,1229,1,-1,-1,3,-1
2018941800275,2,9,0,3,0,0,0,0,0,0,2,1,1,2,34,6,1590,1,6,-1,1,-1
2018941800275,3,9,0,3,0,0,0,0,0,0,2,1,1,2,37,7,1968,2,4,-1,1,-1
2018941800281,1,9,0,18,0,0,0,0,0,0,1,1,6,1,83,11,1328,1,12,-1,3,-1
2018941800281,2,1,0,3,0,0,0,0,0,0,2,1,6,1,58,9,-1,-1,-1,-1,3,-1
2018941800286,1,9,0,18,0,1,0,0,0,0,1,1,6,1,74,10,1598,2,4,-1,1,-1
2018941800286,2,9,0,4,0,1,0,0,0,0,2,1,6,2,60,9,998,1,9,-1,1,-1
2018941800289,1,9,0,6,0,0,0,0,0,0,4,1,6,1,39,7,1968,2,9,-1,1,-1
2018941800289,2,9,0,18,0,0,0,0,0,0,1,1,6,1,62,9,-1,-1,-1,-1,3,-1
2018941800290,1,3,0,18,0,1,0,0,0,0,1,1,6,2,38,7,125,1,4,8,1,8
2018941800290,2,9,0,4,0,1,0,0,0,0,2,1,6,1,39,7,1598,1,7,-1,3,-1
2018941800291,1,9,0,9,0,5,0,0,0,0,1,1,6,1,72,10,1560,2,5,-1,1,-1
2018941800303,1,9,0,18,0,0,0,0,8,10,1,1,6,1,84,11,1497,8,4,-1,3,-1
2018941800303,2,9,0,18,0,0,0,0,7,9,1,1,6,1,21,5,1984,1,1,-1,1,-1
2018941800304,1,9,0,17,0,1,1,0,0,0,1,1,6,1,28,6,1995,2,15,-1,1,-1
2018941800304,2,9,0,16,0,2,0,0,0,0,3,1,6,2,34,6,1686,2,6,-1,1,-1
2018941800305,1,9,0,18,0,1,0,0,0,0,1,1,2,1,23,5,1560,2,5,-1,1,-1
2018941800305,2,9,0,18,0,1,0,0,0,0,1,1,2,1,36,7,1582,2,1,-1,3,-1
2018941800305,3,9,0,4,0,1,0,0,0,0,2,1,2,2,31,6,1995,2,6,-1,1,-1
2018941800309,1,9,0,13,0,0,2,0,8,0,3,1,6,2,54,8,1461,2,2,-1,1,-1
2018941800309,2,9,0,13,0,0,1,0,0,0,4,1,6,1,19,4,3200,1,11,-1,1,-1
2018941800315,1,5,0,17,0,8,1,0,1,9,1,1,6,1,37,7,649,1,16,-1,1,-1
2018941800317,1,9,0,18,0,8,0,0,1,4,1,1,6,1,19,4,1149,1,13,-1,1,-1
2018941800322,1,9,0,9,0,8,0,0,0,0,1,1,6,1,57,9,2400,2,6,-1,-1,-1
2018941800322,2,9,0,18,0,8,5,0,0,0,3,1,6,1,43,7,1461,2,1,-1,3,-1
2018941800323,1,9,0,18,0,4,0,0,0,0,1,1,6,1,28,6,-1,-1,-1,-1,2,-1
2018941800323,2,1,0,18,0,8,0,0,0,0,4,1,6,1,47,8,-1,-1,-1,-1,1,-1
2018941800326,1,9,0,5,0,1,0,0,0,0,2,1,6,2,68,10,1995,2,2,-1,1,-1
2018941800328,1,9,0,18,0,0,0,0,1,0,1,1,6,2,63,9,2993,2,5,-1,-1,-1
2018941800328,2,9,0,18,0,0,0,0,0,0,1,1,6,2,54,8,1796,1,7,-1,1,-1
2018941800328,3,9,0,18,0,0,0,0,0,0,1,1,6,2,54,8,1199,1,15,-1,1,-1