Accident_Index,Vehicle_Reference,Vehicle_Type,Towing_and_Articulation,Vehicle_Manoeuvre,Vehicle_Location-Restricted_Lane,Junction_Location,Skidding_and_Overturning,Hit_Object_in_Carriageway,Vehicle_Leaving_Carriageway,Hit_Object_off_Carriageway,1st_Point_of_Impact,Was_Vehicle_Left_Hand_Drive?,Journey_Purpose_of_Driver,Sex_of_Driver,Age_of_Driver,Age_Band_of_Driver,Engine_Capacity_(CC),Propulsion_Code,Age_of_Vehicle,Driver_IMD_Decile,Driver_Home_Area_Type,Vehicle_IMD_Decile
2018941800331,1,9,0,17,0,0,0,0,0,0,1,1,6,2,25,5,1582,2,12,-1,1,-1
2018941800331,2,9,0,16,0,0,0,0,0,0,1,1,6,1,25,5,2000,1,14,-1,3,-1
2018941800332,1,9,0,18,0,1,0,0,0,0,1,1,6,2,19,4,1598,1,8,-1,1,-1
2018941800332,2,9,0,3,0,1,0,0,0,0,2,1,6,1,74,10,1390,1,9,-1,2,-1
2018941800335,1,9,0,18,0,1,0,0,0,0,3,1,6,1,54,8,1398,2,14,-1,2,-1
2018941800336,1,9,0,18,0,1,0,0,0,0,1,1,6,2,52,8,1997,2,14,-1,1,-1
2018941800336,2,9,0,4,0,1,0,0,0,0,2,1,6,1,34,6,1997,2,9,-1,1,-1
2018941800337,1,9,0,9,0,8,0,0,7,0,3,1,3,1,17,4,1198,1,13,-1,2,-1
2018941800337,2,19,0,14,0,1,1,0,7,0,1,1,1,2,22,5,1995,2,-1,-1,1,-1
2018941800338,1,9,0,7,0,6,0,0,0,0,1,1,6,2,67,10,1598,1,3,-1,1,-1
2018941800338,2,21,1,14,0,8,0,0,0,0,1,1,1,1,37,7,12809,2,1,3,1,3
2018941800340,1,9,0,18,0,1,0,0,0,0,1,1,6,2,51,8,1591,1,-1,-1,1,-1
2018941800340,2,9,0,2,0,2,0,0,0,0,4,1,6,2,43,7,2993,2,3,-1,3,-1
2018941800344,1,9,0,18,0,1,0,0,0,0,3,1,6,2,39,7,1998,1,4,-1,1,-1
2018941800347,1,9,0,4,0,0,0,0,0,0,4,1,6,2,54,8,1753,2,11,-1,1,-1
2018941800348,1,19,0,14,0,2,0,0,0,0,4,1,1,2,60,9,1560,2,-1,-1,1,-1
2018941800350,1,9,0,13,0,0,0,0,0,0,1,1,6,1,19,4,1299,1,16,-1,1,-1
2018941800350,2,21,0,18,0,0,0,0,0,0,1,1,1,1,54,8,12902,2,5,-1,1,-1
2018941800350,3,9,0,18,0,0,0,0,0,0,2,1,6,1,58,9,1997,2,13,-1,2,-1
2018941800353,1,10,0,18,0,0,0,0,0,0,1,1,1,1,28,6,-1,-1,-1,-1,1,-1
2018941800354,1,9,0,16,0,0,0,0,0,0,1,1,6,2,52,8,1242,1,9,-1,1,-1
2018941800354,2,9,0,17,0,0,0,0,0,0,1,1,6,1,67,10,1968,2,5,-1,1,-1
2018941800355,1,3,0,7,0,3,1,0,0,0,3,1,6,1,44,7,125,1,3,-1,1,-1
2018941800356,1,19,0,9,0,8,0,0,0,0,4,1,1,2,30,6,1499,2,1,-1,-1,-1
2018941800356,2,1,0,18,0,8,0,0,0,0,3,1,6,1,35,6,-1,-1,-1,-1,1,-1
2018941800358,1,9,0,1,0,0,0,0,0,0,4,1,-1,1,54,8,1968,2,6,-1,-1,-1
2018941800359,1,9,0,18,0,8,0,0,0,0,1,1,6,2,46,8,-1,-1,-1,-1,1,-1
2018941800359,2,9,0,5,0,8,0,0,0,0,1,1,6,1,51,8,-1,-1,-1,-1,2,-1
2018941800359,3,9,0,18,0,8,0,0,0,0,1,1,6,1,38,7,1339,1,10,-1,2,-1
2018941800363,1,9,0,18,0,0,0,0,0,0,1,1,6,1,33,6,1596,1,12,-1,3,-1
2018941800363,2,9,0,3,0,0,0,0,0,0,2,1,6,2,26,6,1360,1,12,-1,1,-1
2018941800364,1,9,0,12,0,0,2,0,1,4,3,1,6,1,20,4,1248,2,5,-1,1,-1
2018941800364,2,9,0,18,0,0,1,0,0,0,4,1,2,2,32,6,2143,2,-1,-1,1,-1
2018941800364,3,9,0,18,0,0,1,0,1,11,1,1,1,2,51,8,1560,2,5,-1,2,-1
2018941800364,4,9,0,18,0,0,1,0,0,0,1,1,1,2,31,6,1248,2,4,-1,3,-1
2018941800366,1,9,0,7,0,8,0,0,0,0,4,1,6,1,76,11,1968,2,1,-1,-1,-1
2018941800366,2,1,0,18,0,8,0,0,0,0,3,1,6,2,59,9,-1,-1,-1,-1,1,-1
2018941800367,1,9,0,13,0,0,1,0,7,9,4,1,1,1,37,7,-1,-1,-1,5,1,5
2018941800367,2,1,0,18,0,0,0,0,0,0,3,1,6,1,53,8,-1,-1,-1,-1,1,-1
2018941800370,1,21,0,4,0,1,0,0,0,0,1,1,1,1,35,6,12740,2,3,-1,1,-1
2018941800370,2,9,0,3,0,1,0,0,0,0,2,1,6,1,64,9,2993,2,-1,-1,3,-1
2018941800371,1,9,0,16,0,8,0,0,0,0,1,1,1,1,54,8,-1,-1,-1,-1,1,-1
2018941800371,2,9,0,17,0,8,0,0,0,0,3,1,6,2,22,5,1496,2,2,-1,1,-1
2018941800371,3,9,0,17,0,8,0,0,0,0,1,1,6,2,29,6,1975,1,13,-1,3,-1
2018941800372,1,9,0,13,0,0,0,0,0,0,4,1,6,3,-1,-1,-1,-1,-1,-1,-1,-1
2018941800372,2,1,0,18,0,0,1,0,0,0,3,1,6,2,37,7,-1,-1,-1,-1,1,-1
2018941800373,1,9,0,18,0,1,2,0,7,11,1,1,6,1,20,4,-1,-1,-1,-1,1,-1
2018941800375,1,3,0,12,0,7,1,0,0,0,3,1,1,1,24,5,124,1,10,-1,1,-1
2018941800375,2,9,0,4,0,8,0,0,0,0,2,1,6,1,35,6,1998,1,4,-1,1,-1
2018941800377,1,9,0,18,0,1,1,0,0,0,1,1,2,1,23,5,1197,1,2,-1,1,-1
2018941800377,2,9,0,18,0,1,0,0,0,0,1,1,6,2,72,10,1686,2,8,-1,1,-1
2018941800377,3,9,0,10,0,1,0,0,0,0,2,1,6,1,61,9,1242,1,1,-1,1,-1
2018941800380,1,9,0,18,0,0,0,0,0,0,1,1,6,1,46,8,1956,2,4,-1,1,-1
2018941800380,2,9,0,4,0,0,0,0,0,0,2,1,6,1,71,10,3498,1,9,-1,1,-1
2018941800380,3,9,0,4,0,0,0,0,0,0,2,1,6,2,62,9,2987,2,8,-1,-1,-1
2018941800381,1,9,0,18,0,0,0,0,0,0,1,1,6,1,63,9,1360,1,12,-1,2,-1
2018941800381,2,9,0,18,0,0,0,0,0,0,1,1,6,2,82,11,1397,1,5,-1,1,-1
2018941800381,3,9,0,2,0,0,0,0,0,0,3,1,6,1,27,6,1796,1,12,-1,1,-1
2018941800385,1,9,0,14,0,1,1,0,0,0,1,1,2,1,40,7,1595,1,18,-1,1,-1
2018941800385,2,9,0,18,0,1,1,0,0,0,1,1,6,1,65,9,998,1,4,-1,1,-1
2018941800385,3,9,0,3,0,1,0,0,0,0,1,1,2,1,45,7,1796,1,10,-1,1,-1
2018941800389,1,9,0,18,0,1,0,0,0,0,1,1,6,3,-1,-1,-1,-1,-1,-1,-1,-1
2018941800390,1,9,0,18,0,1,0,0,0,0,1,1,6,1,32,6,1968,2,11,-1,1,-1
2018941800390,2,9,0,4,0,1,0,0,0,0,2,1,1,1,30,6,2183,2,7,-1,1,-1
2018941800390,3,19,0,10,0,1,0,0,0,0,2,1,1,1,44,7,1499,2,-1,-1,1,-1
2018941800392,1,9,0,18,0,1,0,0,0,0,1,1,6,2,23,5,1229,1,7,-1,2,-1
2018941800392,2,9,0,4,0,1,0,0,0,0,2,1,6,1,21,5,1984,1,1,-1,3,-1
2018941800393,1,5,0,18,0,1,0,0,0,0,1,1,6,1,61,9,798,1,3,-1,3,-1
2018941800393,2,9,0,10,0,1,0,0,0,0,2,1,6,2,30,6,1997,2,3,-1,1,-1
2018941800394,1,9,0,18,0,0,5,10,7,1,1,1,6,1,29,6,1796,1,15,-1,1,-1
2018941800396,1,9,0,17,0,0,0,0,0,0,1,1,6,1,55,8,1248,1,-1,-1,-1,-1
2018941800396,2,19,0,16,0,0,0,0,0,0,1,1,1,1,28,6,1560,2,4,-1,1,-1
2018941800398,1,9,0,1,9,8,0,0,0,0,2,1,6,2,42,7,1997,2,3,-1,3,-1
2018941800400,1,9,0,5,0,1,1,0,7,11,1,1,6,1,51,8,4951,1,2,-1,2,-1
2018941800400,2,9,0,2,6,1,0,0,0,0,4,1,6,1,47,8,1998,1,8,-1,3,-1
2018941800402,1,9,0,18,0,1,0,4,0,0,1,1,1,1,31,6,1598,1,3,-1,1,-1
2018941800402,2,9,0,2,0,2,0,0,1,1,2,1,6,1,35,6,-1,-1,-1,-1,1,-1
2018941800404,1,19,0,13,0,1,0,0,0,0,2,1,6,3,-1,-1,-1,-1,-1,-1,-1,-1
2018941800404,2,9,0,13,0,1,2,0,1,11,1,1,2,1,30,6,1956,2,3,-1,3,-1
2018941800405,1,9,0,18,0,0,0,0,0,0,4,1,6,1,85,11,1499,2,2,-1,2,-1
2018941800405,2,1,0,18,0,0,0,0,0,0,2,1,6,2,54,8,-1,-1,-1,-1,1,-1
2018941800406,1,5,0,13,0,0,1,0,7,11,3,1,6,1,51,8,1584,1,7,-1,1,-1
2018941800406,2,9,0,18,0,0,0,0,0,0,3,1,6,1,22,5,1395,1,2,-1,3,-1
2018941800408,1,9,0,18,0,0,0,0,1,10,1,1,6,1,49,8,1390,1,7,-1,3,-1
2018941800411,1,1,0,18,0,8,0,0,0,0,1,1,6,1,6,2,-1,-1,-1,-1,1,-1
2018941800411,2,9,0,18,0,8,0,0,0,0,1,1,6,1,71,10,1398,1,4,-1,1,-1
2018941800412,1,9,0,18,0,0,2,0,1,0,1,1,6,1,49,8,1328,1,4,-1,3,-1
2018941800413,1,11,0,9,0,8,0,0,0,0,4,1,1,1,53,8,12778,2,7,-1,3,-1
2018941800416,1,21,1,18,0,0,0,0,0,0,3,1,1,1,55,8,-1,-1,-1,1,1,1
2018941800417,1,9,0,17,0,8,1,0,8,7,3,1,6,1,25,5,1984,1,3,-1,1,-1
2018941800418,1,9,0,16,0,2,2,0,0,0,1,1,6,1,88,11,999,1,1,-1,1,-1
2018941800418,2,9,0,17,0,1,2,0,1,0,1,1,6,1,82,11,1197,1,3,-1,2,-1
2018941800419,1,9,0,18,0,0,0,0,0,0,4,1,6,1,60,9,996,1,5,-1,1,-1
2018941800420,1,9,0,18,0,2,0,0,1,0,4,1,6,1,26,6,1753,2,11,-1,1,-1
2018941800421,1,3,0,17,0,0,1,0,1,11,1,1,6,1,44,7,125,1,2,-1,1,-1
2018941800422,1,9,0,18,0,0,0,0,0,0,1,1,1,1,52,8,1968,2,8,-1,1,-1
2018941800422,2,9,0,3,0,0,0,0,0,0,2,1,1,1,31,6,-1,-1,-1,-1,1,-1
2018941800423,1,9,0,16,0,8,0,10,3,4,1,1,6,1,27,6,2143,2,4,-1,1,-1
2018941800425,1,5,0,18,0,3,1,0,0,0,4,1,1,1,37,7,1170,1,10,-1,1,-1
2018941800427,1,9,0,9,0,8,0,0,0,0,4,1,6,1,22,5,2000,2,7,-1,1,-1
2018941800427,2,9,0,18,0,8,0,0,0,0,3,1,6,2,55,8,1390,1,25,-1,3,-1
2018941800428,1,9,0,7,0,6,0,0,0,0,3,1,6,1,30,6,1796,1,16,-1,1,-1
2018941800428,2,9,0,18,0,1,0,0,0,0,1,1,6,1,24,5,1998,1,21,-1,3,-1
2018941800428,3,9,0,18,0,1,0,0,0,0,1,1,6,1,60,9,1560,2,-1,-1,1,-1
2018941800432,1,9,0,14,0,2,0,0,0,0,3,1,6,2,39,7,1499,2,2,-1,1,-1
2018941800433,1,9,0,18,0,1,0,0,0,0,1,1,1,2,23,5,999,1,4,-1,3,-1
2018941800434,1,9,0,18,0,1,0,0,0,0,4,1,6,2,19,4,1560,2,12,-1,1,-1
2018941800435,1,8,0,18,0,1,0,0,0,0,0,1,1,1,49,8,1596,1,5,-1,1,-1
2018941800437,1,11,0,16,0,8,0,12,0,0,1,1,1,1,59,9,6696,2,5,-1,1,-1
2018941800441,1,9,0,17,0,1,2,0,7,0,1,1,6,1,44,7,-1,-1,-1,-1,1,-1
2018941800441,2,9,0,16,0,1,2,0,1,0,1,1,6,2,50,8,1598,1,6,-1,1,-1
2018941800444,1,9,0,9,0,8,0,0,0,0,1,1,6,2,77,11,1242,1,10,-1,1,-1
2018941800444,2,9,0,18,0,8,0,0,0,0,1,1,6,1,28,6,2993,2,2,-1,3,-1
2018941800445,1,9,0,7,0,6,0,0,8,11,1,1,6,2,77,11,1395,1,1,-1,2,-1
2018941800450,1,3,0,15,0,2,0,0,0,0,1,1,6,1,23,5,125,1,1,-1,1,-1
2018941800450,2,9,0,7,0,2,0,0,0,0,4,1,6,2,53,8,2179,2,4,-1,3,-1
2018941800452,1,9,0,18,0,0,0,0,0,0,1,1,6,1,50,8,2993,2,7,-1,1,-1
2018941800452,2,9,0,18,0,0,0,0,0,0,2,1,6,1,25,5,998,1,5,-1,1,-1
2018941800452,3,9,0,4,0,0,0,0,0,0,2,1,6,1,55,8,1995,2,12,-1,3,-1
2018941800456,1,9,0,18,0,0,2,0,1,0,1,1,6,1,56,9,1242,1,12,-1,3,-1
2018941800457,1,9,0,18,0,0,0,0,1,7,1,1,-1,1,70,10,1998,2,6,-1,3,-1
2018941800461,1,9,0,18,0,0,1,0,1,11,1,1,6,1,24,5,1229,1,6,-1,2,-1
2018941800462,1,9,0,13,0,0,0,0,1,0,1,1,6,1,18,4,1242,1,1,-1,1,-1
2018941800462,2,9,0,18,0,0,0,0,0,0,1,1,6,2,60,9,1339,1,8,-1,3,-1
2018941800465,1,11,0,5,0,2,0,0,0,0,1,1,1,1,35,6,5900,2,12,-1,1,-1
2018941800476,1,9,0,18,0,0,0,0,0,4,1,1,2,2,50,8,-1,-1,-1,-1,1,-1
2018941800480,1,9,0,17,0,0,2,0,7,10,1,1,6,1,21,5,1600,1,18,-1,3,-1
2018941800481,1,9,0,4,0,1,1,0,0,0,1,1,6,2,29,6,1995,2,7,-1,3,-1
2018941800481,2,19,0,4,0,1,0,0,0,0,2,1,1,1,36,7,1248,2,8,-1,1,-1
2018941800486,1,9,0,4,0,8,0,0,0,0,1,1,6,2,69,10,1560,2,8,-1,3,-1
2018941800486,2,9,0,10,0,8,0,0,0,0,2,1,6,2,49,8,1956,2,3,-1,3,-1
2018941800488,1,9,0,18,0,0,2,0,1,0,1,1,2,1,46,8,1598,2,2,-1,1,-1
2018941800489,1,9,0,18,0,8,0,0,0,0,4,1,6,1,48,8,1496,2,2,4,2,4
2018941800489,2,9,0,18,0,8,0,0,0,0,1,1,6,1,73,10,1995,2,13,-1,3,-1
2018941800490,1,9,4,18,0,1,0,0,0,0,0,1,1,1,52,8,2495,2,17,-1,3,-1
2018941800490,2,9,0,18,0,1,0,0,1,0,1,1,6,2,38,7,1598,1,11,4,1,4
2018941800491,1,9,0,18,0,0,0,0,0,0,3,1,6,1,43,7,1968,2,3,-1,1,-1
2018941800491,2,9,0,18,0,0,0,0,0,0,3,1,6,2,51,8,1364,1,11,-1,1,-1
2018941800491,3,9,0,2,0,0,0,0,0,0,3,1,6,1,31,6,1910,2,11,-1,1,-1
2018941800492,1,9,0,5,0,0,5,0,0,0,2,1,6,1,85,11,1248,1,7,-1,1,-1
2018941800492,2,9,0,2,0,0,0,0,0,0,1,1,6,1,45,7,1799,1,12,-1,1,-1
2018941800492,3,9,0,2,0,0,0,0,0,0,1,1,6,2,43,7,1598,1,8,-1,1,-1
2018941800493,1,9,0,18,0,0,0,0,0,0,1,1,2,1,65,9,2993,2,6,-1,1,-1
2018941800493,2,9,0,4,0,0,0,0,0,0,2,1,2,1,24,5,-1,-1,-1,-1,1,-1
2018941800493,3,9,0,4,0,0,0,0,0,0,2,1,2,1,38,7,1560,2,9,-1,1,-1
2018941800496,1,9,0,7,0,6,0,0,0,0,1,1,6,1,71,10,1560,2,-1,-1,1,-1
2018941800496,2,1,0,18,0,8,0,0,0,0,3,1,6,2,53,8,-1,-1,-1,-1,1,-1
2018941800498,1,9,0,9,0,6,0,0,0,0,1,1,6,1,54,8,1968,2,9,-1,1,-1
2018941800498,2,9,0,10,0,8,0,0,0,0,3,1,6,2,44,7,1229,1,2,-1,1,-1
2018941800499,1,1,0,18,0,8,0,0,0,0,1,1,6,1,10,2,-1,-1,-1,-1,1,-1
2018941800499,2,9,0,9,0,8,0,0,0,0,4,1,6,1,53,8,1598,1,12,-1,1,-1
2018941800501,1,8,0,2,0,0,0,0,0,0,0,1,1,1,61,9,1560,2,2,-1,1,-1
2018941800502,1,9,0,18,0,0,0,0,0,0,1,1,6,2,30,6,1560,2,4,-1,2,-1
2018941800502,2,8,0,4,0,0,0,0,0,0,2,1,6,1,54,8,-1,-1,-1,-1,2,-1
2018941800502,3,8,0,3,0,0,0,0,0,0,2,1,6,1,69,10,1395,1,1,-1,1,-1
2018941800503,1,9,0,18,0,0,0,0,0,0,1,1,6,3,-1,-1,-1,-1,-1,-1,-1,-1
2018941800503,2,8,0,4,0,0,0,0,0,0,2,1,1,1,54,8,1598,2,-1,-1,1,-1
2018941800504,1,9,0,16,0,8,1,0,7,0,1,1,6,1,31,6,1598,1,11,-1,3,-1
2018941800504,2,9,0,17,0,8,0,0,0,0,1,1,6,2,42,7,1598,1,5,-1,1,-1
2018941800506,1,9,0,16,0,0,5,0,1,1,1,1,6,1,21,5,1390,1,7,-1,1,-1
2018941800507,1,9,0,18,0,1,0,0,0,0,3,1,6,1,31,6,2993,2,15,-1,1,-1
2018941800509,1,17,4,13,0,0,3,0,0,0,0,1,1,1,26,6,6728,2,1,-1,3,-1
2018941800509,2,1,0,18,0,0,1,0,0,0,0,1,6,1,11,3,-1,-1,-1,-1,3,-1
2018941800511,1,11,0,5,0,1,0,0,0,0,1,1,1,1,37,7,8268,2,14,-1,1,-1
2018941800515,1,9,0,18,0,1,0,0,1,11,1,1,6,1,32,6,1364,1,10,-1,2,-1
2018941800515,2,9,0,17,0,1,0,0,0,0,1,1,6,2,55,8,1229,1,12,-1,3,-1
2018941800516,1,9,0,18,0,1,0,0,7,10,1,1,6,1,80,11,1582,2,1,-1,2,-1
2018941800517,1,9,0,4,0,0,0,0,0,0,1,1,6,1,23,5,998,1,6,-1,2,-1
2018941800517,2,9,0,3,0,0,0,0,0,0,2,1,6,1,46,8,1560,2,9,-1,1,-1
2018941800521,1,9,0,9,0,8,0,0,0,0,1,1,6,2,53,8,1398,1,2,-1,1,-1
2018941800522,1,9,0,9,0,8,0,0,0,0,3,1,6,1,86,11,1199,1,16,-1,3,-1
2018941800522,2,9,0,18,0,8,0,0,0,0,1,1,6,2,25,5,1598,2,6,-1,1,-1
2018941800524,1,1,0,18,0,8,0,0,0,0,1,1,6,1,9,2,-1,-1,-1,-1,1,-1
2018941800524,2,9,0,18,0,8,0,0,0,0,1,1,6,1,20,4,998,1,5,-1,1,-1
2018941800526,1,9,0,18,0,4,0,0,0,0,1,1,1,2,24,5,1198,1,1,-1,1,-1
2018941800526,2,9,0,3,0,1,0,0,0,0,2,1,1,1,36,7,1968,2,4,-1,1,-1
2018941800527,1,9,0,18,0,0,0,0,0,0,4,1,6,1,44,7,-1,-1,-1,-1,1,-1
2018941800528,1,9,0,6,0,0,0,0,0,0,4,1,6,1,21,5,2461,2,21,-1,2,-1
2018941800530,1,9,0,9,0,8,0,0,0,0,3,1,6,2,24,5,1598,2,3,-1,3,-1
2018941800530,2,9,0,18,0,8,0,0,0,0,3,1,6,2,32,6,1299,1,12,-1,-1,-1
2018941800531,1,9,0,6,0,8,0,0,1,0,3,1,6,1,18,4,998,1,2,-1,3,-1
2018941800531,2,9,0,17,0,8,0,0,1,0,4,1,6,1,19,4,1390,1,5,-1,3,-1
2018941800533,1,19,0,14,0,2,0,0,0,0,4,1,6,1,40,7,1753,2,9,-1,1,-1
2018941800536,1,8,0,5,0,6,0,0,0,0,3,1,1,1,58,9,1956,2,7,-1,1,-1
2018941800536,2,3,0,18,0,1,0,0,0,0,1,1,6,1,29,6,125,1,6,-1,1,-1
2018941800540,1,9,0,18,0,0,0,4,0,0,1,1,1,1,65,9,1582,2,-1,-1,1,-1
2018941800540,2,90,0,2,0,0,0,0,0,0,2,1,1,1,52,8,8970,2,12,-1,1,-1
2018941800543,1,9,0,13,0,0,0,0,7,0,1,1,6,1,21,5,1395,1,4,-1,1,-1
2018941800543,2,9,0,18,0,0,0,0,0,0,1,1,6,1,58,9,-1,-1,-1,-1,1,-1
2018941800544,1,9,0,18,0,0,0,0,0,0,1,1,6,1,24,5,999,1,-1,-1,1,-1
2018941800551,1,9,0,16,0,0,0,0,0,0,3,1,6,2,40,7,998,1,1,-1,2,-1
2018941800551,2,9,0,17,0,0,0,0,0,0,3,1,6,1,36,7,1956,2,9,-1,2,-1
2018941800557,1,9,0,18,0,1,0,0,3,10,1,1,6,2,19,4,999,1,3,-1,3,-1
2018941800558,1,9,0,18,0,0,0,0,0,0,1,1,6,1,68,10,1560,2,10,-1,1,-1
2018941800559,1,9,0,7,0,4,1,0,0,0,2,1,6,2,23,5,1349,1,6,-1,1,-1
2018941800559,2,9,0,18,0,8,0,0,0,0,4,1,6,1,61,9,2967,1,16,-1,1,-1
2018941800561,1,9,0,16,0,0,2,0,2,9,4,1,6,1,20,4,2995,1,1,-1,3,-1
2018941800564,1,9,0,18,0,1,0,0,0,0,1,1,6,2,29,6,1796,1,14,-1,-1,-1
2018941800564,2,9,0,4,0,1,0,0,0,0,2,1,1,2,48,8,1398,1,1,-1,1,-1
2018941800566,1,9,0,18,0,0,0,0,0,0,4,1,6,2,28,6,1582,2,2,-1,2,-1
2018941800568,1,9,0,9,0,6,0,0,0,0,3,1,6,2,51,8,1598,1,10,-1,-1,-1
2018941800568,2,9,0,18,0,8,0,0,0,0,1,1,6,1,55,8,1968,2,-1,-1,3,-1
2018941800575,1,9,0,5,0,4,0,0,0,0,2,1,2,2,54,8,1395,1,-1,-1,1,-1
2018941800575,2,9,0,18,0,4,0,0,0,0,1,1,6,1,64,9,-1,-1,-1,-1,1,-1
2018941800575,3,9,0,18,0,1,0,0,0,0,1,1,3,2,36,7,1598,2,2,-1,3,-1
2018941800576,1,5,0,18,0,8,0,0,7,0,1,1,6,1,44,7,1157,1,13,-1,1,-1
2018941800576,2,17,4,7,0,8,0,0,0,0,3,1,1,1,20,4,-1,2,2,-1,3,-1
2018941800577,1,9,0,9,0,5,0,0,0,0,1,1,6,1,19,4,1229,1,9,-1,2,-1
2018941800577,2,1,0,7,0,1,0,0,0,0,1,1,6,1,43,7,-1,-1,-1,-1,2,-1
2018941800579,1,9,0,9,0,5,0,0,0,0,1,1,6,2,21,5,1242,1,1,-1,1,-1
2018941800579,2,5,0,18,0,8,0,0,0,0,1,1,1,1,37,7,599,1,15,-1,1,-1
2018941800580,1,9,0,16,0,0,1,0,2,11,1,1,6,1,20,4,998,1,10,-1,1,-1
2018941800581,1,5,0,18,0,0,5,0,0,0,1,1,6,1,54,8,1200,1,19,-1,1,-1
2018941800581,2,9,0,18,0,0,0,0,0,0,2,1,6,1,41,7,1995,2,1,-1,1,-1
2018941800582,1,9,0,16,0,0,1,0,7,11,1,1,1,1,21,5,1242,1,6,-1,-1,-1
2018941800584,1,9,0,16,0,0,2,0,0,0,1,1,2,1,20,4,1229,1,5,-1,2,-1
2018941800587,1,9,0,18,0,1,0,0,0,0,1,1,6,1,24,5,2993,2,2,-1,1,-1
2018941800587,2,9,0,10,0,1,0,0,0,0,2,1,6,2,54,8,1499,1,2,-1,1,-1
2018941800587,3,9,0,3,0,1,0,0,0,0,2,1,6,1,21,5,1995,2,2,-1,1,-1
2018941800588,1,9,0,14,0,8,0,0,0,0,1,1,2,2,38,7,898,1,1,-1,1,-1
2018941800589,1,9,0,9,0,8,0,0,0,0,4,1,2,1,27,6,1968,2,8,-1,2,-1
2018941800589,2,9,0,18,0,8,0,0,0,0,1,1,6,1,45,7,1984,2,7,-1,1,-1
2018941800591,1,9,0,18,0,0,0,0,7,0,1,1,6,1,87,11,1796,1,9,-1,1,-1
2018941800591,2,9,0,18,0,0,0,0,0,0,1,1,6,1,43,7,1299,1,17,-1,1,-1
2018941800593,1,9,0,18,0,8,1,12,1,11,1,1,1,1,39,7,998,1,12,-1,1,-1
2018941800595,1,19,0,18,0,0,0,0,0,0,2,1,2,1,43,7,1560,2,3,-1,3,-1
2018941800595,2,5,0,18,0,0,0,0,1,9,1,1,2,1,39,7,645,1,1,-1,3,-1
2018941800597,1,9,0,18,0,0,0,0,0,0,1,1,6,1,21,5,1598,1,11,-1,3,-1
2018941800599,1,9,0,18,0,0,0,0,0,0,1,1,6,1,51,8,1299,1,17,-1,1,-1
2018941800599,2,9,0,18,0,0,0,0,0,0,1,1,6,2,23,5,1968,2,1,-1,1,-1
2018941800600,1,9,0,18,0,0,0,0,0,0,1,1,6,2,47,8,1598,1,5,-1,3,-1
2018941800600,2,9,0,4,0,0,0,0,0,0,2,1,6,1,29,6,1242,1,10,-1,-1,-1
2018941800600,3,9,0,4,0,0,0,0,0,0,2,1,6,1,23,5,1390,1,8,-1,1,-1
2018941800600,4,9,0,4,0,0,0,0,0,0,2,1,6,1,37,7,1560,2,10,-1,1,-1
2018941800603,1,9,0,17,0,0,0,0,1,3,1,1,2,1,19,4,2204,2,12,-1,2,-1
2018941800608,1,9,0,18,0,0,0,0,0,0,1,1,2,1,47,8,999,1,-1,5,2,5
2018941800608,2,9,0,3,0,0,0,0,0,0,2,1,2,1,57,9,1395,1,-1,-1,3,-1
2018941800610,1,9,0,18,0,0,0,0,0,0,1,1,6,2,30,6,1398,1,8,-1,2,-1
2018941800612,1,9,0,18,0,0,0,0,7,4,4,1,6,1,17,4,1229,1,9,-1,1,-1
2018941800615,1,9,0,4,0,1,0,0,0,0,1,1,6,1,37,7,1200,1,1,-1,1,-1
2018941800615,2,9,0,4,0,1,0,0,0,0,2,1,6,2,63,9,1995,1,14,-1,1,-1
2018941800616,1,9,0,7,0,2,0,0,0,0,1,1,6,1,25,5,-1,-1,-1,-1,-1,-1
2018941800617,1,9,0,18,0,0,0,4,4,2,1,1,6,1,26,6,1896,2,12,-1,1,-1
2018941800617,2,9,0,2,0,0,0,4,0,0,2,1,6,2,23,5,1461,2,4,-1,1,-1
2018941800617,3,8,0,2,0,0,0,4,0,0,2,1,6,1,75,10,1598,2,3,-1,1,-1
2018941800617,4,9,0,2,0,0,0,4,0,0,2,1,6,2,64,9,1197,1,2,-1,1,-1
2018941800617,5,9,0,2,0,0,0,0,0,0,2,1,6,1,53,8,1686,2,4,-1,1,-1
2018941800618,1,3,0,4,0,4,2,0,0,0,1,1,6,1,26,6,124,1,5,-1,2,-1
2018941800620,1,9,0,18,0,0,0,0,0,0,1,1,6,1,22,5,1596,1,8,-1,2,-1
2018941800621,1,9,0,18,0,2,0,0,0,0,1,1,6,1,18,4,1242,1,10,-1,3,-1
2018941800621,2,9,0,3,0,2,0,0,0,0,2,1,6,2,39,7,1870,2,11,-1,2,-1
2018941800621,3,9,0,3,0,2,0,0,0,0,2,1,6,1,55,8,1685,2,2,-1,1,-1
2018941800624,1,9,0,18,0,1,0,0,0,0,1,1,2,1,26,6,1596,1,4,-1,1,-1
2018941800624,2,9,0,3,0,1,0,0,0,0,2,1,2,2,17,4,1242,1,8,-1,1,-1
2018941800626,1,9,0,4,0,2,0,0,0,0,1,1,6,1,81,11,1395,1,3,-1,1,-1
2018941800626,2,8,0,3,0,2,0,0,0,0,2,1,1,1,37,7,1197,1,6,-1,1,-1