Accident_Index,Vehicle_Reference,Vehicle_Type,Towing_and_Articulation,Vehicle_Manoeuvre,Vehicle_Location-Restricted_Lane,Junction_Location,Skidding_and_Overturning,Hit_Object_in_Carriageway,Vehicle_Leaving_Carriageway,Hit_Object_off_Carriageway,1st_Point_of_Impact,Was_Vehicle_Left_Hand_Drive?,Journey_Purpose_of_Driver,Sex_of_Driver,Age_of_Driver,Age_Band_of_Driver,Engine_Capacity_(CC),Propulsion_Code,Age_of_Vehicle,Driver_IMD_Decile,Driver_Home_Area_Type,Vehicle_IMD_Decile
2018941800629,1,3,0,18,0,0,0,0,0,0,3,1,6,1,25,5,124,1,5,-1,1,-1
2018941800630,1,11,0,18,0,2,0,0,0,0,4,1,1,1,60,9,9000,2,8,-1,2,-1
2018941800631,1,3,0,17,0,0,0,0,1,0,1,1,6,2,46,8,124,1,-1,-1,1,-1
2018941800632,1,9,0,4,0,8,0,0,0,0,1,1,6,2,35,6,1598,1,10,-1,3,-1
2018941800632,2,9,0,10,0,8,0,0,0,0,2,1,6,1,31,6,1364,1,11,-1,1,-1
2018941800633,1,9,0,17,0,2,0,0,0,0,3,1,6,1,41,7,1560,2,4,7,1,7
2018941800634,1,9,0,18,0,1,0,0,0,0,1,1,2,2,18,4,1360,1,12,-1,1,-1
2018941800637,1,1,0,18,0,0,0,0,0,0,1,1,2,1,46,8,-1,-1,-1,-1,-1,-1
2018941800637,2,9,0,4,0,0,0,0,0,0,3,1,2,1,37,7,1896,2,13,-1,1,-1
2018941800638,1,9,0,18,0,1,0,0,0,0,1,1,6,2,27,6,1198,1,11,-1,1,-1
2018941800638,2,19,0,18,0,1,0,0,0,0,1,1,6,1,34,6,1461,2,8,-1,2,-1
2018941800638,3,9,0,3,0,1,0,0,0,0,2,1,6,1,70,10,996,1,9,-1,1,-1
2018941800638,4,9,0,3,0,1,0,0,0,0,2,1,6,1,70,10,996,1,9,-1,1,-1
2018941800639,1,9,0,18,0,8,0,0,0,0,4,1,6,1,72,10,1242,1,14,-1,3,-1
2018941800639,2,10,0,18,0,8,0,0,0,0,1,1,1,2,24,5,-1,-1,-1,-1,1,-1
2018941800641,1,9,0,7,0,6,0,0,0,0,3,1,6,1,56,9,2143,2,1,-1,1,-1
2018941800641,2,3,0,18,0,8,0,0,0,0,4,1,6,1,36,7,124,1,1,-1,3,-1
2018941800645,1,9,0,7,0,6,0,0,0,0,0,1,6,1,77,11,1197,1,1,-1,1,-1
2018941800645,2,9,0,18,0,8,0,0,0,0,1,1,6,1,80,11,1388,1,7,-1,1,-1
2018941800645,3,9,0,18,0,8,0,0,0,0,1,1,6,2,38,7,2993,2,7,-1,3,-1
2018941800649,1,9,0,13,0,0,0,0,0,0,0,1,6,3,25,5,-1,-1,-1,-1,-1,-1
2018941800649,2,3,0,18,0,0,1,0,0,0,4,1,6,1,34,6,125,1,3,-1,1,-1
2018941800651,1,90,0,18,0,8,0,0,7,0,1,1,1,1,49,8,7698,2,2,-1,3,-1
2018941800651,2,9,0,18,0,8,0,0,1,11,3,1,2,1,29,6,999,1,-1,-1,2,-1
2018941800655,1,9,0,18,0,8,0,0,0,0,4,1,6,1,29,6,1968,2,7,-1,1,-1
2018941800655,2,9,0,18,0,8,0,7,0,0,1,1,6,2,20,4,1686,2,8,-1,2,-1
2018941800656,1,9,0,16,0,0,1,0,0,0,1,1,6,1,54,8,1999,1,15,-1,3,-1
2018941800656,2,9,0,17,0,0,1,0,1,11,1,1,2,1,59,9,1560,2,3,-1,2,-1
2018941800657,1,9,0,18,0,0,0,0,0,0,1,1,2,1,18,4,1242,1,7,-1,2,-1
2018941800659,1,9,0,7,0,5,0,0,0,0,4,1,2,1,46,8,1582,2,8,-1,3,-1
2018941800660,1,9,0,9,0,5,0,0,0,0,1,1,6,2,55,8,1998,1,15,-1,1,-1
2018941800660,2,19,0,18,0,8,0,0,0,0,1,1,1,1,36,7,2198,2,2,-1,1,-1
2018941800663,1,9,0,2,0,0,0,0,0,0,2,1,6,1,37,7,1995,2,10,-1,1,-1
2018941800663,2,3,0,18,0,0,0,4,0,0,1,1,2,1,46,8,124,1,4,-1,1,-1
2018941800666,1,11,0,4,0,0,0,0,0,0,4,1,1,2,52,8,9360,2,7,-1,2,-1
2018941800668,1,9,0,7,0,2,0,0,0,0,1,1,6,2,28,6,1388,1,16,-1,1,-1
2018941800668,2,9,0,5,0,1,0,0,0,0,1,1,6,2,51,8,1769,1,17,-1,1,-1
2018941800669,1,9,0,18,0,1,0,10,8,11,1,1,6,1,19,4,1364,1,8,-1,3,-1
2018941800671,1,9,0,5,0,6,0,0,0,0,1,1,6,1,29,6,1397,1,10,-1,2,-1
2018941800671,2,9,0,18,0,8,0,0,1,1,3,1,6,1,34,6,1598,1,9,-1,1,-1
2018941800673,1,9,0,5,0,1,0,0,0,0,1,1,6,2,23,5,1995,2,13,-1,1,-1
2018941800673,2,9,0,8,0,6,0,0,0,0,2,1,6,2,42,7,1396,1,4,-1,1,-1
2018941800675,1,21,0,18,0,0,5,0,1,9,4,1,1,1,42,7,12419,2,2,-1,1,-1
2018941800679,1,9,0,17,0,0,1,0,7,0,1,1,6,1,25,5,2400,2,9,-1,1,-1
2018941800679,2,9,0,16,0,0,0,0,1,0,1,1,6,2,49,8,1200,1,5,-1,1,-1
2018941800680,1,9,0,18,0,0,0,0,0,0,1,1,6,1,40,7,1149,1,12,-1,1,-1
2018941800680,2,9,0,18,0,0,0,0,0,0,1,1,6,2,47,8,1461,2,1,-1,1,-1
2018941800681,1,9,0,18,0,0,0,10,1,1,1,1,6,2,50,8,1149,1,7,-1,1,-1
2018941800683,1,9,0,12,0,0,2,0,1,4,2,1,6,1,34,6,1461,2,6,-1,1,-1
2018941800683,2,11,0,18,0,0,0,0,0,0,4,1,1,2,55,8,12778,2,7,-1,2,-1
2018941800685,1,19,0,18,0,0,0,0,0,0,1,1,6,1,21,5,2198,2,2,-1,1,-1
2018941800685,2,9,0,3,0,0,0,0,0,0,2,1,2,1,18,4,1560,2,8,-1,1,-1
2018941800685,3,9,0,3,0,0,0,0,0,0,2,1,6,1,51,8,1796,1,11,-1,1,-1
2018941800685,4,9,0,3,0,0,0,0,0,0,2,1,6,1,40,7,1598,2,3,-1,1,-1
2018941800685,5,9,0,3,0,0,0,0,0,0,2,1,2,2,17,4,1198,1,11,-1,3,-1
2018941800688,1,9,0,18,0,1,0,0,0,0,1,1,6,1,44,7,-1,-1,-1,-1,-1,-1
2018941800688,2,19,0,3,0,1,0,0,0,0,2,1,1,1,62,9,-1,-1,-1,-1,3,-1
2018941800688,3,9,0,9,0,5,0,0,0,0,2,1,6,2,36,7,1796,1,12,-1,3,-1
2018941800691,1,9,0,18,0,2,0,0,0,0,1,1,6,1,72,10,1497,1,13,-1,1,-1
2018941800696,1,9,0,5,0,4,0,0,0,0,1,1,2,2,46,8,1364,1,2,-1,-1,-1
2018941800696,2,1,0,18,0,8,0,0,0,0,4,1,2,1,44,7,-1,-1,-1,-1,1,-1
2018941800698,1,9,0,18,0,0,0,0,0,0,4,1,6,1,23,5,1398,1,8,-1,1,-1
2018941800698,2,9,0,2,9,0,0,0,0,0,4,1,6,1,34,6,1461,2,7,-1,1,-1
2018941800699,1,9,0,18,0,8,0,0,0,0,4,1,6,1,33,6,998,1,8,-1,1,-1
2018941800699,2,9,0,5,0,8,0,0,0,0,1,1,6,1,51,8,1997,1,6,-1,1,-1
2018941800704,1,19,0,18,0,0,0,0,0,0,1,2,1,1,21,5,-1,-1,-1,-1,-1,-1
2018941800704,2,21,0,18,0,0,0,0,1,1,1,1,1,1,39,7,12580,2,12,-1,1,-1
2018941800706,1,9,0,9,0,6,0,0,0,0,3,1,6,2,38,7,1560,2,3,-1,1,-1
2018941800706,2,1,0,18,0,8,0,0,0,0,1,1,6,1,23,5,-1,-1,-1,-1,1,-1
2018941800707,1,9,0,17,0,0,2,0,1,0,4,1,6,1,19,4,1399,1,-1,-1,3,-1
2018941800708,1,9,0,18,0,0,0,0,0,0,3,1,2,1,71,10,1998,2,17,-1,1,-1
2018941800711,1,9,0,9,0,5,0,0,0,0,1,1,6,2,25,5,1910,2,11,-1,3,-1
2018941800712,1,9,0,18,0,0,0,10,1,11,1,1,6,1,27,6,1686,2,14,-1,2,-1
2018941800714,1,97,0,9,0,0,0,0,0,0,1,1,6,1,23,5,-1,-1,-1,-1,1,-1
2018941800714,2,9,0,18,0,0,0,0,0,0,1,1,6,1,30,6,-1,-1,-1,-1,3,-1
2018941800715,1,9,0,16,0,0,5,0,2,11,1,1,6,1,36,7,1229,1,12,-1,2,-1
2018941800717,1,9,0,18,0,0,0,0,0,0,1,1,6,2,25,5,1390,1,8,-1,1,-1
2018941800717,2,9,0,3,0,0,0,0,0,0,2,1,1,1,31,6,-1,-1,-1,-1,1,-1
2018941800718,1,9,0,18,0,6,0,0,0,0,1,1,6,1,44,7,2496,2,15,-1,1,-1
2018941800718,2,19,0,18,0,8,0,0,0,0,3,1,1,1,32,6,2143,2,6,-1,1,-1
2018941800719,1,5,0,17,0,0,1,0,0,0,3,1,6,1,51,8,645,1,5,-1,3,-1
2018941800719,2,9,0,16,0,0,0,0,0,0,1,1,6,1,44,7,-1,-1,-1,-1,2,-1
2018941800721,1,19,0,5,0,4,0,0,0,0,3,1,6,1,31,6,1248,2,10,-1,1,-1
2018941800721,2,9,0,18,0,8,0,0,1,4,4,1,6,1,58,9,2198,2,11,-1,1,-1
2018941800724,1,9,0,18,0,0,5,10,7,4,3,1,6,1,25,5,1686,2,13,-1,1,-1
2018941900008,1,9,0,12,0,0,0,0,0,0,3,1,6,3,-1,-1,-1,-1,-1,-1,-1,-1
2018941900008,2,9,0,18,0,0,0,0,0,0,4,1,6,1,77,11,1560,2,6,-1,1,-1
2018941900008,3,9,0,4,0,0,0,0,0,0,3,1,6,1,42,7,2179,2,8,-1,1,-1
2018941900024,1,9,0,16,0,1,0,0,0,0,1,1,1,1,24,5,1686,2,7,-1,1,-1
2018941900024,2,9,0,4,0,1,0,0,0,0,2,1,6,2,60,9,1999,2,1,-1,3,-1
2018950000002,1,9,0,5,0,1,0,0,0,0,4,1,6,2,58,9,1582,2,8,-1,-1,-1
2018950000006,1,9,0,18,0,1,0,0,0,0,1,1,6,1,40,7,2204,2,12,-1,1,-1
2018950000007,1,9,0,13,0,0,0,0,0,0,4,1,6,1,44,7,-1,-1,-1,-1,1,-1
2018950000007,2,1,0,18,0,0,0,0,0,0,3,1,6,2,43,7,-1,-1,-1,-1,1,-1
2018950000008,1,9,0,18,0,0,0,0,0,0,1,1,6,2,43,7,1995,2,6,-1,2,-1
2018950000010,1,9,0,9,0,0,0,0,0,0,1,1,2,1,54,8,1598,2,3,-1,3,-1
2018950000011,1,9,0,18,0,0,5,0,1,0,1,1,2,1,26,6,-1,-1,-1,-1,1,-1
2018950000012,1,9,0,9,0,8,0,0,0,0,1,1,6,2,36,7,898,1,4,-1,1,-1
2018950000012,2,9,0,18,0,8,0,0,3,11,1,1,6,1,48,8,1461,2,1,-1,1,-1
2018950000013,1,9,0,5,0,8,0,0,0,0,2,1,6,2,58,9,1388,1,12,-1,3,-1
2018950000013,2,19,0,18,0,1,0,0,0,0,3,1,6,1,46,8,1686,2,17,-1,1,-1
2018950000014,1,9,0,18,0,1,0,0,0,0,1,1,6,2,44,7,1984,1,15,-1,3,-1
2018950000014,2,9,0,3,0,1,0,0,0,0,2,1,6,1,85,11,999,1,5,-1,1,-1
2018950000015,1,9,0,18,0,0,0,4,0,0,1,1,6,1,24,5,1995,2,7,-1,1,-1
2018950000015,2,9,0,2,0,0,0,0,0,0,1,1,6,1,-1,-1,1896,2,14,-1,-1,-1
2018950000015,3,9,0,3,0,0,0,0,0,0,4,1,1,1,55,8,1598,2,2,-1,2,-1
2018950000017,1,9,0,18,0,8,0,0,0,0,1,1,6,1,70,10,1395,1,1,-1,2,-1
2018950000017,2,1,0,18,0,8,0,0,0,0,2,1,6,2,54,8,-1,-1,-1,-1,1,-1
2018950000018,1,9,0,18,0,8,0,0,0,0,1,1,6,1,24,5,1398,1,1,-1,1,-1
2018950000018,2,9,0,5,0,4,0,0,0,0,1,1,2,1,39,7,998,1,1,-1,1,-1
2018950000018,3,9,0,5,0,4,0,0,0,0,3,1,6,1,46,8,-1,-1,-1,-1,1,-1
2018950000019,1,9,0,18,0,2,0,0,0,0,1,1,6,1,38,7,1599,1,11,-1,1,-1
2018950000023,1,9,0,18,0,0,1,0,7,11,1,1,6,1,30,6,1686,2,13,-1,1,-1
2018950000025,1,9,0,3,0,4,0,0,0,0,3,1,2,1,32,6,1242,1,4,-1,3,-1
2018950000026,1,11,0,9,0,1,0,0,0,0,0,1,1,1,50,8,4580,2,10,-1,1,-1
2018950000030,1,9,0,18,0,0,0,0,7,11,1,1,2,1,35,6,1995,2,7,3,1,3
2018950000031,1,19,0,18,0,0,0,0,0,0,1,1,2,2,37,7,1461,2,13,-1,2,-1
2018950000031,2,9,0,18,0,0,0,0,0,0,2,1,2,1,36,7,1199,2,7,-1,1,-1
2018950000033,1,11,0,1,2,0,0,0,0,0,0,1,1,1,51,8,5132,2,1,-1,2,-1
2018950000034,1,9,0,16,4,8,0,0,0,0,1,1,6,2,39,7,1956,2,7,-1,3,-1
2018950000034,2,1,0,3,4,1,0,0,0,0,2,1,6,2,24,5,-1,-1,-1,-1,-1,-1
2018950000035,1,8,0,18,0,1,0,0,0,0,2,1,1,2,47,8,2776,2,2,-1,1,-1
2018950000035,2,19,0,3,0,1,0,0,0,0,2,1,1,1,29,6,2800,2,18,-1,1,-1
2018950000037,1,8,0,7,0,1,0,0,0,0,1,1,1,1,43,7,2143,2,1,-1,1,-1
2018950000038,1,9,0,1,0,0,0,11,0,0,2,1,6,1,58,9,1598,1,11,-1,1,-1
2018950000039,1,9,0,1,0,0,0,0,0,0,2,1,6,2,59,9,1364,1,2,-1,1,-1
2018950000040,1,9,0,1,0,0,0,0,0,0,2,1,6,2,48,8,1598,2,7,-1,3,-1
2018950000041,1,9,0,5,0,4,0,0,0,0,1,1,6,3,40,7,2143,2,5,-1,3,-1
2018950000041,2,9,0,18,0,8,0,0,0,0,1,1,6,2,54,8,1206,1,7,-1,1,-1
2018950000042,1,19,0,1,0,0,0,0,0,0,3,1,6,1,-1,-1,2198,2,6,-1,-1,-1
2018950000043,1,19,0,18,0,0,0,0,0,0,1,1,6,1,24,5,1248,2,9,-1,3,-1
2018950000043,2,9,0,4,0,0,0,0,0,0,2,1,6,1,44,7,1995,2,13,-1,1,-1
2018950000043,3,9,0,18,0,0,0,0,0,0,1,1,6,1,34,6,2191,2,4,-1,1,-1
2018950000043,4,9,0,4,0,0,0,0,0,0,2,1,6,1,43,7,1242,1,4,-1,1,-1
2018950000044,1,9,0,18,0,1,0,0,0,0,1,1,6,1,27,6,-1,-1,-1,-1,1,-1
2018950000044,2,9,0,4,0,1,0,0,0,0,2,1,6,2,50,8,-1,-1,-1,-1,3,-1
2018950000045,1,9,0,12,0,0,0,0,0,0,3,1,2,1,58,9,1229,1,3,-1,1,-1
2018950000045,2,1,0,18,0,0,0,0,0,0,4,1,6,1,34,6,-1,-1,-1,-1,1,-1
2018950000046,1,21,1,17,0,0,1,0,0,0,4,1,1,1,59,9,12740,2,4,-1,-1,-1
2018950000046,2,9,0,18,0,0,0,0,1,0,3,1,2,2,48,8,2183,2,6,-1,3,-1
2018950000046,3,9,0,18,0,0,0,0,0,0,1,1,2,1,73,10,-1,-1,-1,-1,3,-1
2018950000047,1,1,0,18,0,4,0,0,0,0,1,1,6,1,41,7,-1,-1,-1,-1,3,-1
2018950000047,2,9,0,9,0,3,0,0,0,0,1,1,6,2,77,11,999,1,8,-1,1,-1
2018950000050,1,9,0,5,0,1,0,0,0,0,1,1,6,1,22,5,1149,1,13,-1,3,-1
2018950000050,2,9,0,3,0,1,0,0,0,0,2,1,6,1,59,9,1197,1,3,-1,1,-1
2018950000051,1,3,0,18,0,0,0,0,0,0,1,1,6,1,32,6,125,1,7,-1,1,-1
2018950000051,2,9,0,3,0,0,0,0,0,0,2,1,6,2,66,10,1999,2,-1,-1,1,-1
2018950000052,1,3,0,14,0,0,0,0,0,0,1,1,6,1,18,4,-1,-1,-1,-1,-1,-1
2018950000052,2,9,0,14,0,0,0,0,0,0,3,1,6,1,38,7,1968,2,11,-1,1,-1
2018950000054,1,9,0,4,0,1,0,0,0,0,1,1,6,2,50,8,1598,1,8,-1,1,-1
2018950000054,2,8,0,3,0,1,0,0,0,0,2,1,1,1,53,8,1997,2,4,-1,-1,-1
2018950000055,1,4,0,18,9,0,0,0,0,0,1,1,6,3,-1,-1,-1,-1,-1,-1,-1,-1
2018950000057,1,9,0,7,0,1,0,0,0,0,1,1,6,1,27,6,1798,8,2,-1,3,-1
2018950000058,1,9,0,9,0,8,0,0,0,0,3,1,6,1,18,4,1242,1,3,-1,2,-1
2018950000058,2,9,0,18,0,8,0,0,0,0,3,1,6,1,35,6,1596,1,12,-1,1,-1
2018950000059,1,9,0,9,0,8,0,0,0,0,4,1,6,3,-1,-1,-1,-1,-1,-1,-1,-1
2018950000060,1,9,0,18,0,1,0,0,0,0,1,1,6,1,57,9,899,1,4,-1,1,-1
2018950000060,2,9,0,3,0,1,0,0,0,0,2,1,6,2,42,7,1422,2,2,-1,1,-1
2018950000060,3,9,0,3,0,1,0,0,0,0,2,1,6,1,47,8,1461,2,4,-1,1,-1
2018950000061,1,9,0,16,0,0,0,0,0,0,1,1,2,1,18,4,995,1,13,-1,1,-1
2018950000061,2,9,0,17,0,0,0,0,0,0,1,1,6,1,28,6,1461,2,2,-1,1,-1
2018950000062,1,9,0,18,0,0,0,0,0,0,1,1,6,2,63,9,-1,-1,-1,-1,1,-1
2018950000062,2,9,2,3,0,0,0,0,0,0,2,1,2,1,27,6,1198,1,7,-1,-1,-1
2018950000065,1,9,0,18,0,1,0,0,0,0,1,2,6,2,39,7,-1,-1,-1,-1,1,-1
2018950000065,2,9,0,2,0,1,0,0,1,0,2,1,6,1,-1,-1,1386,1,5,-1,-1,-1
2018950000066,1,9,0,18,0,0,0,0,0,0,1,1,6,1,30,6,998,1,4,-1,1,-1
2018950000067,1,9,0,16,0,1,1,0,0,0,3,1,6,1,40,7,1229,1,4,-1,2,-1
2018950000067,2,9,0,4,0,1,0,0,0,0,3,1,6,2,57,9,1242,1,4,-1,1,-1
2018950000068,1,9,0,9,0,8,0,0,0,0,3,1,6,2,18,4,1198,1,6,-1,1,-1
2018950000068,2,4,0,18,2,8,0,0,0,0,1,1,2,1,53,8,675,1,7,-1,1,-1
2018950000069,1,9,0,16,0,1,0,0,0,0,1,1,2,2,19,4,1200,1,15,-1,3,-1
2018950000069,2,20,0,17,0,2,0,0,0,0,1,1,6,1,60,9,-1,-1,-1,-1,3,-1
2018950000070,1,8,0,9,0,8,0,0,0,0,4,1,6,1,51,8,2664,2,17,-1,1,-1
2018950000070,2,1,0,18,0,1,0,0,0,0,1,1,6,1,46,8,-1,-1,-1,-1,1,-1
2018950000071,1,9,0,13,0,0,1,0,0,0,1,1,6,1,18,4,1598,1,9,-1,3,-1
2018950000071,2,9,0,18,0,0,0,0,0,0,2,1,2,1,58,9,1686,2,8,-1,3,-1
2018950000072,1,9,0,18,0,0,1,0,1,1,3,1,2,1,33,6,-1,-1,-1,-1,1,-1
2018950000073,1,8,0,5,0,0,0,0,0,0,3,1,1,1,50,8,1997,2,15,-1,1,-1
2018950000073,2,3,0,14,0,0,0,0,0,0,4,1,6,1,21,5,125,1,14,-1,1,-1
2018950000074,1,9,0,3,0,1,0,0,0,0,4,1,6,1,37,7,1197,1,3,-1,1,-1
2018950000075,1,19,0,18,0,0,0,0,0,0,1,1,6,1,52,8,1399,2,9,-1,2,-1
2018950000075,2,9,0,17,0,0,0,0,0,0,1,1,1,3,39,7,1598,1,4,-1,-1,-1
2018950000077,1,9,0,18,0,0,0,0,0,0,3,1,6,1,31,6,1396,2,6,-1,2,-1
2018950000078,1,9,0,18,0,1,0,0,0,0,1,1,2,1,20,4,1364,1,2,-1,1,-1
2018950000078,2,9,0,18,0,2,0,0,0,0,1,1,6,1,80,11,1200,1,1,-1,2,-1
2018950000079,1,9,0,5,0,0,0,0,0,0,1,1,6,1,28,6,1560,2,1,-1,1,-1
2018950000079,2,9,0,3,0,0,0,0,0,0,2,1,6,2,46,8,-1,-1,-1,-1,-1,-1
2018950000080,1,9,0,18,0,1,0,0,0,0,1,1,1,1,35,6,1598,2,3,-1,1,-1
2018950000080,2,9,0,3,0,1,0,0,0,0,2,1,6,3,-1,-1,-1,-1,-1,-1,-1,-1
2018950000081,1,9,0,18,0,1,0,0,0,0,3,1,2,1,41,7,1840,1,15,-1,3,-1
2018950000082,1,9,0,16,0,0,1,0,7,9,1,1,2,1,48,8,1329,1,7,-1,1,-1
2018950000083,1,9,0,17,0,1,1,0,2,7,1,1,2,1,53,8,1598,2,3,-1,2,-1
2018950000083,2,9,0,16,0,1,0,0,0,0,1,1,2,1,63,9,1242,1,14,-1,3,-1
2018950000084,1,19,0,18,0,1,0,0,1,1,1,1,1,1,43,7,1560,2,5,-1,2,-1
2018950000087,1,9,0,17,0,0,0,0,1,0,1,1,6,1,19,4,1360,1,12,-1,1,-1
2018950000088,1,9,0,18,0,2,1,0,1,10,4,1,6,2,47,8,-1,-1,-1,-1,3,-1
2018950000089,1,9,0,18,0,1,0,0,0,0,1,1,6,2,34,6,1582,2,3,-1,1,-1
2018950000089,2,9,0,18,0,1,0,0,0,0,2,1,6,1,41,7,1398,1,1,-1,1,-1
2018950000089,3,9,0,18,0,1,0,0,0,0,2,1,6,2,77,11,1329,1,2,-1,3,-1
2018950000089,4,9,0,18,0,1,0,0,0,0,2,1,6,1,47,8,1995,2,1,-1,3,-1
2018950000089,5,9,0,18,0,1,0,0,0,0,2,1,6,2,39,7,1242,1,6,-1,3,-1
2018950000090,1,8,0,18,0,1,0,0,0,0,1,1,1,1,79,11,2402,2,15,-1,1,-1
2018950000091,1,9,0,18,0,2,0,0,0,0,1,1,2,1,53,8,1598,1,11,-1,1,-1
2018950000092,1,9,0,18,0,8,1,0,0,0,1,1,6,1,53,8,1686,2,6,-1,3,-1
2018950000092,2,9,0,18,0,8,1,0,0,0,4,1,6,2,26,6,999,1,1,-1,3,-1
2018950000093,1,9,0,18,0,1,0,0,0,0,1,1,6,2,46,8,1461,2,9,-1,3,-1
2018950000093,2,1,0,18,0,1,0,0,0,0,1,1,6,1,31,6,-1,-1,-1,-1,1,-1
2018950000094,1,9,0,18,0,1,0,0,0,0,3,1,6,3,-1,-1,-1,-1,-1,-1,-1,-1
2018950000095,1,1,0,18,0,0,0,0,0,0,0,1,6,1,50,8,-1,-1,-1,-1,1,-1
2018950000096,1,9,0,18,0,4,0,0,0,0,1,1,6,3,-1,-1,-1,-1,-1,-1,-1,-1
2018950000096,2,1,0,18,0,8,0,0,0,0,1,1,6,1,39,7,-1,-1,-1,-1,1,-1
2018950000097,1,9,0,18,0,1,0,0,0,0,1,1,2,2,48,8,1198,1,6,-1,1,-1
2018950000098,1,19,0,18,0,1,0,0,0,0,1,1,1,1,63,9,1248,2,4,-1,1,-1
2018950000099,1,9,0,18,0,1,0,0,0,0,1,1,6,2,77,11,1197,1,3,-1,1,-1
2018950000100,1,9,0,18,0,8,0,0,0,0,1,1,6,1,42,7,1598,1,12,-1,2,-1
2018950000100,2,19,0,18,0,8,0,0,1,0,1,1,2,1,53,8,1598,2,4,-1,1,-1
2018950000100,3,20,0,18,0,1,0,0,0,0,1,1,1,1,46,8,-1,-1,-1,-1,3,-1
2018950000101,1,9,0,18,0,0,0,0,0,0,1,1,6,1,31,6,1799,1,11,-1,2,-1
2018950000101,2,9,0,2,0,0,0,0,0,0,2,1,6,1,36,7,1364,1,9,-1,3,-1
2018950000102,1,9,0,12,0,7,0,0,5,6,2,1,2,2,62,9,1560,2,4,-1,3,-1
2018950000102,2,21,0,12,0,2,0,0,0,0,3,1,6,1,32,6,12777,2,5,-1,1,-1
2018950000103,1,9,0,18,0,0,0,0,1,11,2,1,2,2,20,4,1499,1,1,-1,1,-1
2018950000104,1,9,0,18,0,2,0,0,0,0,0,1,6,1,26,6,1596,1,6,-1,1,-1
2018950000104,2,11,0,12,0,2,0,0,0,0,0,1,1,1,56,9,5132,2,4,-1,1,-1
2018950000105,1,11,0,5,0,2,0,0,0,0,0,1,1,1,35,6,9360,2,9,-1,1,-1
2018950000107,1,9,0,18,0,0,0,0,0,0,1,1,3,2,27,6,1598,2,3,-1,1,-1
2018950000108,1,11,0,9,0,2,0,0,0,0,1,1,1,1,30,6,5132,2,1,-1,1,-1
2018950000109,1,9,0,18,0,0,0,0,0,0,1,1,1,2,32,6,-1,-1,-1,-1,-1,-1
2018950000110,1,9,0,18,0,1,0,0,0,0,1,1,6,1,29,6,-1,-1,-1,-1,2,-1
2018950000110,2,9,0,3,0,1,0,0,0,0,1,1,6,2,64,9,1896,2,9,-1,2,-1
2018950000111,1,9,0,9,0,1,0,0,1,0,1,1,6,1,20,4,1896,2,17,-1,1,-1
2018950000111,2,9,0,9,0,1,0,0,0,0,1,1,1,3,-1,-1,1560,2,3,-1,-1,-1
2018950000112,1,9,0,17,0,0,0,0,1,0,1,1,6,2,51,8,1364,1,-1,-1,1,-1
2018950000113,1,9,0,18,0,0,0,0,0,0,2,1,6,3,-1,-1,1198,1,8,-1,-1,-1
2018950000113,2,8,0,18,0,0,0,0,0,0,1,1,1,1,51,8,1997,2,3,-1,1,-1
2018950000114,1,9,0,17,0,1,0,0,0,0,4,1,6,2,29,6,1197,1,4,-1,3,-1
2018950000115,1,9,0,16,0,0,1,0,1,3,1,1,6,1,50,8,1597,2,2,-1,2,-1
2018950000116,1,9,0,18,0,0,0,8,0,0,2,1,2,1,50,8,1246,1,11,-1,1,-1
2018950000116,2,9,0,2,0,0,0,0,0,0,3,1,4,1,-1,-1,1998,1,9,-1,-1,-1
2018950000117,1,9,0,16,0,0,0,0,0,0,1,1,6,2,40,7,998,1,6,-1,3,-1
2018950000117,2,9,0,18,0,0,0,0,0,0,1,1,6,1,60,9,1198,1,4,-1,2,-1
2018950000118,1,9,0,16,0,0,0,0,8,0,3,1,2,1,20,4,1896,2,14,-1,3,-1
2018950000119,1,9,0,18,0,1,0,0,0,0,1,1,6,2,47,8,1998,2,5,-1,1,-1
2018950000119,2,9,0,10,0,1,0,0,0,0,2,1,6,2,33,6,1229,1,8,-1,1,-1
2018950000120,1,9,0,18,0,0,0,0,1,9,1,1,6,2,64,9,-1,-1,-1,-1,3,-1
2018950000121,1,9,0,18,0,0,0,0,0,0,4,1,6,1,41,7,1240,1,12,-1,1,-1
2018950000122,1,9,0,18,0,0,0,0,2,7,1,1,6,1,40,7,2400,2,6,-1,1,-1
2018950000122,2,9,0,4,0,0,0,0,0,0,2,1,6,1,22,5,1199,2,7,-1,1,-1
2018950000123,1,21,1,18,0,0,3,0,5,6,1,1,1,1,36,7,11705,2,6,-1,-1,-1
2018950000124,1,1,0,18,0,1,0,0,7,1,1,1,6,1,52,8,-1,-1,-1,-1,1,-1
2018950000125,1,19,0,6,0,0,0,0,0,0,0,1,2,1,56,9,1998,2,12,-1,-1,-1
2018950000125,2,9,0,18,0,0,0,0,0,0,1,1,1,3,-1,-1,3200,2,4,-1,-1,-1
2018950000125,3,9,0,3,0,0,0,0,1,5,2,1,6,1,29,6,1796,1,13,-1,1,-1
2018950000127,1,9,0,18,0,4,0,0,0,0,1,1,6,2,49,8,1997,2,13,-1,1,-1
2018950000127,2,1,0,18,0,4,0,0,0,0,2,1,6,1,52,8,-1,-1,-1,-1,1,-1
2018950000130,1,19,0,1,0,2,0,0,0,0,2,1,6,3,-1,-1,2298,2,2,-1,-1,-1