Accident_Index,Vehicle_Reference,Vehicle_Type,Towing_and_Articulation,Vehicle_Manoeuvre,Vehicle_Location-Restricted_Lane,Junction_Location,Skidding_and_Overturning,Hit_Object_in_Carriageway,Vehicle_Leaving_Carriageway,Hit_Object_off_Carriageway,1st_Point_of_Impact,Was_Vehicle_Left_Hand_Drive?,Journey_Purpose_of_Driver,Sex_of_Driver,Age_of_Driver,Age_Band_of_Driver,Engine_Capacity_(CC),Propulsion_Code,Age_of_Vehicle,Driver_IMD_Decile,Driver_Home_Area_Type,Vehicle_IMD_Decile
2018950000311,1,19,0,18,0,0,0,0,0,0,1,1,1,1,51,8,2299,2,5,-1,3,-1
2018950000312,1,9,0,18,0,1,0,0,0,0,1,1,6,1,28,6,1595,1,14,-1,1,-1
2018950000313,1,9,0,18,0,0,0,0,0,0,3,1,1,1,18,4,1229,1,6,-1,1,-1
2018950000313,2,4,0,18,0,0,0,0,0,0,4,1,1,1,32,6,645,1,9,-1,1,-1
2018950000314,1,9,0,18,0,1,0,0,0,0,1,1,6,2,63,9,1598,1,11,-1,1,-1
2018950000314,2,9,0,7,0,8,0,0,0,0,2,1,6,2,28,6,998,1,7,-1,1,-1
2018950000315,1,9,0,18,0,1,0,0,0,4,1,1,6,2,43,7,1599,1,12,-1,1,-1
2018950000316,1,9,0,3,0,1,0,0,0,0,1,1,6,2,18,4,1149,1,14,-1,1,-1
2018950000316,2,9,0,3,0,1,0,0,0,0,2,1,6,1,23,5,1984,1,3,-1,1,-1
2018950000317,1,11,0,3,0,1,0,0,0,0,0,1,1,1,52,8,5132,2,4,-1,1,-1
2018950000318,1,9,0,9,0,8,0,0,0,0,1,1,2,1,35,6,1968,2,9,-1,1,-1
2018950000319,1,9,0,18,0,0,0,0,0,7,1,1,6,1,18,4,998,1,9,-1,1,-1
2018950000319,2,9,0,18,0,0,0,0,0,0,2,1,1,1,26,6,1995,2,5,-1,1,-1
2018950000320,1,9,0,18,0,0,0,0,1,0,1,1,6,1,53,8,2143,2,5,-1,3,-1
2018950000320,2,21,0,18,0,0,0,0,0,0,1,1,2,1,45,7,9200,2,11,6,1,6
2018950000321,1,9,0,1,0,0,0,0,0,0,2,1,6,1,68,10,-1,-1,-1,-1,1,-1
2018950000322,1,9,0,18,0,8,0,4,0,0,2,1,6,1,26,6,1364,1,4,-1,3,-1
2018950000322,2,9,0,18,0,1,0,0,0,0,1,1,1,3,-1,-1,2993,2,1,-1,-1,-1
2018950000322,3,19,0,2,0,2,0,0,0,0,3,1,6,1,-1,-1,2299,2,7,-1,-1,-1
2018950000323,1,9,0,7,0,8,0,0,0,0,4,1,6,2,59,9,1395,1,1,-1,3,-1
2018950000323,2,1,0,7,0,8,0,0,0,0,2,1,2,2,26,6,-1,-1,-1,-1,3,-1
2018950000324,1,9,0,4,0,1,0,0,0,0,1,1,2,2,60,9,1598,2,7,-1,1,-1
2018950000324,2,9,0,4,0,1,0,0,0,0,2,1,2,2,45,7,1598,1,4,-1,1,-1
2018950000324,3,9,0,4,0,1,0,0,0,0,2,1,2,2,57,9,-1,-1,-1,-1,3,-1
2018950000325,1,9,0,6,0,0,0,0,0,0,3,1,2,1,19,4,-1,-1,-1,-1,1,-1
2018950000325,2,4,0,18,0,0,2,0,0,0,1,1,6,1,47,8,955,1,17,-1,2,-1
2018950000326,1,90,0,4,0,0,0,0,0,0,1,1,1,1,98,11,7146,2,8,-1,-1,-1
2018950000326,2,9,0,3,0,0,0,0,0,0,2,1,6,2,25,5,1499,1,2,-1,1,-1
2018950000326,3,9,0,3,0,0,0,0,0,0,2,1,6,3,-1,-1,-1,-1,-1,-1,-1,-1
2018950000327,1,9,0,7,0,8,0,0,0,0,1,1,6,1,76,11,999,1,9,-1,1,-1
2018950000327,2,9,0,18,0,1,0,0,0,0,4,1,6,1,44,7,1997,2,4,-1,1,-1
2018950000328,1,9,0,5,0,1,0,0,0,0,1,1,6,1,38,7,2199,2,8,-1,1,-1
2018950000328,2,1,0,9,0,2,0,0,0,0,2,1,2,1,55,8,-1,-1,-1,-1,1,-1
2018950000330,1,9,0,18,0,0,1,0,2,4,1,1,6,1,26,6,1995,2,15,-1,1,-1
2018950000331,1,9,0,18,0,3,0,0,0,0,1,1,6,1,20,4,1395,1,2,-1,1,-1
2018950000331,2,3,0,18,0,3,0,0,0,0,4,1,6,1,25,5,124,1,2,-1,1,-1
2018950000332,1,9,0,9,0,8,0,0,0,0,1,1,6,2,83,11,1149,1,14,-1,1,-1
2018950000332,2,1,0,18,0,8,0,0,0,0,1,1,6,2,39,7,-1,-1,-1,-1,2,-1
2018950000333,1,11,0,2,0,1,0,0,0,0,0,1,6,2,46,8,7300,2,12,-1,1,-1
2018950000335,1,9,0,5,0,4,0,0,0,0,1,1,6,1,43,7,1796,1,15,-1,1,-1
2018950000335,2,1,0,9,0,8,0,0,0,0,4,1,2,2,39,7,-1,-1,-1,-1,1,-1
2018950000336,1,9,0,9,0,8,0,0,0,0,3,2,6,1,53,8,2143,2,2,-1,1,-1
2018950000337,1,9,0,4,0,7,0,0,0,0,1,1,1,2,20,4,1596,1,2,-1,1,-1
2018950000337,2,9,0,3,0,7,0,0,0,0,2,1,1,1,21,5,1299,1,17,-1,1,-1
2018950000338,1,9,0,9,4,5,0,0,0,0,1,1,6,2,33,6,1598,1,11,-1,1,-1
2018950000338,2,1,0,18,4,1,0,0,0,0,1,1,6,1,41,7,-1,-1,-1,-1,1,-1
2018950000339,1,9,0,5,0,4,0,0,0,0,3,1,6,2,34,6,1490,1,11,-1,1,-1
2018950000339,2,9,0,18,0,8,0,0,0,0,1,1,6,1,30,6,1686,2,4,-1,1,-1
2018950000340,1,9,0,18,0,0,1,0,2,7,1,1,2,2,23,5,1229,1,8,-1,1,-1
2018950000341,1,9,0,17,0,1,1,0,2,11,4,1,2,2,27,6,998,1,3,-1,2,-1
2018950000342,1,11,0,18,0,0,0,0,0,0,0,1,1,1,55,8,5132,2,1,-1,-1,-1
2018950000344,1,11,0,2,0,1,0,0,0,0,0,1,1,1,56,9,7300,2,12,-1,1,-1
2018950000345,1,9,0,1,0,1,0,0,0,0,0,1,6,3,-1,-1,2987,2,11,-1,-1,-1
2018950000347,1,9,0,4,0,1,0,0,0,0,1,1,6,1,62,9,1995,2,2,-1,1,-1
2018950000347,2,9,0,3,0,1,5,0,0,0,2,1,6,1,43,7,1339,1,12,-1,1,-1
2018950000348,1,11,0,4,0,1,0,0,0,0,0,1,1,1,55,8,4760,2,4,-1,1,-1
2018950000349,1,9,0,4,0,1,0,0,0,0,1,1,2,2,48,8,1198,1,2,-1,2,-1
2018950000349,2,9,0,4,0,1,0,0,0,0,2,1,2,2,33,6,1896,2,11,-1,2,-1
2018950000350,1,11,0,4,0,1,0,0,0,0,0,1,1,1,42,7,4760,2,4,-1,1,-1
2018950000351,1,9,0,1,0,1,0,0,0,0,2,1,1,1,24,5,1086,1,8,-1,3,-1
2018950000351,2,1,0,18,0,1,0,0,0,0,1,1,2,2,29,6,-1,-1,-1,-1,1,-1
2018950000352,1,9,0,7,0,2,0,0,0,0,1,1,2,2,26,6,1598,1,5,-1,1,-1
2018950000352,2,1,0,18,4,2,0,0,0,0,2,1,6,1,46,8,-1,-1,-1,-1,1,-1
2018950000353,1,11,0,18,2,1,0,0,0,0,1,1,1,1,28,6,5132,2,1,-1,1,-1
2018950000354,1,9,0,18,0,0,0,4,0,0,1,1,1,2,50,8,1497,8,10,-1,1,-1
2018950000354,2,9,0,2,0,0,0,0,0,0,2,1,6,1,-1,-1,1368,1,6,-1,-1,-1
2018950000356,1,9,0,18,0,2,0,0,0,0,1,1,6,2,70,10,1198,1,4,-1,1,-1
2018950000356,2,9,0,9,0,8,0,0,0,0,1,1,6,1,25,5,1968,2,4,-1,1,-1
2018950000357,1,4,0,17,0,0,0,0,1,11,4,1,6,1,54,8,599,1,23,-1,1,-1
2018950000358,1,9,0,5,0,8,0,0,0,0,0,1,6,1,50,8,1242,1,6,-1,1,-1
2018950000358,2,4,0,14,0,8,1,0,0,0,3,1,6,1,39,7,1340,1,9,-1,1,-1
2018950000358,3,9,0,2,0,8,0,0,0,0,3,1,6,1,-1,-1,1368,1,1,-1,-1,-1
2018950000359,1,11,0,18,0,1,0,0,0,0,1,1,1,1,35,6,9360,2,9,-1,1,-1
2018950000359,2,9,0,9,0,1,0,0,0,0,2,1,6,2,43,7,998,1,2,-1,1,-1
2018950000360,1,9,0,9,0,1,0,0,0,0,4,1,2,1,37,7,2198,1,17,-1,1,-1
2018950000360,2,9,0,18,0,1,0,0,0,0,1,1,1,1,26,6,2494,2,10,-1,1,-1
2018950000361,1,9,0,15,4,0,0,0,0,0,4,1,6,3,-1,-1,1339,1,14,-1,-1,-1
2018950000361,2,1,0,18,4,0,0,0,0,0,3,1,2,1,49,8,-1,-1,-1,-1,1,-1
2018950000363,1,9,0,9,0,2,0,0,0,0,1,1,2,2,59,9,998,1,4,-1,1,-1
2018950000364,1,19,0,3,0,6,0,0,0,0,2,1,1,1,55,8,-1,3,3,-1,1,-1
2018950000365,1,19,0,5,0,7,0,4,0,0,3,1,1,1,31,6,1968,2,1,-1,1,-1
2018950000365,2,9,0,18,0,1,0,0,0,0,1,1,2,1,62,9,1990,1,15,-1,2,-1
2018950000365,3,9,0,10,0,2,0,0,0,0,3,1,6,1,81,11,1461,2,2,-1,1,-1
2018950000366,1,19,0,18,0,1,0,0,0,0,1,1,1,3,-1,-1,2143,2,4,-1,-1,-1
2018950000367,1,9,0,1,0,1,0,0,0,0,2,1,2,2,35,6,1368,1,8,-1,1,-1
2018950000384,1,19,0,18,0,1,0,0,0,0,1,1,1,1,55,8,1560,2,6,-1,1,-1
2018950000384,2,9,0,3,0,1,0,0,0,0,2,1,3,2,35,6,2199,2,3,-1,1,-1
2018950000384,3,9,0,3,0,1,0,0,0,0,2,1,2,2,26,6,1685,2,3,-1,1,-1
2018950000385,1,8,0,18,0,0,0,0,0,0,1,1,1,1,46,8,2776,2,2,-1,3,-1
2018950000386,1,9,0,17,0,0,5,0,7,0,1,1,6,2,22,5,1242,1,3,-1,1,-1
2018950000386,2,9,0,18,0,0,0,0,0,0,1,1,6,2,32,6,-1,-1,-1,-1,-1,-1
2018950000388,1,9,0,18,0,8,0,0,0,0,1,1,6,2,51,8,1598,1,10,-1,1,-1
2018950000389,1,9,0,18,0,0,0,0,0,0,1,1,6,1,54,8,1242,1,13,-1,2,-1
2018950000389,2,9,0,18,0,0,0,0,1,0,1,1,6,2,40,7,2199,2,7,-1,3,-1
2018950000390,1,11,0,18,0,0,0,0,0,0,0,1,1,1,24,5,7300,2,7,-1,1,-1
2018950000392,1,9,0,18,0,1,0,0,0,0,4,1,6,1,60,9,2268,2,3,-1,1,-1
2018950000393,1,8,0,18,0,2,0,0,0,0,1,1,1,1,48,8,2143,2,1,-1,1,-1
2018950000393,2,1,0,18,0,1,0,0,0,0,1,1,6,1,36,7,-1,-1,-1,-1,1,-1
2018950000395,1,9,0,18,0,1,0,0,0,0,1,1,6,1,80,11,1560,2,4,-1,1,-1
2018950000395,2,9,0,3,0,1,0,0,0,0,2,1,6,1,43,7,1598,1,8,-1,3,-1
2018950000395,3,9,0,3,0,1,0,0,0,0,2,1,6,2,62,9,1398,1,7,-1,2,-1
2018950000396,1,9,0,16,0,0,0,0,0,0,1,1,6,2,77,11,999,1,1,-1,1,-1
2018950000397,1,9,0,18,0,4,0,0,0,0,3,1,6,1,53,8,1896,2,12,-1,3,-1
2018950000397,2,1,0,17,0,8,0,0,0,0,1,1,6,1,54,8,-1,-1,-1,-1,1,-1
2018950000398,1,9,0,18,0,2,0,0,0,0,1,1,6,2,78,11,1596,1,6,-1,1,-1
2018950000399,1,90,0,14,0,8,0,0,0,0,1,1,1,2,45,7,2987,2,2,-1,1,-1
2018950000399,2,9,0,9,0,8,0,0,0,0,3,1,6,2,27,6,1390,1,7,-1,1,-1
2018950000401,1,9,0,18,0,0,0,0,7,11,1,1,6,2,64,9,1339,1,9,-1,3,-1
2018950000402,1,9,0,5,0,0,0,0,0,0,0,1,1,1,46,8,1968,2,8,-1,3,-1
2018950000403,1,9,0,18,0,0,0,0,0,0,1,1,6,2,20,4,1199,1,14,-1,1,-1
2018950000403,2,9,0,15,0,0,0,0,0,0,2,1,6,2,46,8,1461,2,2,-1,2,-1
2018950000406,1,9,0,4,0,0,0,0,0,0,1,1,6,1,32,6,998,1,4,-1,1,-1
2018950000406,2,4,0,4,0,0,0,0,0,0,2,1,6,1,38,7,583,1,19,-1,-1,-1
2018950000406,3,9,0,4,0,0,0,0,0,0,2,1,6,2,36,7,1984,1,-1,-1,1,-1
2018950000407,1,9,0,9,0,8,0,0,0,0,4,1,1,2,22,5,1390,1,11,-1,1,-1
2018950000407,2,8,0,18,0,8,0,0,0,0,1,1,1,1,69,10,2499,2,8,-1,1,-1
2018950000408,1,9,0,5,0,4,0,0,0,0,1,1,6,3,-1,-1,-1,-1,-1,-1,-1,-1
2018950000408,2,8,0,18,0,8,0,0,0,0,2,1,1,2,51,8,2499,2,4,-1,1,-1
2018950000410,1,9,0,4,0,1,0,0,0,0,1,1,6,1,44,7,-1,-1,-1,-1,3,-1
2018950000410,2,4,0,4,0,1,0,0,0,0,2,1,6,1,24,5,599,1,7,-1,1,-1
2018950000411,1,19,0,4,0,0,0,0,0,0,1,1,2,1,61,9,-1,-1,-1,-1,1,-1
2018950000411,2,9,0,4,0,0,0,0,0,0,2,1,1,1,41,7,1999,2,3,-1,-1,-1
2018950000412,1,9,0,18,0,0,0,0,0,0,1,1,6,1,29,6,1991,1,-1,-1,3,-1
2018950000412,2,9,0,4,0,0,0,0,0,0,2,1,6,2,35,6,1498,1,1,-1,3,-1
2018950000413,1,9,0,18,0,2,0,0,0,0,4,1,6,1,62,9,-1,-1,-1,-1,1,-1
2018950000413,2,8,0,18,0,1,0,0,0,0,1,1,1,1,46,8,2499,2,7,-1,1,-1
2018950000413,3,9,0,3,0,1,0,0,0,0,4,1,6,1,47,8,-1,-1,-1,-1,1,-1
2018950000414,1,19,0,11,0,0,0,0,0,0,1,1,6,3,-1,-1,-1,-1,-1,-1,-1,-1
2018950000414,2,9,0,18,0,0,0,0,5,7,1,1,2,2,27,6,1798,1,4,-1,1,-1
2018950000414,3,9,0,18,0,0,0,0,0,0,1,1,2,1,48,8,1995,2,9,-1,3,-1
2018950000415,1,19,0,9,0,1,0,0,0,0,3,1,6,1,28,6,1598,2,3,-1,2,-1
2018950000415,2,9,0,18,0,1,0,0,0,0,1,1,6,1,40,7,1328,1,13,-1,3,-1
2018950000417,1,9,0,9,0,8,0,0,0,0,1,1,1,1,47,8,998,1,6,-1,1,-1
2018950000417,2,4,0,18,0,1,0,0,0,0,1,1,6,1,45,7,599,1,19,-1,1,-1
2018950000418,1,9,0,9,0,8,0,0,0,0,3,1,6,2,27,6,2199,2,8,-1,1,-1
2018950000418,2,1,0,18,0,1,0,0,0,0,1,1,1,1,27,6,-1,-1,-1,-1,1,-1
2018950000419,1,9,0,18,0,4,0,0,0,0,1,1,6,2,24,5,1198,1,11,-1,1,-1
2018950000419,2,4,0,3,0,4,0,0,0,0,2,1,6,1,32,6,645,1,1,-1,1,-1
2018950000420,1,19,0,18,0,0,0,0,0,0,1,1,1,1,27,6,2298,2,1,-1,1,-1
2018950000420,2,19,0,18,0,0,0,0,0,0,2,1,1,2,31,6,6728,2,1,-1,2,-1
2018950000421,1,9,0,9,0,8,0,0,0,0,1,1,6,1,41,7,1968,2,8,5,3,5
2018950000421,2,9,0,18,0,8,0,0,0,0,1,1,2,1,55,8,1461,2,3,3,1,3
2018950000422,1,9,0,18,0,0,0,0,0,0,1,1,6,1,19,4,1368,1,4,-1,1,-1
2018950000422,2,9,0,18,0,0,0,0,0,0,2,1,6,2,33,6,1390,1,10,-1,1,-1
2018950000422,3,19,0,18,0,0,0,0,0,0,2,1,6,1,32,6,1560,2,3,-1,-1,-1
2018950000423,1,90,0,7,0,6,0,0,0,0,4,1,1,1,54,8,9364,2,13,-1,2,-1
2018950000424,1,9,0,6,0,1,0,0,0,0,1,1,6,1,44,7,1598,1,10,-1,1,-1
2018950000424,2,9,0,7,0,8,0,0,0,0,4,1,6,2,27,6,1364,2,10,-1,1,-1
2018950000426,1,9,0,9,0,8,0,0,0,0,1,1,6,1,26,6,1499,1,3,-1,1,-1
2018950000426,2,9,0,18,0,1,0,0,0,0,1,1,6,2,23,5,1242,1,4,-1,3,-1
2018950000427,1,9,0,18,0,1,0,0,0,0,1,1,6,1,38,7,1328,1,11,-1,2,-1
2018950000427,2,9,0,9,0,1,0,0,0,0,1,1,6,1,45,7,1799,1,8,-1,1,-1
2018950000428,1,9,0,9,0,8,0,0,0,0,4,1,6,2,63,9,996,1,4,-1,1,-1
2018950000428,2,11,0,18,0,8,0,0,0,0,1,1,1,1,31,6,7300,2,11,-1,1,-1
2018950000429,1,9,0,16,0,0,0,0,7,4,4,1,6,1,20,4,1390,1,16,-1,2,-1
2018950000430,1,9,0,9,0,2,0,0,0,0,3,1,6,1,71,10,1398,1,1,-1,1,-1
2018950000430,2,1,0,18,0,1,0,0,0,0,4,1,6,2,27,6,-1,-1,-1,-1,1,-1
2018950000431,1,9,0,16,0,0,0,0,0,0,1,1,6,1,25,5,1598,1,17,-1,1,-1
2018950000431,2,9,0,18,0,0,0,0,1,0,1,1,6,1,24,5,1598,1,9,-1,1,-1
2018950000432,1,9,0,9,0,2,0,0,0,0,1,1,6,3,-1,-1,-1,-1,-1,-1,-1,-1
2018950000433,1,9,0,1,0,0,0,0,0,0,2,1,6,2,44,7,-1,-1,-1,-1,2,-1
2018950000434,1,9,0,18,0,0,0,0,7,0,1,1,6,1,20,4,998,1,4,2,2,2
2018950000435,1,9,0,18,0,8,0,0,0,0,1,1,1,1,40,7,1329,1,4,-1,1,-1
2018950000436,1,11,0,9,0,1,0,0,0,0,0,1,1,1,45,7,5132,2,2,-1,1,-1
2018950000437,1,9,0,18,0,4,0,0,0,0,4,1,6,2,56,9,-1,-1,-1,-1,1,-1
2018950000438,1,9,0,18,0,1,0,0,0,0,1,1,2,2,21,5,1248,1,7,-1,1,-1
2018950000438,2,9,0,18,0,1,0,0,0,0,1,1,1,2,41,7,1560,2,1,-1,-1,-1
2018950000439,1,9,0,12,0,3,0,0,0,0,1,1,6,3,-1,-1,-1,-1,-1,-1,-1,-1
2018950000439,2,1,0,16,0,4,0,0,1,0,2,1,6,2,43,7,-1,-1,-1,-1,1,-1
2018950000440,1,9,0,17,0,0,0,0,0,0,1,1,6,1,40,7,1390,1,17,-1,2,-1
2018950000440,2,9,0,16,0,0,0,0,1,0,1,1,2,1,31,6,2792,1,15,-1,2,-1
2018950000441,1,9,0,18,0,1,0,0,0,0,1,1,6,2,40,7,999,1,1,-1,1,-1
2018950000442,1,9,0,16,0,0,0,0,0,0,1,1,6,1,39,7,1461,2,1,-1,3,-1
2018950000442,2,9,0,18,0,0,0,0,0,0,1,1,6,1,53,8,796,1,10,-1,1,-1
2018950000443,1,9,0,18,0,1,0,0,0,0,1,1,6,2,18,4,999,1,5,-1,3,-1
2018950000443,2,9,0,10,0,1,0,0,0,0,2,1,6,2,48,8,2400,2,3,-1,3,-1
2018950000444,1,90,0,11,0,0,0,0,0,0,1,1,1,3,49,8,-1,-1,-1,-1,-1,-1
2018950000444,2,9,0,18,0,0,0,0,0,0,3,1,6,2,21,5,996,1,4,-1,1,-1
2018950000445,1,19,0,18,0,1,0,0,0,0,1,1,6,3,-1,-1,-1,-1,-1,-1,-1,-1
2018950000445,2,9,0,18,0,1,0,0,0,0,4,1,6,1,24,5,1341,1,16,-1,1,-1
2018950000447,1,9,0,18,0,0,0,0,0,0,1,1,6,1,54,8,1461,2,11,-1,1,-1
2018950000447,2,19,0,2,0,0,0,0,0,0,3,1,1,1,34,6,2198,2,5,-1,1,-1
2018950000448,1,9,0,18,0,1,0,0,0,0,4,1,6,1,51,8,1896,2,21,-1,1,-1
2018950000449,1,9,0,18,0,0,0,0,0,0,1,1,6,2,20,4,1388,1,7,-1,1,-1
2018950000449,2,9,0,4,0,0,0,0,0,0,2,1,6,1,85,11,1560,2,6,-1,3,-1
2018950000450,1,9,0,18,0,0,2,10,1,0,1,1,2,2,26,6,1364,1,11,-1,-1,-1
2018950000451,1,19,0,1,0,0,0,0,0,0,2,1,6,1,59,9,-1,-1,-1,-1,3,-1
2018950000451,2,19,0,3,0,0,0,0,0,0,1,1,6,1,41,7,1997,2,13,-1,3,-1
2018950000452,1,9,0,18,0,0,0,0,0,0,4,1,6,2,89,11,1339,1,9,-1,1,-1
2018950000452,2,9,0,2,0,0,0,0,0,0,4,1,3,1,46,8,1997,2,1,-1,3,-1
2018950000453,1,4,0,4,0,1,0,0,0,0,1,1,6,1,47,8,278,1,3,-1,2,-1
2018950000453,2,4,0,4,0,1,0,0,0,0,2,1,6,1,47,8,278,1,9,-1,2,-1
2018950000454,1,1,0,18,4,0,0,0,0,0,1,1,6,1,20,4,-1,-1,-1,-1,1,-1
2018950000454,2,9,0,5,0,0,0,0,0,0,3,1,6,2,54,8,1997,1,5,-1,1,-1
2018950000455,1,9,0,7,0,1,0,0,0,0,1,1,6,1,29,6,-1,-1,-1,-1,1,-1
2018950000455,2,9,0,18,0,1,0,0,0,0,4,1,6,1,27,6,1499,1,1,-1,2,-1
2018950000456,1,19,0,18,0,8,0,0,0,0,1,1,6,1,46,8,1560,2,2,-1,1,-1
2018950000456,2,9,0,9,0,8,0,0,0,0,4,1,2,2,27,6,-1,-1,-1,-1,1,-1
2018950000457,1,1,0,18,0,0,0,0,0,0,2,1,6,1,54,8,-1,-1,-1,-1,1,-1
2018950000457,2,11,0,18,0,0,0,0,0,0,1,1,1,1,67,10,4461,2,2,-1,3,-1
2018950000458,1,19,0,17,0,0,0,0,0,0,3,1,1,1,19,4,1560,2,2,-1,1,-1
2018950000458,2,1,0,16,0,0,0,0,0,0,3,1,6,1,31,6,-1,-1,-1,-1,1,-1
2018950000459,1,9,0,18,0,0,0,0,0,0,1,1,6,2,23,5,1388,1,12,-1,3,-1
2018950000459,2,9,0,4,0,0,0,0,0,0,2,1,6,2,51,8,1598,2,2,-1,3,-1
2018950000460,1,9,0,17,0,0,0,0,7,4,1,1,6,1,28,6,-1,-1,-1,-1,-1,-1
2018950000462,1,9,0,18,0,0,1,0,1,11,1,1,6,1,36,7,1910,2,9,-1,-1,-1
2018950000463,1,9,0,18,0,8,0,0,0,0,2,1,6,1,58,9,5972,1,12,-1,1,-1
2018950000463,2,9,0,5,0,8,0,0,0,0,1,1,6,1,32,6,1598,1,11,-1,3,-1
2018950000464,1,9,0,5,0,8,0,0,0,0,3,1,6,1,35,6,1968,2,1,-1,1,-1
2018950000464,2,1,0,18,0,8,0,0,0,0,1,1,2,2,54,8,-1,-1,-1,-1,2,-1
2018950000465,1,9,0,5,0,1,0,0,0,0,3,1,6,2,26,6,1997,2,10,-1,1,-1
2018950000465,2,9,0,18,0,1,0,0,0,0,4,1,6,1,33,6,1364,1,5,-1,1,-1
2018950000466,1,11,0,5,0,2,0,0,0,0,4,1,1,1,57,9,5132,2,2,-1,2,-1
2018950000467,1,9,0,18,0,0,0,0,0,0,1,1,6,1,56,9,1956,2,7,-1,-1,-1
2018950000468,1,9,0,5,0,0,0,0,0,0,3,1,6,1,38,7,1598,1,15,-1,1,-1
2018950000468,2,3,0,14,0,0,0,0,0,0,4,1,6,1,22,5,125,1,9,-1,-1,-1
2018950000470,1,9,0,9,0,8,0,0,0,0,4,1,6,2,44,7,1390,1,5,-1,1,-1
2018950000470,2,3,0,15,0,1,0,0,0,0,1,1,6,1,39,7,124,1,1,-1,1,-1
2018950000471,1,3,0,4,0,1,0,0,7,0,1,1,6,1,17,4,49,1,1,-1,1,-1
2018950000471,2,9,0,4,0,1,0,0,0,0,2,1,2,2,46,8,1461,2,7,-1,3,-1
2018950000471,3,9,0,18,0,1,0,0,0,0,1,1,6,2,32,6,1390,1,7,-1,1,-1
2018950000472,1,9,0,7,0,8,0,0,0,0,1,1,6,1,47,8,1242,1,12,-1,1,-1
2018950000472,2,9,0,9,0,8,0,0,0,0,1,1,6,2,42,7,1560,2,2,-1,1,-1
2018950000473,1,9,0,9,0,1,0,0,0,0,1,1,6,2,53,8,1686,2,6,-1,1,-1
2018950000473,2,9,0,18,0,8,0,10,7,0,3,1,6,2,51,8,1339,1,16,-1,1,-1
2018950000474,1,8,0,14,0,0,0,0,0,0,4,1,1,1,34,6,1997,2,13,-1,1,-1
2018950000475,1,9,0,14,0,0,0,0,0,0,1,1,6,1,38,7,2143,2,7,-1,1,-1
2018950000475,2,9,0,18,0,0,0,0,0,0,3,1,2,1,50,8,1595,1,18,-1,2,-1
2018950000476,1,20,0,18,0,8,0,0,0,0,4,1,6,1,-1,-1,-1,-1,-1,-1,3,-1
2018950000476,2,9,0,18,0,8,0,0,0,0,3,1,6,2,35,6,1398,1,1,-1,1,-1
2018950000477,1,9,0,18,0,1,0,0,0,0,1,1,2,1,30,6,-1,-1,-1,-1,1,-1
2018950000477,2,9,0,3,0,1,0,0,0,0,2,1,2,2,23,5,1229,1,2,-1,1,-1
2018950000477,3,9,0,3,0,1,0,0,0,0,2,1,2,1,65,9,999,1,1,-1,1,-1
2018950000478,1,11,0,2,0,0,0,0,0,0,0,1,1,1,57,9,9360,2,9,-1,1,-1
2018950000479,1,9,0,9,0,8,0,0,0,0,3,1,6,2,44,7,2497,1,13,-1,1,-1
2018950000479,2,9,0,18,0,8,0,0,0,0,1,1,1,1,-1,-1,1686,2,5,-1,2,-1
2018950000480,1,9,0,18,0,1,0,0,0,0,1,1,6,2,45,7,1386,1,10,-1,1,-1
2018950000480,2,9,0,3,0,1,0,0,0,0,2,1,6,1,38,7,1896,2,13,-1,1,-1
2018950000480,3,9,0,3,0,1,0,0,0,0,2,1,6,1,20,4,998,1,10,-1,1,-1
2018950000481,1,9,0,9,0,1,0,0,0,0,1,1,6,1,84,11,1000,1,3,-1,1,-1
2018950000481,2,9,0,18,0,8,0,0,0,0,3,1,6,2,24,5,1560,2,4,-1,3,-1
2018950000483,1,9,0,18,1,0,0,0,0,0,2,1,6,1,55,8,1685,2,-1,-1,-1,-1
2018950000483,2,18,0,18,1,0,0,0,0,0,1,1,1,1,50,8,-1,-1,-1,-1,1,-1
2018950000484,1,19,0,18,0,0,0,0,0,0,1,1,2,1,21,5,1995,2,6,5,1,5
2018950000484,2,9,0,1,0,0,0,0,0,0,2,1,6,2,48,8,1360,1,12,-1,3,-1
2018950000484,3,9,0,18,0,0,0,0,0,0,0,2,2,1,56,9,2497,2,12,-1,3,-1
2018950000484,4,9,0,18,0,0,0,0,0,0,0,2,4,2,35,6,1461,2,2,-1,3,-1
2018950000485,1,19,0,16,0,0,0,0,0,0,3,1,6,1,18,4,1499,2,1,-1,3,-1
2018950000485,2,9,0,17,0,0,0,0,0,0,2,1,6,2,46,8,1329,1,7,-1,-1,-1
2018950000488,1,11,0,5,2,2,0,0,0,0,0,1,1,3,-1,-1,5132,2,1,-1,-1,-1
2018950000489,1,9,0,18,0,1,0,0,0,0,1,1,6,1,32,6,1560,2,3,-1,-1,-1
2018950000489,2,9,0,3,0,1,0,0,0,0,2,1,6,2,28,6,998,1,4,-1,1,-1
2018950000489,3,9,0,10,0,1,0,0,0,0,2,1,6,1,39,7,2922,1,14,-1,2,-1
2018950000490,1,9,0,17,0,0,0,0,1,0,1,2,6,1,36,7,-1,-1,-1,-1,-1,-1
2018950000490,2,9,0,16,0,0,0,0,0,0,1,1,6,1,19,4,1328,1,15,-1,2,-1
2018950000491,1,19,0,18,0,1,0,0,0,0,1,1,1,1,28,6,1997,2,6,-1,3,-1
2018950000491,2,1,0,10,0,1,0,0,0,0,2,1,6,1,28,6,-1,-1,-1,-1,2,-1