Accident_Index,Vehicle_Reference,Vehicle_Type,Towing_and_Articulation,Vehicle_Manoeuvre,Vehicle_Location-Restricted_Lane,Junction_Location,Skidding_and_Overturning,Hit_Object_in_Carriageway,Vehicle_Leaving_Carriageway,Hit_Object_off_Carriageway,1st_Point_of_Impact,Was_Vehicle_Left_Hand_Drive?,Journey_Purpose_of_Driver,Sex_of_Driver,Age_of_Driver,Age_Band_of_Driver,Engine_Capacity_(CC),Propulsion_Code,Age_of_Vehicle,Driver_IMD_Decile,Driver_Home_Area_Type,Vehicle_IMD_Decile
2018950000989,1,9,0,1,0,0,0,0,0,0,2,1,6,1,85,11,1398,1,-1,-1,-1,-1
2018950000989,2,19,0,2,0,0,0,0,0,0,2,1,6,1,-1,-1,2494,2,11,-1,-1,-1
2018950000989,3,9,0,2,0,0,0,0,0,0,1,1,6,1,-1,-1,1956,2,3,-1,-1,-1
2018950000990,1,9,0,18,0,0,0,0,1,11,4,1,2,2,29,6,1496,2,2,-1,1,-1
2018950000992,1,9,0,18,0,0,0,0,0,0,4,1,6,1,27,6,1150,1,11,-1,1,-1
2018950000993,1,9,0,9,0,8,0,0,0,0,4,1,6,2,65,9,1198,1,10,-1,1,-1
2018950000993,2,1,0,18,0,8,0,0,0,0,1,1,6,1,35,6,-1,-1,-1,-1,1,-1
2018950000994,1,9,0,18,0,0,0,0,1,11,1,1,6,3,-1,-1,-1,-1,-1,-1,-1,-1
2018950000995,1,19,0,16,0,0,1,0,0,0,1,1,1,1,28,6,2148,2,10,-1,-1,-1
2018950000995,2,9,0,17,0,0,0,0,1,0,1,1,6,1,67,10,1360,1,16,-1,2,-1
2018950000996,1,9,0,9,0,2,0,0,0,0,4,1,6,1,52,8,1364,1,9,-1,1,-1
2018950000996,2,8,0,18,2,1,0,0,0,0,1,1,1,1,53,8,2499,2,7,-1,1,-1
2018950000997,1,9,0,16,0,0,1,0,1,0,1,1,2,1,26,6,1198,1,10,-1,1,-1
2018950000997,2,9,0,17,0,0,0,0,2,0,1,1,6,1,72,10,1794,1,16,-1,3,-1
2018950000998,1,9,0,18,0,8,0,0,0,0,1,1,6,1,55,8,1598,2,2,-1,1,-1
2018950000998,2,9,0,18,0,1,0,0,0,0,1,1,6,1,21,5,1328,1,14,-1,1,-1
2018950000999,1,9,0,15,2,0,0,0,0,0,3,1,1,3,-1,-1,1248,2,4,-1,-1,-1
2018950001000,1,9,0,18,0,8,0,0,0,0,1,1,6,3,-1,-1,1598,1,20,-1,-1,-1
2018950001000,2,19,0,18,0,8,5,0,1,0,4,1,6,1,32,6,1461,2,2,-1,3,-1
2018950001000,3,9,0,18,0,8,0,0,0,0,3,1,6,2,31,6,2143,2,2,-1,-1,-1
2018950001001,1,9,0,9,0,1,0,0,0,0,1,1,6,2,63,9,1318,1,2,-1,1,-1
2018950001001,2,9,0,18,0,1,0,0,0,0,1,1,6,2,34,6,1395,1,2,-1,1,-1
2018950001002,1,2,0,18,0,1,0,0,0,0,3,1,6,1,23,5,49,1,9,-1,1,-1
2018950001003,1,9,0,9,0,8,0,0,0,0,1,1,6,2,36,7,1461,2,9,-1,1,-1
2018950001003,2,1,0,18,0,8,0,0,0,0,1,1,6,1,19,4,-1,-1,-1,-1,1,-1
2018950001004,1,9,0,12,0,7,0,0,0,0,0,1,6,1,60,9,1596,1,10,-1,1,-1
2018950001004,2,9,0,18,0,1,0,0,1,6,1,1,6,2,21,5,1598,1,14,-1,1,-1
2018950001005,1,9,0,7,0,8,0,0,0,0,4,1,6,3,-1,-1,-1,-1,-1,-1,-1,-1
2018950001005,2,1,0,9,0,8,0,0,0,0,1,1,6,1,48,8,-1,-1,-1,-1,1,-1
2018950001006,1,9,0,18,0,2,0,0,0,0,1,1,2,1,51,8,1685,2,3,-1,1,-1
2018950001006,2,4,0,18,0,1,0,0,0,0,1,1,2,1,47,8,749,1,2,-1,1,-1
2018950001007,1,9,0,7,0,8,0,0,0,0,0,1,6,3,-1,-1,-1,-1,-1,-1,-1,-1
2018950001007,2,1,0,18,0,1,0,0,0,0,1,1,6,1,45,7,-1,-1,-1,-1,1,-1
2018950001008,1,9,0,18,0,1,0,0,0,0,1,1,6,1,64,9,-1,-1,-1,-1,-1,-1
2018950001009,1,11,0,18,0,1,0,0,0,0,1,1,1,1,40,7,7300,2,12,-1,1,-1
2018950001009,2,4,0,4,2,1,0,0,0,0,2,1,2,1,53,8,798,1,9,-1,1,-1
2018950001010,1,9,0,5,0,0,0,0,0,0,1,1,6,2,51,8,1591,1,-1,-1,3,-1
2018950001010,2,9,0,3,0,0,0,0,0,0,2,1,6,2,23,5,1198,1,11,-1,1,-1
2018950001010,3,9,0,3,0,0,0,0,0,0,0,1,6,2,50,8,2268,2,4,-1,2,-1
2018950001011,1,9,0,18,0,0,0,0,0,0,1,1,2,2,22,5,1229,1,3,-1,1,-1
2018950001012,1,9,0,18,0,0,0,0,0,0,1,1,6,2,54,8,1798,1,6,-1,3,-1
2018950001012,2,19,0,3,0,0,0,0,0,0,2,1,6,1,23,5,1560,2,7,-1,2,-1
2018950001014,1,9,0,9,0,8,0,0,0,0,1,1,2,2,22,5,1229,1,9,-1,1,-1
2018950001014,2,1,0,18,4,8,0,0,0,0,1,1,2,2,25,5,-1,-1,-1,-1,1,-1
2018950001015,1,9,0,18,0,4,0,0,0,0,1,1,2,2,55,8,1582,2,6,5,3,5
2018950001015,2,1,0,18,0,8,0,0,0,0,3,1,2,1,53,8,-1,-1,-1,-1,1,-1
2018950001016,1,9,0,4,0,1,0,0,0,0,1,1,6,2,22,5,1598,1,7,-1,3,-1
2018950001016,2,4,0,3,0,1,0,0,0,0,2,1,6,1,34,6,487,1,11,-1,3,-1
2018950001017,1,9,0,12,0,7,0,0,0,0,3,1,6,1,28,6,-1,-1,-1,1,2,1
2018950001017,2,4,0,18,0,8,0,0,0,0,4,1,6,1,36,7,-1,3,4,-1,2,-1
2018950001018,1,9,0,9,4,8,0,0,0,0,4,1,6,1,36,7,998,1,11,-1,1,-1
2018950001018,2,1,0,15,4,8,0,0,0,0,1,1,6,2,43,7,-1,-1,-1,-1,1,-1
2018950001019,1,9,0,17,0,3,1,0,7,11,1,1,6,1,34,6,998,1,12,-1,1,-1
2018950001020,1,9,0,18,0,0,0,0,0,0,1,1,6,1,36,7,1360,1,15,-1,1,-1
2018950001020,2,9,0,4,0,0,0,0,0,0,2,1,6,2,29,6,1598,1,4,-1,2,-1
2018950001021,1,8,0,18,0,2,0,0,0,0,3,1,6,3,-1,-1,2664,2,18,-1,-1,-1
2018950001022,1,9,0,5,0,8,0,0,0,0,1,1,6,2,40,7,1596,1,6,-1,1,-1
2018950001022,2,1,0,18,0,8,0,0,0,0,3,1,6,1,31,6,-1,-1,-1,-1,1,-1
2018950001023,1,9,0,5,0,0,0,0,0,0,3,1,6,1,47,8,1368,1,7,-1,1,-1
2018950001023,2,11,0,18,0,0,0,0,0,0,1,1,1,1,39,7,7300,2,10,-1,1,-1
2018950001024,1,9,0,9,0,8,0,0,0,0,1,1,6,2,51,8,-1,-1,-1,-1,1,-1
2018950001024,2,9,0,18,0,8,0,0,0,0,4,1,6,2,33,6,1984,1,3,-1,1,-1
2018950001025,1,19,0,18,0,8,0,0,0,0,4,1,1,1,32,6,2299,2,4,-1,2,-1
2018950001025,2,19,0,18,0,8,0,0,0,0,3,1,6,1,36,7,1499,2,2,-1,2,-1
2018950001026,1,9,0,18,0,4,0,0,0,0,1,1,6,2,18,4,1398,1,-1,-1,3,-1
2018950001026,2,9,0,18,0,1,0,0,0,0,2,1,6,1,50,8,1896,2,13,-1,2,-1
2018950001027,1,9,0,18,0,0,0,0,0,0,0,1,6,3,-1,-1,-1,-1,-1,-1,-1,-1
2018950001027,2,20,0,18,0,0,0,0,0,0,4,1,1,1,64,9,4485,2,-1,-1,1,-1
2018950001028,1,9,0,9,0,1,0,0,0,0,1,1,6,2,64,9,1396,1,1,-1,1,-1
2018950001028,2,1,0,18,0,1,0,0,0,0,1,1,6,2,39,7,-1,-1,-1,-1,-1,-1
2018950001032,1,19,0,17,0,0,5,0,2,4,1,1,2,1,49,8,1461,2,1,-1,2,-1
2018950001033,1,8,0,6,2,0,0,0,0,0,0,1,1,3,-1,-1,-1,-1,-1,-1,-1,-1
2018950001033,2,11,0,18,0,0,0,0,0,0,0,1,1,1,36,7,9360,2,9,-1,1,-1
2018950001034,1,1,0,18,0,1,0,0,0,0,1,1,6,1,33,6,-1,-1,-1,-1,2,-1
2018950001034,2,9,0,9,0,8,0,0,0,0,4,1,6,1,53,8,2148,2,12,-1,1,-1
2018950001035,1,9,0,18,0,0,0,0,0,0,4,1,1,1,36,7,1497,8,12,-1,1,-1
2018950001036,1,4,0,18,0,4,1,9,4,0,3,1,6,1,26,6,636,1,12,-1,2,-1
2018950001037,1,19,0,18,0,0,0,0,0,0,4,1,6,1,62,9,2463,2,12,-1,1,-1
2018950001038,1,8,0,9,0,8,0,0,0,0,0,1,1,3,-1,-1,-1,-1,-1,-1,-1,-1
2018950001038,2,1,0,18,0,8,0,0,0,0,0,1,2,1,19,4,-1,-1,-1,-1,1,-1
2018950001039,1,9,0,18,0,2,0,0,0,0,1,1,6,2,53,8,1896,2,12,6,3,6
2018950001039,2,9,0,18,0,1,0,0,0,0,4,1,6,2,22,5,1390,1,4,-1,2,-1
2018950001040,1,4,0,18,0,1,2,2,0,0,1,1,6,1,32,6,998,1,11,-1,1,-1
2018950001041,1,9,0,5,0,8,0,0,1,0,1,1,6,2,76,11,1229,1,4,-1,3,-1
2018950001041,2,9,0,18,0,8,0,0,0,0,1,1,6,1,32,6,1796,1,11,-1,3,-1
2018950001041,3,21,0,2,0,1,0,0,0,0,0,1,1,3,-1,-1,-1,-1,-1,-1,-1,-1
2018950001042,1,9,0,1,0,6,0,0,0,0,2,1,6,1,54,8,1143,1,16,-1,2,-1
2018950001043,1,9,0,3,0,2,0,0,0,0,3,1,6,1,47,8,1242,1,10,-1,1,-1
2018950001043,2,1,0,18,4,1,0,8,0,0,1,1,6,1,66,10,-1,-1,-1,-1,1,-1
2018950001045,1,1,0,9,0,8,0,0,0,0,2,1,1,1,28,6,-1,-1,-1,-1,1,-1
2018950001045,2,1,0,18,0,1,0,0,0,0,1,1,6,1,58,9,-1,-1,-1,-1,1,-1
2018950001046,1,11,0,7,0,4,0,0,0,0,0,1,1,1,55,8,5132,2,-1,-1,1,-1
2018950001048,1,9,0,18,0,0,0,0,0,0,1,1,6,2,17,4,1242,1,12,-1,3,-1
2018950001048,2,19,0,2,6,0,0,0,0,0,2,1,1,1,39,7,4500,2,1,-1,1,-1
2018950001048,3,21,0,2,6,0,0,0,0,0,2,1,1,1,34,6,12902,2,5,-1,1,-1
2018950001049,1,9,0,18,0,0,0,0,1,0,1,1,6,1,47,8,1386,1,15,-1,1,-1
2018950001049,2,21,0,16,0,0,0,0,0,0,1,1,1,1,47,8,10837,2,4,3,3,3
2018950001050,1,9,0,9,0,8,0,0,0,0,0,1,6,1,47,8,898,1,-1,-1,-1,-1
2018950001050,2,1,0,18,0,8,0,0,0,0,0,1,2,1,39,7,-1,-1,-1,-1,1,-1
2018950001051,1,9,0,18,0,8,0,0,0,0,1,1,6,2,70,10,1461,2,2,-1,1,-1
2018950001052,1,9,0,18,0,0,0,0,0,0,1,1,6,2,18,4,1199,1,14,-1,2,-1
2018950001052,2,9,0,4,0,0,0,0,0,0,2,1,6,1,18,4,998,1,4,-1,2,-1
2018950001053,1,9,0,18,0,8,0,0,0,0,1,1,6,1,24,5,1995,2,2,-1,1,-1
2018950001053,2,9,0,18,0,8,0,0,0,0,2,1,6,1,59,9,2993,2,1,-1,1,-1
2018950001054,1,4,0,4,0,1,0,0,0,0,4,1,6,2,33,6,-1,-1,-1,-1,1,-1
2018950001056,1,9,0,6,0,0,0,0,0,0,3,1,6,3,-1,-1,-1,-1,-1,-1,-1,-1
2018950001056,2,1,0,18,0,0,0,0,0,0,1,1,6,2,27,6,-1,-1,-1,-1,1,-1
2018950001057,1,9,0,18,0,2,0,0,0,0,1,1,6,3,-1,-1,1997,2,3,-1,-1,-1
2018950001058,1,9,0,9,0,1,0,0,0,0,4,1,6,2,51,8,1686,2,8,-1,3,-1
2018950001058,2,1,0,18,0,1,0,0,0,0,1,1,6,1,44,7,-1,-1,-1,-1,1,-1
2018950001059,1,11,0,5,2,0,0,0,0,0,0,1,1,1,39,7,5132,2,2,-1,1,-1
2018950001060,1,9,0,5,0,8,0,0,0,0,1,2,6,1,32,6,-1,-1,-1,-1,-1,-1
2018950001060,2,19,0,18,0,8,0,0,0,0,4,1,1,1,41,7,-1,-1,-1,-1,3,-1
2018950001061,1,9,0,4,0,0,0,0,0,0,1,1,6,1,18,4,1242,1,5,-1,1,-1
2018950001061,2,9,0,4,0,0,0,0,0,0,2,1,6,1,72,10,-1,-1,-1,-1,1,-1
2018950001061,3,9,0,4,0,0,0,0,0,0,2,1,6,2,26,6,998,1,4,-1,2,-1
2018950001063,1,9,0,5,0,0,0,0,0,0,1,1,6,2,33,6,1248,2,10,-1,2,-1
2018950001063,2,9,0,4,0,0,0,0,0,0,2,1,6,1,25,5,2171,1,16,-1,1,-1
2018950001064,1,9,0,18,0,0,0,0,0,0,1,1,2,1,39,7,1896,2,14,-1,1,-1
2018950001064,2,9,0,18,0,0,0,0,0,0,2,1,2,2,33,6,998,1,1,-1,1,-1
2018950001066,1,9,0,5,0,6,0,0,0,0,0,1,6,2,-1,-1,1496,1,3,-1,2,-1
2018950001066,2,11,0,4,6,1,0,0,0,0,0,1,1,1,45,7,7300,2,5,-1,1,-1
2018950001067,1,3,0,18,0,0,0,0,0,0,1,1,6,1,55,8,125,1,-1,-1,1,-1
2018950001067,2,9,0,2,0,0,0,0,0,0,2,1,6,1,-1,-1,1229,1,5,-1,-1,-1
2018950001068,1,9,0,6,0,0,0,0,0,0,1,1,6,1,28,6,1596,1,16,-1,1,-1
2018950001068,2,8,0,3,0,0,0,0,0,0,3,1,1,1,36,7,2143,2,3,-1,1,-1
2018950001069,1,9,0,9,0,1,0,0,0,0,1,1,6,2,57,9,2143,2,2,-1,3,-1
2018950001069,2,4,0,18,2,1,0,0,0,0,1,1,6,1,74,10,1100,1,18,-1,1,-1
2018950001070,1,9,0,5,0,0,0,0,0,0,3,1,6,1,35,6,4367,2,2,-1,1,-1
2018950001070,2,9,0,16,0,0,0,0,0,0,4,1,6,1,64,9,1968,2,3,-1,1,-1
2018950001071,1,9,0,18,0,1,0,0,0,0,4,1,6,1,39,7,1199,1,16,-1,1,-1
2018950001071,2,1,0,18,0,1,0,0,0,0,1,1,6,2,29,6,-1,-1,-1,-1,1,-1
2018950001072,1,9,0,18,0,0,0,0,0,0,1,1,6,2,85,11,1248,1,5,-1,3,-1
2018950001073,1,9,0,18,0,8,0,0,7,0,3,1,6,1,19,4,-1,-1,-1,-1,3,-1
2018950001073,2,9,0,18,0,1,0,0,0,0,1,1,6,1,40,7,1598,1,8,-1,1,-1
2018950001074,1,9,0,18,0,1,0,0,0,0,2,1,6,1,75,10,1998,1,20,-1,2,-1
2018950001075,1,11,0,4,0,0,0,0,0,0,0,1,1,1,52,8,4500,2,7,-1,1,-1
2018950001076,1,9,0,6,0,2,0,0,0,0,0,1,2,1,24,5,1496,2,1,-1,3,-1
2018950001076,2,4,0,18,0,1,0,0,0,0,0,1,2,2,48,8,398,1,21,-1,2,-1
2018950001078,1,9,0,18,0,1,0,0,0,0,1,1,6,2,48,8,1598,2,8,-1,3,-1
2018950001078,2,9,0,7,0,1,0,0,0,0,2,1,6,1,58,9,2400,2,8,-1,3,-1
2018950001079,1,9,0,4,0,1,0,0,0,0,1,1,6,1,47,8,1968,2,3,-1,3,-1
2018950001079,2,9,0,4,0,1,0,0,0,0,2,1,6,1,66,10,1598,2,7,-1,2,-1
2018950001079,3,9,0,9,0,8,0,0,0,0,0,1,6,3,-1,-1,-1,-1,-1,-1,-1,-1
2018950001080,1,11,0,18,0,0,0,0,0,0,0,1,1,1,66,10,5132,2,2,-1,1,-1
2018950001081,1,19,0,18,0,8,0,0,1,7,1,1,1,1,26,6,2299,2,2,-1,-1,-1
2018950001081,2,9,0,18,0,7,0,0,1,9,2,1,6,2,42,7,1499,1,-1,-1,3,-1
2018950001082,1,1,0,18,0,8,0,0,0,0,1,1,6,2,34,6,-1,-1,-1,-1,1,-1
2018950001082,2,9,0,9,0,8,0,0,0,0,4,1,2,2,25,5,1398,1,2,-1,1,-1
2018950001083,1,9,0,5,0,1,0,0,0,0,4,1,6,1,53,8,1956,2,7,-1,-1,-1
2018950001084,1,9,0,9,0,1,0,0,0,0,4,1,2,2,41,7,1461,2,8,-1,1,-1
2018950001084,2,1,0,18,4,1,0,0,0,0,1,1,6,1,37,7,-1,-1,-1,-1,3,-1
2018950001087,1,1,0,18,0,1,0,0,0,0,3,1,6,1,29,6,-1,-1,-1,-1,2,-1
2018950001087,2,9,0,7,0,1,0,0,0,0,4,1,2,1,30,6,1200,1,2,-1,1,-1
2018950001088,1,9,0,18,0,8,0,0,3,11,1,1,6,1,32,6,1998,2,10,-1,-1,-1
2018950001088,2,9,0,18,0,8,0,0,0,0,1,1,6,2,67,10,1956,2,5,-1,3,-1
2018950001091,1,9,0,4,0,1,0,0,0,0,1,1,6,1,18,4,1242,1,10,-1,1,-1
2018950001091,2,4,0,4,0,1,0,0,0,0,2,1,6,1,19,4,689,1,4,-1,1,-1
2018950001093,1,21,0,18,0,1,0,0,0,0,1,1,1,1,60,9,12900,2,6,-1,1,-1
2018950001093,2,9,0,16,0,1,0,0,0,0,0,1,6,2,26,6,1997,2,-1,-1,3,-1
2018950001094,1,9,0,16,0,0,5,0,7,11,1,1,6,2,25,5,1199,1,15,1,1,1
2018950001095,1,9,0,10,0,1,0,0,0,0,1,1,6,1,50,8,1398,1,3,-1,-1,-1
2018950001095,2,19,0,18,0,1,0,0,0,0,1,1,1,1,35,6,1598,2,1,-1,1,-1
2018950001096,1,9,0,18,0,0,1,11,1,0,1,1,6,2,23,5,1388,1,14,-1,3,-1
2018950001097,1,9,0,5,0,1,0,0,0,0,1,2,6,1,44,7,1798,1,9,-1,1,-1
2018950001097,2,9,0,16,0,8,5,0,0,0,2,1,6,2,59,9,1685,2,1,-1,3,-1
2018950001098,1,9,0,18,0,8,0,0,0,0,3,1,6,1,34,6,1388,1,12,-1,3,-1
2018950001098,2,9,0,18,0,1,0,0,0,0,1,1,6,2,61,9,1398,1,2,-1,-1,-1
2018950001101,1,19,0,5,0,1,0,0,3,10,1,1,1,1,-1,-1,2998,2,1,-1,-1,-1
2018950001102,1,9,0,18,0,0,0,0,0,0,4,1,6,2,58,9,1390,1,6,-1,1,-1
2018950001103,1,9,0,17,0,0,1,0,0,0,3,1,6,1,63,9,-1,-1,-1,7,3,7
2018950001103,2,9,0,16,0,0,1,0,0,0,3,1,6,2,40,7,1598,1,12,-1,3,-1
2018950001104,1,19,0,18,0,0,1,0,7,3,1,1,1,1,30,6,2198,2,2,-1,1,-1
2018950001106,1,9,0,18,0,0,0,0,0,0,1,1,6,2,23,5,1242,1,5,-1,2,-1
2018950001107,1,9,0,16,0,0,1,0,7,11,1,1,6,2,19,4,1686,2,10,-1,3,-1
2018950001108,1,9,0,4,0,1,0,0,0,0,1,1,6,1,-1,-1,1329,1,9,-1,-1,-1
2018950001108,2,9,0,3,0,1,0,0,0,0,2,1,6,1,34,6,1969,2,3,-1,1,-1
2018950001109,1,1,0,12,0,0,0,0,0,0,3,1,6,2,50,8,-1,-1,-1,-1,1,-1
2018950001109,2,9,0,18,0,0,0,0,0,0,4,1,6,1,46,8,1582,2,3,-1,1,-1
2018950001112,1,19,0,9,0,1,0,0,0,0,4,1,1,1,34,6,1560,2,1,-1,3,-1
2018950001112,2,1,0,18,0,1,0,0,0,0,1,1,2,1,40,7,-1,-1,-1,-1,1,-1
2018950001113,1,9,0,4,0,0,0,0,0,0,4,1,6,1,72,10,998,1,-1,-1,-1,-1
2018950001114,1,9,0,18,0,0,0,0,0,0,1,1,6,1,52,8,1461,2,11,-1,1,-1
2018950001114,2,9,0,18,0,0,0,0,0,0,2,1,6,1,49,8,1598,1,9,-1,1,-1
2018950001114,3,9,0,4,0,0,0,0,0,0,2,1,2,1,54,8,2720,2,10,-1,1,-1
2018950001114,4,9,0,4,0,0,0,0,0,0,2,1,6,2,37,7,1398,1,3,-1,1,-1
2018950001115,1,11,0,5,0,1,0,0,0,0,0,1,1,1,29,6,9360,2,9,-1,1,-1
2018950001116,1,9,0,12,0,1,0,0,0,0,2,1,6,3,-1,-1,1998,1,2,-1,-1,-1
2018950001116,2,9,0,4,0,1,0,0,0,0,2,1,6,3,-1,-1,1560,2,4,-1,-1,-1
2018950001116,3,9,0,10,0,1,0,0,0,0,2,1,6,3,-1,-1,-1,-1,-1,-1,-1,-1
2018950001117,1,8,0,6,0,0,0,0,0,0,1,1,6,1,56,9,2143,2,3,-1,1,-1
2018950001118,1,11,0,18,0,1,0,0,0,0,0,1,1,1,52,8,5132,2,1,-1,2,-1
2018950001119,1,9,0,16,0,0,5,0,1,11,1,1,6,1,20,4,998,1,5,-1,3,-1
2018950001120,1,9,0,18,0,1,0,4,0,0,1,1,6,1,33,6,1396,1,25,-1,1,-1
2018950001120,2,9,0,2,0,1,0,0,0,0,4,1,6,1,-1,-1,1598,1,15,-1,-1,-1
2018950001120,3,9,0,2,0,1,0,0,0,0,2,1,6,1,-1,-1,1796,1,14,-1,-1,-1
2018950001120,4,9,0,2,0,1,0,0,0,0,2,1,6,1,-1,-1,1587,1,12,-1,-1,-1
2018950001121,1,9,0,9,0,8,0,0,0,0,1,1,6,1,19,4,-1,-1,-1,-1,2,-1
2018950001122,1,9,0,18,0,0,0,0,0,0,1,1,2,1,67,10,1499,2,3,-1,-1,-1
2018950001122,2,1,0,18,0,0,0,0,0,0,2,1,6,1,37,7,-1,-1,-1,-1,1,-1
2018950001123,1,9,0,9,0,8,0,0,0,0,4,1,6,1,48,8,998,1,6,-1,1,-1
2018950001123,2,3,0,18,0,8,0,0,0,0,4,1,6,1,28,6,113,1,-1,-1,1,-1
2018950001124,1,9,0,13,0,0,0,0,0,0,4,1,6,1,78,11,999,1,1,-1,2,-1
2018950001124,2,16,0,18,0,0,0,0,0,0,3,1,6,2,62,9,-1,-1,-1,-1,3,-1
2018950001124,3,16,0,18,0,0,0,0,0,0,0,1,6,2,56,9,-1,-1,-1,-1,1,-1
2018950001125,1,9,0,5,0,2,0,0,0,0,1,1,6,1,-1,-1,-1,3,3,-1,1,-1
2018950001125,2,9,0,3,0,1,0,0,0,0,2,1,6,1,43,7,-1,-1,-1,-1,1,-1
2018950001126,1,11,0,4,0,0,0,0,0,0,0,1,1,1,57,9,5132,2,1,-1,1,-1
2018950001127,1,9,0,9,0,8,0,0,0,0,4,1,6,1,21,5,1396,1,9,-1,1,-1
2018950001127,2,9,0,17,0,8,0,0,0,0,1,1,6,1,22,5,998,1,10,-1,1,-1
2018950001128,1,9,0,18,0,0,0,0,1,0,0,1,6,1,18,4,1000,1,3,-1,2,-1
2018950001129,1,9,0,18,0,1,0,0,0,0,4,1,6,1,53,8,2354,1,14,-1,1,-1
2018950001130,1,9,0,9,0,8,0,0,0,0,1,1,6,2,76,11,1329,1,9,-1,1,-1
2018950001131,1,9,0,18,0,3,0,0,0,0,1,1,6,1,21,5,1399,2,10,-1,3,-1
2018950001131,2,9,0,9,0,3,0,0,0,0,2,1,6,1,54,8,1796,1,12,-1,1,-1
2018950001132,1,9,0,16,0,0,2,0,7,11,1,1,6,2,45,7,2495,2,20,-1,3,-1
2018950001133,1,9,0,9,0,8,0,0,0,0,1,1,1,2,29,6,998,1,2,-1,1,-1
2018950001133,2,9,0,18,0,8,0,0,0,0,1,1,2,2,38,7,1560,2,10,-1,1,-1
2018950001134,1,9,0,2,0,0,0,0,0,0,1,1,6,1,-1,-1,1968,2,8,-1,-1,-1
2018950001135,1,9,0,18,0,0,0,0,0,0,1,1,6,1,21,5,1395,1,3,-1,-1,-1
2018950001135,2,9,0,18,0,0,0,0,0,0,2,1,6,1,42,7,1242,1,14,-1,1,-1
2018950001136,1,9,0,4,0,0,0,0,0,0,1,1,6,1,34,6,1598,2,9,-1,1,-1
2018950001136,2,1,0,18,0,0,5,0,0,0,1,1,6,1,14,3,-1,-1,-1,-1,1,-1
2018950001137,1,11,0,18,0,2,0,0,0,0,1,1,1,1,32,6,5132,2,4,-1,1,-1
2018950001140,1,19,0,5,0,4,0,0,0,0,1,1,6,3,-1,-1,-1,-1,-1,-1,-1,-1
2018950001140,2,9,0,3,0,4,0,0,0,0,2,1,6,1,24,5,1198,1,4,-1,1,-1
2018950001141,1,9,0,4,0,0,1,0,0,0,1,1,2,1,20,4,999,1,1,-1,1,-1
2018950001141,2,9,0,4,0,0,0,0,0,0,2,1,2,1,56,9,1360,1,10,-1,2,-1
2018950001142,1,4,0,18,0,1,0,0,1,0,3,1,6,1,46,8,1340,1,4,-1,2,-1
2018950001142,2,17,0,18,0,2,0,0,0,0,4,1,1,1,36,7,6596,2,-1,-1,2,-1
2018950001143,1,9,0,9,0,8,0,0,0,0,3,1,6,1,45,7,1339,1,11,-1,1,-1
2018950001143,2,4,0,13,0,8,0,0,0,0,4,1,2,1,45,7,-1,-1,-1,-1,1,-1
2018950001144,1,11,0,4,0,3,0,0,0,0,0,1,6,1,41,7,7300,2,13,-1,2,-1
2018950001145,1,9,0,9,0,8,0,0,0,0,3,1,2,1,24,5,1995,2,1,-1,1,-1
2018950001146,1,9,0,7,0,1,0,0,0,0,1,1,2,1,61,9,1995,2,12,-1,1,-1
2018950001147,1,11,0,18,0,0,0,0,0,0,0,1,1,1,49,8,7300,2,11,-1,1,-1
2018950001148,1,9,0,18,2,1,0,0,0,0,0,1,6,3,-1,-1,-1,-1,-1,-1,-1,-1
2018950001148,2,11,0,18,2,1,0,0,0,0,0,1,1,1,38,7,12778,2,5,-1,1,-1
2018950001149,1,9,0,9,0,8,0,0,0,0,1,1,6,2,41,7,1999,2,12,-1,1,-1
2018950001149,2,9,0,17,0,1,0,0,0,0,1,1,2,2,40,7,1396,1,9,-1,1,-1
2018950001150,1,1,0,18,0,1,0,0,0,0,0,1,6,1,36,7,-1,-1,-1,-1,1,-1
2018950001150,2,9,0,7,0,8,0,0,0,0,0,1,6,1,48,8,1984,1,7,-1,3,-1
2018950001151,1,9,0,18,0,0,0,0,0,0,1,1,6,1,39,7,1560,2,11,-1,1,-1
2018950001151,2,9,0,4,0,0,0,0,0,0,2,1,6,1,44,7,1560,2,6,-1,1,-1
2018950001151,3,9,0,3,0,0,0,0,0,0,2,1,6,1,34,6,1200,1,1,-1,-1,-1
2018950001151,4,19,0,3,0,0,0,0,0,0,2,1,6,1,30,6,1598,2,2,-1,1,-1
2018950001152,1,19,0,7,0,8,0,0,0,0,1,1,1,3,-1,-1,1598,2,2,-1,-1,-1
2018950001152,2,4,0,18,0,8,0,0,0,0,3,1,6,1,48,8,471,1,-1,-1,1,-1
2018950001154,1,11,0,9,0,8,0,0,0,0,1,1,1,1,46,8,9360,2,7,-1,1,-1
2018950001154,2,1,0,15,0,1,0,0,0,0,1,1,6,1,33,6,-1,-1,-1,4,3,4
2018950001156,1,11,0,18,2,0,0,0,1,0,1,1,1,1,43,7,5132,2,1,-1,2,-1
2018950001157,1,4,0,18,0,0,0,0,1,11,3,1,6,1,55,8,1340,1,4,-1,2,-1
2018950001157,2,9,0,18,0,0,0,0,0,0,1,1,6,1,68,10,1968,2,6,-1,3,-1
2018950001158,1,20,0,9,0,8,0,0,0,1,4,1,6,3,-1,-1,10518,2,1,-1,-1,-1
2018950001159,1,9,0,18,0,0,0,4,0,0,1,1,6,1,27,6,1390,1,7,-1,1,-1
2018950001159,2,9,0,18,0,0,0,0,0,0,2,1,1,1,29,6,1797,8,7,8,1,8