Accident_Index,Vehicle_Reference,Vehicle_Type,Towing_and_Articulation,Vehicle_Manoeuvre,Vehicle_Location-Restricted_Lane,Junction_Location,Skidding_and_Overturning,Hit_Object_in_Carriageway,Vehicle_Leaving_Carriageway,Hit_Object_off_Carriageway,1st_Point_of_Impact,Was_Vehicle_Left_Hand_Drive?,Journey_Purpose_of_Driver,Sex_of_Driver,Age_of_Driver,Age_Band_of_Driver,Engine_Capacity_(CC),Propulsion_Code,Age_of_Vehicle,Driver_IMD_Decile,Driver_Home_Area_Type,Vehicle_IMD_Decile
2018950001159,3,9,0,2,0,0,0,0,0,0,3,1,6,1,-1,-1,1968,2,1,-1,-1,-1
2018950001159,4,9,0,2,0,0,0,0,0,0,4,1,6,1,-1,-1,1598,1,4,-1,-1,-1
2018950001160,1,9,0,17,0,0,0,0,1,11,1,1,2,1,32,6,1968,2,12,-1,1,-1
2018950001161,1,9,0,1,0,0,0,0,0,0,2,1,6,3,-1,-1,-1,-1,-1,-1,-1,-1
2018950001162,1,9,0,18,0,0,0,0,0,0,1,1,2,1,50,8,-1,-1,-1,-1,2,-1
2018950001162,2,9,0,4,0,0,0,0,0,0,2,1,6,1,36,7,1461,2,2,-1,3,-1
2018950001162,3,19,0,4,0,0,0,0,0,0,2,1,1,1,60,9,1968,2,2,-1,1,-1
2018950001162,4,19,0,4,0,0,0,0,0,0,2,1,1,1,60,9,1996,2,4,-1,3,-1
2018950001163,1,9,0,13,0,1,0,0,0,0,4,1,6,3,-1,-1,-1,-1,-1,-1,-1,-1
2018950001163,2,1,0,18,0,1,0,0,0,0,3,1,4,1,9,2,-1,-1,-1,-1,1,-1
2018950001164,1,9,0,4,0,0,0,0,0,0,3,1,6,1,19,4,1560,2,2,-1,1,-1
2018950001164,2,21,0,6,0,0,0,0,0,0,3,1,6,1,55,8,-1,-1,-1,-1,1,-1
2018950001165,1,9,0,18,0,8,0,0,0,0,4,1,6,3,-1,-1,-1,-1,-1,-1,-1,-1
2018950001165,2,1,0,18,0,1,0,0,0,0,3,1,6,2,51,8,-1,-1,-1,-1,1,-1
2018950001166,1,9,0,8,0,1,0,0,0,0,0,1,6,1,-1,-1,-1,-1,-1,-1,-1,-1
2018950001166,2,1,0,18,0,1,0,0,0,0,0,1,6,1,26,6,-1,-1,-1,-1,1,-1
2018950001167,1,19,0,18,0,0,5,0,1,6,1,1,6,1,31,6,1598,2,4,-1,1,-1
2018950001168,1,9,0,4,0,1,0,0,0,0,1,1,6,2,20,4,1242,1,3,-1,2,-1
2018950001168,2,9,0,4,0,1,0,0,0,0,2,1,6,2,35,6,1242,1,7,-1,1,-1
2018950001169,1,4,0,17,0,0,0,0,1,0,4,1,6,1,55,8,1198,1,4,5,1,5
2018950001170,1,9,0,18,0,0,0,0,0,0,4,1,6,2,32,6,1586,1,8,-1,2,-1
2018950001171,1,9,0,18,0,8,0,0,0,0,4,1,6,1,78,11,1198,1,4,-1,2,-1
2018950001171,2,9,0,18,0,8,0,0,0,0,3,1,6,2,48,8,996,1,5,-1,2,-1
2018950001172,1,9,0,9,0,8,0,0,0,0,1,1,6,2,45,7,1799,1,10,-1,1,-1
2018950001172,2,3,0,14,0,8,0,0,0,0,3,1,6,1,52,8,96,1,12,-1,1,-1
2018950001173,1,8,0,18,0,1,0,0,0,0,1,1,1,1,44,7,2499,2,9,-1,1,-1
2018950001174,1,90,0,18,0,1,0,0,0,0,1,1,1,2,42,7,2987,2,1,-1,2,-1
2018950001174,2,9,0,18,0,8,0,0,0,0,3,1,2,1,58,9,1395,1,2,-1,1,-1
2018950001175,1,9,0,4,0,1,0,0,0,0,1,1,6,1,53,8,1596,1,13,-1,2,-1
2018950001175,2,9,0,5,0,1,0,0,0,0,2,1,6,2,41,7,1598,1,13,-1,3,-1
2018950001176,1,1,0,18,9,0,0,4,0,0,1,1,6,1,33,6,-1,-1,-1,-1,1,-1
2018950001176,2,9,0,2,0,0,0,0,0,0,1,1,6,1,-1,-1,1598,1,16,-1,-1,-1
2018950001177,1,4,0,17,0,0,0,0,0,0,4,1,6,1,64,9,1261,1,14,8,1,8
2018950001178,1,9,0,18,0,1,5,0,7,9,1,1,6,1,27,6,1994,1,15,-1,1,-1
2018950001179,1,8,0,18,0,1,2,0,0,0,1,1,1,1,41,7,1997,2,5,-1,1,-1
2018950001179,2,9,0,10,0,1,0,0,0,0,2,1,2,2,28,6,1360,1,11,-1,3,-1
2018950001180,1,9,0,18,0,1,0,0,0,0,1,1,6,1,98,11,1598,1,13,-1,1,-1
2018950001180,2,9,0,4,0,1,0,0,0,0,2,1,6,1,34,6,1398,2,7,-1,2,-1
2018950001180,3,9,0,4,0,1,0,0,0,0,2,1,6,3,-1,-1,1390,1,11,-1,-1,-1
2018950001181,1,9,0,14,0,1,0,0,0,0,4,1,6,1,27,6,1242,1,4,-1,1,-1
2018950001181,2,9,0,10,0,8,0,0,0,0,3,1,6,1,33,6,1461,2,3,-1,1,-1
2018950001182,1,9,0,13,0,0,0,0,0,0,1,1,6,1,29,6,2979,1,14,-1,1,-1
2018950001182,2,9,0,18,0,0,0,0,0,0,1,1,6,1,26,6,1968,2,13,-1,3,-1
2018950001184,1,9,0,18,0,0,0,0,0,0,3,1,6,1,43,7,1390,1,11,-1,1,-1
2018950001184,2,9,0,18,0,0,0,0,0,0,3,1,6,1,22,5,1968,2,7,-1,1,-1
2018950001185,1,9,0,18,0,1,0,0,0,0,1,1,6,2,73,10,1422,2,10,5,1,5
2018950001185,2,9,0,3,0,1,0,0,0,0,2,1,6,2,45,7,1598,1,1,5,1,5
2018950001185,3,9,0,10,0,1,0,0,0,0,2,1,6,1,46,8,1968,2,3,-1,3,-1
2018950001186,1,4,0,16,0,0,1,0,8,11,1,1,6,1,35,6,-1,-1,-1,-1,1,-1
2018950001187,1,19,0,3,0,1,0,0,0,0,3,1,2,1,53,8,2461,2,7,-1,1,-1
2018950001187,2,1,0,4,0,1,0,0,0,0,1,1,2,1,28,6,-1,-1,-1,-1,3,-1
2018950001188,1,9,2,18,0,4,0,10,7,0,1,1,2,1,36,7,1799,1,12,-1,2,-1
2018950001189,1,1,0,15,0,8,0,0,0,0,3,1,2,2,29,6,-1,-1,-1,-1,1,-1
2018950001189,2,9,0,9,0,8,0,0,0,0,4,1,2,2,53,8,1248,1,6,-1,1,-1
2018950001190,1,9,0,14,0,0,0,0,1,9,4,1,6,2,65,9,2993,2,-1,-1,-1,-1
2018950001190,2,9,0,3,0,0,0,0,0,0,3,1,6,1,36,7,1910,2,10,-1,1,-1
2018950001191,1,9,0,18,0,1,0,0,0,0,4,1,6,2,54,8,1397,1,9,-1,2,-1
2018950001192,1,9,0,9,0,2,0,0,0,0,4,1,6,3,-1,-1,2993,2,-1,-1,-1,-1
2018950001192,2,9,0,9,0,2,0,0,0,0,3,1,6,2,50,8,1910,2,12,-1,1,-1
2018950001194,1,11,0,3,2,1,0,0,0,0,0,1,1,1,37,7,9360,2,8,-1,-1,-1
2018950001195,1,9,0,18,0,1,0,0,0,0,1,1,6,2,35,6,1240,1,15,-1,1,-1
2018950001195,2,19,2,9,0,1,0,0,0,0,2,1,1,1,52,8,1248,2,3,-1,2,-1
2018950001196,1,9,0,18,0,0,0,0,0,0,0,1,6,1,78,11,1948,1,17,-1,1,-1
2018950001196,2,1,0,18,4,0,0,0,0,0,0,1,6,1,40,7,-1,-1,-1,-1,1,-1
2018950001198,1,9,0,18,0,0,0,0,0,0,1,1,6,2,61,9,1198,1,13,-1,1,-1
2018950001199,1,9,0,13,0,1,0,0,1,2,1,1,6,1,18,4,1560,2,7,-1,3,-1
2018950001199,2,90,0,9,0,1,0,0,0,0,3,1,6,1,71,10,6728,2,5,-1,3,-1
2018950001200,1,3,0,18,0,0,0,0,0,0,1,1,2,1,20,4,124,1,2,-1,1,-1
2018950001200,2,19,0,18,0,0,0,0,0,0,2,1,6,1,55,8,2198,2,3,-1,2,-1
2018950001201,1,19,0,5,0,1,0,0,0,0,1,1,1,1,43,7,1995,2,-1,-1,1,-1
2018950001201,2,1,0,18,0,1,0,0,0,0,1,1,6,1,59,9,-1,-1,-1,-1,1,-1
2018950001202,1,9,0,18,0,0,0,0,0,0,1,1,2,1,53,8,2231,2,6,-1,3,-1
2018950001202,2,9,0,4,0,0,0,0,0,0,2,1,1,2,55,8,1200,1,1,-1,1,-1
2018950001202,3,9,0,4,0,0,0,0,0,0,2,1,1,1,53,8,1461,2,2,-1,1,-1
2018950001203,1,9,0,18,0,0,0,0,0,0,1,1,6,2,28,6,1198,1,1,-1,2,-1
2018950001203,2,9,0,4,0,0,0,0,0,0,2,1,6,1,32,6,1399,1,3,-1,2,-1
2018950001204,1,90,0,9,0,3,0,0,0,0,1,1,6,3,74,10,-1,-1,-1,-1,-1,-1
2018950001205,1,21,0,16,0,8,0,0,0,0,1,1,1,1,54,8,15928,2,10,4,3,4
2018950001205,2,21,0,4,0,8,0,0,0,0,2,1,1,1,63,9,6700,2,-1,6,3,6
2018950001205,3,9,0,9,0,1,0,0,7,9,2,1,6,1,71,10,2000,2,8,-1,-1,-1
2018950001205,4,9,0,9,0,1,0,0,0,0,2,1,6,1,74,10,2987,2,10,3,1,3
2018950001206,1,1,0,12,0,1,0,0,0,0,1,1,6,1,50,8,-1,-1,-1,-1,1,-1
2018950001206,2,9,0,10,0,1,0,0,0,0,3,1,6,2,47,8,1422,2,10,-1,1,-1
2018950001207,1,9,0,9,0,8,0,0,0,0,1,1,1,1,56,9,1497,8,10,-1,1,-1
2018950001207,2,1,0,18,0,1,0,0,0,0,1,1,6,2,43,7,-1,-1,-1,-1,1,-1
2018950001208,1,9,0,4,0,1,0,0,0,0,1,1,6,2,64,9,2494,1,14,-1,1,-1
2018950001208,2,1,0,4,0,1,0,0,0,0,2,1,6,1,57,9,-1,-1,-1,-1,1,-1
2018950001209,1,9,0,14,0,0,0,0,0,0,1,1,6,3,-1,-1,-1,-1,-1,-1,-1,-1
2018950001210,1,19,0,18,0,0,0,0,0,0,1,1,6,1,65,9,2461,2,11,-1,1,-1
2018950001210,2,9,0,18,0,0,0,0,0,6,2,1,6,2,22,5,1198,1,10,-1,1,-1
2018950001211,1,4,0,18,0,0,0,0,7,0,1,1,6,1,43,7,-1,-1,-1,-1,-1,-1
2018950001211,2,21,1,18,0,0,0,0,0,0,1,1,1,1,34,6,12740,2,1,-1,-1,-1
2018950001211,3,4,0,18,0,0,0,0,0,0,1,1,6,1,48,8,-1,-1,-1,-1,-1,-1
2018950001212,1,9,0,18,0,0,0,0,0,0,1,1,6,1,81,11,1399,2,8,-1,2,-1
2018950001213,1,9,0,18,0,2,0,0,3,0,3,1,6,1,17,4,1398,1,1,-1,1,-1
2018950001213,2,9,0,18,0,1,0,0,7,0,1,1,1,1,25,5,2184,2,14,-1,3,-1
2018950001214,1,9,0,7,0,1,0,0,0,0,4,1,6,2,57,9,1197,1,2,-1,2,-1
2018950001214,2,1,0,18,0,1,0,0,0,0,3,1,2,1,53,8,-1,-1,-1,-1,1,-1
2018950001215,1,9,0,5,0,0,0,0,0,0,3,1,6,1,19,4,1229,1,10,-1,1,-1
2018950001215,2,9,0,18,0,0,0,0,0,0,1,1,6,1,44,7,1598,1,13,-1,1,-1
2018950001216,1,9,0,18,0,8,0,0,0,0,1,1,6,2,30,6,1395,1,1,-1,1,-1
2018950001216,2,19,0,18,0,2,0,0,0,0,2,1,1,1,27,6,-1,-1,-1,-1,1,-1
2018950001217,1,9,0,11,0,3,0,0,0,0,4,1,6,2,58,9,1248,2,3,-1,1,-1
2018950001217,2,9,0,18,0,3,0,0,0,0,3,1,1,1,50,8,1598,2,1,-1,-1,-1
2018950001218,1,9,4,18,0,1,3,0,2,6,4,1,1,1,36,7,2402,2,8,5,1,5
2018950001220,1,9,0,18,0,0,0,0,0,0,1,1,2,2,58,9,1591,1,3,-1,1,-1
2018950001220,2,9,0,3,0,0,0,4,0,0,2,1,2,2,28,6,1388,1,11,-1,2,-1
2018950001220,3,9,0,2,0,0,0,0,0,0,2,1,6,2,48,8,1968,2,2,-1,-1,-1
2018950001221,1,19,0,1,0,0,0,0,0,0,2,1,1,1,31,6,-1,-1,-1,-1,1,-1
2018950001222,1,9,0,4,0,0,0,0,0,0,1,1,6,1,64,9,1968,2,6,-1,3,-1
2018950001222,2,9,0,3,0,0,0,0,0,0,2,1,6,2,66,10,-1,-1,-1,-1,1,-1
2018950001222,3,9,0,4,0,0,0,0,0,0,2,1,6,2,45,7,1461,2,4,7,2,7
2018950001223,1,4,0,16,0,0,0,0,7,0,3,1,6,1,26,6,749,1,7,-1,3,-1
2018950001224,1,8,0,18,0,0,0,0,0,0,1,1,2,1,59,9,2499,2,4,-1,1,-1
2018950001224,2,9,0,3,0,0,0,0,0,0,2,1,6,1,27,6,1248,2,7,-1,-1,-1
2018950001225,1,9,0,18,0,0,5,0,1,11,1,1,6,1,57,9,1349,1,9,-1,1,-1
2018950001226,1,9,0,9,0,8,0,0,0,0,1,1,6,2,72,10,1364,1,10,-1,1,-1
2018950001226,2,9,0,18,0,8,0,0,0,0,1,1,6,1,46,8,1968,2,8,-1,1,-1
2018950001227,1,9,0,18,0,8,0,0,0,0,4,1,6,1,72,10,1242,1,8,-1,1,-1
2018950001227,2,9,0,18,0,8,0,0,0,0,3,1,6,2,39,7,1248,1,2,-1,1,-1
2018950001228,1,4,0,17,0,0,0,0,0,0,1,1,6,1,35,6,998,1,11,-1,2,-1
2018950001228,2,4,0,16,0,0,0,0,0,0,1,1,6,1,40,7,1293,1,2,-1,3,-1
2018950001229,1,9,0,18,0,8,0,0,0,0,4,1,6,1,79,11,998,1,4,-1,1,-1
2018950001229,2,9,0,18,0,8,0,0,0,0,3,1,6,1,49,8,2993,2,8,-1,1,-1
2018950001230,1,9,0,9,0,8,0,0,0,0,4,1,6,1,17,4,-1,-1,-1,-1,2,-1
2018950001230,2,1,0,18,0,1,0,0,0,0,1,1,6,1,16,4,-1,-1,-1,-1,2,-1
2018950001231,1,4,0,15,0,1,0,0,0,0,1,1,6,1,21,5,649,1,3,-1,2,-1
2018950001231,2,9,0,10,0,1,0,0,0,0,2,1,6,1,35,6,1560,2,10,-1,1,-1
2018950001232,1,9,0,9,0,1,0,0,0,0,1,1,6,3,-1,-1,1995,2,13,-1,-1,-1
2018950001232,2,1,0,10,0,1,0,0,0,0,2,1,6,2,28,6,-1,-1,-1,-1,1,-1
2018950001234,1,9,0,15,0,1,0,0,1,0,1,1,6,1,55,8,1796,1,14,-1,1,-1
2018950001234,2,9,0,10,0,1,0,0,7,0,2,1,6,2,27,6,1595,1,8,-1,1,-1
2018950001238,1,9,0,18,0,1,0,0,0,0,1,1,6,2,30,6,1461,2,2,-1,1,-1
2018950001238,2,9,0,8,0,1,0,0,0,0,2,1,6,2,39,7,1598,1,6,-1,1,-1
2018950001240,1,9,0,9,0,2,0,0,0,0,1,1,6,1,42,7,-1,-1,-1,-1,-1,-1
2018950001241,1,9,0,9,0,8,0,0,0,0,3,1,6,2,18,4,1149,1,4,-1,1,-1
2018950001242,1,9,0,18,0,8,0,0,0,0,1,1,2,1,30,6,1686,2,9,-1,2,-1
2018950001243,1,9,0,18,0,1,0,0,0,0,1,1,6,1,29,6,1968,2,5,-1,3,-1
2018950001243,2,9,0,3,0,1,0,0,0,0,2,1,6,2,28,6,1956,2,4,-1,1,-1
2018950001245,1,9,0,6,0,0,0,0,0,0,3,1,2,1,56,9,1398,1,3,-1,1,-1
2018950001245,2,4,0,18,0,0,0,0,0,0,1,1,6,1,54,8,1188,1,17,-1,1,-1
2018950001246,1,9,0,18,0,1,0,0,0,0,1,1,6,1,19,4,1560,2,7,-1,1,-1
2018950001247,1,9,0,18,0,0,0,0,0,0,2,1,6,1,31,6,1197,1,-1,-1,1,-1
2018950001247,2,3,0,18,0,0,0,0,0,0,1,1,6,1,23,5,125,1,2,-1,2,-1
2018950001248,1,4,0,14,0,1,1,0,0,0,4,1,2,1,41,7,649,1,6,-1,2,-1
2018950001249,1,9,0,3,0,1,0,0,0,0,4,1,3,2,58,9,1995,2,3,-1,1,-1
2018950001249,2,1,0,18,0,1,0,0,0,0,1,1,6,2,50,8,-1,-1,-1,-1,1,-1
2018950001251,1,19,0,16,0,0,0,0,1,11,4,1,6,1,81,11,2499,2,15,-1,3,-1
2018950001252,1,9,0,18,0,1,0,0,7,4,3,1,6,2,18,4,999,1,1,-1,1,-1
2018950001253,1,1,0,18,0,0,0,0,0,0,3,1,6,1,81,11,-1,-1,-1,-1,3,-1
2018950001253,2,90,5,13,0,0,0,0,0,0,4,1,1,1,58,9,6788,2,2,-1,3,-1
2018950001254,1,9,0,16,0,0,0,0,7,4,1,1,6,1,82,11,1991,1,2,-1,3,-1
2018950001255,1,3,0,7,0,4,1,0,0,0,0,1,6,2,21,5,125,1,3,-1,1,-1
2018950001256,1,9,0,18,0,0,0,4,0,0,1,1,6,2,52,8,1598,2,2,-1,1,-1
2018950001256,2,9,0,2,0,0,0,0,1,2,2,1,6,1,-1,-1,-1,-1,-1,-1,-1,-1
2018950001256,3,9,0,2,0,0,0,0,0,0,2,1,6,1,-1,-1,1598,1,12,-1,-1,-1
2018950001257,1,9,0,18,0,0,0,0,0,0,1,1,1,1,30,6,1598,2,4,-1,1,-1
2018950001257,2,9,0,4,0,0,0,0,0,0,2,1,6,1,45,7,2143,2,2,-1,3,-1
2018950001259,1,11,0,5,0,0,0,0,0,0,0,1,1,1,50,8,-1,-1,-1,-1,2,-1
2018950001260,1,9,0,9,0,1,0,0,0,0,1,1,6,1,52,8,1597,2,1,-1,-1,-1
2018950001260,2,1,0,18,4,1,0,0,0,0,1,1,6,1,50,8,-1,-1,-1,-1,1,-1
2018950001261,1,9,0,18,0,1,0,0,0,0,1,1,6,1,27,6,1900,2,11,-1,1,-1
2018950001261,2,9,0,3,0,1,0,0,0,0,2,1,6,1,52,8,999,1,-1,-1,1,-1
2018950001263,1,9,0,16,0,0,0,0,0,0,0,1,6,1,21,5,1998,1,11,-1,2,-1
2018950001264,1,11,0,5,0,0,0,0,0,0,0,1,1,1,51,8,5132,2,1,-1,1,-1
2018950001265,1,19,0,18,0,0,0,0,0,0,4,1,6,1,56,9,1995,2,7,-1,2,-1
2018950001266,1,9,0,13,0,1,0,0,0,0,1,1,6,2,27,6,1398,1,3,-1,-1,-1
2018950001266,2,9,0,18,0,1,0,0,0,0,3,1,6,1,32,6,1198,1,9,-1,1,-1
2018950001266,3,9,0,18,0,1,0,0,0,0,3,1,6,1,48,8,-1,-1,-1,-1,1,-1
2018950001267,1,9,0,18,0,0,0,0,0,0,1,1,2,1,67,10,1905,2,20,-1,1,-1
2018950001267,2,9,0,18,0,0,0,0,0,0,2,1,6,2,35,6,1896,2,14,-1,-1,-1
2018950001268,1,9,0,18,0,0,0,0,0,0,4,1,2,1,46,8,-1,-1,-1,-1,1,-1
2018950001269,1,8,0,2,0,0,0,0,0,0,2,1,1,1,-1,-1,1997,2,2,-1,-1,-1
2018950001269,2,9,0,2,0,0,0,0,0,0,2,1,6,1,-1,-1,2143,2,4,-1,-1,-1
2018950001270,1,11,0,18,0,0,0,0,0,0,0,1,1,1,32,6,4760,2,5,-1,1,-1
2018950001271,1,9,0,17,0,4,0,0,0,0,1,1,6,1,53,8,2204,2,11,-1,1,-1
2018950001271,2,9,0,17,0,4,0,0,0,0,3,1,6,2,52,8,-1,-1,-1,-1,1,-1
2018950001272,1,9,0,17,0,0,0,0,0,0,1,1,6,1,21,5,1242,1,8,-1,2,-1
2018950001272,2,90,0,16,0,0,0,0,0,10,2,1,6,1,60,9,-1,-1,-1,-1,1,-1
2018950001273,1,9,0,13,0,1,0,0,7,2,1,1,6,1,16,4,2495,2,22,-1,1,-1
2018950001273,2,9,0,9,0,1,0,0,0,0,3,1,6,2,54,8,1597,2,3,-1,1,-1
2018950001274,1,1,0,18,0,2,0,0,0,0,0,1,6,1,36,7,-1,-1,-1,-1,1,-1
2018950001275,1,9,0,18,0,0,0,0,0,0,1,1,6,2,28,6,1968,2,8,-1,-1,-1
2018950001275,2,19,0,18,0,0,0,0,0,0,2,1,6,1,30,6,1968,2,4,-1,1,-1
2018950001276,1,9,0,18,0,0,0,0,0,0,1,1,6,1,71,10,1199,1,-1,-1,-1,-1
2018950001276,2,9,0,18,0,0,0,0,0,0,1,1,6,2,46,8,1968,2,2,-1,1,-1
2018950001278,1,9,4,17,0,0,5,0,0,0,1,1,6,1,71,10,1997,1,-1,-1,1,-1
2018950001280,1,9,0,4,0,0,0,0,0,0,1,1,6,1,40,7,-1,-1,-1,-1,3,-1
2018950001280,2,9,0,3,0,0,0,0,0,0,2,1,6,2,19,4,1248,2,10,-1,3,-1
2018950001281,1,8,0,18,0,0,0,0,0,0,1,1,6,1,51,8,2143,2,2,-1,1,-1
2018950001281,2,9,0,3,0,0,0,0,0,0,2,1,6,1,64,9,-1,-1,-1,-1,2,-1
2018950001282,1,9,0,18,0,1,0,0,0,0,1,1,6,1,48,8,1910,2,11,-1,1,-1
2018950001282,2,9,0,4,0,1,0,0,0,0,2,1,6,2,31,6,1248,1,5,-1,1,-1
2018950001282,3,8,0,3,0,1,0,0,0,0,2,1,1,1,43,7,2499,2,11,-1,1,-1
2018950001283,1,9,0,5,0,0,0,0,0,0,3,1,6,1,18,4,1229,1,5,-1,1,-1
2018950001283,2,4,0,18,0,0,0,0,0,0,4,1,6,1,47,8,998,1,-1,-1,3,-1
2018950001285,1,1,0,18,0,8,0,0,0,0,4,1,6,1,6,2,-1,-1,-1,-1,-1,-1
2018950001285,2,9,0,18,0,8,0,0,0,0,1,1,6,2,22,5,1149,1,12,-1,-1,-1
2018950001286,1,9,0,18,0,0,0,0,0,0,1,1,6,2,28,6,-1,-1,-1,-1,-1,-1
2018950001286,2,19,0,4,0,0,0,0,0,0,2,1,6,1,30,6,1968,2,4,-1,1,-1
2018950001287,1,9,0,18,0,4,0,0,0,0,3,1,6,1,82,11,1398,1,-1,-1,1,-1
2018950001287,2,1,0,18,0,8,0,0,0,0,1,1,2,1,46,8,-1,-1,-1,-1,1,-1
2018950001288,1,9,0,4,0,1,0,0,0,0,1,1,6,1,22,5,1422,2,10,-1,1,-1
2018950001288,2,9,0,3,0,1,0,0,0,0,2,1,6,1,36,7,1560,2,9,-1,1,-1
2018950001288,3,9,0,3,0,1,0,0,0,0,2,1,1,1,50,8,2143,2,8,-1,1,-1
2018950001289,1,9,0,12,0,1,0,0,4,6,3,1,6,2,36,7,1461,2,5,-1,1,-1
2018950001289,2,9,0,18,0,1,0,0,4,6,4,1,6,2,26,6,1560,2,5,-1,1,-1
2018950001292,1,19,0,18,0,1,0,0,0,0,1,1,6,1,63,9,2477,2,3,-1,3,-1
2018950001292,2,9,0,4,0,1,0,0,0,0,2,1,2,2,21,5,1590,1,13,-1,3,-1
2018950001292,3,9,0,3,0,1,0,0,0,0,2,1,6,1,36,7,1560,2,4,-1,1,-1
2018950001292,4,9,0,3,0,1,0,0,0,0,2,1,6,1,55,8,1386,1,12,-1,3,-1
2018950001292,5,9,0,10,0,1,0,0,0,0,2,1,6,2,38,7,1598,1,9,-1,1,-1
2018950001293,1,9,0,18,0,0,0,0,1,11,1,1,6,2,29,6,1560,2,5,-1,3,-1
2018950001294,1,19,0,18,0,0,5,4,0,0,1,1,6,1,42,7,1560,2,3,-1,-1,-1
2018950001294,2,9,0,2,0,0,0,0,0,0,2,1,6,1,-1,-1,1242,1,4,-1,-1,-1
2018950001294,3,9,0,2,0,0,0,0,0,0,2,1,6,1,-1,-1,1596,1,13,-1,-1,-1
2018950001296,1,8,0,18,0,8,0,0,0,0,1,1,6,3,-1,-1,-1,-1,-1,-1,-1,-1
2018950001297,1,9,0,18,0,1,0,0,0,0,1,1,6,2,63,9,1242,1,7,-1,3,-1
2018950001297,2,9,0,18,0,1,0,0,0,0,1,1,6,2,45,7,1386,1,10,-1,1,-1
2018950001298,1,9,0,7,0,2,0,0,0,0,3,1,2,1,49,8,1396,2,4,-1,1,-1
2018950001298,2,1,0,18,0,8,0,0,0,0,1,1,6,2,26,6,-1,-1,-1,-1,-1,-1
2018950001299,1,20,0,18,0,0,0,0,0,0,3,1,1,1,25,5,4461,2,6,-1,1,-1
2018950001299,2,11,0,18,0,0,0,0,0,0,3,1,1,2,37,7,4250,2,16,-1,1,-1
2018950001300,1,9,0,12,0,0,0,0,0,0,3,1,2,2,49,8,1149,1,8,-1,2,-1
2018950001300,2,4,0,18,0,0,0,0,0,0,4,1,2,1,28,6,598,1,24,-1,1,-1
2018950001301,1,9,0,5,0,1,0,0,0,0,1,1,2,2,25,5,1496,2,1,-1,1,-1
2018950001301,2,4,0,3,0,1,0,0,0,0,2,1,6,1,70,10,748,1,24,-1,3,-1
2018950001302,1,9,0,18,0,2,0,0,0,0,4,1,6,3,-1,-1,-1,-1,-1,-1,-1,-1
2018950001302,2,1,0,15,0,2,0,0,0,0,1,1,1,1,22,5,-1,-1,-1,-1,1,-1
2018950001303,1,9,0,18,0,1,0,0,0,0,3,1,6,2,20,4,999,1,4,-1,1,-1
2018950001304,1,9,0,18,0,0,0,0,0,0,1,1,1,1,35,6,1598,1,16,-1,1,-1
2018950001304,2,9,0,18,0,0,0,0,0,0,1,1,1,1,40,7,-1,-1,-1,-1,2,-1
2018950001304,3,9,0,18,0,0,0,0,0,0,1,1,2,2,56,9,-1,-1,-1,-1,3,-1
2018950001305,1,9,0,13,0,0,0,0,0,0,3,1,6,1,38,7,1686,2,16,-1,3,-1
2018950001305,2,9,0,13,0,0,0,0,7,4,1,1,2,1,46,8,1968,2,2,-1,1,-1
2018950001305,3,9,0,18,0,0,0,0,0,0,0,1,6,1,51,8,2171,2,14,-1,3,-1
2018950001305,4,9,0,18,0,0,0,0,0,0,0,1,6,2,55,8,1995,2,1,-1,3,-1
2018950001306,1,9,0,18,0,1,0,0,0,0,1,1,6,1,-1,-1,1794,1,11,-1,-1,-1
2018950001306,2,9,0,18,0,1,0,0,0,0,2,1,6,2,20,4,998,1,3,-1,1,-1
2018950001308,1,9,0,18,0,0,0,0,0,0,1,1,6,1,52,8,1422,2,4,-1,1,-1
2018950001308,2,9,0,2,0,0,0,0,0,0,2,1,6,1,44,7,1896,2,9,-1,1,-1
2018950001309,1,19,0,18,0,0,0,0,0,0,1,1,6,1,55,8,1598,2,2,-1,-1,-1
2018950001309,2,3,0,18,0,0,0,0,0,0,2,1,6,1,53,8,123,1,10,-1,2,-1
2018950001313,1,8,0,18,0,0,0,0,0,0,3,1,1,1,70,10,1997,2,3,-1,3,-1
2018950001314,1,19,0,18,0,8,0,0,0,0,1,1,6,1,50,8,1560,2,3,-1,1,-1
2018950001314,2,9,0,18,0,6,0,0,0,0,4,1,2,1,31,6,1686,2,5,-1,1,-1
2018950001315,1,9,0,1,0,0,0,0,0,0,2,1,6,1,54,8,1598,1,10,-1,-1,-1
2018950001316,1,1,0,18,0,0,0,0,0,0,1,1,6,2,30,6,-1,-1,-1,-1,1,-1
2018950001317,1,9,0,11,0,0,0,0,0,0,4,1,6,2,41,7,996,1,6,-1,3,-1
2018950001317,2,4,0,15,0,0,0,0,0,0,3,1,2,1,20,4,125,1,1,-1,1,-1
2018950001318,1,9,0,18,0,4,0,0,0,0,1,1,6,1,54,8,1498,1,1,-1,3,-1
2018950001318,2,9,0,3,0,4,0,0,0,0,2,1,6,1,45,7,1995,2,4,-1,1,-1
2018950001319,1,90,0,18,0,1,0,0,0,0,1,1,1,1,21,5,-1,2,4,-1,3,-1
2018950001319,2,9,0,10,0,1,0,0,0,0,2,1,6,2,66,10,-1,-1,-1,-1,1,-1
2018950001319,3,9,0,18,0,8,0,0,0,0,1,1,6,1,70,10,1968,2,6,-1,3,-1
2018950001320,1,9,0,13,0,0,0,0,0,0,1,1,6,1,33,6,1900,2,13,-1,3,-1