Accident_Index,Vehicle_Reference,Vehicle_Type,Towing_and_Articulation,Vehicle_Manoeuvre,Vehicle_Location-Restricted_Lane,Junction_Location,Skidding_and_Overturning,Hit_Object_in_Carriageway,Vehicle_Leaving_Carriageway,Hit_Object_off_Carriageway,1st_Point_of_Impact,Was_Vehicle_Left_Hand_Drive?,Journey_Purpose_of_Driver,Sex_of_Driver,Age_of_Driver,Age_Band_of_Driver,Engine_Capacity_(CC),Propulsion_Code,Age_of_Vehicle,Driver_IMD_Decile,Driver_Home_Area_Type,Vehicle_IMD_Decile
2018950001320,2,90,4,18,0,0,0,0,0,0,1,1,1,1,30,6,6728,2,6,-1,3,-1
2018950001320,3,90,4,18,0,0,0,0,0,0,3,1,1,1,42,7,-1,2,4,-1,3,-1
2018950001321,1,9,0,18,0,1,0,0,0,0,1,1,6,1,52,8,1968,2,6,-1,1,-1
2018950001321,2,9,0,3,0,1,0,0,0,0,2,1,6,1,23,5,1587,1,16,-1,1,-1
2018950001322,1,8,0,4,0,1,0,0,0,0,0,1,1,1,33,6,-1,-1,-1,-1,1,-1
2018950001323,1,19,0,18,0,1,0,0,0,0,1,1,6,1,23,5,2198,2,3,-1,3,-1
2018950001323,2,9,0,10,0,1,0,0,0,0,2,1,6,2,41,7,1200,1,2,-1,1,-1
2018950001325,1,9,0,13,0,0,0,0,0,0,1,1,6,1,68,10,1461,2,1,-1,2,-1
2018950001327,1,9,0,5,0,1,0,0,0,0,4,1,6,1,78,11,1197,1,4,-1,1,-1
2018950001328,1,9,0,18,0,8,0,9,3,1,1,1,2,1,26,6,1600,2,8,-1,1,-1
2018950001329,1,9,0,18,0,0,0,0,0,0,1,1,6,1,58,9,-1,-1,-1,-1,1,-1
2018950001330,1,19,0,18,0,0,5,4,0,0,1,1,6,1,28,6,2477,2,15,-1,1,-1
2018950001330,2,9,0,2,0,0,0,0,0,0,3,1,6,1,-1,-1,1396,1,2,-1,-1,-1
2018950001330,3,9,0,2,0,0,0,0,0,0,3,1,6,1,-1,-1,1769,1,14,-1,-1,-1
2018950001330,4,9,0,2,0,0,0,0,0,0,1,1,6,1,-1,-1,1956,2,6,-1,-1,-1
2018950001331,1,9,0,18,0,1,0,0,0,0,1,1,6,1,55,8,1596,1,8,-1,2,-1
2018950001331,2,19,0,4,0,1,0,0,0,0,2,1,6,1,64,9,1598,2,-1,-1,-1,-1
2018950001333,1,19,0,7,9,5,0,0,0,0,4,1,1,3,-1,-1,2143,2,7,-1,-1,-1
2018950001334,1,9,0,17,0,0,0,0,1,11,1,1,2,2,28,6,1686,2,13,-1,3,-1
2018950001335,1,9,0,16,0,0,0,10,8,7,1,1,2,1,33,6,3123,1,11,-1,1,-1
2018950001335,2,9,0,17,0,0,0,0,1,0,1,1,2,1,55,8,1240,1,13,-1,-1,-1
2018950001336,1,9,0,18,0,4,0,0,0,0,1,1,6,3,-1,-1,-1,-1,-1,-1,-1,-1
2018950001336,2,9,0,18,0,8,0,0,0,0,4,1,1,1,36,7,1497,8,9,-1,3,-1
2018950001337,1,9,0,7,0,8,0,0,0,0,4,1,6,3,-1,-1,-1,-1,-1,-1,-1,-1
2018950001339,1,4,0,18,0,0,0,0,0,9,4,1,6,1,66,10,-1,-1,-1,-1,-1,-1
2018950001340,1,9,0,11,2,0,0,0,0,0,0,1,6,3,-1,-1,-1,-1,-1,-1,-1,-1
2018950001340,2,11,0,18,0,0,0,0,0,0,0,1,1,2,53,8,5132,2,4,-1,2,-1
2018950001341,1,11,0,18,0,0,0,0,7,6,1,1,1,1,33,6,7140,2,6,-1,3,-1
2018950001342,1,9,0,18,0,1,0,0,0,0,1,1,2,2,23,5,1149,1,7,-1,2,-1
2018950001342,2,9,0,18,0,1,0,0,0,0,2,1,2,2,32,6,1461,2,2,-1,3,-1
2018950001343,1,19,0,18,0,0,0,0,0,0,0,1,6,1,27,6,1461,2,3,-1,1,-1
2018950001344,1,9,0,18,0,1,0,0,0,0,1,1,6,2,29,6,2143,2,-1,-1,-1,-1
2018950001344,2,9,0,18,0,2,0,0,0,0,1,1,6,1,55,8,1870,2,15,-1,-1,-1
2018950001347,1,19,0,1,0,1,0,0,0,0,2,1,6,3,-1,-1,2198,2,8,-1,-1,-1
2018950001347,2,9,0,18,0,1,0,0,0,0,1,1,6,1,49,8,1461,2,-1,-1,1,-1
2018950001348,1,8,0,4,0,0,0,0,0,0,1,1,6,1,60,9,2499,2,11,-1,1,-1
2018950001348,2,9,0,3,0,0,0,0,0,0,2,1,6,1,27,6,1390,1,11,-1,1,-1
2018950001349,1,9,0,9,0,8,0,0,0,0,1,1,6,1,55,8,2184,2,8,-1,1,-1
2018950001350,1,90,0,9,0,1,0,0,0,0,1,1,1,2,53,8,1997,2,1,-1,2,-1
2018950001350,2,9,0,18,0,8,0,0,0,0,1,1,2,2,28,6,1199,1,17,-1,3,-1
2018950001351,1,9,0,18,0,0,0,0,0,0,1,1,2,2,21,5,1242,1,5,-1,1,-1
2018950001351,2,9,0,3,0,0,0,0,0,0,2,1,2,1,42,7,1997,2,17,-1,3,-1
2018950001353,1,9,0,7,0,1,0,0,0,0,3,1,6,1,36,7,3628,2,11,-1,3,-1
2018950001353,2,4,0,18,0,1,0,0,0,0,1,1,2,1,31,6,765,1,-1,-1,1,-1
2018950001355,1,9,0,9,0,2,0,0,0,0,1,1,2,1,40,7,1248,2,5,-1,1,-1
2018950001355,2,9,0,18,0,1,0,0,7,2,1,1,6,1,82,11,1364,1,3,-1,1,-1
2018950001356,1,11,0,18,0,0,0,0,0,0,0,1,1,1,45,7,9360,2,7,-1,1,-1
2018950001357,1,9,0,5,0,1,0,0,0,0,1,1,6,1,61,9,2993,2,7,-1,3,-1
2018950001357,2,9,0,5,0,8,0,0,0,0,2,1,6,2,47,8,1588,1,17,-1,1,-1
2018950001358,1,9,0,18,0,2,0,0,0,0,0,1,6,3,-1,-1,-1,-1,-1,-1,-1,-1
2018950001358,2,11,0,5,0,1,0,0,0,0,0,1,1,1,33,6,9360,2,11,-1,1,-1
2018950001359,1,9,0,18,0,0,0,0,2,0,1,1,6,2,19,4,1229,1,12,-1,1,-1
2018950001361,1,9,0,18,0,0,0,0,1,7,1,1,6,2,60,9,1339,1,12,-1,1,-1
2018950001361,2,9,0,4,0,0,0,0,0,0,2,1,6,2,49,8,1997,2,1,-1,1,-1
2018950001362,1,9,0,4,0,1,0,0,0,0,1,1,6,1,34,6,1995,1,14,-1,1,-1
2018950001362,2,9,0,4,0,1,0,0,0,0,2,1,6,1,40,7,1910,2,12,-1,-1,-1
2018950001362,3,9,0,3,0,1,0,0,0,0,2,1,6,1,27,6,1995,2,1,-1,3,-1
2018950001363,1,9,0,5,0,0,0,0,0,0,2,1,6,3,-1,-1,-1,-1,-1,-1,-1,-1
2018950001363,2,1,0,18,0,0,0,0,0,0,1,1,6,1,55,8,-1,-1,-1,-1,1,-1
2018950001364,1,9,0,16,0,1,0,0,0,0,1,1,6,1,45,7,1968,2,3,-1,1,-1
2018950001364,2,9,0,4,0,1,0,0,0,0,2,1,6,1,47,8,1598,2,5,-1,1,-1
2018950001364,3,9,0,4,0,1,0,0,0,0,2,1,6,2,63,9,1596,1,12,-1,1,-1
2018950001365,1,9,0,1,0,6,0,0,0,0,2,1,6,3,-1,-1,1368,1,9,-1,-1,-1
2018950001366,1,4,0,16,0,0,0,0,0,0,3,1,6,1,54,8,748,1,32,6,2,6
2018950001366,2,9,0,17,0,0,0,0,0,0,1,1,6,1,40,7,-1,-1,-1,-1,3,-1
2018950001367,1,9,0,7,0,3,1,0,2,7,1,1,6,1,24,5,1596,1,11,-1,1,-1
2018950001369,1,19,0,5,0,0,0,0,0,0,1,1,2,1,49,8,1499,2,1,-1,3,-1
2018950001369,2,9,0,4,0,0,0,0,0,0,2,1,6,2,27,6,1596,1,13,-1,2,-1
2018950001370,1,9,0,7,0,1,0,0,0,0,3,1,2,1,46,8,1598,2,3,-1,1,-1
2018950001370,2,1,0,18,0,1,0,0,0,0,4,1,2,1,56,9,-1,-1,-1,-1,1,-1
2018950001372,1,19,0,9,0,8,0,0,0,0,3,1,6,3,-1,-1,-1,-1,-1,-1,-1,-1
2018950001372,2,4,0,18,0,8,0,0,0,0,1,1,2,1,24,5,883,1,13,-1,1,-1
2018950001373,1,9,0,1,0,0,0,0,0,0,2,1,6,1,53,8,1798,1,11,-1,1,-1
2018950001373,2,9,0,2,0,0,0,0,0,0,0,1,6,1,-1,-1,1248,2,5,-1,-1,-1
2018950001374,1,9,0,18,0,1,1,0,0,0,1,1,6,1,22,5,1364,1,4,-1,1,-1
2018950001374,2,19,0,10,0,1,0,0,0,0,2,1,1,1,48,8,2143,2,-1,-1,2,-1
2018950001374,3,19,0,18,0,1,0,0,0,0,3,1,1,1,46,8,2198,2,10,-1,1,-1
2018950001376,1,9,0,18,0,1,0,0,0,0,1,1,6,1,77,11,996,1,5,-1,1,-1
2018950001376,2,9,0,18,0,1,0,0,0,0,1,1,2,2,51,8,998,1,2,-1,2,-1
2018950001377,1,9,0,18,0,1,0,0,0,0,1,1,6,1,19,4,1242,1,13,-1,3,-1
2018950001377,2,9,0,3,0,1,0,0,0,0,2,1,1,1,55,8,1598,2,2,-1,1,-1
2018950001379,1,9,0,13,0,1,0,0,0,0,1,1,2,2,38,7,1896,2,12,5,1,5
2018950001379,2,1,0,9,0,1,0,0,3,0,3,1,2,1,58,9,-1,-1,-1,-1,3,-1
2018950001380,1,11,0,4,0,1,0,0,0,0,1,1,1,1,70,10,10837,2,1,-1,2,-1
2018950001380,2,9,0,3,0,1,0,0,0,0,2,1,2,1,40,7,1596,1,3,-1,1,-1
2018950001381,1,9,0,7,0,8,0,0,0,0,4,1,6,2,77,11,1596,1,4,-1,1,-1
2018950001381,2,19,0,7,0,8,0,0,0,0,3,1,6,1,27,6,2198,2,4,-1,1,-1
2018950001382,1,11,0,4,0,8,0,0,0,0,0,1,1,1,45,7,9360,2,9,-1,3,-1
2018950001383,1,11,0,5,0,1,0,0,0,0,0,1,1,1,52,8,9360,2,7,-1,1,-1
2018950001384,1,9,0,14,0,0,0,0,0,0,4,1,6,2,-1,-1,-1,-1,-1,-1,-1,-1
2018950001385,1,9,0,18,0,0,0,0,0,0,4,1,6,3,-1,-1,-1,-1,-1,-1,-1,-1
2018950001386,1,19,0,18,0,2,0,0,0,0,1,1,6,3,-1,-1,1560,2,3,-1,-1,-1
2018950001386,2,9,0,3,0,2,0,0,0,0,2,1,6,1,26,6,1390,1,14,-1,2,-1
2018950001386,3,9,0,3,0,2,0,0,0,0,2,1,6,2,25,5,1560,2,3,-1,2,-1
2018950001387,1,9,0,18,0,0,0,0,0,0,4,1,2,2,25,5,1596,1,6,-1,1,-1
2018950001389,1,21,0,18,0,0,0,11,0,0,1,1,1,1,27,6,-1,-1,-1,-1,-1,-1
2018950001390,1,9,0,9,0,1,0,0,0,0,1,1,6,1,27,6,1388,1,14,-1,-1,-1
2018950001390,2,9,0,18,0,1,0,0,0,0,1,1,6,1,18,4,1198,1,9,-1,1,-1
2018950001391,1,3,0,18,0,2,1,0,0,0,3,1,1,1,22,5,108,1,3,-1,1,-1
2018950001392,1,98,1,18,0,0,0,0,0,0,1,1,6,3,-1,-1,-1,-1,-1,-1,-1,-1
2018950001392,2,1,0,18,0,0,0,0,0,0,2,1,6,1,58,9,-1,-1,-1,-1,1,-1
2018950001393,1,9,0,3,0,4,0,0,0,0,0,1,6,1,48,8,1896,2,11,-1,1,-1
2018950001393,2,1,0,18,0,4,0,0,0,0,0,1,6,1,63,9,-1,-1,-1,-1,1,-1
2018950001394,1,9,0,1,0,1,0,0,0,0,0,1,6,1,52,8,1598,1,7,-1,2,-1
2018950001395,1,9,0,4,0,1,0,0,0,0,1,1,6,1,17,4,1299,1,13,-1,2,-1
2018950001395,2,9,0,16,0,8,5,0,0,0,4,1,6,1,29,6,1968,2,5,-1,3,-1
2018950001397,1,11,0,18,0,4,0,0,0,0,0,1,1,1,58,9,9360,2,10,-1,2,-1
2018950001398,1,9,0,18,0,1,0,0,0,0,1,1,6,2,20,4,999,1,3,-1,1,-1
2018950001399,1,9,0,17,0,0,5,0,8,11,1,1,6,2,70,10,1398,1,7,-1,1,-1
2018950001400,1,9,0,4,0,0,0,0,0,0,1,1,6,1,38,7,1781,1,13,-1,1,-1
2018950001400,2,8,0,3,0,0,0,0,0,0,2,1,6,1,74,10,2402,2,16,-1,3,-1
2018950001400,3,11,0,3,0,0,0,0,0,0,2,1,1,1,54,8,9360,2,8,-1,1,-1
2018950001401,1,4,0,13,0,0,1,0,7,11,1,1,6,1,54,8,1250,1,16,-1,-1,-1
2018950001403,1,9,0,9,0,2,0,0,0,0,3,1,1,1,38,7,2143,2,1,-1,3,-1
2018950001403,2,1,0,18,0,1,0,0,0,0,1,1,6,1,34,6,-1,-1,-1,-1,1,-1
2018950001404,1,9,0,18,0,1,0,0,0,0,1,1,6,2,21,5,1108,1,11,-1,3,-1
2018950001404,2,9,0,3,0,1,0,0,0,0,2,1,6,2,39,7,1461,2,2,-1,1,-1
2018950001404,3,9,0,18,0,1,0,0,0,0,2,1,6,1,64,9,1598,2,7,-1,1,-1
2018950001405,1,9,0,9,0,8,0,0,0,0,1,1,6,1,37,7,1329,1,9,-1,1,-1
2018950001406,1,9,0,6,0,0,0,0,0,0,3,1,2,1,39,7,1086,1,12,-1,1,-1
2018950001406,2,1,0,18,0,0,0,0,0,0,1,1,6,1,35,6,-1,-1,-1,-1,1,-1
2018950001407,1,11,0,5,0,8,0,0,0,0,4,1,1,1,46,8,5132,2,4,-1,1,-1
2018950001407,2,9,0,7,0,8,0,0,0,0,2,1,6,3,-1,-1,1685,2,2,-1,-1,-1
2018950001408,1,9,0,1,9,6,0,0,0,0,4,1,2,1,56,9,2143,2,-1,-1,1,-1
2018950001410,1,9,0,18,0,0,0,0,0,0,0,1,2,1,19,4,1242,1,3,-1,2,-1
2018950001410,2,9,0,18,0,0,0,0,0,0,2,1,6,1,35,6,1998,1,-1,-1,1,-1
2018950001411,1,9,0,18,0,8,0,0,0,0,1,1,6,1,59,9,1560,2,4,-1,1,-1
2018950001412,1,1,0,18,0,0,0,0,0,0,1,1,6,1,28,6,-1,-1,-1,-1,1,-1
2018950001412,2,9,0,18,0,0,0,0,0,0,2,1,6,1,30,6,1248,2,7,-1,1,-1
2018950001413,1,19,0,16,0,0,0,0,0,0,1,1,6,2,50,8,1461,2,12,-1,-1,-1
2018950001413,2,1,0,18,0,0,0,0,0,0,1,1,6,1,45,7,-1,-1,-1,-1,1,-1
2018950001414,1,9,0,17,0,0,0,0,1,0,1,1,2,1,27,6,1422,2,10,-1,2,-1
2018950001414,2,9,0,16,0,0,0,0,1,0,1,1,6,1,62,9,1248,2,11,-1,2,-1
2018950001415,1,9,0,18,0,8,0,0,2,0,1,1,2,1,74,10,-1,-1,-1,-1,1,-1
2018950001415,2,9,0,18,0,8,0,0,0,0,1,1,2,1,27,6,1197,1,1,-1,1,-1
2018950001416,1,4,0,4,0,0,0,0,0,0,1,1,6,1,56,9,1157,1,21,-1,3,-1
2018950001416,2,9,0,3,0,0,0,0,0,0,2,1,6,1,38,7,1198,1,6,-1,2,-1
2018950001417,1,4,0,18,0,0,0,0,0,0,1,1,6,1,38,7,-1,-1,-1,-1,1,-1
2018950001417,2,9,0,18,0,0,0,0,0,0,2,1,6,3,-1,-1,-1,-1,-1,-1,-1,-1
2018950001418,1,9,0,17,0,0,1,0,0,0,1,1,6,1,60,9,1896,2,17,-1,3,-1
2018950001418,2,21,0,16,0,0,0,6,0,0,1,1,1,1,67,10,12777,2,6,-1,3,-1
2018950001419,1,9,0,5,0,8,0,0,0,0,1,1,2,1,28,6,1968,2,5,-1,-1,-1
2018950001419,2,9,0,18,0,8,0,0,0,0,1,1,6,2,27,6,998,1,4,-1,3,-1
2018950001419,3,9,0,7,0,1,0,0,0,0,1,1,2,1,28,6,1199,1,-1,4,1,4
2018950001420,1,9,0,4,0,1,0,0,0,0,1,1,6,1,53,8,2497,2,10,-1,1,-1
2018950001420,2,9,0,3,0,2,0,0,0,0,2,1,6,2,59,9,1242,1,11,-1,1,-1
2018950001421,1,9,0,4,0,1,0,0,0,0,1,1,6,1,33,6,2171,1,16,-1,1,-1
2018950001421,2,9,0,4,0,1,0,0,0,0,2,1,6,2,37,7,1997,2,9,-1,1,-1
2018950001422,1,9,0,18,0,0,0,0,0,0,1,1,2,2,28,6,1242,1,8,-1,1,-1
2018950001423,1,9,0,18,0,0,0,7,7,10,1,1,6,2,31,6,1499,1,9,-1,3,-1
2018950001424,1,1,0,5,0,1,0,0,0,0,3,1,6,1,11,3,-1,-1,-1,-1,1,-1
2018950001424,2,8,0,5,0,1,0,0,0,0,1,1,1,1,47,8,2446,2,16,-1,1,-1
2018950001425,1,9,0,16,0,0,2,0,0,0,3,1,6,1,25,5,1360,1,13,-1,1,-1
2018950001426,1,9,0,18,0,1,0,0,0,0,1,1,6,2,18,4,1560,2,11,-1,1,-1
2018950001426,2,9,0,8,0,1,0,0,1,11,2,1,1,1,50,8,1997,2,14,-1,1,-1
2018950001431,1,19,0,18,0,0,2,0,1,4,1,1,1,1,65,9,1560,2,2,-1,2,-1
2018950001431,2,90,0,18,0,0,0,0,0,0,2,1,1,1,21,5,6702,2,8,-1,3,-1
2018950001432,1,9,0,18,0,1,0,0,0,0,1,1,6,1,40,7,2993,2,4,4,1,4
2018950001432,2,9,0,4,0,1,0,0,0,0,2,1,6,2,47,8,2393,2,1,-1,1,-1
2018950001432,3,9,0,4,0,1,0,0,0,0,2,1,6,2,44,7,1398,1,7,-1,2,-1
2018950001432,4,9,0,4,0,1,0,0,0,0,2,1,6,1,37,7,1900,2,14,-1,1,-1
2018950001433,1,11,0,14,0,1,0,0,0,0,3,1,1,1,46,8,6692,2,6,-1,1,-1
2018950001433,2,9,0,13,0,1,0,0,0,0,4,1,6,1,27,6,1242,1,4,-1,1,-1
2018950001434,1,9,0,5,0,1,0,0,3,0,1,1,6,1,46,8,998,1,1,-1,1,-1
2018950001435,1,19,0,5,0,1,0,0,0,0,1,1,6,3,-1,-1,1560,2,11,-1,-1,-1
2018950001435,2,9,0,3,0,1,0,0,1,0,2,1,2,1,30,6,1229,1,9,-1,1,-1
2018950001437,1,9,0,18,0,0,0,0,0,0,1,1,6,1,18,4,1968,2,11,-1,1,-1
2018950001437,2,9,0,4,0,0,0,0,0,0,2,1,6,1,40,7,1798,1,7,-1,1,-1
2018950001438,1,9,0,9,0,8,0,0,0,0,1,1,6,1,70,10,1461,2,5,-1,1,-1
2018950001438,2,1,0,18,0,1,0,0,0,0,1,1,2,1,32,6,-1,-1,-1,-1,1,-1
2018950001439,1,9,0,16,0,0,0,0,0,0,1,1,6,1,41,7,1332,1,9,-1,1,-1
2018950001439,2,9,0,18,0,0,0,0,0,0,1,1,6,1,27,6,1781,1,14,-1,1,-1
2018950001441,1,19,0,18,0,0,1,0,7,2,1,1,1,1,60,9,2143,2,1,1,1,1
2018950001441,2,9,0,2,9,0,0,0,0,0,4,1,6,1,-1,-1,1995,2,1,-1,-1,-1
2018950001441,3,9,0,2,9,0,0,0,0,0,2,1,6,1,-1,-1,1560,2,12,-1,-1,-1
2018950001442,1,9,0,18,0,1,0,0,0,0,1,1,6,1,85,11,1995,2,7,-1,1,-1
2018950001443,1,9,0,17,0,0,0,0,0,0,1,1,6,1,30,6,998,1,-1,-1,3,-1
2018950001443,2,9,0,16,0,0,0,0,0,0,1,1,6,1,70,10,1197,1,5,-1,3,-1
2018950001444,1,9,0,18,0,0,5,0,1,0,1,1,6,1,20,4,1598,2,3,-1,1,-1
2018950001444,2,9,0,18,0,0,0,0,0,0,2,1,6,1,43,7,1796,1,15,-1,-1,-1
2018950001444,3,9,0,18,0,0,0,0,0,0,2,1,6,1,45,7,1598,1,14,-1,1,-1
2018950001445,1,9,0,9,0,8,0,0,0,0,3,1,1,1,33,6,1598,2,3,-1,1,-1
2018950001445,2,1,0,18,0,1,0,0,0,0,1,1,6,1,22,5,-1,-1,-1,-1,-1,-1
2018950001446,1,9,0,18,0,1,0,0,0,0,0,1,6,3,-1,-1,-1,-1,-1,-1,-1,-1
2018950001446,2,11,0,18,0,1,0,0,0,0,0,1,1,1,33,6,7300,2,10,-1,2,-1
2018950001447,1,1,0,18,0,1,0,0,0,0,3,1,6,3,-1,-1,-1,-1,-1,-1,-1,-1
2018950001448,1,9,0,5,0,0,0,0,0,0,3,1,6,2,28,6,1598,1,3,-1,1,-1
2018950001448,2,1,0,18,0,0,0,0,0,0,1,1,6,1,56,9,-1,-1,-1,9,1,9
2018950001449,1,9,0,18,0,0,0,0,0,0,1,1,6,1,42,7,1199,2,7,-1,1,-1
2018950001449,2,19,0,18,0,0,0,0,0,0,2,1,1,1,27,6,1968,2,1,-1,1,-1
2018950001449,3,9,0,11,0,0,0,0,0,0,0,1,6,1,38,7,1968,2,13,-1,1,-1
2018950001450,1,9,0,16,0,0,0,0,7,11,1,1,2,2,59,9,1598,1,5,-1,1,-1
2018950001450,2,9,0,2,0,0,0,0,0,0,2,1,6,1,-1,-1,2298,1,20,-1,-1,-1
2018950001451,1,1,0,18,9,1,0,0,0,0,1,1,6,1,34,6,-1,-1,-1,-1,3,-1
2018950001451,2,9,0,7,0,1,0,0,0,0,3,1,6,2,52,8,1598,1,10,-1,1,-1
2018950001452,1,19,0,14,0,0,0,0,0,0,4,1,2,1,21,5,2143,2,3,-1,1,-1
2018950001452,2,11,0,3,0,0,0,0,0,0,2,1,1,1,38,7,6700,2,2,-1,3,-1
2018950001453,1,9,0,9,0,5,0,0,0,0,1,1,6,2,83,11,998,1,5,-1,3,-1
2018950001453,2,9,0,18,0,1,0,0,0,0,1,1,6,1,27,6,1968,2,11,-1,1,-1
2018950001453,3,9,0,10,0,1,0,0,0,0,1,1,6,2,48,8,2199,2,6,-1,2,-1
2018950001454,1,8,0,18,0,0,0,0,0,0,4,1,1,3,-1,-1,2776,2,3,-1,-1,-1
2018950001456,1,9,0,18,0,0,0,0,0,0,1,1,6,1,50,8,1200,1,1,-1,1,-1
2018950001456,2,21,0,18,0,0,0,0,0,0,1,1,1,1,51,8,12742,2,-1,-1,1,-1
2018950001457,1,2,0,14,0,0,0,0,0,0,1,1,6,3,-1,-1,49,1,7,-1,-1,-1
2018950001458,1,9,0,9,0,8,0,0,0,0,1,1,1,2,23,5,1242,1,-1,-1,1,-1
2018950001458,2,4,0,13,0,1,0,0,0,0,1,1,6,1,34,6,600,1,12,-1,1,-1
2018950001459,1,21,0,18,0,4,0,0,0,0,1,2,1,1,34,6,-1,-1,-1,-1,-1,-1
2018950001459,2,9,0,18,0,8,0,0,0,0,4,1,6,2,50,8,1499,2,1,-1,3,-1
2018950001460,1,11,0,3,2,0,0,0,0,0,0,1,1,1,36,7,5132,2,1,-1,1,-1
2018950001461,1,9,0,5,0,8,0,0,0,0,4,1,6,2,55,8,999,1,-1,-1,1,-1
2018950001461,2,11,0,18,0,8,0,0,0,0,1,1,1,1,54,8,7300,2,13,-1,1,-1
2018950001462,1,9,0,7,0,2,0,0,0,0,1,1,6,1,58,9,1242,1,7,-1,2,-1
2018950001463,1,21,1,16,0,0,0,0,0,0,3,1,1,1,39,7,12419,2,8,-1,1,-1
2018950001463,2,21,1,17,0,0,0,0,0,0,3,1,1,1,62,9,12902,2,5,6,3,6
2018950001468,1,4,0,18,0,0,0,0,0,0,1,1,2,1,47,8,-1,-1,-1,-1,-1,-1
2018950001468,2,9,0,4,0,0,0,0,0,0,2,1,6,2,48,8,1397,1,8,-1,3,-1
2018950001469,1,9,0,3,0,1,0,0,0,0,4,1,1,1,56,9,1968,2,1,-1,1,-1
2018950001470,1,9,0,4,0,0,0,0,0,0,1,1,2,1,38,7,1956,2,6,-1,1,-1
2018950001471,1,9,0,15,0,1,0,0,0,0,1,1,6,2,20,4,-1,-1,-1,-1,1,-1
2018950001471,2,21,0,7,0,1,0,0,0,0,4,1,1,1,38,7,6692,2,10,-1,2,-1
2018950001472,1,9,0,18,0,4,0,0,0,0,1,1,6,1,21,5,1242,1,11,-1,1,-1
2018950001472,2,9,0,3,0,4,0,0,0,0,2,1,6,1,49,8,1997,2,-1,-1,2,-1
2018950001474,1,19,0,18,0,0,0,0,0,0,1,1,1,1,29,6,2999,2,11,-1,1,-1
2018950001474,2,9,0,4,0,0,0,0,1,7,1,1,6,1,37,7,999,1,1,-1,3,-1
2018950001474,3,9,0,18,0,0,0,0,0,0,2,1,2,1,62,9,1349,1,4,-1,1,-1
2018950001478,1,9,0,18,1,0,0,0,0,0,1,1,1,1,58,9,-1,-1,-1,-1,1,-1
2018950001479,1,9,0,16,0,0,0,0,0,11,1,1,6,1,56,9,2993,2,6,-1,3,-1
2018950001480,1,9,0,18,0,0,0,0,0,11,4,1,6,1,17,4,998,1,3,-1,3,-1
2018950001481,1,9,0,17,0,0,0,0,0,0,1,1,6,1,37,7,1149,1,13,-1,1,-1
2018950001481,2,19,0,3,0,0,0,0,0,0,2,1,1,1,35,6,2143,2,3,-1,1,-1
2018950001482,1,9,0,7,0,1,0,0,0,0,4,1,6,1,49,8,1398,1,1,-1,1,-1
2018950001483,1,8,0,6,0,0,0,0,0,0,1,1,1,1,63,9,2499,2,3,-1,1,-1
2018950001483,2,1,0,18,0,0,0,0,0,0,3,1,6,1,57,9,-1,-1,-1,-1,1,-1
2018950001484,1,8,0,6,0,0,0,0,0,0,3,1,1,3,-1,-1,1598,2,2,-1,-1,-1
2018950001484,2,1,0,18,0,0,0,0,0,0,1,1,6,1,21,5,-1,-1,-1,-1,3,-1
2018950001486,1,19,0,18,0,4,0,0,1,0,1,1,1,1,67,10,1461,2,2,-1,1,-1
2018950001486,2,1,0,18,0,8,0,0,7,0,2,1,2,2,36,7,-1,-1,-1,-1,1,-1
2018950001487,1,9,0,18,0,0,0,0,0,0,4,1,6,1,34,6,2494,1,15,-1,1,-1
2018950001488,1,8,0,7,0,1,0,0,0,0,1,1,1,1,31,6,-1,-1,-1,-1,1,-1
2018950001489,1,9,0,18,0,1,0,0,0,0,1,1,6,1,53,8,1968,2,8,-1,3,-1
2018950001489,2,9,0,8,0,1,0,0,0,0,2,1,6,2,43,7,-1,-1,-1,-1,3,-1
2018950001489,3,9,0,7,0,8,0,0,0,0,2,1,6,2,35,6,1796,1,10,-1,1,-1
2018950001490,1,19,0,18,0,1,0,0,0,0,1,1,1,1,41,7,1248,2,5,-1,1,-1
2018950001490,2,1,0,10,0,1,0,0,0,0,2,1,2,2,29,6,-1,-1,-1,-1,1,-1
2018950001491,1,90,0,18,0,0,0,0,0,0,1,1,1,1,55,8,10837,2,4,-1,1,-1
2018950001492,1,9,0,2,0,0,0,0,0,0,3,1,6,1,56,9,-1,-1,-1,-1,1,-1
2018950001492,2,1,0,18,0,0,0,8,0,0,1,1,2,1,38,7,-1,-1,-1,-1,2,-1
2018950001493,1,9,0,17,0,8,0,0,0,0,1,1,1,1,45,7,1149,1,6,-1,1,-1
2018950001493,2,1,0,18,0,8,0,0,0,0,4,1,6,2,47,8,-1,-1,-1,-1,1,-1
2018950001494,1,9,0,18,0,1,0,0,0,0,1,1,6,2,27,6,1499,2,3,-1,1,-1
2018950001494,2,9,0,4,0,1,0,0,0,0,2,1,6,2,20,4,998,1,3,-1,1,-1
2018950001494,3,9,0,3,0,1,0,0,0,0,2,1,6,2,60,9,1560,2,7,-1,3,-1
2018950001497,1,9,0,1,0,6,0,0,0,0,2,1,6,1,74,10,-1,-1,-1,-1,2,-1
2018950001498,1,9,0,5,0,6,0,0,0,0,1,1,6,2,22,5,1798,1,3,-1,2,-1
2018950001498,2,9,0,14,0,8,0,0,0,0,4,1,6,1,24,5,1984,1,17,-1,1,-1