Accident_Index,Vehicle_Reference,Vehicle_Type,Towing_and_Articulation,Vehicle_Manoeuvre,Vehicle_Location-Restricted_Lane,Junction_Location,Skidding_and_Overturning,Hit_Object_in_Carriageway,Vehicle_Leaving_Carriageway,Hit_Object_off_Carriageway,1st_Point_of_Impact,Was_Vehicle_Left_Hand_Drive?,Journey_Purpose_of_Driver,Sex_of_Driver,Age_of_Driver,Age_Band_of_Driver,Engine_Capacity_(CC),Propulsion_Code,Age_of_Vehicle,Driver_IMD_Decile,Driver_Home_Area_Type,Vehicle_IMD_Decile
2018950001499,1,9,0,18,0,0,1,0,8,10,3,1,6,1,21,5,1796,1,13,-1,1,-1
2018950001500,1,11,0,4,2,1,0,0,0,0,0,1,1,1,49,8,9360,2,10,-1,2,-1
2018950001501,1,4,0,18,0,1,0,0,0,0,1,1,6,1,38,7,1157,1,14,-1,1,-1
2018950001501,2,9,0,9,0,8,0,0,0,0,4,1,6,1,90,11,1398,1,4,-1,1,-1
2018950001502,1,9,0,17,0,0,0,0,7,11,3,1,6,2,73,10,1328,1,6,-1,3,-1
2018950001505,1,9,0,18,0,8,0,0,0,0,3,1,2,2,22,5,998,1,3,-1,3,-1
2018950001505,2,9,0,18,0,1,0,0,0,0,1,1,6,1,81,11,1998,2,4,-1,-1,-1
2018950001506,1,19,0,18,0,1,0,0,0,0,1,1,1,1,44,7,2402,2,10,-1,1,-1
2018950001506,2,9,0,18,0,1,0,0,0,0,2,1,2,1,63,9,1499,2,-1,-1,1,-1
2018950001507,1,1,0,12,4,8,0,0,0,0,1,1,6,1,86,11,-1,-1,-1,-1,1,-1
2018950001507,2,11,0,18,2,1,0,0,0,0,4,1,1,1,60,9,7300,2,12,-1,2,-1
2018950001510,1,9,0,18,0,0,0,0,0,0,1,1,6,1,46,8,1984,1,16,-1,2,-1
2018950001510,2,19,0,18,0,0,0,0,0,0,3,1,6,1,44,7,1995,2,1,-1,2,-1
2018950001510,3,9,0,18,0,0,0,0,0,0,1,1,6,1,59,9,1968,2,5,5,1,5
2018950001510,4,19,0,18,0,0,0,0,0,0,0,1,6,1,46,8,2298,2,2,-1,2,-1
2018950001510,5,9,0,18,0,0,0,0,0,0,0,1,6,1,69,10,1582,2,8,-1,3,-1
2018950001511,1,11,0,4,0,1,0,0,0,0,0,1,1,1,62,9,5132,2,-1,-1,1,-1
2018950001512,1,9,0,9,0,8,0,0,0,0,1,1,6,1,-1,-1,1797,8,7,-1,-1,-1
2018950001512,2,1,0,18,0,8,0,0,0,0,1,1,6,1,36,7,-1,-1,-1,-1,1,-1
2018950001514,1,11,0,4,2,0,0,0,0,0,1,1,1,1,50,8,4461,2,4,-1,1,-1
2018950001515,1,9,0,5,0,8,0,0,0,0,3,1,6,2,60,9,1997,1,8,6,2,6
2018950001515,2,9,0,17,0,8,0,0,0,0,1,1,2,2,47,8,1587,1,15,-1,2,-1
2018950001517,1,9,0,17,0,0,5,0,1,4,4,1,6,1,24,5,1229,1,8,-1,1,-1
2018950001518,1,9,0,18,0,1,0,0,0,0,1,1,6,1,30,6,1560,2,6,-1,3,-1
2018950001518,2,9,0,8,0,1,0,0,0,0,2,1,2,2,31,6,1560,2,7,-1,-1,-1
2018950001519,1,9,0,16,0,0,0,0,7,11,1,1,6,1,30,6,2495,2,16,-1,3,-1
2018950001520,1,9,0,1,0,1,0,0,0,0,2,1,6,1,24,5,1396,1,27,-1,1,-1
2018950001522,1,21,0,18,0,0,0,0,0,0,1,1,1,1,57,9,12419,2,-1,-1,3,-1
2018950001522,2,9,0,4,0,0,0,0,0,0,2,1,1,2,60,9,998,1,1,-1,1,-1
2018950001523,1,9,0,18,0,0,0,0,0,0,1,1,6,1,72,10,1597,2,2,-1,2,-1
2018950001523,2,9,0,3,0,0,0,0,0,0,1,1,6,1,72,10,2400,2,6,-1,3,-1
2018950001524,1,9,0,9,0,8,0,0,0,0,4,1,1,1,50,8,1598,1,7,-1,1,-1
2018950001524,2,1,0,18,0,8,0,0,0,0,1,1,6,2,25,5,-1,-1,-1,-1,1,-1
2018950001525,1,9,0,12,0,7,1,0,0,0,1,1,2,2,18,4,898,1,1,-1,3,-1
2018950001525,2,9,0,12,0,7,0,0,0,0,2,1,2,2,40,7,1598,2,3,-1,1,-1
2018950001526,1,1,0,18,5,0,0,0,1,10,1,1,6,1,55,8,-1,-1,-1,-1,3,-1
2018950001528,1,9,0,18,0,0,0,0,0,0,1,1,6,2,80,11,1329,1,8,-1,1,-1
2018950001528,2,9,0,18,0,0,0,0,0,0,1,1,6,1,30,6,1461,2,11,-1,2,-1
2018950001529,1,9,0,18,0,0,0,0,0,0,1,1,6,1,28,6,-1,-1,-1,-1,3,-1
2018950001529,2,9,0,18,0,0,0,0,0,0,2,1,6,2,66,10,1248,1,7,-1,1,-1
2018950001530,1,9,0,18,0,2,0,0,0,0,1,1,6,2,18,4,1149,1,2,-1,1,-1
2018950001530,2,9,0,2,0,2,0,0,0,0,1,1,6,1,-1,-1,1364,1,10,-1,-1,-1
2018950001531,1,9,0,7,0,2,0,0,0,0,1,1,6,1,24,5,1248,1,-1,-1,1,-1
2018950001531,2,9,0,18,0,1,0,0,0,0,1,1,6,2,30,6,1398,1,2,-1,1,-1
2018950001532,1,9,0,18,0,2,0,0,0,0,1,1,2,2,36,7,1968,2,4,-1,2,-1
2018950001532,2,1,0,18,9,1,0,0,0,0,0,1,6,1,81,11,-1,-1,-1,-1,3,-1
2018950001533,1,9,0,16,0,1,0,0,7,11,1,1,6,1,64,9,2998,1,2,-1,2,-1
2018950001534,1,19,0,18,0,0,0,0,0,0,1,1,1,1,22,5,1598,2,2,-1,1,-1
2018950001534,2,9,0,4,0,0,0,0,0,0,2,1,2,1,26,6,2198,2,3,-1,1,-1
2018950001535,1,9,0,18,0,8,0,0,7,1,1,1,6,2,66,10,1389,1,14,-1,1,-1
2018950001535,2,9,0,18,0,8,0,0,0,0,1,1,6,2,60,9,1685,2,3,-1,3,-1
2018950001536,1,9,0,18,0,0,0,0,1,9,1,1,6,1,38,7,1598,1,18,-1,2,-1
2018950001538,1,1,0,18,0,0,0,4,0,0,1,1,6,2,48,8,-1,-1,-1,-1,1,-1
2018950001538,2,9,0,2,0,0,0,0,0,0,2,1,6,1,-1,-1,1200,1,2,-1,-1,-1
2018950001539,1,9,0,17,0,0,0,0,0,0,0,1,6,3,-1,-1,-1,-1,-1,-1,-1,-1
2018950001539,2,9,0,16,0,0,0,0,1,11,4,1,6,1,38,7,1998,2,9,-1,1,-1
2018950001540,1,9,0,9,0,8,0,0,0,0,1,1,6,2,73,10,1390,1,6,-1,2,-1
2018950001540,2,9,0,18,0,1,0,0,0,0,1,1,1,1,66,10,1398,1,1,-1,1,-1
2018950001541,1,9,0,18,0,1,0,0,0,0,1,1,6,3,-1,-1,-1,-1,-1,-1,-1,-1
2018950001542,1,9,0,5,0,1,0,0,0,0,1,1,6,2,34,6,1198,1,12,-1,3,-1
2018950001544,1,9,0,16,0,0,2,0,7,9,3,1,6,1,61,9,1598,1,16,-1,3,-1
2018950001545,1,9,0,18,0,0,0,0,0,0,4,1,2,2,60,9,998,1,1,-1,1,-1
2018950001546,1,9,0,6,0,1,0,0,0,0,3,1,2,2,57,9,-1,-1,-1,-1,1,-1
2018950001546,2,9,0,18,0,1,0,0,0,0,4,1,2,1,50,8,1199,2,8,-1,2,-1
2018950001547,1,9,0,9,0,1,0,0,0,0,1,1,6,1,35,6,1392,1,19,-1,3,-1
2018950001547,2,1,0,18,0,8,0,0,0,0,1,1,6,1,31,6,-1,-1,-1,-1,1,-1
2018950001548,1,21,0,18,0,0,0,0,0,0,1,1,1,1,31,6,10837,2,7,-1,1,-1
2018950001549,1,9,0,9,0,8,0,0,0,0,1,1,6,2,31,6,1498,1,11,-1,1,-1
2018950001549,2,1,0,17,0,8,0,0,0,0,1,1,2,1,36,7,-1,-1,-1,-1,1,-1
2018950001550,1,9,0,18,0,0,0,0,0,0,1,1,6,2,21,5,1242,1,2,-1,3,-1
2018950001550,2,9,0,18,0,0,0,0,0,0,2,1,6,1,36,7,1461,2,10,-1,1,-1
2018950001550,3,9,0,18,0,0,0,0,0,0,2,1,6,1,29,6,2143,2,4,-1,2,-1
2018950001550,4,19,0,18,0,0,0,0,0,0,0,1,1,1,28,6,1560,2,5,-1,1,-1
2018950001552,1,9,0,5,0,6,5,0,0,0,1,1,6,1,44,7,1968,2,8,-1,1,-1
2018950001552,2,19,0,18,0,6,0,0,0,0,4,1,1,1,61,9,1995,2,-1,-1,1,-1
2018950001552,3,9,0,2,0,1,0,0,0,0,2,1,6,1,-1,-1,1397,1,10,-1,-1,-1
2018950001553,1,9,0,14,0,0,0,0,0,0,1,1,6,1,73,10,1364,1,11,-1,1,-1
2018950001554,1,9,0,18,0,7,0,0,0,0,1,1,6,1,28,6,2171,1,14,-1,3,-1
2018950001554,2,9,0,3,0,7,0,0,0,0,2,1,6,1,62,9,2967,2,6,-1,1,-1
2018950001555,1,9,0,18,0,0,0,0,0,0,1,1,6,2,26,6,1560,2,2,-1,1,-1
2018950001555,2,9,0,18,0,0,0,0,0,0,2,1,2,1,31,6,2261,1,1,-1,1,-1
2018950001556,1,11,0,4,0,1,0,0,0,0,4,1,1,1,37,7,9360,2,7,-1,1,-1
2018950001557,1,9,0,5,0,8,0,0,0,0,1,1,6,1,43,7,1999,1,9,-1,1,-1
2018950001557,2,9,0,18,0,1,0,0,0,0,4,1,2,1,26,6,1248,2,14,-1,1,-1
2018950001558,1,9,0,13,0,1,0,0,0,0,1,1,6,1,30,6,1149,1,15,-1,1,-1
2018950001558,2,1,0,18,0,1,0,0,0,0,2,1,6,1,50,8,-1,-1,-1,-1,1,-1
2018950001559,1,9,0,9,0,8,0,0,0,0,4,1,6,1,62,9,1968,2,2,6,3,6
2018950001559,2,1,0,18,0,8,0,0,0,0,1,1,1,1,22,5,-1,-1,-1,-1,1,-1
2018950001560,1,9,0,18,0,0,0,0,0,0,1,1,6,2,38,7,1596,1,14,-1,2,-1
2018950001560,2,9,0,3,0,0,0,0,0,0,2,1,6,1,53,8,1595,1,-1,-1,3,-1
2018950001560,3,9,0,3,0,0,0,0,0,0,2,1,6,1,45,7,1796,1,14,-1,3,-1
2018950001560,4,9,0,3,0,0,0,0,0,0,2,1,6,2,46,8,-1,-1,-1,-1,3,-1
2018950001561,1,9,0,11,0,0,0,0,0,0,4,1,6,1,29,6,1685,2,-1,5,1,5
2018950001561,2,9,0,18,0,0,0,0,0,0,1,1,6,1,24,5,1398,1,3,-1,1,-1
2018950001562,1,9,0,13,0,8,0,0,3,0,3,1,2,1,18,4,1242,1,3,-1,1,-1
2018950001562,2,9,0,18,0,1,0,0,0,0,1,1,6,2,53,8,1997,2,4,-1,3,-1
2018950001563,1,9,0,9,0,8,0,0,0,0,1,1,6,1,24,5,1395,1,-1,-1,2,-1
2018950001563,2,9,0,18,0,1,0,0,0,0,1,1,6,1,26,6,1968,2,2,-1,-1,-1
2018950001564,1,9,0,1,0,0,0,0,0,0,2,1,6,2,36,7,1999,1,10,-1,3,-1
2018950001565,1,9,0,18,0,0,0,0,0,0,1,1,6,1,23,5,1686,2,10,-1,-1,-1
2018950001565,2,9,0,3,0,0,0,0,0,0,2,1,6,1,34,6,-1,-1,-1,-1,-1,-1
2018950001566,1,9,0,4,0,0,0,0,0,0,1,1,6,2,23,5,1329,1,8,-1,1,-1
2018950001566,2,9,0,3,0,0,0,0,0,0,2,1,6,1,58,9,1198,1,9,-1,1,-1
2018950001567,1,9,0,4,0,3,0,0,0,0,1,1,6,2,22,5,1229,1,1,-1,1,-1
2018950001567,2,9,0,4,0,3,0,0,0,0,2,1,6,2,30,6,1200,1,3,-1,3,-1
2018950001568,1,9,0,2,0,2,0,0,0,0,4,1,6,1,-1,-1,1198,1,8,-1,-1,-1
2018950001568,2,1,0,18,0,1,0,8,0,0,1,1,2,1,46,8,-1,-1,-1,-1,3,-1
2018950001569,1,11,0,18,0,0,0,0,0,0,0,1,6,2,27,6,9360,2,8,-1,2,-1
2018950001570,1,9,0,6,8,0,0,0,0,0,3,1,6,2,20,4,999,1,1,-1,1,-1
2018950001570,2,9,0,18,0,0,0,0,0,0,1,1,6,2,34,6,1560,2,6,-1,3,-1
2018950001570,3,19,0,16,0,0,0,0,0,0,1,1,6,2,45,7,1560,2,4,-1,1,-1
2018950001571,1,9,0,18,0,1,0,0,0,0,0,1,6,1,44,7,1598,1,4,-1,1,-1
2018950001571,2,11,0,4,0,1,0,0,0,0,0,1,6,1,45,7,9360,2,10,-1,1,-1
2018950001572,1,9,0,9,0,2,0,0,1,0,4,1,6,2,84,11,1598,1,9,-1,1,-1
2018950001572,2,9,0,18,0,1,0,0,0,0,1,1,6,1,20,4,1242,1,6,-1,1,-1
2018950001573,1,9,0,9,0,8,0,0,0,0,3,1,2,1,30,6,1197,1,2,-1,1,-1
2018950001573,2,9,0,18,0,8,0,0,0,0,1,1,2,2,29,6,998,1,7,-1,1,-1
2018950001574,1,9,0,4,0,0,0,0,0,0,1,1,6,1,18,4,1229,1,4,-1,1,-1
2018950001574,2,9,0,3,0,0,0,0,0,0,1,1,6,1,20,4,998,1,4,-1,1,-1
2018950001574,3,9,0,3,0,0,0,0,0,0,1,1,6,1,39,7,898,1,-1,-1,1,-1
2018950001575,1,9,0,17,0,0,1,0,7,11,1,1,2,2,36,7,1149,1,11,-1,1,-1
2018950001576,1,9,0,18,0,0,0,0,0,0,1,1,6,2,88,11,1339,1,11,-1,2,-1
2018950001577,1,9,0,7,0,2,0,0,0,0,1,1,6,1,60,9,998,1,15,-1,1,-1
2018950001577,2,1,0,18,0,2,0,0,0,0,2,1,6,1,57,9,-1,-1,-1,-1,1,-1
2018950001579,1,9,0,18,0,0,0,0,0,0,1,1,1,3,-1,-1,-1,-1,-1,-1,-1,-1
2018950001580,1,9,0,16,0,0,0,0,0,0,1,1,6,3,-1,-1,-1,-1,-1,-1,-1,-1
2018950001582,1,9,0,16,0,7,0,0,0,0,1,1,1,2,-1,-1,-1,-1,-1,-1,3,-1
2018950001582,2,9,0,18,0,1,0,0,0,0,1,1,2,2,47,8,1198,1,4,-1,1,-1
2018950001583,1,8,0,18,0,0,0,0,0,0,0,1,1,1,71,10,2143,2,-1,-1,1,-1
2018950001584,1,9,0,18,0,1,0,0,0,0,1,1,6,1,35,6,1997,2,7,-1,1,-1
2018950001584,2,9,0,4,0,1,0,0,0,0,2,1,6,2,31,6,1586,1,3,-1,1,-1
2018950001584,3,19,0,4,0,1,0,0,0,0,2,1,6,2,51,8,1461,2,8,-1,1,-1
2018950001585,1,9,0,4,0,1,0,0,0,0,1,1,2,2,39,7,998,1,-1,-1,1,-1
2018950001585,2,9,0,3,0,1,0,0,0,0,2,1,6,2,53,8,1149,1,11,-1,2,-1
2018950001586,1,9,0,18,0,0,2,4,0,0,1,1,6,1,28,6,1598,1,15,-1,3,-1
2018950001586,2,9,0,2,0,0,0,0,0,0,1,1,6,1,-1,-1,1781,1,15,-1,-1,-1
2018950001586,3,19,0,2,0,0,0,0,0,0,2,1,6,1,-1,-1,1598,2,2,-1,-1,-1
2018950001589,1,9,0,12,0,7,0,0,0,0,3,1,2,1,52,8,1799,1,11,-1,1,-1
2018950001589,2,9,0,18,0,8,0,0,0,0,2,1,6,1,69,10,1582,2,2,-1,1,-1
2018950001591,1,19,0,9,0,2,0,0,0,0,1,1,1,1,48,8,1598,2,1,-1,3,-1
2018950001592,1,11,0,3,0,0,0,0,0,0,0,1,1,2,49,8,7698,2,1,-1,-1,-1
2018950001593,1,9,0,1,0,1,0,0,0,0,2,1,6,1,44,7,1229,1,9,-1,1,-1
2018950001593,2,9,0,7,0,8,0,0,0,0,1,1,6,1,37,7,2199,2,6,-1,1,-1
2018950001594,1,11,0,5,0,8,0,0,0,0,0,1,1,1,22,5,7300,2,9,-1,-1,-1
2018950001596,1,9,0,18,0,1,0,0,0,0,1,1,6,3,-1,-1,-1,-1,-1,-1,-1,-1
2018950001596,2,9,0,5,0,1,0,0,3,11,3,1,6,1,68,10,1686,2,12,-1,1,-1
2018950001597,1,9,0,9,0,0,2,0,1,11,1,1,6,2,55,8,1896,2,12,-1,3,-1
2018950001598,1,9,0,1,9,6,0,0,0,0,2,1,6,2,52,8,1598,1,11,-1,1,-1
2018950001599,1,9,0,18,0,0,0,0,0,0,1,1,2,1,24,5,999,1,2,-1,1,-1
2018950001599,2,9,0,4,0,0,0,0,0,0,2,1,2,2,21,5,999,1,1,-1,1,-1
2018950001601,1,9,0,9,0,8,0,0,0,0,1,1,6,2,30,6,1999,1,15,-1,1,-1
2018950001601,2,1,0,18,0,8,0,0,0,0,1,1,6,2,25,5,-1,-1,-1,-1,1,-1
2018950001602,1,9,0,11,0,2,0,0,0,0,1,1,6,1,21,5,1598,1,2,-1,1,-1
2018950001602,2,4,0,18,0,7,0,0,0,0,1,1,6,1,50,8,471,1,-1,-1,3,-1
2018950001603,1,8,0,9,0,8,0,0,0,0,3,1,1,1,71,10,2499,2,5,-1,1,-1
2018950001603,2,9,0,18,0,8,0,0,1,11,1,1,6,1,73,10,999,1,3,-1,1,-1
2018950001605,1,9,0,9,0,8,0,0,0,0,1,1,6,1,60,9,1598,2,3,-1,1,-1
2018950001605,2,9,0,18,0,1,0,0,7,10,4,1,6,2,27,6,1560,2,2,-1,2,-1
2018950001606,1,9,0,16,0,0,0,0,7,11,1,1,6,2,24,5,1242,1,2,9,1,9
2018950001607,1,8,0,18,0,4,0,0,0,0,3,1,1,1,41,7,2143,2,5,-1,1,-1
2018950001607,2,3,0,9,0,8,0,0,0,0,4,1,6,1,62,9,125,1,2,-1,3,-1
2018950001608,1,9,0,18,0,3,0,0,7,0,4,1,6,2,48,8,2000,2,12,-1,1,-1
2018950001608,2,9,0,18,0,1,0,0,0,0,1,1,6,2,47,8,1997,1,1,-1,1,-1
2018950001609,1,9,0,18,0,2,1,0,0,0,1,1,2,1,49,8,1328,1,11,-1,1,-1
2018950001609,2,9,0,10,0,1,0,0,0,0,1,1,2,2,50,8,1200,1,2,-1,2,-1
2018950001611,1,11,0,4,0,0,0,0,0,0,0,1,1,1,55,8,7300,2,10,-1,2,-1
2018950001612,1,11,0,4,0,1,0,0,0,0,0,1,1,1,44,7,5132,2,3,-1,-1,-1
2018950001613,1,19,0,4,0,0,0,0,0,0,1,1,6,3,-1,-1,-1,-1,-1,-1,-1,-1
2018950001613,2,9,0,3,0,0,0,0,0,0,2,1,6,2,49,8,1461,2,10,-1,1,-1
2018950001614,1,9,0,18,0,0,0,0,0,0,1,1,6,2,63,9,2494,2,3,-1,-1,-1
2018950001615,1,19,0,18,0,1,0,0,0,0,1,1,6,1,38,7,-1,-1,-1,-1,-1,-1
2018950001615,2,9,0,18,0,2,0,0,0,0,2,1,6,2,48,8,1242,1,14,-1,-1,-1
2018950001616,1,11,0,18,2,2,0,0,0,0,4,1,1,1,47,8,5132,2,2,-1,1,-1
2018950001617,1,19,0,18,0,0,0,0,0,0,1,1,1,1,39,7,1995,2,-1,-1,2,-1
2018950001617,2,9,0,4,0,0,0,0,0,0,2,1,2,2,39,7,1997,1,5,-1,-1,-1
2018950001617,3,19,0,4,0,0,0,0,0,0,2,1,2,1,55,8,1598,2,4,-1,1,-1
2018950001618,1,9,0,9,0,2,0,0,0,0,3,1,6,1,71,10,-1,-1,-1,-1,1,-1
2018950001618,2,9,0,18,0,1,0,0,0,0,1,1,6,1,76,11,1108,1,11,-1,1,-1
2018950001619,1,9,0,18,0,0,0,0,7,0,1,1,6,1,23,5,1995,2,7,-1,-1,-1
2018950001619,2,9,0,18,0,0,1,0,1,7,1,1,6,2,60,9,1598,1,11,-1,1,-1
2018950001619,3,9,0,18,0,0,0,1,7,0,2,1,6,1,23,5,1197,1,6,-1,1,-1
2018950001620,1,8,0,18,0,0,0,0,0,0,1,1,1,3,-1,-1,-1,-1,-1,-1,-1,-1
2018950001622,1,9,0,13,0,1,0,7,0,0,1,1,2,1,31,6,999,1,1,-1,1,-1
2018950001622,2,8,0,4,0,1,0,0,0,0,3,1,1,1,46,8,2143,2,5,-1,1,-1
2018950001623,1,9,0,17,0,0,0,0,1,0,1,1,6,1,34,6,1896,2,15,-1,1,-1
2018950001623,2,9,0,18,0,0,0,0,1,0,1,1,6,2,31,6,1596,1,7,-1,1,-1
2018950001625,1,9,0,1,0,0,0,0,0,0,0,1,6,1,49,8,998,1,-1,-1,1,-1
2018950001625,2,11,0,18,0,0,0,0,0,0,0,1,1,1,23,5,4760,2,5,-1,1,-1
2018950001626,1,9,0,18,0,0,0,0,0,0,1,1,6,1,48,8,1997,2,17,-1,-1,-1
2018950001627,1,9,0,9,0,8,0,0,0,0,1,1,6,1,37,7,1998,2,6,-1,3,-1
2018950001627,2,3,0,18,0,1,0,0,0,0,4,1,2,1,18,4,124,1,5,-1,1,-1
2018950001628,1,9,0,1,0,0,0,0,0,0,2,1,6,1,90,11,998,1,9,-1,2,-1
2018950001629,1,9,0,18,0,0,0,0,1,11,1,1,6,1,74,10,1390,1,14,-1,3,-1
2018950001630,1,9,0,2,0,1,0,0,0,0,3,1,6,1,43,7,1995,2,9,-1,1,-1
2018950001630,2,9,0,18,0,2,0,0,0,0,4,1,6,2,49,8,1591,1,4,-1,1,-1
2018950001631,1,10,0,1,9,1,0,0,0,0,2,1,1,1,44,7,-1,-1,-1,-1,2,-1
2018950001632,1,9,0,18,0,0,0,0,1,4,4,1,6,1,51,8,-1,-1,-1,-1,3,-1
2018950001634,1,9,0,18,0,3,0,0,0,0,1,1,6,1,47,8,1995,2,10,-1,3,-1
2018950001634,2,9,0,18,0,1,0,0,0,0,3,1,6,1,28,6,1968,2,5,-1,-1,-1
2018950001635,1,9,0,1,0,1,0,0,0,0,4,1,6,2,79,11,1598,1,12,-1,1,-1
2018950001636,1,9,0,7,0,2,0,0,0,0,2,1,6,1,56,9,1995,2,5,-1,1,-1
2018950001637,1,8,0,4,0,1,0,0,0,0,0,1,1,1,67,10,1997,2,11,-1,1,-1
2018950001638,1,9,0,18,0,4,0,0,0,0,0,1,6,3,-1,-1,-1,-1,-1,-1,-1,-1
2018950001638,2,9,0,5,0,4,0,0,0,0,2,1,6,1,43,7,1968,2,5,-1,1,-1
2018950001638,3,9,0,5,0,4,0,0,0,0,1,1,6,1,31,6,-1,-1,-1,-1,1,-1
2018950001640,1,9,0,5,0,4,0,0,0,0,1,1,6,1,58,9,1956,2,4,-1,-1,-1
2018950001640,2,1,0,18,0,3,0,0,0,0,2,1,6,1,25,5,-1,-1,-1,-1,-1,-1
2018950001641,1,9,0,17,0,0,0,0,0,0,3,1,6,1,35,6,1229,1,5,-1,1,-1
2018950001642,1,9,0,18,0,0,0,0,0,0,1,1,6,2,33,6,1199,1,14,-1,2,-1
2018950001642,2,9,0,18,0,0,0,0,0,0,2,1,2,2,40,7,1364,1,2,-1,1,-1
2018950001643,1,9,0,9,0,8,0,0,0,0,1,1,6,1,51,8,1596,1,10,-1,1,-1
2018950001643,2,1,0,18,0,1,0,0,0,0,1,1,2,1,47,8,-1,-1,-1,-1,1,-1
2018950001644,1,9,0,18,0,0,0,0,0,0,1,1,1,2,18,4,1242,1,3,-1,3,-1
2018950001644,2,19,0,3,0,0,0,0,0,0,2,1,1,1,46,8,2198,2,3,-1,1,-1
2018950001644,3,9,0,18,0,0,0,0,0,0,1,1,1,1,30,6,1598,1,11,-1,1,-1
2018950001644,4,9,0,3,0,0,0,0,0,0,2,1,6,1,34,6,1910,2,11,-1,1,-1
2018950001645,1,21,0,4,0,0,1,0,0,0,1,1,1,1,36,7,4500,2,11,-1,3,-1
2018950001645,2,19,0,3,0,0,0,0,0,0,2,1,1,1,33,6,1598,2,-1,-1,1,-1
2018950001649,1,9,0,4,0,0,0,0,1,0,1,1,6,2,69,10,1398,1,-1,-1,1,-1
2018950001650,1,9,0,5,0,0,0,0,0,0,1,1,2,2,19,4,1598,1,8,-1,1,-1
2018950001650,2,11,0,18,0,0,0,0,0,0,4,1,1,1,65,9,7300,2,6,-1,1,-1
2018950001651,1,9,0,9,0,2,0,0,0,0,3,1,6,1,37,7,-1,3,5,-1,1,-1
2018950001651,2,1,0,18,0,8,0,0,0,0,1,1,6,1,29,6,-1,-1,-1,-1,1,-1
2018950001652,1,9,0,9,0,1,0,0,0,0,1,1,6,1,35,6,1362,1,6,-1,3,-1
2018950001652,2,9,0,18,0,8,0,0,0,0,1,1,6,2,31,6,2231,2,9,-1,2,-1
2018950001653,1,9,0,18,0,0,2,0,0,1,3,1,6,1,19,4,998,1,5,-1,3,-1
2018950001654,1,9,0,17,0,0,5,0,1,11,3,1,6,1,26,6,1587,1,11,-1,1,-1
2018950001655,1,9,0,18,0,4,0,8,0,0,1,1,6,1,70,10,1997,2,6,-1,1,-1
2018950001655,2,1,0,18,0,8,5,0,0,0,4,1,2,1,56,9,-1,-1,-1,-1,1,-1
2018950001657,1,9,0,17,0,0,1,0,0,0,1,1,2,1,57,9,1995,2,2,9,1,9
2018950001658,1,9,0,18,0,2,0,0,0,0,1,1,6,2,28,6,1582,2,3,-1,3,-1
2018950001660,1,9,0,16,0,0,5,0,7,4,1,1,6,1,29,6,1392,1,19,-1,1,-1
2018950001661,1,9,0,9,0,1,0,0,0,0,1,1,6,2,48,8,1229,1,12,-1,1,-1
2018950001661,2,9,0,18,0,1,0,0,0,0,1,1,2,1,22,5,1560,2,6,-1,1,-1
2018950001663,1,11,0,9,2,2,0,0,0,0,1,1,1,1,61,9,6696,2,4,-1,1,-1
2018950001664,1,9,0,18,0,4,0,0,0,0,1,1,6,1,68,10,1796,1,13,-1,-1,-1
2018950001664,2,1,0,18,0,8,0,0,0,0,2,1,6,2,46,8,-1,-1,-1,-1,1,-1
2018950001665,1,9,0,9,0,8,0,0,0,0,3,1,6,1,34,6,1685,2,5,-1,1,-1
2018950001665,2,1,0,18,0,8,0,0,0,0,1,1,2,1,41,7,-1,-1,-1,-1,1,-1
2018950001666,1,1,0,7,1,1,0,0,0,0,0,1,6,2,63,9,-1,-1,-1,-1,1,-1
2018950001667,1,9,0,11,0,0,0,0,0,0,4,1,2,1,40,7,1598,2,1,-1,-1,-1
2018950001667,2,3,0,18,0,0,0,0,0,0,1,1,2,1,36,7,124,1,2,-1,1,-1
2018950001668,1,9,0,18,0,1,0,0,0,0,0,1,6,1,71,10,2231,2,7,-1,3,-1
2018950001668,2,9,0,18,0,3,0,0,0,0,1,1,6,2,29,6,1598,1,4,-1,3,-1
2018950001668,3,9,0,18,0,3,0,0,0,0,2,1,6,1,55,8,998,1,6,-1,2,-1
2018950001668,4,9,0,3,0,3,0,0,0,0,2,1,6,2,18,4,1084,1,-1,-1,2,-1
2018950001669,1,11,0,5,0,1,0,0,0,0,0,1,1,1,43,7,5132,2,2,-1,1,-1
2018950001670,1,9,0,16,0,3,0,0,1,2,1,1,6,1,74,10,1598,1,9,-1,1,-1
2018950001671,1,9,0,16,0,1,0,0,0,0,1,1,6,2,29,6,1995,2,10,-1,1,-1
2018950001671,2,9,0,9,0,8,0,0,0,0,2,1,6,2,66,10,898,1,3,-1,3,-1
2018950001672,1,9,0,1,0,0,1,0,7,2,2,1,6,2,45,7,2143,2,1,-1,3,-1
2018950001672,2,9,0,2,0,0,0,0,0,0,2,1,6,1,-1,-1,2143,2,2,-1,-1,-1
2018950001674,1,9,0,18,0,0,0,0,0,0,1,1,6,1,49,8,1197,1,6,-1,2,-1
2018950001675,1,11,0,18,2,0,0,0,0,0,1,1,1,3,-1,-1,4760,2,4,-1,-1,-1
2018950001676,1,9,0,18,0,8,0,0,0,0,1,1,2,2,20,4,1299,1,16,-1,1,-1
2018950001676,2,9,0,18,0,8,0,0,0,0,2,1,6,1,49,8,-1,-1,-1,-1,1,-1