Accident_Index,Vehicle_Reference,Vehicle_Type,Towing_and_Articulation,Vehicle_Manoeuvre,Vehicle_Location-Restricted_Lane,Junction_Location,Skidding_and_Overturning,Hit_Object_in_Carriageway,Vehicle_Leaving_Carriageway,Hit_Object_off_Carriageway,1st_Point_of_Impact,Was_Vehicle_Left_Hand_Drive?,Journey_Purpose_of_Driver,Sex_of_Driver,Age_of_Driver,Age_Band_of_Driver,Engine_Capacity_(CC),Propulsion_Code,Age_of_Vehicle,Driver_IMD_Decile,Driver_Home_Area_Type,Vehicle_IMD_Decile
2018950001678,1,9,0,7,0,2,0,0,0,0,1,1,6,1,32,6,1398,1,8,-1,1,-1
2018950001678,2,9,0,3,0,2,0,0,0,0,2,1,6,2,60,9,1398,1,2,-1,1,-1
2018950001679,1,9,0,18,0,1,0,0,0,0,4,1,6,2,58,9,1560,2,3,-1,2,-1
2018950001680,1,9,0,18,0,1,0,0,0,0,0,1,6,1,19,4,1124,1,11,-1,1,-1
2018950001680,2,9,0,18,0,1,0,0,7,2,1,1,2,2,20,4,1896,2,11,-1,1,-1
2018950001681,1,9,0,18,0,4,0,0,0,0,1,1,1,2,40,7,998,1,-1,-1,1,-1
2018950001681,2,9,0,3,0,4,0,0,0,0,2,1,6,2,34,6,1796,1,7,-1,1,-1
2018950001682,1,9,0,18,0,8,0,0,0,0,1,1,6,2,52,8,1398,1,3,-1,2,-1
2018950001682,2,9,0,18,0,8,0,0,0,0,3,1,6,2,53,8,1388,1,8,-1,1,-1
2018950001683,1,9,0,18,0,1,5,10,0,0,3,1,6,1,19,4,1398,1,2,-1,1,-1
2018950001683,2,9,0,18,9,1,0,0,1,0,4,1,6,2,22,5,999,1,1,-1,1,-1
2018950001684,1,9,0,18,0,0,0,0,0,0,1,1,6,1,77,11,1497,8,-1,-1,1,-1
2018950001685,1,9,0,18,0,0,0,0,0,0,1,1,6,2,27,6,998,1,8,-1,1,-1
2018950001685,2,9,0,18,0,0,0,0,0,0,1,1,6,1,24,5,1896,2,15,-1,1,-1
2018950001685,3,9,0,18,0,0,0,0,0,0,2,1,6,1,47,8,-1,-1,-1,-1,1,-1
2018950001686,1,9,0,18,0,0,0,0,0,0,1,1,6,2,59,9,-1,-1,-1,8,1,8
2018950001686,2,9,0,18,0,0,0,0,0,0,1,1,1,1,33,6,1685,2,3,-1,1,-1
2018950001687,1,9,0,15,0,0,0,0,0,0,3,1,2,2,25,5,999,1,15,-1,1,-1
2018950001687,2,9,0,9,0,0,0,0,0,0,2,1,6,2,50,8,998,1,7,-1,1,-1
2018950001688,1,9,0,18,0,0,0,4,0,0,1,1,6,2,18,4,1242,1,7,-1,1,-1
2018950001688,2,9,0,2,0,0,0,4,0,0,3,1,6,1,-1,-1,-1,-1,-1,-1,-1,-1
2018950001688,3,9,0,2,0,0,0,4,0,0,2,1,6,1,-1,-1,1560,2,6,-1,-1,-1
2018950001689,1,11,0,18,0,1,0,0,0,0,1,1,1,1,49,8,4500,2,7,-1,3,-1
2018950001689,2,9,0,18,0,1,0,0,0,0,2,1,2,2,22,5,1242,1,1,-1,1,-1
2018950001691,1,9,0,18,2,0,0,0,0,0,1,1,2,1,27,6,1956,2,5,-1,2,-1
2018950001693,1,9,0,18,0,1,0,0,0,0,4,1,2,1,56,9,1968,2,-1,-1,1,-1
2018950001694,1,1,0,18,9,1,0,0,0,0,2,1,6,3,-1,-1,-1,-1,-1,-1,-1,-1
2018950001695,1,9,0,18,0,3,1,9,1,11,1,1,6,1,28,6,1199,1,14,-1,1,-1
2018950001696,1,9,0,18,0,0,0,0,5,7,1,1,6,1,31,6,1229,1,7,-1,1,-1
2018950001696,2,9,0,12,0,0,0,0,0,0,1,1,6,1,51,8,1598,2,5,-1,1,-1
2018950001696,3,21,0,18,0,0,0,0,0,0,3,1,1,1,54,8,10518,2,6,-1,1,-1
2018950001697,1,9,0,18,0,1,0,0,0,0,1,1,6,3,-1,-1,-1,-1,-1,-1,-1,-1
2018950001698,1,9,0,18,0,1,0,0,0,0,1,1,6,2,51,8,2199,2,1,-1,1,-1
2018950001698,2,9,0,3,0,1,0,0,0,0,2,1,6,2,48,8,1399,1,1,-1,1,-1
2018950001698,3,9,0,10,0,1,0,0,0,0,2,1,2,1,34,6,1995,2,11,-1,1,-1
2018950001699,1,9,0,5,8,0,0,0,7,11,1,1,2,2,37,7,1396,1,8,-1,1,-1
2018950001700,1,9,0,9,0,8,0,0,0,0,4,1,2,1,53,8,1998,8,1,-1,1,-1
2018950001700,2,9,0,17,0,8,0,0,0,0,1,1,6,1,52,8,1598,1,6,-1,1,-1
2018950001700,3,9,0,8,0,1,0,0,0,0,3,1,2,2,41,7,1995,2,1,-1,1,-1
2018950001701,1,21,0,7,0,8,0,0,0,0,3,1,1,1,50,8,10837,2,1,-1,3,-1
2018950001701,2,90,0,18,0,8,0,0,0,0,4,1,1,1,34,6,4500,2,3,-1,1,-1
2018950001702,1,8,0,9,0,2,0,0,0,0,1,1,1,1,66,10,-1,-1,-1,-1,1,-1
2018950001703,1,19,0,18,0,2,0,0,0,0,0,1,1,1,31,6,1868,2,14,-1,1,-1
2018950001703,2,1,0,18,0,1,0,0,0,0,0,1,2,1,43,7,-1,-1,-1,-1,1,-1
2018950001704,1,9,0,18,0,0,0,0,1,0,1,1,6,1,72,10,1984,1,-1,-1,1,-1
2018950001705,1,9,0,14,0,0,0,0,0,0,1,1,6,1,45,7,1390,1,16,-1,2,-1
2018950001706,1,9,0,9,0,4,0,0,0,0,0,1,6,1,78,11,1995,1,16,-1,1,-1
2018950001706,2,1,0,18,0,8,0,0,0,0,0,1,1,1,27,6,-1,-1,-1,-1,1,-1
2018950001707,1,11,0,4,0,1,0,0,0,0,0,1,1,1,51,8,5132,2,2,-1,1,-1
2018950001708,1,1,0,18,0,1,0,0,0,0,2,1,6,1,34,6,-1,-1,-1,-1,-1,-1
2018950001708,2,19,0,18,0,1,0,0,0,0,1,1,6,1,53,8,1868,2,15,-1,2,-1
2018950001709,1,9,0,17,0,0,0,0,1,11,1,1,6,1,20,4,999,1,1,10,1,10
2018950001710,1,9,0,17,0,0,0,0,1,11,1,1,6,2,30,6,1596,1,8,-1,2,-1
2018950001711,1,9,0,18,0,0,0,0,0,0,1,1,6,2,17,4,1398,1,2,-1,1,-1
2018950001713,1,9,0,9,0,8,0,0,0,0,1,1,6,1,90,11,1198,1,10,-1,1,-1
2018950001713,2,1,0,18,0,8,0,0,0,0,1,1,6,2,52,8,-1,-1,-1,-1,1,-1
2018950001715,1,9,0,4,0,0,1,0,1,4,1,1,6,1,72,10,1686,2,13,-1,2,-1
2018950001716,1,9,0,18,0,8,5,0,1,11,2,1,6,1,25,5,1984,1,1,-1,1,-1
2018950001717,1,11,0,5,2,0,0,0,0,0,1,1,1,1,38,7,5132,2,1,-1,1,-1
2018950001718,1,9,0,18,0,4,0,0,0,0,1,1,6,3,-1,-1,1968,2,1,-1,-1,-1
2018950001718,2,19,0,18,0,4,0,0,0,0,1,1,1,1,42,7,2198,2,5,-1,1,-1
2018950001720,1,9,0,9,0,8,0,0,0,0,1,1,2,2,25,5,1497,2,3,-1,3,-1
2018950001720,2,9,0,18,0,1,0,0,0,0,1,1,2,2,47,8,1398,1,1,-1,1,-1
2018950001721,1,9,0,11,0,1,1,0,7,2,1,1,6,1,88,11,2179,2,4,-1,1,-1
2018950001722,1,9,0,18,0,0,0,0,0,0,4,1,6,2,30,6,1998,1,-1,-1,1,-1
2018950001723,1,9,0,18,0,0,0,0,1,0,4,1,6,1,41,7,1598,1,-1,-1,1,-1
2018950001724,1,9,0,18,0,0,0,0,0,0,1,1,6,2,39,7,-1,-1,-1,-1,3,-1
2018950001724,2,9,0,18,0,0,0,0,0,0,1,1,6,1,45,7,-1,-1,-1,-1,1,-1
2018950001725,1,9,0,18,0,0,0,0,0,0,1,1,6,2,30,6,1242,1,11,-1,1,-1
2018950001725,2,9,0,18,0,0,0,0,0,0,2,1,6,1,37,7,-1,-1,-1,-1,2,-1
2018950001726,1,11,0,4,2,0,1,4,7,0,1,1,1,1,40,7,4461,2,4,-1,2,-1
2018950001726,2,19,0,3,2,0,0,0,0,0,2,1,1,1,61,9,2287,2,5,-1,-1,-1
2018950001727,1,9,0,4,0,0,0,0,0,0,1,1,6,1,65,9,3950,1,19,-1,3,-1
2018950001728,1,8,0,18,0,0,0,0,0,0,1,1,6,3,-1,-1,-1,-1,-1,-1,-1,-1
2018950001729,1,9,0,9,0,8,0,0,0,0,1,1,6,1,39,7,1956,2,9,-1,1,-1
2018950001729,2,3,0,18,0,1,0,0,0,0,4,1,1,1,17,4,108,1,5,-1,1,-1
2018950001730,1,9,0,5,0,0,0,0,0,0,0,1,6,1,49,8,998,1,17,-1,1,-1
2018950001731,1,9,0,7,0,8,0,0,0,0,1,1,6,1,89,11,1360,1,11,-1,1,-1
2018950001731,2,18,0,18,0,8,0,0,0,0,1,1,1,1,46,8,-1,-1,-1,-1,1,-1
2018950001732,1,22,0,18,0,1,0,0,0,0,1,1,6,2,55,8,-1,-1,-1,-1,3,-1
2018950001732,2,19,0,18,0,1,0,0,0,0,3,1,1,2,57,9,2198,2,3,-1,2,-1
2018950001733,1,9,0,18,0,0,0,0,0,0,4,1,6,3,-1,-1,-1,-1,-1,-1,-1,-1
2018950001734,1,9,0,18,0,1,0,0,0,0,1,1,6,2,29,6,1229,1,5,-1,2,-1
2018950001734,2,9,0,9,0,6,0,0,0,0,0,1,6,2,56,9,1398,1,4,-1,1,-1
2018950001734,3,9,0,18,0,1,0,0,0,0,2,1,6,2,39,7,1242,1,9,-1,1,-1
2018950001735,1,9,0,13,0,1,1,0,7,2,1,1,6,1,28,6,1998,1,4,-1,3,-1
2018950001735,2,9,0,14,0,1,1,4,0,0,2,1,6,2,18,4,998,1,3,-1,2,-1
2018950001735,3,9,0,2,0,1,0,0,1,11,2,1,6,1,-1,-1,973,1,16,-1,-1,-1
2018950001737,1,9,0,18,0,1,0,0,0,0,1,1,6,1,28,6,1199,2,6,-1,3,-1
2018950001737,2,9,0,18,0,1,0,0,0,0,2,1,6,1,30,6,998,1,5,-1,2,-1
2018950001737,3,9,0,4,0,1,0,0,0,0,2,1,6,2,32,6,1398,1,1,-1,3,-1
2018950001739,1,9,0,18,0,0,0,0,7,11,1,1,6,1,27,6,-1,-1,-1,-1,-1,-1
2018950001740,1,9,0,9,0,8,0,0,0,0,4,1,2,1,53,8,1560,2,8,-1,1,-1
2018950001740,2,1,0,18,0,1,0,0,0,0,1,1,2,2,53,8,-1,-1,-1,-1,1,-1
2018950001741,1,9,0,18,0,0,0,0,0,0,1,1,6,1,40,7,1498,1,1,-1,2,-1
2018950001741,2,9,0,18,0,0,0,0,0,0,2,1,6,1,51,8,1560,2,8,-1,1,-1
2018950001742,1,9,0,18,0,0,0,0,2,4,4,1,6,2,52,8,1587,1,14,-1,3,-1
2018950001743,1,19,0,16,0,1,0,0,0,0,4,1,1,1,55,8,1560,2,4,-1,1,-1
2018950001744,1,19,0,18,0,1,1,0,7,10,1,1,6,1,43,7,2198,2,5,-1,2,-1
2018950001745,1,9,0,18,0,0,0,0,0,0,2,1,6,3,-1,-1,-1,-1,-1,-1,-1,-1
2018950001745,2,1,0,18,0,0,0,0,0,0,1,1,2,1,47,8,-1,-1,-1,-1,1,-1
2018950001747,1,9,0,18,0,1,0,0,0,0,1,1,6,1,24,5,2143,2,3,-1,3,-1
2018950001748,1,9,0,18,0,1,0,0,0,0,4,1,6,1,73,10,1360,1,9,-1,3,-1
2018950001749,1,19,0,18,0,2,0,0,0,0,1,1,2,1,30,6,2198,2,3,-1,1,-1
2018950001750,1,9,0,9,0,8,0,0,0,0,4,1,6,2,82,11,1390,1,7,-1,1,-1
2018950001750,2,1,0,18,0,1,0,0,0,0,1,1,6,2,47,8,-1,-1,-1,-1,1,-1
2018950001751,1,9,0,4,0,1,0,0,0,0,1,2,6,1,24,5,-1,-1,-1,-1,1,-1
2018950001751,2,9,0,3,0,1,0,0,0,0,2,1,6,2,45,7,1798,1,11,-1,1,-1
2018950001753,1,9,0,18,0,0,0,0,0,0,1,1,6,2,53,8,-1,-1,-1,-1,3,-1
2018950001753,2,9,0,2,0,0,0,0,0,0,1,1,6,1,-1,-1,-1,-1,-1,-1,-1,-1
2018950001754,1,9,0,9,0,8,0,0,0,0,3,1,6,1,73,10,1598,1,4,-1,1,-1
2018950001754,2,9,0,18,0,8,0,0,0,0,0,1,6,1,59,9,3200,2,15,-1,3,-1
2018950001755,1,9,0,18,0,0,0,0,0,0,1,1,6,1,22,5,-1,-1,-1,-1,2,-1
2018950001755,2,9,0,3,0,0,0,0,0,0,2,1,6,1,47,8,1968,2,7,-1,1,-1
2018950001756,1,9,0,11,6,0,0,4,1,9,1,1,6,1,21,5,1461,2,12,-1,-1,-1
2018950001756,2,19,0,2,6,0,0,0,0,0,2,1,1,1,-1,-1,-1,-1,-1,-1,1,-1
2018950001758,1,9,0,18,0,8,0,0,1,9,1,1,6,1,44,7,1896,2,14,-1,2,-1
2018950001758,2,9,0,4,0,8,0,0,1,9,2,1,6,1,85,11,1956,2,3,-1,2,-1
2018950001759,1,9,0,4,0,0,0,0,3,10,1,1,6,1,83,11,-1,-1,-1,-1,2,-1
2018950001760,1,11,0,7,0,2,0,0,0,0,1,1,1,1,46,8,5132,2,1,-1,2,-1
2018950001761,1,11,0,18,0,0,2,0,1,11,1,1,1,1,69,10,-1,-1,-1,-1,1,-1
2018950001762,1,9,0,18,0,1,0,0,0,0,1,1,6,1,35,6,2521,1,15,-1,3,-1
2018950001762,2,9,0,3,0,1,0,0,0,0,2,1,6,1,40,7,1560,2,1,-1,1,-1
2018950001764,1,9,0,9,0,1,0,0,0,0,2,1,6,1,55,8,4395,1,3,-1,1,-1
2018950001764,2,9,0,18,0,1,0,0,0,0,1,1,6,1,70,10,998,1,-1,-1,3,-1
2018950001764,3,9,0,18,0,1,0,0,0,0,1,1,6,1,34,6,1998,1,15,-1,3,-1
2018950001765,1,9,0,16,0,0,1,0,7,9,1,1,6,1,21,5,1998,1,15,-1,2,-1
2018950001766,1,9,0,18,0,8,0,0,0,0,1,1,6,1,23,5,1396,1,4,-1,1,-1
2018950001766,2,9,0,18,0,8,0,0,0,0,3,1,6,2,25,5,898,1,3,-1,1,-1
201895T000002,1,9,0,18,0,1,1,0,1,0,1,1,6,1,32,6,2993,2,5,-1,-1,-1
201895T000006,1,9,0,18,0,1,0,0,0,0,1,1,6,2,49,8,-1,-1,-1,-1,1,-1
201895T000026,1,9,0,18,0,0,2,0,1,4,4,1,2,1,20,4,1197,1,3,-1,3,-1
201895T000029,1,11,0,4,0,1,0,0,0,0,0,1,1,1,28,6,9360,2,9,-1,1,-1
201895T000062,1,9,0,7,0,2,0,0,0,0,3,1,6,3,-1,-1,-1,-1,-1,-1,-1,-1
201895T000062,2,9,0,18,0,1,0,0,0,0,1,1,6,1,20,4,1240,1,13,-1,-1,-1
201895T000104,1,9,0,9,0,8,0,0,0,0,1,1,6,2,46,8,1242,1,3,-1,1,-1
201895T000104,2,1,0,18,0,8,0,0,0,0,1,1,6,2,34,6,-1,-1,-1,-1,-1,-1
2018961800001,1,9,0,17,0,0,5,10,2,7,1,1,6,1,47,8,1149,1,8,1,1,1
2018961800002,1,9,0,16,0,0,1,0,7,0,1,1,6,1,51,8,1951,2,12,-1,1,-1
2018961800002,2,9,0,17,0,0,0,0,1,0,1,1,6,2,53,8,-1,-1,-1,-1,1,-1
2018961800004,1,9,0,1,0,1,0,0,0,0,2,1,6,3,20,4,-1,-1,-1,-1,-1,-1
2018961800004,2,9,0,3,0,1,0,0,0,0,1,1,1,1,33,6,2268,2,4,-1,3,-1
2018961800006,1,9,0,9,0,8,0,0,0,0,3,1,1,1,39,7,1590,1,16,-1,1,-1
2018961800007,1,9,0,18,0,0,1,10,2,7,1,1,6,1,21,5,-1,-1,-1,-1,1,-1
2018961800009,1,9,0,15,0,8,0,0,0,0,1,1,1,2,29,6,1248,2,4,-1,1,-1
2018961800009,2,9,0,17,0,8,0,0,0,0,3,1,6,2,54,8,999,1,1,-1,2,-1
2018961800010,1,9,0,9,0,8,0,0,0,0,1,1,2,1,28,6,2000,2,12,-1,1,-1
2018961800011,1,9,0,18,0,0,0,0,0,0,1,1,1,1,23,5,1499,2,3,-1,1,-1
2018961800011,2,9,0,18,0,0,0,0,0,0,2,1,6,1,23,5,1242,1,5,-1,1,-1
2018961800013,1,19,0,1,0,8,0,0,0,0,2,1,6,1,37,7,1995,2,11,-1,1,-1
2018961800013,2,3,0,3,0,8,0,0,0,0,1,1,6,2,31,6,125,1,1,-1,1,-1
2018961800019,1,9,0,18,0,0,0,4,0,0,1,1,6,2,19,4,1496,2,3,-1,1,-1
2018961800019,2,9,0,2,0,0,0,0,0,0,4,1,1,1,30,6,2993,2,3,-1,3,-1
2018961800020,1,9,0,17,0,0,0,0,0,0,1,1,3,2,39,7,1753,2,15,-1,1,-1
2018961800022,1,9,0,18,0,0,1,10,2,10,1,1,6,2,18,4,1242,1,4,-1,-1,-1
2018961800024,1,9,0,18,0,0,2,0,7,0,1,1,6,2,50,8,1956,2,3,-1,1,-1
2018961800025,1,19,0,18,0,0,0,0,0,0,1,1,2,1,35,6,1995,2,11,-1,1,-1
2018961800025,2,19,0,4,0,0,5,10,5,6,2,1,2,1,50,8,1996,2,7,-1,2,-1
2018961800025,3,9,0,18,0,0,0,0,0,0,2,1,2,1,30,6,1685,2,3,-1,1,-1
2018961800026,1,9,0,4,0,1,0,0,0,0,1,1,6,1,20,4,1398,1,5,-1,1,-1
2018961800026,2,9,0,8,0,1,0,0,0,0,2,1,6,2,27,6,1596,1,7,-1,1,-1
2018961800027,1,9,0,18,0,0,1,10,7,4,4,1,6,1,32,6,1242,1,11,-1,1,-1
2018961800030,1,9,0,18,0,0,0,0,0,0,1,1,6,1,23,5,1197,1,7,-1,1,-1
2018961800030,2,9,0,3,0,0,0,0,0,0,2,1,6,2,31,6,1995,2,8,-1,1,-1
2018961800031,1,11,0,5,8,0,0,0,0,0,0,1,1,1,55,8,6696,2,5,-1,2,-1
2018961800034,1,11,0,16,0,0,0,0,0,0,1,1,1,1,53,8,9000,2,14,-1,3,-1
2018961800035,1,9,0,18,0,0,1,10,4,6,1,1,6,1,54,8,1386,1,11,-1,-1,-1
2018961800036,1,9,0,9,0,8,0,0,0,0,1,1,6,1,40,7,1198,1,1,-1,-1,-1
2018961800037,1,9,0,16,0,0,2,0,8,4,1,1,2,1,33,6,-1,-1,-1,-1,3,-1
2018961800039,1,9,0,5,8,2,1,4,0,0,1,1,6,2,22,5,998,1,18,-1,1,-1
2018961800039,2,9,0,18,0,1,1,0,0,0,1,1,1,2,53,8,1560,2,4,-1,1,-1
2018961800039,3,19,0,2,6,2,0,0,0,0,1,1,1,1,54,8,1995,2,-1,-1,1,-1
2018961800040,1,19,0,18,0,1,0,0,0,0,1,1,6,1,39,7,2143,2,2,-1,1,-1
2018961800040,2,9,0,4,0,1,0,0,0,0,2,1,6,2,64,9,1496,1,2,-1,1,-1
2018961800041,1,9,0,17,0,0,1,0,1,11,1,1,3,2,23,5,1461,2,1,-1,3,-1
2018961800042,1,19,0,18,0,0,0,0,0,0,1,1,1,1,27,6,1998,2,14,-1,3,-1
2018961800042,2,9,0,4,0,0,0,0,0,0,2,1,2,1,40,7,2982,2,3,-1,3,-1
2018961800042,3,9,0,4,0,0,0,0,0,0,2,1,6,1,62,9,1685,2,2,-1,3,-1
2018961800042,4,9,0,4,0,0,0,0,0,0,2,1,2,1,51,8,2143,2,5,-1,1,-1
2018961800042,5,9,0,4,0,0,0,0,0,0,2,1,6,1,64,9,1969,2,1,-1,1,-1
2018961800042,6,9,0,4,0,0,0,0,0,0,2,1,6,1,51,8,1968,2,2,-1,1,-1
2018961800043,1,19,0,18,0,8,0,0,0,0,1,1,1,1,67,10,1968,2,5,-1,-1,-1
2018961800043,2,9,0,10,0,1,0,0,0,0,2,1,6,2,29,6,1968,2,4,-1,1,-1
2018961800049,1,9,0,18,0,0,0,0,0,0,1,1,6,1,20,4,998,1,6,-1,3,-1
2018961800049,2,19,0,4,0,0,0,0,0,0,2,1,1,1,33,6,4462,2,5,-1,-1,-1
2018961800049,3,9,0,9,0,0,0,0,0,0,0,1,6,3,30,6,-1,-1,-1,-1,-1,-1
2018961800051,1,9,0,5,8,1,0,0,0,0,4,1,6,1,72,10,2496,1,16,-1,1,-1
2018961800051,2,8,0,18,0,8,1,10,1,10,1,1,1,1,50,8,1995,2,6,-1,1,-1
2018961800051,3,19,0,2,6,2,0,0,0,0,4,1,6,1,26,6,2198,2,10,-1,3,-1
2018961800052,1,19,0,18,0,0,0,0,0,0,1,1,1,1,58,9,1997,2,1,-1,1,-1
2018961800052,2,9,0,3,0,0,0,0,0,0,2,1,6,2,55,8,998,1,3,-1,2,-1
2018961800053,1,9,0,18,0,8,0,0,0,0,1,1,6,2,70,10,1499,1,1,-1,1,-1
2018961800053,2,9,0,18,0,8,0,10,1,11,3,1,6,2,46,8,1910,2,11,-1,1,-1
2018961800054,1,9,0,18,0,0,1,10,5,6,3,1,6,2,41,7,1461,2,5,-1,2,-1
2018961800055,1,9,0,9,0,8,0,0,0,0,1,1,6,1,40,7,-1,-1,-1,-1,3,-1
2018961800055,2,9,0,18,0,8,0,0,0,0,1,1,6,2,38,7,999,1,2,-1,1,-1
2018961800055,3,9,0,18,0,8,0,0,0,0,1,1,6,2,20,4,1398,1,1,-1,-1,-1
2018961800056,1,9,0,18,0,0,0,0,0,0,1,1,6,1,33,6,1364,1,12,-1,1,-1
2018961800056,2,9,0,18,0,0,0,0,0,0,1,1,6,1,22,5,1461,2,2,-1,-1,-1
2018961800057,1,9,0,18,0,8,0,0,0,0,3,1,6,1,68,10,1329,1,5,-1,3,-1
2018961800058,1,9,0,5,0,1,0,0,0,0,1,1,6,1,35,6,-1,-1,-1,-1,1,-1
2018961800058,2,9,0,3,0,1,0,0,0,0,2,1,6,2,23,5,1242,1,4,-1,1,-1
2018961800060,1,9,0,18,0,0,0,0,0,0,1,1,6,1,45,7,-1,-1,-1,-1,3,-1
2018961800060,2,19,0,4,0,0,0,0,0,0,2,1,6,1,47,8,1560,2,10,-1,3,-1
2018961800060,3,9,0,4,0,0,0,0,0,0,2,1,6,2,26,6,1956,2,4,-1,1,-1
2018961800060,4,9,0,4,0,0,0,0,0,0,2,1,6,2,42,7,1591,1,8,-1,1,-1
2018961800064,1,19,0,1,0,0,0,0,0,0,2,1,1,1,31,6,2198,2,5,-1,1,-1
2018961800065,1,9,0,18,0,0,0,0,1,3,1,1,6,2,31,6,1560,2,13,-1,1,-1
2018961800066,1,9,0,18,0,2,0,0,0,0,1,1,6,2,70,10,-1,-1,-1,-1,-1,-1
2018961800066,2,1,0,18,0,2,0,0,0,0,4,1,2,1,49,8,-1,-1,-1,-1,2,-1
2018961800067,1,9,0,18,0,1,0,0,0,0,1,1,6,2,20,4,1461,2,9,-1,1,-1
2018961800067,2,9,0,3,0,1,0,0,0,0,2,1,6,2,46,8,2199,2,7,-1,3,-1
2018961800070,1,9,0,16,0,0,0,0,0,0,1,1,6,1,50,8,1598,2,1,-1,-1,-1
2018961800070,2,9,0,17,0,0,0,0,0,0,1,1,6,1,55,8,1896,2,10,-1,3,-1
2018961800071,1,9,0,18,0,8,0,0,0,0,1,1,6,1,73,10,1598,1,11,-1,1,-1
2018961800071,2,9,0,10,0,8,0,0,0,0,2,1,6,2,60,9,-1,-1,-1,-1,1,-1
2018961800073,1,9,0,17,0,0,1,0,0,0,1,1,1,1,31,6,2497,2,22,-1,1,-1
2018961800073,2,21,1,3,0,0,0,0,0,0,2,1,1,1,52,8,12419,2,2,-1,1,-1
2018961800075,1,9,0,16,0,0,5,0,7,1,3,1,6,1,37,7,-1,-1,-1,-1,1,-1
2018961800076,1,9,0,4,0,0,0,0,0,0,4,1,3,1,72,10,-1,-1,-1,-1,1,-1
2018961800077,1,11,0,7,0,1,0,0,0,0,0,1,1,1,57,9,4461,2,4,-1,-1,-1
2018961800078,1,11,0,4,0,1,0,0,0,0,0,1,6,1,58,9,6696,2,5,-1,1,-1
2018961800082,1,11,0,5,0,8,0,0,0,0,3,1,1,1,29,6,9000,2,13,-1,1,-1
2018961800082,2,9,0,18,0,8,0,0,0,0,1,1,6,2,72,10,-1,-1,-1,-1,3,-1
2018961800083,1,19,0,13,0,0,0,0,0,0,4,1,6,3,30,6,-1,-1,-1,-1,-1,-1
2018961800083,2,1,0,18,0,0,0,0,0,0,3,1,6,1,50,8,-1,-1,-1,-1,1,-1
2018961800086,1,9,0,18,0,8,0,0,0,0,4,1,6,2,39,7,1984,2,5,-1,3,-1
2018961800086,2,9,0,9,0,8,0,0,0,0,1,1,6,1,51,8,1910,2,11,-1,1,-1
2018961800087,1,19,0,18,0,0,5,0,1,4,1,1,6,1,31,6,-1,-1,-1,-1,3,-1
2018961800088,1,9,0,18,0,1,0,0,0,0,1,1,6,1,38,7,1498,1,11,-1,-1,-1
2018961800088,2,9,0,3,0,1,0,0,0,0,2,1,6,1,23,5,1200,1,1,-1,1,-1
2018961800090,1,9,0,5,0,1,0,0,0,0,1,1,2,2,29,6,1998,2,8,-1,-1,-1
2018961800090,2,9,0,18,0,1,0,0,7,11,3,1,2,1,35,6,1999,1,11,-1,1,-1
2018961800091,1,9,0,18,0,2,0,0,0,0,4,1,6,2,61,9,1364,1,3,-1,3,-1
2018961800092,1,9,0,1,9,0,0,0,0,0,2,1,2,2,49,8,1364,2,7,-1,1,-1
2018961800093,1,9,0,18,0,8,0,0,0,0,1,1,6,2,27,6,1998,1,4,-1,3,-1
2018961800093,2,9,0,17,0,8,0,0,0,0,1,1,6,2,36,7,1598,2,1,-1,1,-1
2018961800094,1,9,0,18,0,0,0,0,0,0,4,1,6,1,28,6,1968,2,4,-1,1,-1
2018961800095,1,9,0,18,0,0,0,0,0,0,1,1,3,2,28,6,1910,2,10,-1,1,-1
2018961800096,1,9,0,18,0,1,0,0,0,0,1,1,6,1,24,5,2000,2,13,-1,1,-1
2018961800096,2,9,0,9,0,8,0,0,0,0,2,1,6,2,48,8,1598,1,5,-1,1,-1
2018961800098,1,9,0,17,0,0,0,0,1,4,1,1,6,2,38,7,-1,-1,-1,-1,3,-1
2018961800099,1,9,0,4,0,1,0,0,0,0,1,1,6,1,84,11,1999,1,11,-1,1,-1
2018961800099,2,9,0,3,0,1,0,0,0,0,2,1,6,1,77,11,1598,1,3,-1,1,-1
2018961800101,1,3,0,18,0,1,1,10,0,0,3,1,6,1,37,7,124,1,6,-1,3,-1
2018961800103,1,5,0,13,0,0,1,0,0,0,4,1,6,2,33,6,675,1,5,-1,1,-1
2018961800103,2,9,0,18,0,0,0,0,0,0,3,1,1,1,34,6,998,1,1,-1,-1,-1
2018961800104,1,9,0,6,0,8,0,10,4,6,3,1,6,1,86,11,998,1,10,-1,2,-1
2018961800104,2,9,0,18,0,1,0,0,0,0,1,1,6,2,35,6,1598,2,3,-1,3,-1
2018961800106,1,5,0,18,0,3,0,10,1,0,4,1,6,1,57,9,847,1,-1,-1,1,-1
2018961800107,1,9,0,18,0,2,0,0,0,0,1,1,6,1,57,9,998,1,-1,-1,1,-1
2018961800107,2,9,0,3,0,1,0,0,0,0,3,1,6,1,35,6,1560,2,10,-1,3,-1
2018961800108,1,9,0,18,0,0,0,0,0,0,3,1,6,1,50,8,1229,1,4,-1,1,-1
2018961800108,2,22,0,5,0,0,0,0,0,0,4,1,6,2,51,8,-1,-1,-1,-1,-1,-1
2018961800109,1,9,0,18,0,1,0,10,7,0,1,1,6,1,21,5,1999,1,12,-1,-1,-1