Accident_Index,Vehicle_Reference,Vehicle_Type,Towing_and_Articulation,Vehicle_Manoeuvre,Vehicle_Location-Restricted_Lane,Junction_Location,Skidding_and_Overturning,Hit_Object_in_Carriageway,Vehicle_Leaving_Carriageway,Hit_Object_off_Carriageway,1st_Point_of_Impact,Was_Vehicle_Left_Hand_Drive?,Journey_Purpose_of_Driver,Sex_of_Driver,Age_of_Driver,Age_Band_of_Driver,Engine_Capacity_(CC),Propulsion_Code,Age_of_Vehicle,Driver_IMD_Decile,Driver_Home_Area_Type,Vehicle_IMD_Decile
201897GA70702,1,9,0,18,0,0,0,0,0,0,1,1,2,1,25,5,1149,1,8,-1,1,-1
201897GA70702,2,9,0,18,0,0,0,0,0,0,4,1,2,1,30,6,1560,2,7,-1,1,-1
201897GA70702,3,9,0,18,0,0,0,0,0,0,1,1,2,1,30,6,1796,1,7,-1,1,-1
201897GA70702,4,9,0,18,0,0,0,0,0,0,3,1,2,2,34,6,1685,2,2,-1,1,-1
201897GA70703,1,9,0,6,0,1,0,0,0,0,3,1,6,1,21,5,1329,1,10,-1,1,-1
201897GA70703,2,3,0,16,0,1,0,0,0,0,1,1,6,1,20,4,125,1,1,-1,1,-1
201897GA70704,1,19,0,11,0,0,0,0,0,0,1,1,1,1,28,6,2402,2,6,-1,1,-1
201897GA70704,2,9,0,18,0,0,0,0,0,0,2,1,1,1,44,7,2993,2,1,-1,3,-1
201897GA70705,1,19,0,18,0,0,0,0,0,0,1,1,2,1,61,9,2198,2,6,-1,1,-1
201897GA70705,2,9,0,18,0,0,0,0,4,6,2,1,2,1,56,9,1997,1,3,-1,1,-1
201897GA70705,3,9,0,3,0,0,0,0,0,0,2,1,6,1,47,8,999,1,2,-1,1,-1
201897GA70705,4,19,0,3,0,0,0,0,0,0,1,1,1,1,23,5,2198,2,2,-1,1,-1
201897GA70708,1,9,0,5,0,0,0,0,0,0,1,1,6,2,29,6,2143,2,-1,-1,1,-1
201897GA70708,2,9,0,18,0,0,0,0,0,0,1,1,6,1,26,6,1716,2,17,-1,1,-1
201897GA70712,1,9,0,6,0,1,0,0,0,0,3,1,6,2,23,5,-1,-1,-1,-1,1,-1
201897GA70712,2,3,0,18,0,1,0,0,0,0,1,1,2,1,18,4,125,1,2,-1,-1,-1
201897GA70802,1,11,0,4,2,2,0,0,0,0,3,1,1,2,50,8,6370,2,10,-1,1,-1
201897GA70805,1,9,0,13,0,0,0,0,0,0,1,1,2,2,22,5,1242,1,5,-1,2,-1
201897GA70805,2,9,0,18,0,0,0,0,0,0,2,1,6,1,67,10,1956,2,5,-1,1,-1
201897GA70806,1,5,0,13,0,0,1,11,0,0,0,1,6,1,25,5,599,1,18,-1,1,-1
201897GA70806,2,9,0,18,0,0,0,0,0,0,0,1,6,2,25,5,1560,2,6,-1,1,-1
201897GA70806,3,9,0,18,0,0,0,0,0,0,0,1,6,2,20,4,1242,1,5,-1,1,-1
201897GA71012,1,9,0,18,0,4,0,0,0,0,1,1,1,1,49,8,1422,2,2,-1,1,-1
201897GA71112,1,19,0,18,0,6,0,0,0,3,3,1,1,1,51,8,1560,2,2,-1,3,-1
201897GA71112,2,19,0,18,0,6,0,0,0,3,1,1,1,1,30,6,2143,2,2,-1,1,-1
201897GC00104,1,9,0,5,0,6,0,0,0,0,1,1,6,1,71,10,1200,1,6,-1,1,-1
201897GC00104,2,9,0,17,0,1,0,0,0,0,1,1,6,1,28,6,1229,1,9,-1,1,-1
201897GC00105,1,9,0,7,0,4,0,0,0,0,4,1,6,1,24,5,1598,1,10,-1,1,-1
201897GC00105,2,9,0,18,0,8,0,0,0,0,1,1,6,2,43,7,1461,2,5,-1,2,-1
201897GC00107,1,9,0,13,0,0,0,0,0,2,1,1,6,1,20,4,2179,2,5,-1,2,-1
201897GC00107,2,11,0,4,0,0,0,0,0,0,0,1,1,1,53,8,3900,2,13,-1,1,-1
201897GC00108,1,9,0,9,0,8,0,0,0,0,4,1,6,2,76,11,1598,1,1,-1,2,-1
201897GC00108,2,1,0,18,0,8,0,0,0,0,1,1,6,1,63,9,-1,-1,-1,-1,1,-1
201897GC00109,1,9,0,7,0,6,0,0,0,0,3,1,1,2,45,7,1398,1,4,-1,1,-1
201897GC00109,2,9,0,18,0,8,0,0,0,0,1,1,3,2,52,8,1200,1,-1,-1,1,-1
201897GC00111,1,9,0,18,0,0,5,0,7,0,3,1,6,2,42,7,1685,2,2,-1,2,-1
201897GC00112,1,9,0,18,0,0,1,0,0,0,1,1,6,2,28,6,1997,2,9,-1,1,-1
201897GC00112,2,9,0,18,0,0,0,0,0,0,1,1,6,2,19,4,1242,1,2,-1,1,-1
201897GC00202,1,9,0,18,0,8,0,0,0,0,1,1,6,2,60,9,1896,2,13,-1,1,-1
201897GC00202,2,9,0,9,0,8,0,0,0,0,3,1,6,2,77,11,1461,2,1,-1,1,-1
201897GC00203,1,9,0,18,0,1,0,0,1,0,1,1,3,1,20,4,1596,1,12,-1,3,-1
201897GC00203,2,9,0,4,0,1,0,0,1,10,2,1,6,2,57,9,1560,2,5,-1,1,-1
201897GC00203,3,9,0,3,0,1,0,0,0,0,2,1,6,2,55,8,-1,-1,-1,-1,1,-1
201897GC00207,1,9,0,1,0,0,0,0,0,0,2,1,6,1,66,10,1461,2,12,-1,1,-1
201897GC00207,2,1,0,18,0,0,0,0,0,0,1,1,6,2,6,2,-1,-1,-1,-1,1,-1
201897GC00208,1,19,0,18,0,6,0,0,0,0,1,1,1,1,58,9,1598,2,3,-1,2,-1
201897GC00210,1,9,0,18,0,0,1,0,1,2,4,1,2,2,45,7,3200,2,9,-1,2,-1
201897GC00211,1,9,0,7,8,1,0,0,0,0,4,1,6,3,-1,-1,1390,1,14,-1,-1,-1
201897GC00211,2,1,0,18,0,8,0,0,0,0,1,1,2,1,44,7,-1,-1,-1,-1,1,-1
201897GC00212,1,9,0,18,0,8,0,0,0,0,1,1,6,2,63,9,1560,2,10,-1,1,-1
201897GC00301,1,9,0,16,0,1,1,0,0,11,1,1,6,2,48,8,1560,2,9,-1,1,-1
201897GC00301,2,19,0,16,0,1,1,0,0,11,1,1,2,1,37,7,-1,-1,-1,-1,1,-1
201897GC00302,1,9,0,3,0,0,0,0,0,0,1,1,6,2,82,11,1149,1,10,-1,2,-1
201897GC00302,2,9,0,18,0,0,0,0,0,0,0,1,6,2,27,6,1995,2,5,-1,-1,-1
201897GC00307,1,9,0,9,0,6,0,0,0,0,1,1,6,1,54,8,2979,1,3,-1,1,-1
201897GC00307,2,9,0,18,0,1,0,0,0,0,1,1,6,2,48,8,1398,1,3,-1,1,-1
201897GC00308,1,4,0,4,0,0,2,10,0,0,1,1,6,1,44,7,124,1,2,-1,1,-1
201897GC00308,2,4,0,4,0,0,2,10,0,0,1,1,6,1,24,5,124,1,2,-1,1,-1
201897GC00311,1,9,0,18,0,6,0,0,3,0,4,1,6,2,20,4,1124,1,13,-1,1,-1
201897GC00311,2,9,0,18,0,8,0,0,0,0,1,1,6,2,56,9,1499,1,1,-1,1,-1
201897GC00312,1,9,0,9,0,2,0,0,0,0,1,1,2,1,42,7,898,1,2,-1,1,-1
201897GC00312,2,1,0,18,0,1,0,0,0,0,1,1,6,1,77,11,-1,-1,-1,-1,1,-1
201897GC00401,1,9,0,9,0,1,0,0,0,0,4,1,1,1,33,6,1560,2,1,-1,2,-1
201897GC00401,2,8,0,18,0,1,0,0,0,0,1,1,1,1,32,6,1598,2,6,-1,1,-1
201897GC00403,1,9,0,4,0,1,0,0,0,0,4,1,1,2,54,8,1896,2,15,-1,1,-1
201897GC00405,1,9,0,9,0,1,0,0,0,0,1,1,6,1,32,6,1968,2,1,-1,1,-1
201897GC00405,2,9,0,18,0,1,0,0,0,0,1,1,6,1,53,8,1461,2,3,-1,1,-1
201897GC00408,1,9,0,9,0,1,0,0,0,0,3,1,6,1,63,9,1461,2,7,-1,1,-1
201897GC00408,2,9,0,17,0,1,0,0,0,0,3,1,6,1,19,4,1229,1,1,-1,-1,-1
201897GC00408,3,20,0,16,0,1,0,0,0,0,1,1,6,1,45,7,-1,-1,-1,-1,1,-1
201897GC00409,1,9,0,18,0,0,0,11,0,0,1,1,1,1,58,9,1968,2,4,-1,2,-1
201897GC00410,1,9,0,18,0,0,5,0,1,0,4,1,6,1,18,4,1198,1,9,-1,1,-1
201897GC00411,1,9,0,9,0,6,0,0,0,0,2,1,6,2,37,7,-1,-1,-1,-1,3,-1
201897GC00503,1,9,0,18,0,1,0,0,0,0,1,1,6,1,30,6,1796,1,12,-1,1,-1
201897GC00503,2,9,0,4,0,1,0,0,0,0,2,1,6,1,26,6,1968,2,11,-1,2,-1
201897GC00504,1,19,0,18,0,1,0,0,0,0,3,1,6,1,37,7,1753,2,14,-1,1,-1
201897GC00504,2,9,0,18,0,1,0,0,0,0,4,1,6,1,34,6,1318,1,1,-1,2,-1
201897GC00505,1,3,0,16,0,0,1,0,0,0,3,1,6,1,17,4,124,1,2,-1,1,-1
201897GC00506,1,9,0,7,0,6,0,0,0,0,1,1,2,2,23,5,1560,2,5,-1,1,-1
201897GC00506,2,9,0,18,0,8,0,0,0,0,4,1,2,2,48,8,2204,2,12,-1,1,-1
201897GC00511,1,9,0,17,0,0,2,0,1,9,4,1,6,2,50,8,1998,1,14,-1,2,-1
201897GC00512,1,9,0,9,0,2,0,0,0,0,1,1,2,2,26,6,1997,2,3,-1,2,-1
201897GC00603,1,9,0,17,0,0,1,0,1,8,0,1,6,2,32,6,2993,2,4,-1,1,-1
201897GC00605,1,8,0,5,0,0,0,0,0,0,0,1,1,1,61,9,1998,2,3,-1,3,-1
201897GC00608,1,9,0,18,0,1,0,0,0,0,3,1,2,1,37,7,4196,1,11,-1,1,-1
201897GC00612,1,9,0,5,0,4,0,0,0,0,1,1,6,2,50,8,999,1,-1,-1,1,-1
201897GC00612,2,1,0,18,0,8,0,0,0,0,2,1,2,1,57,9,-1,-1,-1,-1,3,-1
201897GC00704,1,9,0,9,0,0,0,0,0,0,1,1,6,1,54,8,1598,2,2,-1,1,-1
201897GC00704,2,9,0,18,0,0,0,0,0,0,1,1,6,2,66,10,1248,1,2,-1,2,-1
201897GC00705,1,9,0,18,0,0,0,0,0,0,1,1,6,2,51,8,1595,1,-1,-1,1,-1
201897GC00705,2,9,0,4,0,0,0,0,0,0,2,1,3,2,45,7,1598,1,6,-1,1,-1
201897GC00705,3,9,0,4,0,0,0,0,0,0,2,1,6,1,53,8,1587,1,11,-1,1,-1
201897GC00706,1,9,0,18,0,1,0,0,0,0,1,1,6,1,48,8,-1,-1,-1,-1,1,-1
201897GC00706,2,9,0,10,0,1,0,0,0,0,1,1,6,2,47,8,1396,2,1,-1,1,-1
201897GC00709,1,9,0,18,0,1,0,0,0,0,1,1,3,2,47,8,1685,2,2,-1,1,-1
201897GC00709,2,9,0,4,0,1,0,0,0,0,2,1,1,1,83,11,1461,2,1,-1,1,-1
201897GC00709,3,9,0,10,0,1,0,0,0,0,2,1,6,2,50,8,2148,2,10,-1,1,-1
201897GC00801,1,9,0,18,0,0,1,0,1,2,3,1,6,1,19,4,1248,1,6,-1,1,-1
201897GC00804,1,9,0,18,9,0,1,0,7,4,1,1,6,1,20,4,1390,1,11,-1,1,-1
201897GC00806,1,1,0,18,0,0,0,0,0,0,1,1,6,1,45,7,-1,-1,-1,-1,1,-1
201897GC00806,2,9,0,4,0,0,0,0,0,0,2,1,1,2,42,7,1598,1,5,-1,1,-1
201897GC00901,1,9,0,18,0,8,0,0,0,0,1,1,6,1,22,5,1229,1,8,-1,1,-1
201897GC00901,2,9,0,18,0,8,0,0,0,0,2,1,6,2,67,10,1388,1,6,-1,1,-1
201897GC00905,1,9,0,10,0,1,0,0,0,0,1,1,2,2,42,7,2996,2,9,-1,1,-1
201897GC00905,2,1,0,18,0,1,0,0,0,0,1,1,2,1,31,6,-1,-1,-1,-1,1,-1
201897GC00910,1,9,0,17,0,0,0,0,0,0,0,1,6,3,55,8,-1,-1,-1,-1,-1,-1
201897GC00910,2,5,0,16,0,0,2,0,0,0,0,1,6,1,55,8,649,1,9,-1,1,-1
201897GC01001,1,9,0,3,0,0,0,0,0,0,1,1,6,2,59,9,1997,1,16,-1,1,-1
201897GC01005,1,9,0,16,0,0,0,0,0,0,1,1,6,1,60,9,1461,2,-1,-1,1,-1
201897GC01005,2,17,0,17,0,0,0,0,0,0,3,1,1,1,17,4,-1,2,2,-1,1,-1
201897GC01006,1,9,0,9,0,1,0,0,0,0,1,1,6,1,90,11,1386,1,11,-1,1,-1
201897GC01006,2,9,0,7,0,1,0,0,0,0,3,1,6,2,34,6,1560,2,3,-1,2,-1
201897GC01011,1,9,0,4,0,1,0,0,0,0,1,1,6,1,26,6,998,1,12,-1,1,-1
201897GC01011,2,9,0,4,0,1,0,0,0,0,1,1,6,1,21,5,1560,2,13,-1,1,-1
201897GC01011,3,1,0,18,0,1,0,0,0,0,2,1,6,1,64,9,-1,-1,-1,-1,1,-1
201897GC01102,1,9,0,9,0,8,0,0,0,0,3,1,6,1,74,10,1968,2,8,-1,1,-1
201897GC01102,2,9,0,18,0,8,0,0,0,0,1,1,6,2,37,7,1956,2,4,-1,-1,-1
201897GC01111,1,9,0,1,7,0,0,0,0,0,2,1,6,1,62,9,1997,2,15,-1,1,-1
201897GC01111,2,9,0,2,6,0,0,0,0,0,1,1,6,2,37,7,1598,2,2,-1,1,-1
201897GC01205,1,9,0,18,0,1,0,0,0,0,1,1,6,1,21,5,1997,1,5,-1,-1,-1
201897GC01205,2,9,0,9,0,5,0,0,0,0,2,1,6,1,49,8,-1,-1,-1,-1,2,-1
201897GC01211,1,9,0,4,0,0,0,0,0,0,1,1,6,2,76,11,1599,1,15,-1,1,-1
201897GC01302,1,9,0,7,0,6,0,0,0,0,3,1,6,1,34,6,1999,1,11,-1,1,-1
201897GC01302,2,9,0,18,0,1,0,0,0,0,1,1,6,1,36,7,1999,1,11,-1,1,-1
201897GC01402,1,9,0,16,0,1,0,0,7,0,4,1,6,1,38,7,1149,1,13,-1,1,-1
201897GC01402,2,9,0,17,0,1,0,0,0,0,4,1,6,1,58,9,1364,1,3,-1,1,-1
201897GC01405,1,1,0,17,0,0,0,0,0,0,3,1,6,2,57,9,-1,-1,-1,-1,1,-1
201897GC01405,2,9,0,7,0,0,0,0,0,0,1,1,6,2,32,6,1997,2,2,-1,3,-1
201897GC01605,1,9,0,17,0,1,0,0,0,0,1,1,6,1,60,9,1229,1,5,-1,1,-1
201897GC01605,2,9,0,3,0,1,0,0,0,0,2,1,6,2,44,7,1560,2,9,-1,3,-1
201897GC02307,1,3,0,17,6,0,0,0,0,9,0,1,2,1,62,9,124,1,8,-1,1,-1
201897GC70101,1,9,0,18,0,0,0,0,0,0,1,1,6,1,73,10,1999,1,12,-1,-1,-1
201897GC70101,2,21,0,2,0,0,0,0,0,0,2,1,1,1,55,8,7146,2,7,-1,1,-1
201897GC70105,1,5,0,7,0,7,2,0,0,0,4,1,6,1,52,8,1255,1,10,-1,1,-1
201897GC70106,1,9,0,9,0,8,0,0,0,0,4,1,6,2,59,9,898,1,5,-1,1,-1
201897GC70106,2,1,0,18,0,8,0,0,0,0,4,1,6,1,50,8,-1,-1,-1,-1,1,-1
201897GC70106,3,1,0,18,0,8,0,0,0,0,4,1,6,1,46,8,-1,-1,-1,-1,1,-1
201897GC70107,1,9,0,16,0,0,1,0,1,4,3,1,6,2,33,6,1596,1,13,-1,1,-1
201897GC70203,1,9,0,1,0,1,0,0,0,0,2,1,6,1,72,10,1985,1,14,-1,1,-1
201897GC70210,1,9,0,18,0,0,0,0,0,0,1,1,6,1,20,4,1398,1,9,-1,1,-1
201897GC70210,2,9,0,18,0,0,0,0,0,0,1,1,6,2,38,7,998,1,5,-1,1,-1
201897GC70210,3,9,0,18,0,0,0,0,0,0,2,1,6,2,38,7,1248,1,2,-1,1,-1
201897GC70210,4,9,0,18,0,0,0,0,0,0,2,1,6,2,23,5,1598,2,3,-1,3,-1
201897GC70210,5,9,0,18,0,0,0,0,0,0,2,1,6,1,22,5,1968,2,4,-1,1,-1
201897GC70210,6,9,0,18,0,0,0,0,0,0,2,1,6,1,38,7,1461,2,2,-1,1,-1
201897GC70211,1,9,0,9,0,6,0,0,0,0,1,1,6,1,29,6,2967,2,7,-1,1,-1
201897GC70211,2,3,0,18,0,1,0,0,0,0,1,1,6,1,39,7,124,1,2,-1,1,-1
201897GC70310,1,19,0,18,0,0,0,0,0,0,1,1,2,1,55,8,2198,2,2,-1,3,-1
201897GC70310,2,9,0,18,0,0,0,0,4,6,2,1,2,1,49,8,-1,-1,-1,-1,3,-1
201897GC70312,1,9,0,5,0,8,0,0,0,0,2,2,6,2,31,6,-1,-1,-1,-1,-1,-1
201897GC70312,2,9,0,18,0,1,0,0,0,0,1,1,6,2,25,5,1084,1,-1,-1,1,-1
201897GC70410,1,9,0,17,0,1,0,0,7,11,1,1,1,1,58,9,1248,2,10,-1,3,-1
201897GD00103,1,11,0,18,0,1,0,0,0,0,0,1,6,3,-1,-1,-1,-1,-1,-1,-1,-1
201897GD00104,1,9,0,7,0,8,0,0,0,0,1,1,6,3,-1,-1,1398,2,3,-1,-1,-1
201897GD00106,1,10,0,18,0,0,0,0,0,0,4,1,1,1,61,9,1968,2,5,-1,-1,-1
201897GD00106,2,1,0,18,0,0,0,0,0,0,3,1,6,1,60,9,-1,-1,-1,-1,1,-1
201897GD00201,1,9,0,18,0,1,0,0,0,0,1,1,6,3,-1,-1,-1,-1,-1,-1,-1,-1
201897GD00202,1,9,0,5,0,1,0,0,0,0,1,1,6,1,28,6,2993,2,-1,-1,1,-1
201897GD00204,1,9,0,18,0,8,1,0,0,0,4,1,6,2,59,9,1364,1,9,-1,1,-1
201897GD00204,2,9,0,2,0,1,0,0,0,0,3,1,6,2,51,8,1242,1,1,-1,1,-1
201897GD00204,3,9,0,5,0,1,0,0,0,0,1,1,6,1,80,11,1242,1,5,-1,-1,-1
201897GD00205,1,9,0,18,0,0,0,0,0,0,3,1,6,1,25,5,1984,1,6,-1,1,-1
201897GD00208,1,19,0,7,0,8,0,0,0,0,1,1,6,3,-1,-1,2198,2,3,-1,-1,-1
201897GD00208,2,1,0,18,0,8,0,0,0,0,3,1,1,1,44,7,-1,-1,-1,-1,1,-1
201897GD00211,1,9,0,4,0,1,1,4,0,0,1,1,2,2,35,6,1199,2,6,-1,1,-1
201897GD00211,2,9,0,4,0,1,0,4,0,0,2,1,2,2,32,6,1364,1,2,-1,1,-1
201897GD00211,3,9,0,4,0,1,0,0,0,0,2,1,2,1,36,7,1995,2,2,-1,1,-1
201897GD00301,1,9,0,2,0,0,0,0,0,0,3,1,6,2,35,6,1399,1,2,-1,1,-1
201897GD00301,2,9,0,18,0,0,0,0,0,0,4,1,6,1,35,6,-1,-1,-1,-1,1,-1
201897GD00302,1,9,0,5,0,8,0,0,0,0,1,1,6,1,53,8,1499,1,10,-1,1,-1
201897GD00302,2,9,0,7,0,8,0,0,0,0,1,1,6,1,54,8,1000,1,18,-1,1,-1
201897GD00304,1,9,0,9,0,3,0,0,7,1,1,1,6,2,42,7,-1,-1,-1,-1,1,-1
201897GD00306,1,9,0,9,0,8,0,0,0,0,1,1,6,2,42,7,1686,2,7,-1,1,-1
201897GD00306,2,9,0,18,0,8,0,0,0,0,4,1,1,1,34,6,1598,2,6,-1,1,-1
201897GD00308,1,9,0,5,0,0,0,0,0,0,2,1,6,2,32,6,999,1,1,-1,1,-1
201897GD00308,2,9,0,4,0,0,0,0,0,0,2,1,6,2,25,5,-1,-1,-1,-1,-1,-1
201897GD00311,1,9,0,16,0,1,1,0,0,0,1,1,6,1,50,8,998,1,-1,-1,1,-1
201897GD00311,2,9,0,18,0,1,0,0,0,0,3,1,6,2,77,11,1598,2,7,-1,1,-1
201897GD00403,1,9,0,4,0,2,0,0,0,0,1,1,6,2,63,9,1398,1,2,10,1,10
201897GD00404,1,1,0,9,0,8,0,0,0,0,1,1,6,1,30,6,-1,-1,-1,-1,-1,-1
201897GD00404,2,9,0,18,0,8,0,0,0,0,0,1,1,1,45,7,1197,1,1,-1,3,-1
201897GD00408,1,9,0,9,0,1,0,0,0,10,1,1,6,2,27,6,1997,2,1,-1,1,-1
201897GD00408,2,9,0,18,0,1,0,0,0,10,1,1,6,1,28,6,1986,2,11,-1,1,-1
201897GD00410,1,1,0,18,0,1,0,0,0,0,1,1,2,1,39,7,-1,-1,-1,-1,-1,-1
201897GD00410,2,8,0,4,0,1,0,0,0,0,3,1,1,1,39,7,1598,2,4,-1,1,-1
201897GD00411,1,9,0,18,0,2,0,0,0,0,1,1,6,1,18,4,1242,1,8,-1,1,-1
201897GD00411,2,9,0,18,0,1,0,0,0,0,1,1,6,1,24,5,-1,-1,-1,-1,1,-1
201897GD00412,1,19,0,10,0,2,0,0,0,0,1,1,1,1,44,7,2143,2,2,-1,-1,-1
201897GD00412,2,9,0,18,0,1,0,0,0,0,4,1,1,1,33,6,1499,2,3,-1,1,-1
201897GD00502,1,9,0,18,0,6,0,0,0,0,1,1,6,1,42,7,1598,1,13,-1,1,-1
201897GD00502,2,9,0,18,0,1,0,0,0,0,1,1,6,2,17,4,1198,1,3,-1,1,-1
201897GD00505,1,9,0,18,0,0,0,0,0,0,1,1,6,1,35,6,1998,1,13,-1,1,-1
201897GD00507,1,9,0,18,0,1,0,0,0,0,1,1,6,1,89,11,1598,2,3,-1,1,-1
201897GD00507,2,9,0,3,0,1,0,0,0,0,2,1,1,2,34,6,1591,1,1,-1,-1,-1
201897GD00508,1,9,0,7,0,2,0,0,0,0,1,1,6,1,93,11,1242,1,4,-1,1,-1
201897GD00511,1,9,0,9,0,8,0,0,0,0,4,1,1,1,36,7,1149,1,12,-1,1,-1
201897GD00511,2,1,0,18,0,8,0,0,0,0,1,1,6,1,40,7,-1,-1,-1,-1,1,-1
201897GD00601,1,9,0,9,0,8,0,0,0,0,3,1,2,1,58,9,1390,1,17,-1,1,-1
201897GD00601,2,1,0,18,0,8,0,0,0,0,1,1,2,1,46,8,-1,-1,-1,-1,1,-1
201897GD00602,1,9,0,9,0,5,0,0,0,0,1,1,6,2,45,7,1560,2,8,-1,1,-1
201897GD00602,2,9,0,13,0,8,0,0,0,0,1,1,6,1,38,7,1595,1,9,-1,1,-1
201897GD00603,1,9,0,9,0,2,1,0,0,0,1,1,2,2,38,7,1582,2,4,-1,1,-1
201897GD00603,2,9,0,18,0,4,0,0,0,0,1,1,6,2,32,6,1997,1,1,-1,1,-1
201897GD00604,1,9,0,4,0,0,0,0,0,0,1,1,6,2,29,6,1200,1,2,-1,1,-1
201897GD00606,1,9,0,11,0,0,0,0,0,0,3,1,6,2,67,10,1497,8,1,-1,1,-1
201897GD00606,2,9,0,18,0,0,0,0,0,0,4,1,6,2,35,6,1349,1,10,-1,1,-1
201897GD00608,1,9,0,9,0,1,0,0,0,0,3,1,6,1,18,4,1984,1,3,-1,1,-1
201897GD00608,2,9,0,18,0,1,0,0,0,0,1,1,6,2,33,6,1198,1,10,-1,1,-1
201897GD00608,3,9,0,2,0,2,0,0,0,0,3,1,6,3,-1,-1,1200,1,2,-1,-1,-1
201897GD00610,1,9,0,18,0,0,0,4,0,0,1,1,6,1,81,11,999,1,1,-1,1,-1
201897GD00610,2,9,0,2,0,0,0,0,0,0,1,1,1,1,42,7,1598,2,4,-1,1,-1
201897GD00610,3,9,0,2,0,0,0,0,0,0,2,1,6,3,-1,-1,1596,1,6,-1,-1,-1
201897GD00611,1,9,0,18,0,0,0,0,0,0,4,1,6,2,49,8,1395,1,1,-1,-1,-1
201897GD00612,1,9,0,5,0,0,0,0,0,0,1,1,3,1,60,9,1998,1,13,-1,1,-1
201897GD00701,1,9,0,9,0,8,0,0,0,0,1,1,6,1,38,7,2993,2,12,-1,1,-1
201897GD00701,2,9,0,18,0,8,0,0,0,0,4,1,6,1,30,6,1200,1,3,-1,1,-1
201897GD00702,1,9,0,18,0,8,0,0,0,0,4,1,6,2,50,8,998,1,2,-1,1,-1
201897GD00702,2,19,0,18,0,8,0,0,0,0,1,1,6,1,57,9,2198,2,8,-1,1,-1
201897GD00703,1,9,0,18,0,0,0,0,0,0,4,1,6,1,37,7,2495,2,15,-1,1,-1
201897GD00704,1,1,0,14,0,0,0,0,0,0,1,1,6,1,31,6,-1,-1,-1,-1,1,-1
201897GD00704,2,8,0,18,0,0,0,0,0,0,1,1,1,2,58,9,2499,2,5,-1,1,-1
201897GD00706,1,9,0,7,0,5,0,0,0,0,3,1,6,1,56,9,1598,1,3,-1,1,-1
201897GD00707,1,9,0,9,0,8,0,0,7,0,1,1,6,2,31,6,995,1,9,-1,1,-1
201897GD00707,2,9,0,15,0,8,0,0,1,0,4,1,6,1,28,6,2171,1,16,-1,1,-1
201897GD00802,1,9,0,18,0,2,0,0,0,0,4,1,6,2,39,7,2361,1,11,-1,-1,-1
201897GD00804,1,9,0,5,0,1,0,0,0,0,3,1,2,1,57,9,998,1,5,-1,1,-1
201897GD00804,2,9,0,18,0,1,0,0,0,0,1,1,2,1,22,5,1390,1,13,-1,1,-1
201897GD00808,1,1,0,18,0,1,0,0,0,0,1,1,6,1,34,6,-1,-1,-1,-1,1,-1
201897GD00808,2,19,0,7,0,1,0,0,0,0,3,1,1,1,50,8,1995,2,1,-1,2,-1
201897GD00811,1,9,0,7,0,1,5,0,0,0,1,1,6,1,54,8,1461,2,4,-1,1,-1
201897GD00812,1,9,0,6,0,0,0,0,0,0,4,1,6,1,65,9,1998,2,7,-1,-1,-1
201897GD00812,2,1,0,18,0,0,0,0,0,0,1,1,6,1,32,6,-1,-1,-1,-1,1,-1
201897GD00902,1,9,0,1,0,6,0,0,0,0,4,1,6,1,23,5,1598,1,3,-1,3,-1
201897GD00902,2,1,0,18,0,1,0,0,0,0,1,1,6,1,29,6,-1,-1,-1,-1,1,-1
201897GD00903,1,9,0,18,0,2,0,0,0,0,1,1,6,2,35,6,1461,2,3,-1,1,-1
201897GD00903,2,9,0,18,0,1,0,0,0,0,1,1,6,1,34,6,2987,2,9,-1,1,-1
201897GD00905,1,11,0,5,2,0,0,0,0,0,4,1,1,1,26,6,-1,-1,-1,-1,1,-1
201897GD00910,1,9,0,17,0,8,0,0,0,0,1,1,6,1,36,7,1199,1,3,-1,1,-1
201897GD00910,2,9,0,3,0,2,0,0,0,0,1,1,6,1,18,4,1229,1,7,-1,1,-1
201897GD01001,1,9,0,9,0,2,0,0,0,0,1,1,6,2,20,4,899,1,4,-1,1,-1
201897GD01002,1,9,0,7,0,0,0,0,0,0,2,1,6,1,40,7,1984,1,3,-1,3,-1
201897GD01002,2,1,0,18,0,0,0,0,0,0,4,1,1,2,48,8,-1,-1,-1,-1,1,-1
201897GD01006,1,9,0,18,0,1,0,0,0,0,1,1,6,1,18,4,1398,1,1,-1,1,-1
201897GD01006,2,1,0,18,0,1,0,0,0,0,3,1,6,1,38,7,-1,-1,-1,-1,1,-1
201897GD01008,1,9,0,7,0,1,0,0,0,0,4,1,6,2,78,11,1339,1,7,-1,3,-1
201897GD01008,2,1,0,18,0,1,0,0,0,0,1,1,6,1,-1,-1,-1,-1,-1,-1,-1,-1
201897GD01009,1,9,0,18,0,0,0,0,0,0,1,1,6,2,86,11,1318,1,2,-1,1,-1
201897GD01010,1,1,0,5,0,0,0,0,0,0,2,1,6,2,20,4,-1,-1,-1,-1,1,-1
201897GD01010,2,9,0,18,0,0,0,0,0,0,1,1,6,1,24,5,1198,1,5,-1,1,-1
201897GD01012,1,1,0,9,0,1,0,0,0,0,3,1,1,2,28,6,-1,-1,-1,-1,1,-1
201897GD01012,2,9,0,5,0,1,0,0,0,0,1,1,6,1,70,10,1386,1,7,-1,1,-1
201897GD01102,1,9,0,9,0,1,0,0,0,0,1,1,6,2,20,4,998,1,13,-1,1,-1
201897GD01102,2,1,0,3,4,1,0,0,0,0,4,1,6,1,42,7,-1,-1,-1,-1,1,-1
201897GD01105,1,1,0,7,0,8,0,0,0,0,3,1,2,2,27,6,-1,-1,-1,-1,1,-1
201897GD01105,2,9,0,18,0,8,0,0,0,0,4,1,2,1,34,6,1242,1,12,-1,1,-1
201897GD01107,1,8,0,5,0,4,0,0,0,0,1,1,1,1,47,8,1598,2,4,-1,1,-1
201897GD01107,2,1,0,16,0,3,0,0,0,0,4,1,2,1,26,6,-1,-1,-1,-1,1,-1