Accident_Index,Vehicle_Reference,Vehicle_Type,Towing_and_Articulation,Vehicle_Manoeuvre,Vehicle_Location-Restricted_Lane,Junction_Location,Skidding_and_Overturning,Hit_Object_in_Carriageway,Vehicle_Leaving_Carriageway,Hit_Object_off_Carriageway,1st_Point_of_Impact,Was_Vehicle_Left_Hand_Drive?,Journey_Purpose_of_Driver,Sex_of_Driver,Age_of_Driver,Age_Band_of_Driver,Engine_Capacity_(CC),Propulsion_Code,Age_of_Vehicle,Driver_IMD_Decile,Driver_Home_Area_Type,Vehicle_IMD_Decile
201897GD01110,1,9,0,18,0,8,0,0,0,0,1,1,2,2,30,6,1896,2,11,-1,1,-1
201897GD01110,2,9,0,18,0,8,0,10,0,7,4,1,2,2,29,6,1560,2,3,-1,1,-1
201897GD01110,3,9,0,2,0,2,0,0,0,0,3,1,6,3,-1,-1,1968,2,8,-1,-1,-1
201897GD01112,1,9,0,11,0,1,0,0,0,0,0,1,6,3,-1,-1,-1,-1,-1,-1,-1,-1
201897GD01112,2,11,0,18,0,1,0,0,0,0,0,1,1,1,37,7,7300,2,12,-1,1,-1
201897GD01202,1,9,0,5,0,2,0,0,0,0,4,1,6,2,65,9,1246,1,12,-1,1,-1
201897GD01205,1,19,0,5,0,8,0,0,0,0,4,1,6,1,42,7,1461,2,8,-1,1,-1
201897GD01205,2,1,0,18,0,8,0,0,0,0,1,1,6,1,46,8,-1,-1,-1,-1,1,-1
201897GD01207,1,9,0,18,0,1,5,0,0,0,4,1,6,2,35,6,1149,1,12,-1,1,-1
201897GD01207,2,9,0,2,0,1,0,0,0,0,3,1,6,3,-1,-1,1200,1,3,-1,-1,-1
201897GD01207,3,9,0,2,0,1,0,0,0,0,1,1,6,3,-1,-1,1496,1,3,-1,-1,-1
201897GD01208,1,19,0,2,0,0,0,0,0,0,3,1,6,1,45,7,2494,2,7,-1,1,-1
201897GD01208,2,1,0,14,0,0,0,8,0,0,4,1,6,2,41,7,-1,-1,-1,-1,1,-1
201897GD01209,1,9,0,18,0,8,5,0,0,1,1,1,6,1,54,8,1598,1,8,-1,1,-1
201897GD01209,2,9,0,5,0,8,0,0,0,0,1,1,6,1,45,7,2720,2,9,-1,1,-1
201897GD01210,1,9,0,6,0,6,0,0,0,0,3,1,1,1,37,7,1968,2,10,-1,1,-1
201897GD01210,2,9,0,18,0,1,0,0,3,0,1,1,1,1,48,8,1422,2,2,-1,1,-1
201897GD01212,1,9,0,12,0,0,0,0,0,0,4,1,6,1,-1,-1,-1,-1,-1,-1,-1,-1
201897GD01212,2,1,0,18,0,0,0,0,0,0,3,1,6,1,40,7,-1,-1,-1,-1,1,-1
201897GD01304,1,8,0,12,0,1,0,0,0,0,3,1,1,1,-1,-1,1598,2,5,-1,1,-1
201897GD01304,2,9,0,18,0,1,0,6,0,0,4,1,2,1,31,6,1598,1,9,-1,1,-1
201897GD01306,1,9,0,18,0,0,0,0,0,0,1,1,6,2,77,11,1242,1,14,-1,1,-1
201897GD01306,2,9,0,4,0,0,0,0,0,0,2,1,6,1,31,6,-1,-1,-1,-1,1,-1
201897GD01402,1,9,0,5,0,0,1,0,0,0,1,1,6,1,30,6,2143,2,7,-1,1,-1
201897GD01403,1,9,0,18,0,8,0,0,0,0,4,1,2,2,29,6,1582,2,4,-1,1,-1
201897GD01403,2,1,0,18,0,8,0,0,0,0,1,1,1,1,36,7,-1,-1,-1,-1,1,-1
201897GD01405,1,9,0,18,0,6,0,0,0,0,1,1,6,1,41,7,1399,2,8,-1,1,-1
201897GD01405,2,9,0,18,0,2,0,0,1,0,4,1,6,2,57,9,1149,1,12,-1,1,-1
201897GD01405,3,9,0,2,0,2,0,0,0,0,4,1,6,3,-1,-1,1598,2,7,-1,-1,-1
201897GD01406,1,9,0,18,0,1,0,0,0,0,1,1,6,2,-1,-1,-1,-1,-1,-1,-1,-1
201897GD01406,2,1,0,18,0,1,0,0,0,0,3,1,6,2,26,6,-1,-1,-1,-1,1,-1
201897GD01407,1,11,0,15,0,0,0,0,0,0,1,1,1,1,35,6,6696,2,5,-1,-1,-1
201897GD01411,1,9,0,7,0,6,0,0,0,0,3,1,6,1,34,6,1399,1,11,-1,-1,-1
201897GD01411,2,1,0,18,0,8,0,0,0,0,1,1,6,1,22,5,-1,-1,-1,-1,1,-1
201897GD01502,1,9,0,6,0,1,0,0,0,0,3,1,6,1,58,9,1242,1,3,-1,1,-1
201897GD01502,2,3,0,18,0,1,0,0,0,0,4,1,6,1,32,6,124,1,6,-1,1,-1
201897GD01503,1,9,0,18,0,0,0,0,0,0,1,1,6,1,21,5,1364,1,12,-1,1,-1
201897GD01503,2,9,0,2,0,0,0,0,0,0,2,1,6,2,-1,-1,1968,2,3,-1,-1,-1
201897GD01504,1,9,0,18,0,6,0,0,0,0,3,1,1,1,49,8,-1,-1,-1,-1,1,-1
201897GD01504,2,9,0,18,0,8,0,0,7,11,4,1,6,2,25,5,1198,1,11,-1,1,-1
201897GD01505,1,9,0,2,0,0,0,0,0,0,2,1,6,3,-1,-1,2171,1,16,-1,1,-1
201897GD01505,2,1,0,18,0,0,0,0,0,0,1,1,2,1,49,8,-1,-1,-1,-1,1,-1
201897GD01507,1,9,0,18,0,0,0,0,0,0,3,1,6,2,27,6,1598,1,5,-1,1,-1
201897GD01512,1,9,0,18,0,8,0,0,0,0,3,1,1,2,40,7,1598,2,4,-1,1,-1
201897GD01512,2,4,0,18,0,8,0,0,0,0,1,1,6,1,31,6,-1,-1,-1,-1,-1,-1
201897GD01602,1,9,0,18,0,8,0,0,0,0,1,1,6,2,31,6,1968,2,7,-1,3,-1
201897GD01602,2,9,0,18,0,8,0,0,0,0,3,1,6,1,64,9,1598,1,3,-1,1,-1
201897GD01605,1,9,0,18,0,1,0,0,0,0,1,1,1,1,23,5,1560,2,12,-1,1,-1
201897GD01606,1,9,0,4,0,8,1,0,1,1,1,1,1,1,58,9,1248,1,2,-1,1,-1
201897GD01607,1,8,0,18,0,0,0,4,0,0,1,1,1,1,47,8,1598,2,5,-1,-1,-1
201897GD01607,2,9,0,2,0,0,0,0,0,0,1,1,6,3,-1,-1,2143,2,9,-1,-1,-1
201897GD01612,1,9,0,18,0,0,0,0,0,0,2,1,6,1,40,7,1242,1,2,-1,1,-1
201897GD01612,2,9,0,18,0,0,0,0,0,0,1,1,6,2,35,6,1968,2,3,-1,1,-1
201897GD01701,1,9,0,18,0,1,0,0,0,0,1,1,6,1,38,7,1598,2,1,-1,1,-1
201897GD01701,2,9,0,4,0,1,0,0,0,0,2,1,6,1,27,6,1197,1,2,-1,1,-1
201897GD01704,1,9,0,11,0,1,0,0,0,0,4,1,6,2,36,7,1149,1,14,-1,1,-1
201897GD01704,2,8,0,18,0,1,0,0,0,0,3,1,1,1,47,8,1560,2,4,-1,1,-1
201897GD01707,1,9,0,9,0,1,0,0,0,0,0,1,6,3,-1,-1,-1,-1,-1,-1,-1,-1
201897GD01707,2,1,0,18,0,1,0,0,0,0,0,1,2,2,52,8,-1,-1,-1,-1,1,-1
201897GD01801,1,9,0,18,0,0,0,0,0,0,1,1,6,1,40,7,2143,2,2,-1,1,-1
201897GD01902,1,9,0,9,0,5,0,0,0,0,3,1,6,1,30,6,1598,2,3,-1,1,-1
201897GD01902,2,9,0,18,0,8,0,0,0,0,1,1,6,2,52,8,1200,1,1,-1,1,-1
201897GD01906,1,9,0,5,0,6,0,0,0,0,3,1,6,1,-1,-1,-1,-1,-1,-1,-1,-1
201897GD01906,2,1,0,5,0,6,0,0,0,0,4,1,2,1,42,7,-1,-1,-1,-1,1,-1
201897GD01912,1,9,0,18,0,8,0,7,0,10,1,1,6,2,47,8,1197,1,1,-1,1,-1
201897GD01912,2,9,0,5,0,8,0,7,0,10,1,1,6,1,25,5,1560,2,9,-1,1,-1
201897GD02002,1,19,0,18,0,1,0,0,0,0,1,1,6,1,45,7,1598,2,1,-1,1,-1
201897GD02002,2,9,0,18,0,1,0,0,0,0,4,1,1,2,57,9,1199,2,5,-1,1,-1
201897GD02006,1,9,0,7,0,1,0,0,0,0,1,1,6,3,-1,-1,-1,-1,-1,-1,-1,-1
201897GD02006,2,9,0,18,0,1,0,0,0,0,3,1,1,1,35,6,1598,2,2,-1,1,-1
201897GD02106,1,19,0,18,0,0,0,0,0,0,1,1,6,3,-1,-1,-1,-1,-1,-1,-1,-1
201897GD02106,2,8,0,18,0,0,0,0,0,0,1,1,6,3,-1,-1,-1,-1,-1,-1,-1,-1
201897GD02201,1,9,0,9,0,8,0,0,0,0,1,1,2,1,32,6,2198,1,14,-1,1,-1
201897GD02201,2,1,0,18,0,8,0,0,0,0,1,1,6,2,26,6,-1,-1,-1,-1,1,-1
201897GD02212,1,9,0,9,0,1,0,0,0,0,1,1,6,1,63,9,1248,1,4,-1,1,-1
201897GD02301,1,9,0,9,0,1,0,0,0,0,1,1,6,3,-1,-1,-1,-1,-1,-1,-1,-1
201897GD02301,2,1,0,5,0,1,0,0,0,0,3,1,6,2,25,5,-1,-1,-1,-1,1,-1
201897GD02312,1,9,0,18,0,8,0,7,0,10,1,1,6,2,35,6,1242,1,8,-1,1,-1
201897GD02312,2,9,0,18,0,8,0,7,0,10,3,1,6,1,35,6,2480,1,1,-1,1,-1
201897GD02401,1,9,0,7,0,8,0,0,0,0,4,1,6,1,30,6,1956,2,4,-1,-1,-1
201897GD02401,2,9,0,18,0,8,0,0,0,0,1,1,6,2,26,6,1595,1,2,-1,1,-1
201897GD02712,1,9,0,4,0,0,0,0,0,0,1,1,6,1,43,7,-1,-1,-1,-1,1,-1
201897GD02712,2,9,0,4,0,0,0,0,0,0,2,1,6,2,27,6,999,1,1,-1,1,-1
201897GD70103,1,9,0,18,0,0,0,0,0,0,4,1,6,2,61,9,1198,1,3,-1,1,-1
201897GD70104,1,9,0,5,0,2,0,0,0,0,1,1,6,1,37,7,1422,2,12,-1,1,-1
201897GD70108,1,9,0,18,0,0,0,0,0,1,4,1,6,1,55,8,1988,2,12,-1,1,-1
201897GD70110,1,11,0,7,0,8,0,0,2,1,4,1,1,1,48,8,10837,2,3,-1,-1,-1
201897GD70112,1,1,0,18,0,1,0,0,0,0,4,1,6,2,27,6,-1,-1,-1,-1,1,-1
201897GD70112,2,9,0,18,0,1,0,0,0,0,1,1,1,1,57,9,-1,-1,-1,-1,1,-1
201897GD70205,1,9,0,7,0,6,0,0,0,0,1,1,6,1,53,8,1598,2,5,-1,1,-1
201897GD70205,2,5,0,18,0,1,1,0,0,0,4,1,6,1,24,5,599,1,8,-1,1,-1
201897GD70207,1,9,0,18,0,8,0,0,0,0,1,1,6,2,41,7,1560,2,6,-1,3,-1
201897GD70207,2,9,0,18,0,8,0,0,0,0,3,1,6,1,53,8,1968,2,2,-1,1,-1
201897GD70305,1,9,0,5,0,1,0,0,0,0,0,1,6,1,37,7,1461,2,7,-1,1,-1
201897GD70305,2,9,0,18,0,1,0,0,0,0,0,1,6,1,27,6,1598,1,4,-1,1,-1
201897GD70305,3,9,0,2,0,1,0,0,0,0,3,1,6,3,-1,-1,1560,2,6,-1,-1,-1
201897GD70305,4,9,0,2,0,1,0,0,0,0,4,1,6,3,-1,-1,1840,1,16,-1,-1,-1
201897GD70305,5,9,0,2,0,1,0,0,0,0,3,1,6,3,-1,-1,1598,1,15,-1,-1,-1
201897GF00101,1,9,0,18,0,0,0,0,0,0,4,1,6,1,44,7,1240,1,13,-1,1,-1
201897GF00101,2,9,0,18,0,0,0,0,0,0,1,1,6,2,22,5,998,1,6,-1,1,-1
201897GF00101,3,9,0,2,0,0,0,0,0,0,4,1,6,2,48,8,1590,1,10,-1,1,-1
201897GF00105,1,9,0,11,0,1,1,0,0,0,2,1,6,2,50,8,1991,1,2,-1,1,-1
201897GF00105,2,9,0,18,0,1,0,0,0,0,1,1,6,2,35,6,1328,1,10,-1,2,-1
201897GF00106,1,9,0,9,0,8,0,0,0,0,4,1,6,2,73,10,1389,1,13,-1,1,-1
201897GF00106,2,1,0,18,0,8,0,0,0,0,1,1,6,1,52,8,-1,-1,-1,-1,1,-1
201897GF00108,1,9,0,18,0,8,0,0,0,0,1,1,1,1,28,6,1560,2,1,-1,1,-1
201897GF00108,2,9,0,18,0,8,0,0,0,0,1,1,6,2,52,8,1108,1,12,-1,1,-1
201897GF00109,1,9,0,9,0,8,0,0,0,0,1,1,6,2,19,4,998,1,11,-1,2,-1
201897GF00109,2,8,0,18,0,8,0,0,1,0,1,1,1,1,63,9,2664,2,17,-1,1,-1
201897GF00110,1,9,0,18,0,0,0,4,0,0,1,1,6,2,35,6,998,1,3,-1,1,-1
201897GF00110,2,9,0,2,0,0,0,0,0,0,2,1,6,3,-1,-1,1997,2,4,-1,-1,-1
201897GF00201,1,9,0,18,0,1,0,0,0,0,1,1,6,2,29,6,1242,1,5,-1,1,-1
201897GF00201,2,9,0,4,0,1,0,0,0,0,2,1,6,2,41,7,1329,1,4,-1,1,-1
201897GF00202,1,9,0,4,0,1,0,0,0,0,1,1,6,2,18,4,1242,1,9,-1,1,-1
201897GF00202,2,9,0,3,0,1,0,0,0,0,2,1,6,1,18,4,1398,1,2,-1,1,-1
201897GF00204,1,9,0,4,0,0,0,0,0,0,4,1,6,2,45,7,1422,2,9,-1,1,-1
201897GF00205,1,9,0,7,0,6,0,0,0,0,0,1,6,1,49,8,999,1,1,-1,1,-1
201897GF00205,2,3,0,18,0,8,1,0,0,0,4,1,6,1,33,6,120,1,2,-1,1,-1
201897GF00211,1,9,0,18,0,1,0,0,0,0,1,1,6,1,28,6,1798,1,1,-1,1,-1
201897GF00211,2,9,0,18,0,1,0,0,0,0,1,1,6,1,40,7,1229,1,8,-1,1,-1
201897GF00212,1,9,0,18,0,0,0,0,0,0,1,1,6,2,27,6,1240,1,8,-1,1,-1
201897GF00212,2,20,0,2,0,0,0,0,0,0,2,1,6,3,-1,-1,2198,2,3,-1,-1,-1
201897GF00302,1,9,0,5,0,0,0,0,0,0,4,1,2,1,52,8,2143,2,5,-1,1,-1
201897GF00304,1,9,0,14,0,0,0,0,0,0,1,1,6,3,-1,-1,1798,1,11,-1,-1,-1
201897GF00305,1,9,0,4,0,8,0,0,0,0,1,1,6,1,33,6,1591,1,3,-1,1,-1
201897GF00306,1,9,0,10,0,1,0,0,0,0,4,1,6,2,51,8,1560,2,3,-1,2,-1
201897GF00306,2,9,0,18,0,1,0,0,0,0,1,1,6,1,62,9,2993,2,14,-1,1,-1
201897GF00308,1,9,0,9,0,5,0,0,0,0,4,1,6,1,84,11,996,1,7,-1,1,-1
201897GF00308,2,1,0,18,0,1,2,0,0,0,1,1,6,1,34,6,-1,-1,-1,-1,1,-1
201897GF00310,1,9,0,9,0,6,0,10,0,1,1,1,6,2,58,9,875,1,2,-1,1,-1
201897GF00312,1,9,0,18,0,1,0,0,0,0,1,1,3,2,26,6,1229,1,5,-1,1,-1
201897GF00312,2,9,0,5,0,1,0,0,0,0,2,1,3,1,56,9,1499,2,1,-1,1,-1
201897GF00312,3,9,0,5,0,1,0,0,0,0,2,1,3,2,34,6,2401,2,13,-1,1,-1
201897GF00401,1,3,0,18,0,8,0,0,0,0,1,1,6,1,19,4,124,1,4,-1,1,-1
201897GF00401,2,9,0,10,0,6,0,0,0,0,1,1,6,2,55,8,998,1,5,-1,1,-1
201897GF00402,1,9,0,7,0,8,0,0,0,0,1,1,2,1,46,8,1396,1,17,-1,1,-1
201897GF00402,2,1,0,18,0,1,0,0,0,0,4,1,2,1,42,7,-1,-1,-1,-1,1,-1
201897GF00404,1,9,0,14,0,0,0,0,0,0,1,1,6,1,53,8,1968,2,4,-1,1,-1
201897GF00407,1,21,0,18,0,2,0,0,0,0,3,1,1,1,50,8,5880,2,12,-1,1,-1
201897GF00409,1,9,0,16,0,0,0,4,0,0,1,1,1,2,35,6,1199,2,5,-1,-1,-1
201897GF00409,2,9,0,2,0,0,0,0,0,0,1,1,6,3,-1,-1,1388,1,1,-1,-1,-1
201897GF00409,3,9,0,2,0,0,0,0,0,0,3,1,6,1,-1,-1,1299,1,10,-1,-1,-1
201897GF00410,1,9,0,9,0,8,0,0,0,0,1,1,6,1,41,7,999,1,1,-1,1,-1
201897GF00410,2,1,0,18,0,8,0,0,0,0,3,1,2,1,35,6,-1,-1,-1,-1,3,-1
201897GF00411,1,19,0,18,0,0,0,0,0,0,1,1,6,3,-1,-1,-1,-1,-1,-1,-1,-1
201897GF00501,1,9,0,18,0,1,0,0,0,0,1,1,6,1,51,8,998,1,5,-1,-1,-1
201897GF00501,2,9,0,4,0,1,0,0,0,0,2,1,6,1,54,8,1968,2,10,-1,1,-1
201897GF00501,3,9,0,18,0,1,0,0,0,0,2,1,6,2,-1,-1,1388,1,7,-1,-1,-1
201897GF00503,1,9,0,4,0,1,0,0,0,0,1,1,6,2,20,4,1229,1,1,-1,1,-1
201897GF00503,2,9,0,4,0,1,0,0,0,0,2,1,6,2,57,9,2987,2,6,-1,2,-1
201897GF00504,1,9,0,18,0,0,0,0,0,0,3,1,3,2,34,6,1499,1,1,-1,3,-1
201897GF00505,1,9,0,18,0,0,0,0,0,0,4,1,6,1,-1,-1,-1,-1,-1,-1,-1,-1
201897GF00507,1,9,0,3,0,1,0,0,0,0,1,1,6,3,-1,-1,1560,2,4,-1,-1,-1
201897GF00507,2,9,0,3,0,1,0,0,0,0,2,1,6,2,53,8,1399,1,2,-1,1,-1
201897GF00509,1,9,0,5,0,6,0,0,0,0,1,1,2,2,26,6,1560,2,4,-1,1,-1
201897GF00509,2,9,0,18,0,8,5,0,0,0,4,1,6,2,26,6,1242,1,2,-1,1,-1
201897GF00510,1,9,0,18,0,0,0,0,0,0,1,1,6,3,-1,-1,-1,-1,-1,-1,-1,-1
201897GF00603,1,9,0,4,0,0,0,0,0,0,1,1,6,1,45,7,1339,1,15,-1,1,-1
201897GF00603,2,8,0,16,0,0,0,0,0,0,1,1,6,1,57,9,1798,8,1,-1,1,-1
201897GF00604,1,9,0,18,0,0,0,0,0,0,4,1,6,2,40,7,1969,1,-1,-1,3,-1
201897GF00605,1,9,0,18,0,1,0,0,0,0,1,1,2,2,29,6,1461,2,8,-1,1,-1
201897GF00605,2,1,0,18,0,1,0,0,0,0,2,1,2,1,50,8,-1,-1,-1,-1,3,-1
201897GF00607,1,9,0,18,0,0,0,0,0,0,4,1,6,2,57,9,1796,1,15,-1,1,-1
201897GF00608,1,9,0,1,0,2,0,0,0,0,3,1,6,1,-1,-1,1395,1,-1,-1,-1,-1
201897GF00612,1,9,0,9,0,6,0,0,0,0,1,1,6,2,-1,-1,1968,2,2,-1,1,-1
201897GF00612,2,9,0,18,0,1,0,0,0,0,4,1,6,2,19,4,1229,1,2,-1,1,-1
201897GF00703,1,9,0,18,0,2,0,0,0,0,1,1,6,2,30,6,1685,2,2,-1,1,-1
201897GF00709,1,9,0,18,0,1,0,0,0,0,4,1,6,2,24,5,999,1,2,-1,1,-1
201897GF00709,2,11,0,18,0,1,0,0,0,0,1,1,1,1,31,6,7300,2,11,-1,1,-1
201897GF00710,1,9,0,18,0,8,0,0,0,0,1,1,1,1,59,9,1598,1,4,-1,1,-1
201897GF00710,2,1,0,9,0,8,0,0,0,0,2,1,2,1,55,8,-1,-1,-1,-1,1,-1
201897GF00802,1,9,0,18,0,1,0,0,0,0,4,1,6,3,-1,-1,-1,-1,-1,-1,-1,-1
201897GF00803,1,9,0,18,0,0,0,0,0,0,3,1,6,1,81,11,1799,1,10,-1,-1,-1
201897GF00803,2,9,0,2,0,0,0,0,0,0,4,1,6,2,25,5,2191,2,3,-1,1,-1
201897GF00806,1,9,0,18,0,0,0,0,0,0,4,1,6,1,33,6,1388,1,14,-1,1,-1
201897GF00806,2,1,0,18,0,0,0,0,0,0,3,1,6,1,40,7,-1,-1,-1,-1,1,-1
201897GF00810,1,19,0,18,0,8,1,2,0,1,1,1,1,1,57,9,2198,2,9,-1,1,-1
201897GF00810,2,8,0,3,0,1,0,0,0,0,4,1,1,1,59,9,1598,2,5,-1,1,-1
201897GF00811,1,9,0,18,0,1,0,0,0,0,1,1,2,2,25,5,898,1,4,-1,1,-1
201897GF00811,2,9,0,18,0,1,0,0,0,0,2,1,6,2,35,6,1242,1,4,-1,1,-1
201897GF00903,1,9,0,9,0,2,0,0,0,0,4,1,6,1,80,11,1596,1,4,-1,1,-1
201897GF00903,2,9,0,18,0,1,0,0,0,0,4,1,6,1,64,9,1598,1,15,-1,1,-1
201897GF00906,1,9,0,18,0,1,0,0,0,0,1,1,6,3,-1,-1,-1,-1,-1,-1,-1,-1
201897GF00909,1,9,0,10,0,8,0,0,0,0,3,1,3,2,38,7,1560,2,5,-1,1,-1
201897GF00909,2,1,0,18,0,8,0,0,0,0,1,1,1,1,37,7,-1,-1,-1,-1,1,-1
201897GF01004,1,9,0,16,0,1,2,0,0,1,4,1,6,3,-1,-1,1149,1,11,-1,-1,-1
201897GF01007,1,9,0,5,0,6,0,0,0,0,1,1,6,1,54,8,998,1,6,-1,1,-1
201897GF01007,2,1,0,5,0,8,5,0,0,0,4,1,2,1,40,7,-1,-1,-1,-1,1,-1
201897GF01008,1,9,0,18,0,0,2,4,7,0,1,1,6,1,-1,-1,2926,2,17,-1,-1,-1
201897GF01008,2,9,0,5,0,0,0,0,1,0,3,1,6,2,53,8,1248,2,8,-1,1,-1
201897GF01008,3,9,0,2,0,0,0,0,0,0,3,1,6,3,-1,-1,-1,-1,-1,-1,-1,-1
201897GF01008,4,9,0,2,9,0,0,0,0,0,3,1,6,3,-1,-1,1248,2,8,-1,-1,-1
201897GF01009,1,9,0,18,0,0,0,4,0,0,1,1,6,1,58,9,1399,1,-1,-1,1,-1
201897GF01009,2,9,0,2,0,0,0,0,0,0,2,1,6,3,-1,-1,-1,-1,-1,-1,-1,-1
201897GF01010,1,90,1,7,0,0,0,0,0,0,2,1,1,1,40,7,11946,2,4,6,1,6
201897GF01102,1,19,0,18,0,0,0,0,0,0,1,1,6,1,-1,-1,1598,2,3,-1,1,-1
201897GF01102,2,9,0,3,0,0,0,0,0,0,2,1,2,1,46,8,2457,1,13,-1,1,-1
201897GF01103,1,9,0,5,0,1,0,0,0,0,1,1,6,1,22,5,1248,2,10,-1,1,-1
201897GF01103,2,9,0,18,0,1,0,0,0,0,1,1,6,1,43,7,1598,2,4,-1,1,-1
201897GF01104,1,9,0,6,0,2,0,0,0,0,2,1,6,1,17,4,998,1,-1,-1,1,-1
201897GF01104,2,5,0,18,0,2,0,0,0,0,1,1,6,1,40,7,125,1,4,-1,1,-1
201897GF01107,1,9,0,7,0,1,1,0,0,0,1,1,6,2,23,5,1984,2,8,-1,1,-1
201897GF01107,2,9,0,18,0,1,0,0,0,0,1,1,6,2,60,9,1364,1,11,-1,1,-1
201897GF01108,1,9,0,7,0,8,0,0,0,0,4,1,2,1,47,8,-1,-1,-1,-1,1,-1
201897GF01108,2,1,0,15,0,8,0,0,0,0,3,1,2,1,45,7,-1,-1,-1,-1,1,-1
201897GF01112,1,9,0,18,0,1,0,0,0,0,1,1,2,1,40,7,1229,1,8,-1,1,-1
201897GF01202,1,9,0,5,0,1,0,0,0,0,1,1,6,1,24,5,2143,2,7,-1,1,-1
201897GF01202,2,4,0,2,0,1,2,0,0,0,4,1,1,1,37,7,250,1,6,-1,1,-1
201897GF01208,1,9,0,9,0,1,0,0,0,0,1,1,6,1,33,6,1242,1,9,-1,1,-1
201897GF01208,2,9,0,18,2,1,0,0,1,11,1,1,1,1,29,6,1598,2,6,-1,1,-1
201897GF01210,1,9,0,9,0,6,0,0,0,0,3,1,3,1,76,11,999,1,1,-1,1,-1
201897GF01210,2,9,0,18,0,1,0,0,0,0,1,1,2,2,49,8,1560,2,10,-1,1,-1
201897GF01303,1,9,0,5,0,1,0,0,0,0,1,1,6,1,40,7,1596,1,5,-1,1,-1
201897GF01303,2,9,0,5,0,1,0,0,0,0,1,1,6,2,54,8,2179,2,7,-1,3,-1
201897GF01304,1,19,0,18,4,0,0,0,0,0,4,1,1,1,38,7,1560,2,3,-1,1,-1
201897GF01304,2,1,0,15,4,0,0,0,0,0,3,1,6,1,47,8,-1,-1,-1,-1,1,-1
201897GF01309,1,9,0,18,0,2,0,0,0,0,1,1,6,1,44,7,1769,1,17,-1,1,-1
201897GF01310,1,9,0,4,0,5,0,0,0,0,1,1,6,3,-1,-1,-1,-1,-1,-1,-1,-1
201897GF01310,2,9,0,4,0,5,0,0,0,0,2,1,2,2,24,5,998,1,14,-1,1,-1
201897GF01312,1,9,0,5,0,1,0,0,0,0,4,1,6,1,28,6,1229,1,4,-1,1,-1
201897GF01312,2,1,0,5,0,1,0,0,0,0,3,1,2,1,33,6,-1,-1,-1,-1,1,-1
201897GF01408,1,9,0,9,0,1,0,0,0,0,1,1,6,1,41,7,2143,2,6,-1,1,-1
201897GF01408,2,9,0,18,0,1,0,0,0,0,1,1,6,1,35,6,1422,2,2,-1,1,-1
201897GF01410,1,9,0,9,0,8,0,0,0,0,4,1,6,1,46,8,1560,2,8,-1,1,-1
201897GF01410,2,1,0,18,0,8,0,0,0,0,1,1,2,1,23,5,-1,-1,-1,-1,-1,-1
201897GF01412,1,9,0,9,0,0,0,0,0,0,3,1,6,3,-1,-1,1968,2,10,-1,-1,-1
201897GF01412,2,9,0,18,0,0,0,0,0,0,3,1,6,2,25,5,1197,1,2,-1,1,-1
201897GF01512,1,9,0,18,0,1,0,0,0,0,1,1,6,3,-1,-1,-1,-1,-1,-1,-1,-1
201897GF01512,2,9,0,18,0,1,0,0,0,0,2,2,6,2,47,8,-1,-1,-1,-1,1,-1
201897GF70101,1,19,0,18,0,0,0,0,0,0,1,1,1,1,30,6,2298,2,7,-1,1,-1
201897GF70101,2,9,0,18,0,0,0,0,0,0,2,1,6,1,30,6,1398,2,4,-1,-1,-1
201897GF70102,1,9,0,14,0,1,0,4,7,0,1,1,6,1,27,6,1598,2,2,-1,1,-1
201897GF70102,2,9,0,2,0,2,0,0,0,0,1,1,6,3,-1,-1,1596,1,11,-1,-1,-1
201897GF70105,1,9,0,18,0,0,0,0,0,0,4,1,6,2,43,7,1364,1,10,-1,1,-1
201897GF70107,1,1,0,18,0,1,0,0,0,0,1,1,2,1,25,5,-1,-1,-1,-1,1,-1
201897GF70107,2,9,0,8,0,2,0,0,0,0,4,1,6,1,54,8,1995,2,6,-1,3,-1
201897GF70110,1,9,0,3,0,2,0,0,0,0,1,1,6,1,50,8,4367,2,4,-1,1,-1
201897GF70111,1,9,0,16,0,0,1,0,8,3,3,1,6,1,19,4,-1,-1,-1,-1,1,-1
201897GF70202,1,9,0,18,0,0,0,0,0,0,3,1,1,1,40,7,-1,-1,-1,-1,1,-1
201897GF70203,1,9,0,16,0,0,0,0,0,0,3,1,6,1,21,5,1461,2,2,-1,2,-1
201897GF70203,2,9,0,18,0,0,0,0,0,0,3,1,6,2,41,7,1461,2,1,-1,1,-1
201897GF70211,1,9,0,18,0,8,0,0,0,0,1,1,6,2,61,9,-1,-1,-1,-1,1,-1
201897GF70211,2,9,0,2,0,8,0,0,1,0,2,1,6,3,-1,-1,1591,1,-1,-1,-1,-1
201897GF70301,1,9,0,10,0,1,0,0,0,0,4,1,6,1,34,6,1461,2,8,-1,1,-1
201897GF70301,2,1,0,18,4,1,0,0,0,0,1,1,6,1,47,8,-1,-1,-1,-1,1,-1
201897GF70303,1,9,0,9,0,1,0,0,0,0,1,1,6,1,70,10,1956,2,3,-1,1,-1
201897GF70303,2,1,0,18,0,1,0,0,0,0,3,1,2,1,23,5,-1,-1,-1,-1,1,-1
201897GF70308,1,3,0,18,0,0,1,4,0,0,1,1,6,1,25,5,-1,-1,-1,-1,1,-1
201897GF70308,2,9,0,18,0,0,0,0,0,0,1,1,6,1,29,6,1598,2,1,-1,1,-1
201897GF70308,3,9,0,2,0,0,0,0,0,0,1,1,6,1,29,6,1461,2,8,-1,1,-1
201897GF70408,1,9,0,14,0,2,0,0,0,0,1,1,6,1,31,6,1461,2,3,-1,1,-1
201897GF70408,2,9,0,14,0,2,0,0,0,0,2,1,6,1,56,9,1498,1,13,-1,1,-1
201897GF70501,1,9,0,18,0,8,0,0,0,0,4,1,6,2,48,8,1396,1,8,-1,1,-1
201897GF70601,1,19,0,7,0,5,0,0,0,0,1,1,1,1,24,5,1995,2,1,-1,1,-1
201897GF70608,1,9,0,6,0,0,0,0,0,0,1,1,1,1,46,8,1560,2,3,-1,1,-1
201897GF70608,2,4,0,18,0,0,0,0,0,0,4,1,2,1,24,5,125,1,-1,-1,1,-1