Accident_Index,Vehicle_Reference,Vehicle_Type,Towing_and_Articulation,Vehicle_Manoeuvre,Vehicle_Location-Restricted_Lane,Junction_Location,Skidding_and_Overturning,Hit_Object_in_Carriageway,Vehicle_Leaving_Carriageway,Hit_Object_off_Carriageway,1st_Point_of_Impact,Was_Vehicle_Left_Hand_Drive?,Journey_Purpose_of_Driver,Sex_of_Driver,Age_of_Driver,Age_Band_of_Driver,Engine_Capacity_(CC),Propulsion_Code,Age_of_Vehicle,Driver_IMD_Decile,Driver_Home_Area_Type,Vehicle_IMD_Decile
201897GF70703,1,9,0,18,0,0,0,0,0,0,1,1,6,1,19,4,1229,1,9,-1,1,-1
201897GF70703,2,19,0,4,0,0,0,0,0,0,2,1,1,1,54,8,1995,2,1,-1,3,-1
201897GF70703,3,8,0,4,0,0,0,0,0,0,2,1,1,1,27,6,1598,2,7,-1,1,-1
201897GJ00103,1,9,0,4,0,0,0,0,0,0,1,1,2,1,58,9,4921,2,15,-1,3,-1
201897GJ00103,2,9,0,18,0,0,1,0,0,0,1,1,6,1,22,5,1598,1,4,-1,2,-1
201897GJ00104,1,9,0,18,0,4,0,0,0,0,3,1,6,1,64,9,2199,2,3,-1,1,-1
201897GJ00104,2,1,0,18,0,8,0,0,0,0,1,1,6,1,35,6,-1,-1,-1,-1,3,-1
201897GJ00109,1,9,0,18,0,0,0,0,0,0,1,1,6,2,31,6,1798,2,8,-1,-1,-1
201897GJ00202,1,9,0,2,0,1,0,0,0,0,3,1,6,1,61,9,1598,1,9,-1,-1,-1
201897GJ00202,2,11,0,15,0,1,0,4,1,2,1,1,1,1,57,9,4250,2,9,-1,1,-1
201897GJ00203,1,8,0,18,0,0,0,0,0,0,1,1,1,1,56,9,2664,2,19,-1,1,-1
201897GJ00206,1,9,0,3,0,1,0,0,0,0,4,1,6,1,48,8,-1,-1,-1,-1,1,-1
201897GJ00206,2,9,0,18,0,1,1,0,0,0,3,1,6,1,64,9,1791,8,7,-1,1,-1
201897GJ00208,1,9,0,17,0,0,0,0,0,0,1,1,6,1,22,5,3498,1,14,-1,1,-1
201897GJ00208,2,9,0,17,0,0,0,0,0,0,2,1,6,1,54,8,1968,2,8,-1,1,-1
201897GJ00208,3,1,0,17,0,0,0,0,0,0,0,1,6,1,49,8,-1,-1,-1,-1,2,-1
201897GJ00301,1,9,0,5,0,1,0,0,0,0,1,1,6,2,38,7,1686,2,11,-1,1,-1
201897GJ00301,2,9,0,3,0,1,0,0,0,0,2,1,2,1,35,6,1461,2,3,-1,1,-1
201897GJ00303,1,9,0,18,0,1,0,0,0,0,1,1,1,2,53,8,1598,1,12,-1,1,-1
201897GJ00303,2,9,0,18,0,1,0,0,0,0,1,1,6,2,40,7,1461,2,11,-1,1,-1
201897GJ00304,1,11,0,18,0,1,0,0,0,0,0,1,1,1,51,8,-1,-1,-1,-1,1,-1
201897GJ00306,1,9,0,7,0,7,0,0,0,0,1,1,6,2,49,8,1150,1,12,-1,1,-1
201897GJ00306,2,1,0,18,0,8,0,0,0,0,2,1,2,1,63,9,-1,-1,-1,-1,1,-1
201897GJ00309,1,21,4,18,0,1,0,0,0,0,4,1,1,1,38,7,12742,2,-1,-1,1,-1
201897GJ00310,1,21,0,5,0,2,0,0,0,0,1,1,1,1,27,6,-1,-1,-1,-1,1,-1
201897GJ00312,1,9,0,18,0,8,0,0,1,11,4,1,6,2,30,6,1582,2,6,-1,3,-1
201897GJ00312,2,9,0,18,0,8,0,0,0,0,3,1,1,2,23,5,1229,1,4,-1,1,-1
201897GJ00401,1,90,0,18,0,1,1,0,0,0,1,1,1,2,35,6,2987,2,4,-1,1,-1
201897GJ00401,2,11,0,18,0,8,0,0,0,0,4,1,3,2,47,8,9600,2,11,-1,3,-1
201897GJ00403,1,9,0,9,0,8,0,0,0,0,4,1,6,2,70,10,1461,2,1,-1,1,-1
201897GJ00403,2,9,0,18,0,8,1,0,0,0,1,1,2,1,64,9,1598,2,4,-1,2,-1
201897GJ00404,1,9,0,16,0,0,2,0,2,1,1,1,6,1,25,5,1995,2,15,-1,1,-1
201897GJ00410,1,9,0,9,0,6,0,0,0,0,0,1,6,2,54,8,1997,1,10,-1,-1,-1
201897GJ00411,1,9,0,18,0,1,0,0,0,0,1,1,6,2,68,10,1398,1,5,-1,1,-1
201897GJ00412,1,9,0,7,0,0,5,0,8,11,1,1,6,2,24,5,1598,2,3,-1,1,-1
201897GJ00502,1,9,0,18,0,0,0,10,0,0,4,1,6,1,79,11,1998,1,10,-1,1,-1
201897GJ00504,1,8,0,18,0,0,1,0,0,0,1,1,3,1,68,10,1968,2,5,-1,1,-1
201897GJ00504,2,9,0,4,0,0,0,0,0,0,2,1,3,1,-1,-1,1242,1,5,-1,1,-1
201897GJ00504,3,9,0,15,0,0,0,0,0,0,0,1,1,1,30,6,1560,2,1,-1,-1,-1
201897GJ00505,1,9,0,5,0,1,0,0,0,0,3,1,6,2,23,5,-1,-1,-1,-1,3,-1
201897GJ00505,2,9,0,18,0,2,0,0,0,0,1,1,6,1,49,8,1598,1,16,-1,1,-1
201897GJ00507,1,9,0,7,0,1,0,0,0,0,3,1,6,2,69,10,1299,1,13,-1,1,-1
201897GJ00507,2,1,0,18,4,1,0,0,0,0,4,1,2,1,36,7,-1,-1,-1,-1,1,-1
201897GJ00508,1,19,0,18,0,0,0,0,0,0,0,1,1,1,39,7,1995,2,-1,-1,1,-1
201897GJ00508,2,9,0,18,0,0,0,0,0,0,0,1,6,2,54,8,2179,2,5,-1,1,-1
201897GJ00510,1,9,0,18,0,0,0,0,0,0,3,1,6,1,48,8,1796,1,7,-1,1,-1
201897GJ00512,1,9,0,4,0,1,5,0,0,0,1,1,6,1,18,4,-1,-1,-1,-1,1,-1
201897GJ00512,2,9,0,18,0,1,0,0,0,0,4,1,6,2,36,7,1496,2,2,-1,3,-1
201897GJ00512,3,9,0,9,0,2,0,0,0,0,3,1,6,2,38,7,1999,2,3,-1,2,-1
201897GJ00606,1,9,0,7,0,6,0,0,0,0,1,1,6,2,72,10,1461,2,1,-1,-1,-1
201897GJ00606,2,9,0,17,0,1,0,0,0,0,1,1,6,2,74,10,1329,1,6,-1,1,-1
201897GJ00609,1,8,0,14,0,1,0,0,0,0,4,1,3,1,37,7,1596,1,5,-1,1,-1
201897GJ00612,1,9,0,9,0,2,0,0,0,0,1,1,1,2,33,6,-1,-1,-1,-1,2,-1
201897GJ00612,2,9,0,18,0,1,1,0,1,4,1,1,6,1,33,6,1968,2,2,-1,1,-1
201897GJ00702,1,9,0,18,0,5,0,0,1,7,1,1,1,2,54,8,1149,1,8,-1,1,-1
201897GJ00704,1,21,0,18,0,2,0,0,0,0,3,1,6,3,-1,-1,-1,-1,-1,-1,-1,-1
201897GJ00704,2,21,0,18,0,1,0,0,0,0,3,1,1,1,25,5,6700,2,1,-1,1,-1
201897GJ00705,1,9,0,18,0,0,0,0,0,4,1,1,6,1,45,7,1995,1,8,-1,1,-1
201897GJ00706,1,9,0,5,0,1,0,0,0,0,1,1,6,3,-1,-1,1364,1,3,-1,-1,-1
201897GJ00706,2,1,0,18,0,1,0,0,0,0,4,1,6,2,18,4,-1,-1,-1,-1,1,-1
201897GJ00710,1,2,0,8,0,1,0,0,0,0,1,1,6,1,-1,-1,-1,-1,-1,-1,-1,-1
201897GJ00801,1,9,0,18,0,0,0,0,0,0,1,1,6,3,-1,-1,1582,2,3,-1,-1,-1
201897GJ00802,1,9,0,9,0,5,0,0,0,0,4,1,6,3,-1,-1,-1,-1,-1,-1,-1,-1
201897GJ00804,1,9,0,1,9,0,0,0,0,0,2,1,6,1,53,8,1951,2,14,-1,1,-1
201897GJ00805,1,9,0,18,0,0,0,0,0,0,1,1,6,1,77,11,1595,1,1,-1,1,-1
201897GJ00805,2,9,0,2,0,0,0,0,0,11,2,1,6,2,27,6,1598,2,7,-1,1,-1
201897GJ00806,1,9,0,16,0,0,0,0,7,9,1,1,6,1,27,6,1364,1,1,-1,1,-1
201897GJ00807,1,9,0,9,0,8,0,0,0,0,3,1,6,1,73,10,1598,2,3,-1,3,-1
201897GJ00807,2,9,0,18,0,8,0,0,0,0,3,1,6,2,62,9,1240,1,10,-1,-1,-1
201897GJ00809,1,1,0,18,0,0,0,0,0,0,3,1,6,1,16,4,-1,-1,-1,-1,1,-1
201897GJ00809,2,9,0,18,0,0,0,0,0,0,3,1,1,1,54,8,1794,1,11,-1,1,-1
201897GJ00810,1,8,0,18,0,1,0,0,0,0,1,1,2,1,56,9,1560,2,5,-1,1,-1
201897GJ00810,2,9,0,10,0,5,0,0,0,0,2,1,6,2,58,9,1560,2,5,-1,1,-1
201897GJ00811,1,11,0,4,0,1,0,0,0,0,1,1,1,1,56,9,4500,2,6,-1,1,-1
201897GJ00811,2,9,0,18,0,8,0,0,0,0,4,1,6,1,25,5,1685,2,3,-1,1,-1
201897GJ00812,1,11,0,18,0,2,0,0,0,0,4,1,1,1,57,9,4500,2,3,-1,1,-1
201897GJ00902,1,9,0,18,0,5,0,0,0,0,1,1,2,1,59,9,1598,1,10,-1,1,-1
201897GJ00903,1,1,0,10,0,6,0,0,0,0,1,1,1,1,19,4,-1,-1,-1,-1,1,-1
201897GJ00903,2,9,0,18,0,8,0,0,0,0,3,1,2,1,57,9,1598,1,11,-1,1,-1
201897GJ00905,1,9,0,16,0,0,2,0,1,0,1,1,6,2,18,4,1242,1,8,-1,1,-1
201897GJ00910,1,9,0,11,0,1,0,0,0,0,1,1,6,3,-1,-1,-1,-1,-1,-1,-1,-1
201897GJ00910,2,1,0,18,0,1,0,0,0,0,2,1,2,1,49,8,-1,-1,-1,-1,-1,-1
201897GJ00912,1,9,0,17,0,0,1,11,1,2,1,1,6,1,33,6,1398,2,10,-1,-1,-1
201897GJ01002,1,1,0,17,0,0,0,0,0,0,2,1,6,1,51,8,-1,-1,-1,-1,2,-1
201897GJ01002,2,19,0,17,0,0,0,0,0,0,4,1,6,1,44,7,2402,2,15,-1,1,-1
201897GJ01003,1,9,0,18,0,0,1,0,0,0,1,1,6,1,83,11,1598,1,14,-1,3,-1
201897GJ01003,2,9,0,18,0,0,1,0,1,0,1,1,6,2,68,10,1229,1,3,-1,3,-1
201897GJ01005,1,9,0,18,0,0,0,0,0,0,3,1,6,1,-1,-1,-1,-1,-1,-1,-1,-1
201897GJ01005,2,1,0,18,0,0,0,0,0,0,3,1,1,1,24,5,-1,-1,-1,-1,1,-1
201897GJ01011,1,9,0,18,0,1,0,0,0,0,1,1,6,1,77,11,1242,1,6,-1,1,-1
201897GJ01011,2,5,0,9,0,1,0,0,0,0,1,1,6,1,39,7,1157,1,20,-1,1,-1
201897GJ01012,1,9,0,7,0,2,0,0,0,0,1,1,2,2,54,8,2143,2,1,-1,1,-1
201897GJ01205,1,9,0,16,0,0,0,0,0,0,1,1,6,1,22,5,1242,1,7,-1,1,-1
201897GJ01205,2,9,0,4,0,0,0,0,0,0,2,1,6,1,63,9,1248,2,7,-1,3,-1
201897GJ01211,1,9,0,18,0,1,0,0,0,0,1,1,6,2,76,11,1997,1,-1,-1,1,-1
201897GJ01211,2,9,0,7,0,8,0,0,0,0,2,1,6,2,81,11,1398,1,-1,-1,1,-1
201897GJ01302,1,9,0,18,0,8,0,0,1,11,1,1,2,1,67,10,1590,1,13,-1,1,-1
201897GJ01302,2,9,0,18,0,8,0,0,0,0,4,1,2,1,48,8,1796,1,10,-1,1,-1
201897GJ01311,1,9,0,13,0,0,0,0,0,0,1,1,6,1,27,6,1995,2,3,-1,1,-1
201897GJ01311,2,19,0,18,0,0,0,0,0,0,1,1,6,1,30,6,1560,2,-1,-1,3,-1
201897GK00101,1,9,0,18,0,8,0,0,0,0,4,1,6,1,44,7,-1,-1,-1,-1,1,-1
201897GK00101,2,9,0,18,0,8,0,0,0,0,1,1,2,2,53,8,1499,2,2,-1,1,-1
201897GK00102,1,9,0,9,0,2,0,0,0,0,1,1,6,2,40,7,1368,1,10,-1,1,-1
201897GK00102,2,9,0,18,0,2,0,0,0,0,1,1,6,2,69,10,1200,1,2,-1,1,-1
201897GK00102,3,9,0,18,0,1,0,0,0,0,1,1,6,1,60,9,1461,2,6,-1,1,-1
201897GK00102,4,19,0,2,0,1,0,0,0,0,3,1,6,3,-1,-1,2198,2,4,-1,-1,-1
201897GK00104,1,9,0,13,0,1,1,0,2,11,1,1,6,1,30,6,1560,2,10,-1,1,-1
201897GK00104,2,9,0,18,2,1,0,0,0,0,1,1,6,2,32,6,1596,1,4,-1,1,-1
201897GK00107,1,9,0,4,0,4,0,0,0,0,1,1,6,1,70,10,1364,1,11,-1,1,-1
201897GK00107,2,9,0,4,0,4,0,0,0,0,2,1,6,1,70,10,1598,1,4,-1,1,-1
201897GK00109,1,9,0,18,0,1,0,0,0,0,1,1,6,1,-1,-1,-1,-1,-1,-1,-1,-1
201897GK00109,2,9,0,3,0,1,0,0,0,0,2,1,2,2,27,6,999,1,-1,-1,2,-1
201897GK00112,1,19,0,18,0,8,0,0,0,0,4,1,1,1,34,6,2151,2,14,-1,1,-1
201897GK00112,2,9,0,18,0,8,0,0,0,0,1,1,6,1,78,11,1896,2,14,-1,1,-1
201897GK00201,1,9,0,18,0,4,0,0,0,0,1,1,6,1,77,11,1968,2,9,-1,1,-1
201897GK00201,2,9,0,8,0,4,0,0,0,0,2,1,2,2,43,7,1398,1,-1,-1,1,-1
201897GK00202,1,19,0,18,8,0,0,0,0,1,1,1,2,1,29,6,2143,2,7,-1,1,-1
201897GK00203,1,9,0,18,0,1,0,0,0,10,1,1,6,1,38,7,1360,1,16,-1,1,-1
201897GK00204,1,9,0,18,0,1,0,0,1,2,4,1,6,2,66,10,1596,1,12,-1,1,-1
201897GK00204,2,21,0,18,0,1,0,0,0,0,1,1,1,1,37,7,8710,2,3,-1,1,-1
201897GK00208,1,9,0,9,0,0,0,0,0,0,3,1,6,1,22,5,1598,2,2,8,1,8
201897GK00208,2,9,0,13,0,0,0,0,0,0,4,1,6,2,55,8,1242,1,8,-1,1,-1
201897GK00209,1,9,0,16,0,3,0,0,0,0,4,1,6,1,37,7,1995,2,7,-1,1,-1
201897GK00209,2,1,0,18,0,8,0,0,0,0,1,1,6,1,52,8,-1,-1,-1,-1,1,-1
201897GK00210,1,9,0,18,0,3,0,0,0,0,1,1,6,2,-1,-1,1796,1,10,-1,-1,-1
201897GK00210,2,9,0,10,0,8,0,0,0,0,2,1,6,1,32,6,1896,2,16,-1,1,-1
201897GK00211,1,9,0,7,0,1,0,0,0,0,1,1,6,2,-1,-1,1461,2,1,-1,1,-1
201897GK00211,2,1,0,18,0,1,0,0,0,0,1,1,6,1,40,7,-1,-1,-1,-1,1,-1
201897GK00301,1,11,0,18,0,6,0,0,0,0,0,1,1,1,58,9,4250,2,4,-1,1,-1
201897GK00305,1,9,0,12,0,1,0,0,0,0,1,1,6,1,-1,-1,2183,2,8,-1,-1,-1
201897GK00306,1,19,0,18,0,5,0,0,0,0,4,1,1,1,45,7,1248,2,6,-1,-1,-1
201897GK00306,2,1,0,18,0,1,1,0,0,0,1,1,2,1,40,7,-1,-1,-1,-1,1,-1
201897GK00307,1,9,0,5,0,4,0,9,0,0,3,1,2,1,23,5,1124,1,14,-1,1,-1
201897GK00307,2,9,0,9,0,3,0,0,0,0,4,1,2,2,32,6,1598,2,4,-1,1,-1
201897GK00309,1,9,0,18,0,1,0,0,0,0,1,1,1,1,57,9,2143,2,1,-1,3,-1
201897GK00309,2,1,0,18,0,1,0,0,0,0,1,1,1,1,48,8,-1,-1,-1,-1,1,-1
201897GK00310,1,9,0,7,0,2,0,0,0,0,1,1,6,1,40,7,1242,1,6,-1,1,-1
201897GK00311,1,9,0,18,0,0,0,0,0,0,3,1,6,1,27,6,1598,2,3,-1,1,-1
201897GK00402,1,9,0,7,0,8,0,0,0,0,1,2,6,1,29,6,-1,-1,-1,-1,1,-1
201897GK00402,2,9,0,18,0,8,0,0,0,0,1,1,6,2,68,10,1198,1,8,-1,1,-1
201897GK00403,1,1,0,18,0,8,0,0,0,0,4,1,6,1,22,5,-1,-1,-1,-1,1,-1
201897GK00403,2,9,0,18,0,8,0,0,0,0,3,1,6,2,30,6,1368,1,7,-1,1,-1
201897GK00407,1,9,0,7,0,1,0,0,0,0,1,1,6,2,58,9,1360,1,12,-1,1,-1
201897GK00407,2,9,0,18,0,1,0,0,0,0,3,1,6,1,46,8,1364,1,1,-1,-1,-1
201897GK00410,1,9,0,9,0,8,0,0,0,0,4,1,6,1,64,9,-1,-1,-1,-1,1,-1
201897GK00410,2,9,0,18,0,8,0,0,0,0,1,1,6,2,40,7,1598,1,6,-1,1,-1
201897GK00502,1,9,0,9,0,8,0,0,0,0,3,1,6,2,53,8,1598,1,11,-1,-1,-1
201897GK00502,2,90,0,18,0,8,0,0,0,0,1,1,6,1,28,6,686,1,12,-1,1,-1
201897GK00503,1,9,0,1,0,1,0,0,0,0,2,1,6,1,40,7,1999,1,13,-1,1,-1
201897GK00504,1,9,0,1,0,1,0,0,0,0,2,1,2,1,21,5,-1,-1,-1,-1,1,-1
201897GK00505,1,9,0,9,0,1,0,0,0,0,1,1,1,1,24,5,-1,-1,-1,-1,1,-1
201897GK00505,2,1,0,18,0,1,0,0,0,0,1,1,6,1,35,6,-1,-1,-1,-1,1,-1
201897GK00506,1,5,0,4,0,7,0,0,0,0,2,1,2,1,50,8,805,1,10,-1,1,-1
201897GK00506,2,9,0,4,0,7,0,0,0,0,3,1,6,1,27,6,1896,2,10,-1,1,-1
201897GK00507,1,9,0,5,0,0,0,0,0,0,1,1,6,1,43,7,1388,1,7,-1,1,-1
201897GK00507,2,9,0,2,0,0,0,0,0,0,2,1,6,3,-1,-1,898,1,-1,-1,-1,-1
201897GK00508,1,9,0,7,0,1,0,0,0,0,3,1,6,1,59,9,1120,2,4,-1,1,-1
201897GK00508,2,1,0,18,0,1,0,0,0,0,3,1,6,1,67,10,-1,-1,-1,-1,1,-1
201897GK00509,1,9,0,18,0,8,0,0,0,0,1,1,6,1,19,4,1149,1,10,6,3,6
201897GK00509,2,9,0,9,0,8,0,0,0,0,3,1,6,2,69,10,1229,1,7,-1,1,-1
201897GK00509,3,9,0,9,0,8,0,0,0,0,3,1,6,1,42,7,1796,1,11,-1,-1,-1
201897GK00510,1,9,0,5,0,6,0,0,0,0,4,1,6,1,27,6,1242,1,14,-1,-1,-1
201897GK00510,2,3,0,18,0,8,0,0,0,0,1,1,6,1,21,5,-1,-1,-1,-1,1,-1
201897GK00601,1,9,0,4,0,1,1,0,0,0,1,1,6,1,52,8,-1,-1,-1,-1,1,-1
201897GK00601,2,9,0,18,0,8,0,0,1,11,4,1,6,2,54,8,1398,1,6,-1,1,-1
201897GK00602,1,9,0,4,0,0,0,0,0,0,1,1,2,2,63,9,1560,2,5,4,1,4
201897GK00603,1,9,0,18,0,0,0,0,0,0,1,1,6,1,22,5,1560,2,2,-1,1,-1
201897GK00603,2,9,0,2,0,0,0,0,0,0,2,1,1,1,52,8,1995,2,3,-1,3,-1
201897GK00605,1,9,0,18,0,0,0,0,0,0,1,1,6,1,-1,-1,2494,1,15,-1,1,-1
201897GK00605,2,9,0,3,0,0,0,0,0,0,2,1,6,2,20,4,1198,1,12,-1,1,-1
201897GK00606,1,9,0,9,0,1,0,0,0,0,3,1,6,1,-1,-1,1364,1,4,-1,-1,-1
201897GK00606,2,9,0,18,0,1,0,0,0,0,4,1,6,2,32,6,1499,2,2,-1,1,-1
201897GK00608,1,19,0,18,0,0,0,0,0,0,3,1,6,1,32,6,1995,2,5,-1,1,-1
201897GK00609,1,9,0,17,0,2,0,0,0,2,4,1,6,2,28,6,1242,1,5,-1,1,-1
201897GK00610,1,9,0,18,0,1,0,0,0,0,1,1,6,2,26,6,1493,2,13,-1,1,-1
201897GK00610,2,11,0,18,0,1,0,0,0,0,1,1,6,1,53,8,7300,2,15,-1,1,-1
201897GK00611,1,9,0,18,0,1,0,0,0,0,1,1,6,1,22,5,1399,1,-1,-1,-1,-1
201897GK00611,2,9,0,8,0,6,0,0,7,0,2,1,6,1,27,6,1229,1,7,-1,1,-1
201897GK00611,3,9,0,2,0,1,0,0,0,0,1,1,6,3,-1,-1,1598,2,4,-1,-1,-1
201897GK00611,4,9,0,2,0,1,0,0,0,0,1,1,6,3,-1,-1,1200,1,2,-1,-1,-1
201897GK00611,5,9,0,2,0,1,0,0,0,0,1,1,6,3,-1,-1,1248,2,9,-1,-1,-1
201897GK00702,1,9,0,1,0,1,0,0,0,0,2,1,6,1,17,4,-1,-1,-1,-1,1,-1
201897GK00702,2,9,0,4,0,1,0,0,0,0,1,1,6,1,45,7,1560,2,6,-1,-1,-1
201897GK00705,1,9,0,10,0,7,0,0,0,0,3,1,6,2,55,8,1598,1,7,-1,1,-1
201897GK00705,2,9,0,18,0,1,0,0,0,0,3,1,6,1,55,8,1364,1,12,-1,1,-1
201897GK00706,1,9,0,6,0,0,0,0,0,0,3,1,6,1,33,6,2987,2,2,-1,1,-1
201897GK00706,2,9,0,18,0,0,0,0,0,0,1,1,1,1,55,8,1124,1,14,-1,-1,-1
201897GK00707,1,9,0,18,0,1,1,0,0,0,1,1,6,1,47,8,1149,1,9,-1,-1,-1
201897GK00707,2,9,0,3,0,1,0,0,0,0,2,1,6,2,53,8,1582,2,8,-1,1,-1
201897GK00708,1,9,0,2,0,0,0,0,0,0,3,1,6,3,-1,-1,-1,-1,-1,-1,-1,-1
201897GK00708,2,1,0,18,0,0,0,8,0,0,1,1,6,2,42,7,-1,-1,-1,-1,1,-1
201897GK00709,1,9,0,9,0,6,0,0,0,0,1,1,6,1,-1,-1,1598,2,5,2,1,2
201897GK00709,2,8,0,18,0,8,0,0,0,0,3,1,1,1,59,9,2402,2,13,-1,1,-1
201897GK00710,1,9,0,9,0,6,0,0,0,0,1,1,6,1,30,6,1395,1,2,-1,1,-1
201897GK00710,2,4,0,18,0,8,0,0,0,0,4,1,6,1,58,9,1294,1,10,-1,1,-1
201897GK00710,3,11,0,3,0,1,0,0,0,0,4,1,1,1,39,7,7300,2,12,-1,1,-1
201897GK00804,1,9,0,5,0,0,0,0,0,0,3,1,6,1,-1,-1,-1,-1,-1,-1,-1,-1
201897GK00804,2,1,0,18,0,0,0,0,0,0,1,1,6,1,33,6,-1,-1,-1,-1,1,-1
201897GK00805,1,1,0,18,0,6,0,0,0,0,1,1,6,1,17,4,-1,-1,-1,-1,1,-1
201897GK00805,2,9,0,18,0,8,0,0,0,0,1,1,6,2,36,7,1968,2,5,-1,1,-1
201897GK00807,1,9,0,18,0,1,0,0,7,2,1,1,6,1,61,9,-1,-1,-1,-1,1,-1
201897GK00808,1,9,0,18,0,0,0,0,0,0,4,1,6,1,72,10,1596,1,21,-1,1,-1
201897GK00811,1,9,0,9,0,5,0,0,0,0,1,1,6,1,24,5,1968,2,5,-1,1,-1
201897GK00901,1,11,0,18,0,1,0,0,0,0,4,1,1,1,42,7,4500,2,3,-1,1,-1
201897GK00902,1,9,0,1,0,5,0,0,0,0,2,1,6,1,17,4,1399,1,1,-1,1,-1
201897GK00905,1,11,0,18,0,0,0,0,0,0,1,1,1,1,-1,-1,10520,2,11,-1,-1,-1
201897GK00911,1,1,0,9,0,0,0,0,0,0,2,1,6,2,10,2,-1,-1,-1,-1,1,-1
201897GK00911,2,9,0,18,0,0,0,0,0,0,4,1,6,1,17,4,1560,2,9,-1,1,-1
201897GK00912,1,1,0,18,0,0,0,8,0,0,1,1,6,1,47,8,-1,-1,-1,-1,1,-1
201897GK00912,2,9,0,4,0,0,0,0,0,0,4,1,1,2,35,6,-1,-1,-1,-1,1,-1
201897GK00912,3,9,0,2,0,0,0,0,0,0,4,1,6,3,-1,-1,1685,2,3,-1,1,-1
201897GK01001,1,9,0,5,0,1,0,0,0,0,1,1,6,2,42,7,1599,1,14,-1,1,-1
201897GK01001,2,9,0,5,0,1,0,0,0,0,3,1,6,2,32,6,1582,2,2,-1,1,-1
201897GK01005,1,9,0,12,0,3,0,0,0,0,3,1,6,1,59,9,2143,2,5,-1,1,-1
201897GK01005,2,9,0,18,0,3,0,0,0,0,4,1,2,1,29,6,1968,2,9,-1,-1,-1
201897GK01007,1,9,0,18,0,0,0,0,0,0,1,1,6,2,20,4,1956,2,7,-1,1,-1
201897GK01009,1,9,0,10,0,1,0,0,0,0,1,1,6,3,-1,-1,1400,2,12,-1,1,-1
201897GK01009,2,9,0,10,0,1,0,0,0,0,2,1,6,1,44,7,1360,1,6,-1,1,-1
201897GK01010,1,9,0,9,0,5,0,0,0,0,4,1,6,1,58,9,3982,1,2,-1,1,-1
201897GK01010,2,3,0,18,0,1,0,0,0,0,1,1,6,1,54,8,125,1,4,-1,1,-1
201897GK01101,1,9,0,5,0,6,0,0,0,0,4,1,6,1,72,10,1598,2,1,-1,1,-1
201897GK01101,2,9,0,18,0,6,0,0,0,0,3,1,6,2,64,9,1197,1,2,-1,1,-1
201897GK01106,1,9,0,4,0,0,0,0,0,0,1,1,6,1,40,7,1598,1,14,-1,1,-1
201897GK01106,2,9,0,3,0,0,0,0,0,0,2,1,6,2,50,8,1598,1,11,-1,-1,-1
201897GK01107,1,9,0,10,0,6,0,0,0,0,1,1,2,1,57,9,1560,2,7,-1,1,-1
201897GK01107,2,1,0,18,0,1,0,0,0,0,4,1,6,2,52,8,-1,-1,-1,-1,1,-1
201897GK01108,1,9,0,7,4,1,0,0,0,0,2,1,6,3,-1,-1,-1,-1,-1,-1,-1,-1
201897GK01108,2,1,0,18,4,1,0,0,0,0,1,1,6,1,68,10,-1,-1,-1,-1,1,-1
201897GK01110,1,9,0,17,0,0,0,0,0,0,1,1,3,2,40,7,1461,2,1,-1,1,-1
201897GK01112,1,9,0,5,0,1,0,0,0,0,1,1,6,1,43,7,998,1,3,-1,1,-1
201897GK01112,2,9,0,3,0,1,0,0,0,0,2,1,6,1,23,5,999,1,2,-1,1,-1
201897GK01201,1,9,0,14,0,0,0,0,0,0,1,1,6,1,77,11,998,1,10,-1,1,-1
201897GK01203,1,9,0,5,0,0,0,0,0,0,4,1,6,2,27,6,1582,2,6,-1,1,-1
201897GK01206,1,19,0,5,0,1,0,0,0,0,1,1,6,1,42,7,1968,2,3,-1,1,-1
201897GK01208,1,11,0,18,0,1,0,0,0,0,3,2,1,1,-1,-1,-1,-1,-1,-1,-1,-1
201897GK01208,2,9,0,18,0,1,0,0,0,0,4,1,6,1,38,7,1753,2,12,-1,1,-1
201897GK01209,1,9,0,18,0,1,0,0,0,0,1,1,6,1,54,8,1969,2,3,-1,1,-1
201897GK01210,1,9,0,9,0,8,0,0,0,0,1,1,6,1,50,8,1995,2,2,-1,1,-1
201897GK01210,2,9,0,18,0,8,0,0,0,2,4,1,1,1,63,9,1598,2,5,-1,1,-1
201897GK01303,1,9,0,4,0,0,0,0,0,0,3,1,1,1,29,6,1560,2,1,-1,1,-1
201897GK01303,2,9,0,18,9,0,0,10,0,0,3,1,6,1,22,5,1560,2,4,-1,1,-1
201897GK01308,1,9,0,18,0,1,0,0,0,0,1,1,6,1,22,5,1968,2,2,-1,1,-1
201897GK01308,2,9,0,18,0,1,0,0,0,0,2,1,6,1,56,9,1499,2,2,-1,1,-1
201897GK01311,1,9,0,16,0,1,0,0,0,0,4,1,6,1,51,8,998,1,5,-1,1,-1
201897GK01312,1,9,0,18,0,0,0,0,0,0,1,1,1,1,35,6,-1,-1,-1,-1,1,-1
201897GK01312,2,9,0,18,0,0,0,10,0,0,1,1,1,1,63,9,1560,2,4,-1,2,-1
201897GK01405,1,9,0,9,0,6,0,0,0,0,1,1,6,1,-1,-1,-1,-1,-1,-1,1,-1
201897GK01405,2,9,0,18,0,1,0,0,0,0,4,1,2,1,-1,-1,1364,1,12,-1,1,-1
201897GK01406,1,9,0,18,0,0,0,0,0,0,4,1,2,2,51,8,1595,1,11,-1,1,-1
201897GK01407,1,9,0,9,0,1,0,0,0,0,1,1,6,1,27,6,1400,1,11,-1,1,-1
201897GK01407,2,9,0,18,0,1,0,0,0,0,4,1,6,1,41,7,1910,2,11,-1,1,-1
201897GK01409,1,9,0,9,0,5,0,0,0,0,1,1,6,2,56,9,1595,1,6,-1,1,-1
201897GK01409,2,1,0,18,0,1,0,0,0,0,4,1,1,1,44,7,-1,-1,-1,-1,1,-1
201897GK01410,1,9,0,18,0,6,0,0,1,2,1,1,6,1,69,10,2148,2,10,-1,1,-1
201897GK01410,2,9,0,18,0,8,0,0,0,0,1,1,6,1,25,5,2967,2,10,-1,1,-1