Accident_Index,Vehicle_Reference,Vehicle_Type,Towing_and_Articulation,Vehicle_Manoeuvre,Vehicle_Location-Restricted_Lane,Junction_Location,Skidding_and_Overturning,Hit_Object_in_Carriageway,Vehicle_Leaving_Carriageway,Hit_Object_off_Carriageway,1st_Point_of_Impact,Was_Vehicle_Left_Hand_Drive?,Journey_Purpose_of_Driver,Sex_of_Driver,Age_of_Driver,Age_Band_of_Driver,Engine_Capacity_(CC),Propulsion_Code,Age_of_Vehicle,Driver_IMD_Decile,Driver_Home_Area_Type,Vehicle_IMD_Decile
201897GK01501,1,9,0,18,0,0,0,0,0,0,1,1,6,3,-1,-1,-1,-1,-1,-1,-1,-1
201897GK01502,1,9,0,6,6,0,0,0,0,0,3,1,6,2,27,6,1390,1,12,-1,-1,-1
201897GK01502,2,9,0,18,0,0,0,0,0,0,4,1,6,2,26,6,1399,1,2,-1,1,-1
201897GK01503,1,9,0,6,0,0,0,0,0,0,3,1,6,3,44,7,998,1,7,-1,1,-1
201897GK01503,2,8,0,18,0,0,0,0,0,0,1,1,1,1,56,9,1560,2,6,-1,1,-1
201897GK01507,1,9,0,9,0,8,0,0,0,0,1,1,6,1,63,9,1998,1,3,-1,1,-1
201897GK01507,2,9,0,18,0,8,0,0,0,0,4,1,6,1,24,5,1753,2,12,-1,1,-1
201897GK01508,1,11,0,18,0,0,0,0,0,0,1,1,1,1,47,8,-1,-1,-1,-1,1,-1
201897GK01511,1,11,0,18,0,0,0,0,0,0,3,1,1,3,-1,-1,-1,-1,-1,-1,-1,-1
201897GK01512,1,9,0,9,0,8,0,0,0,0,1,1,6,1,42,7,1685,2,1,-1,1,-1
201897GK01512,2,3,0,18,0,8,0,0,0,0,3,1,6,1,19,4,125,1,3,-1,-1,-1
201897GK01601,1,9,0,9,0,1,0,0,0,0,4,1,6,2,24,5,1461,2,4,-1,1,-1
201897GK01601,2,9,0,18,0,1,1,0,0,0,1,1,6,2,39,7,1198,1,4,-1,1,-1
201897GK01606,1,9,0,17,0,0,0,0,0,0,1,1,6,3,-1,-1,-1,-1,-1,-1,-1,-1
201897GK01606,2,9,0,1,0,0,0,0,0,0,4,1,6,1,19,4,1461,2,3,9,3,9
201897GK01607,1,9,0,3,0,2,0,0,0,0,1,1,2,2,26,6,2143,2,3,-1,1,-1
201897GK01607,2,9,0,4,0,2,0,0,0,0,2,1,1,2,66,10,1395,1,3,-1,-1,-1
201897GK01609,1,19,0,18,0,8,0,0,0,0,2,1,1,1,35,6,2402,2,7,-1,1,-1
201897GK01609,2,9,0,18,0,8,1,0,0,0,1,1,6,2,34,6,1586,1,5,-1,1,-1
201897GK01611,1,9,0,18,0,0,5,4,0,0,1,1,6,1,34,6,1360,1,12,-1,1,-1
201897GK01611,2,19,0,2,0,0,0,0,0,0,1,1,6,3,-1,-1,1499,2,1,-1,-1,-1
201897GK01612,1,1,0,18,0,0,0,0,0,0,2,1,6,1,31,6,-1,-1,-1,-1,1,-1
201897GK01612,2,9,0,18,0,0,0,0,0,0,1,1,6,1,36,7,1598,1,10,-1,1,-1
201897GK01701,1,9,0,11,0,0,1,0,1,2,3,1,6,2,24,5,-1,-1,-1,-1,1,-1
201897GK01702,1,9,0,18,0,1,0,0,0,0,1,1,6,1,-1,-1,1398,1,2,-1,1,-1
201897GK01702,2,19,0,3,0,1,0,0,0,0,3,1,1,1,23,5,1968,2,1,-1,1,-1
201897GK01704,1,9,0,18,0,0,0,0,0,0,1,1,2,2,48,8,1598,2,1,-1,1,-1
201897GK01704,2,1,0,18,0,0,0,0,0,0,1,1,6,1,13,3,-1,-1,-1,-1,1,-1
201897GK01707,1,9,0,18,0,0,0,0,0,0,1,1,6,1,-1,-1,998,1,1,-1,-1,-1
201897GK01707,2,9,0,18,0,0,0,0,0,0,4,1,6,2,17,4,1248,1,2,-1,-1,-1
201897GK01708,1,9,0,18,0,1,0,0,0,0,3,1,6,1,49,8,1596,1,1,-1,1,-1
201897GK01708,2,9,0,18,0,1,0,0,0,0,3,1,6,1,32,6,1598,2,3,-1,3,-1
201897GK01710,1,2,0,18,0,2,0,0,0,0,1,1,2,2,24,5,125,1,4,-1,1,-1
201897GK01711,1,8,0,18,0,0,5,4,0,0,1,1,1,1,40,7,1598,2,2,-1,1,-1
201897GK01711,2,9,0,2,0,0,0,0,0,0,1,1,6,3,-1,-1,1242,1,7,-1,-1,-1
201897GK01804,1,9,0,18,0,2,0,0,0,0,4,1,1,2,47,8,1560,2,2,-1,1,-1
201897GK01804,2,9,0,18,0,1,0,0,0,0,1,1,6,2,61,9,1968,2,4,-1,1,-1
201897GK01806,1,9,0,14,0,0,0,0,0,0,4,1,6,2,77,11,1229,1,6,-1,1,-1
201897GK01806,2,9,0,2,0,0,0,0,0,0,3,1,6,3,-1,-1,1591,1,8,-1,-1,-1
201897GK01807,1,9,0,18,0,1,2,0,8,11,1,1,6,1,35,6,1598,1,9,-1,1,-1
201897GK01807,2,9,0,2,0,1,0,0,0,0,1,1,6,3,-1,-1,1398,1,-1,-1,-1,-1
201897GK01807,3,9,0,2,0,1,0,0,0,0,2,1,6,3,-1,-1,1197,1,2,-1,-1,-1
201897GK01808,1,9,0,9,0,8,0,0,0,0,1,1,6,2,36,7,1461,2,2,-1,1,-1
201897GK01808,2,1,0,18,0,1,0,0,0,0,1,1,2,1,40,7,-1,-1,-1,-1,1,-1
201897GK01809,1,9,0,7,0,6,0,0,0,0,3,1,6,1,21,5,1598,2,5,-1,1,-1
201897GK01809,2,19,0,18,0,8,0,0,0,0,4,1,2,1,47,8,2198,2,5,-1,1,-1
201897GK01810,1,9,0,18,0,8,1,7,0,6,1,1,2,1,51,8,1200,1,1,-1,1,-1
201897GK01810,2,9,0,18,0,1,1,7,0,6,1,1,2,2,46,8,1461,2,2,-1,1,-1
201897GK01811,1,9,0,9,0,1,0,0,0,0,3,1,6,2,20,4,1461,2,8,-1,2,-1
201897GK01811,2,9,0,18,0,1,0,0,0,0,3,1,6,1,58,9,1598,2,2,-1,1,-1
201897GK01902,1,9,0,7,0,1,0,0,0,0,4,1,6,1,25,5,1986,2,12,-1,1,-1
201897GK01906,1,9,0,18,0,2,0,0,0,0,1,1,6,2,32,6,999,1,2,-1,1,-1
201897GK01908,1,9,0,9,0,6,0,0,0,0,4,1,2,1,40,7,2494,8,1,-1,3,-1
201897GK01908,2,8,0,18,0,1,0,0,1,0,1,1,1,1,36,7,1461,2,1,-1,1,-1
201897GK01909,1,9,0,18,9,2,0,10,1,11,1,1,6,2,77,11,1596,1,3,-1,1,-1
201897GK02003,1,9,0,18,0,6,0,0,0,0,1,1,6,1,37,7,1248,2,4,-1,1,-1
201897GK02003,2,9,0,18,0,8,1,4,0,0,4,1,6,1,33,6,2993,2,10,-1,1,-1
201897GK02003,3,19,0,2,0,2,0,0,0,0,1,1,6,3,-1,-1,1560,2,4,-1,-1,-1
201897GK02005,1,8,0,14,0,1,0,0,0,0,1,1,1,1,47,8,1560,2,5,-1,1,-1
201897GK02006,1,11,0,9,0,5,0,0,0,0,1,1,1,1,50,8,6696,2,5,-1,1,-1
201897GK02009,1,9,0,9,0,1,0,0,0,0,4,1,6,2,34,6,1910,2,8,-1,-1,-1
201897GK02009,2,9,0,18,0,1,0,0,0,0,1,1,6,1,55,8,1353,1,1,-1,-1,-1
201897GK02010,1,3,0,18,0,0,2,0,0,0,0,1,6,1,22,5,125,1,-1,-1,1,-1
201897GK02102,1,9,0,9,0,8,0,0,0,0,0,1,6,3,-1,-1,1796,1,11,-1,-1,-1
201897GK02102,2,9,0,18,0,8,0,0,0,0,0,1,6,2,55,8,1997,2,9,-1,1,-1
201897GK02106,1,9,0,18,0,0,0,0,0,0,0,1,6,1,-1,-1,-1,-1,-1,-1,-1,-1
201897GK02106,2,19,0,18,0,0,0,0,1,2,1,1,1,1,35,6,1995,2,-1,-1,1,-1
201897GK02108,1,9,0,16,0,0,0,0,2,10,1,1,6,2,23,5,1242,1,9,-1,1,-1
201897GK02109,1,9,0,18,0,0,0,0,0,0,1,1,6,1,39,7,1598,1,8,-1,-1,-1
201897GK02109,2,9,0,3,0,0,0,0,0,0,2,1,2,1,32,6,2143,2,3,-1,1,-1
201897GK02110,1,9,0,17,0,8,0,0,0,0,4,1,6,1,18,4,1149,1,9,-1,1,-1
201897GK02110,2,9,0,16,0,8,0,0,0,0,1,1,6,1,25,5,1900,2,14,-1,1,-1
201897GK02112,1,9,0,18,0,4,0,0,0,0,4,1,6,2,76,11,1229,1,10,-1,1,-1
201897GK02112,2,9,0,9,0,8,0,0,0,0,0,1,6,2,44,7,1229,1,8,-1,1,-1
201897GK02201,1,19,0,4,0,1,0,0,0,0,4,1,1,1,29,6,2198,2,3,-1,1,-1
201897GK02207,1,9,0,4,0,1,0,0,1,0,1,1,6,1,56,9,998,1,5,-1,1,-1
201897GK02207,2,9,0,2,0,1,0,0,1,11,3,1,6,3,-1,-1,1360,1,9,-1,-1,-1
201897GK02208,1,9,0,18,0,1,0,0,0,0,1,1,6,2,35,6,1461,2,8,-1,1,-1
201897GK02208,2,9,0,3,0,1,0,0,0,0,2,1,2,2,34,6,1499,2,3,-1,1,-1
201897GK02209,1,9,0,18,0,1,0,0,0,0,4,1,6,1,43,7,1590,1,14,-1,-1,-1
201897GK02303,1,9,0,9,0,8,0,0,0,0,1,1,6,1,33,6,-1,-1,-1,-1,1,-1
201897GK02303,2,19,0,18,0,8,0,0,0,0,1,1,6,1,56,9,-1,-1,-1,-1,1,-1
201897GK02307,1,9,0,5,0,8,0,0,0,0,3,1,1,1,39,7,-1,-1,-1,-1,2,-1
201897GK02307,2,9,0,18,0,8,0,0,0,0,1,1,2,1,47,8,1781,1,14,-1,1,-1
201897GK02308,1,9,0,10,0,8,0,0,0,0,4,1,6,1,18,4,1149,1,2,-1,3,-1
201897GK02308,2,9,0,18,0,8,0,0,0,0,1,1,6,1,32,6,1461,2,6,-1,1,-1
201897GK02402,1,9,0,7,0,8,0,0,0,0,3,1,6,1,29,6,1598,2,4,-1,1,-1
201897GK02402,2,9,0,5,0,8,0,0,0,0,1,1,6,2,37,7,1398,1,6,-1,1,-1
201897GK02405,1,9,0,4,0,8,0,0,0,0,1,1,2,1,53,8,-1,-1,-1,-1,1,-1
201897GK02405,2,9,0,4,0,8,0,0,0,0,2,1,6,2,33,6,-1,-1,-1,-1,3,-1
201897GK02407,1,9,0,18,0,0,2,4,0,0,1,1,6,1,83,11,1398,1,2,-1,1,-1
201897GK02407,2,9,0,2,0,0,0,0,0,0,2,1,6,3,-1,-1,1956,2,3,-1,-1,-1
201897GK02407,3,9,0,2,0,0,0,0,0,0,2,1,6,3,-1,-1,1956,2,3,-1,-1,-1
201897GK02408,1,9,0,5,0,8,0,0,0,0,3,1,2,2,19,4,1149,1,1,-1,1,-1
201897GK02408,2,1,0,5,0,8,0,0,0,0,4,1,1,1,44,7,-1,-1,-1,-1,1,-1
201897GK02412,1,1,0,18,0,0,0,0,0,0,1,1,6,2,31,6,-1,-1,-1,-1,1,-1
201897GK02412,2,9,0,18,0,0,0,0,0,0,4,1,2,1,29,6,1364,1,14,-1,1,-1
201897GK02502,1,9,0,9,0,0,0,0,0,0,1,1,1,1,26,6,1598,2,2,-1,1,-1
201897GK02502,2,1,0,18,0,0,0,0,0,0,1,1,6,1,25,5,-1,-1,-1,-1,1,-1
201897GK02503,1,9,0,6,0,5,5,4,0,0,1,1,6,1,33,6,1242,1,11,-1,1,-1
201897GK02503,2,9,0,8,0,5,0,0,0,0,1,1,2,1,56,9,1685,2,4,-1,2,-1
201897GK02503,3,9,0,2,0,8,0,0,0,0,4,1,6,3,-1,-1,1968,2,-1,-1,-1,-1
201897GK02505,1,9,0,4,0,1,0,0,0,0,1,1,6,1,55,8,-1,-1,-1,-1,1,-1
201897GK02505,2,9,0,3,0,1,0,0,0,0,2,1,6,1,57,9,1560,2,2,-1,1,-1
201897GK02506,1,9,0,7,0,5,0,0,0,0,1,1,6,1,71,10,999,1,3,-1,1,-1
201897GK02508,1,9,0,9,0,5,0,6,1,11,1,1,6,1,47,8,1368,1,11,-1,1,-1
201897GK02509,1,9,0,16,6,4,5,9,1,7,1,1,6,1,20,4,998,1,5,-1,1,-1
201897GK02510,1,9,0,6,0,6,0,0,1,0,1,1,6,2,31,6,1598,1,3,-1,1,-1
201897GK02510,2,9,0,18,0,1,0,0,0,0,1,1,6,2,34,6,-1,-1,-1,-1,1,-1
201897GK02511,1,9,0,9,0,5,0,0,0,0,1,1,6,2,44,7,1149,1,13,-1,1,-1
201897GK02601,1,9,0,18,0,0,0,0,0,0,4,1,6,3,-1,-1,-1,-1,-1,-1,-1,-1
201897GK02605,1,9,0,18,0,1,0,0,0,0,3,1,6,2,58,9,1397,1,5,-1,1,-1
201897GK02605,2,9,0,5,0,1,0,0,0,0,4,1,6,1,18,4,1149,1,3,-1,1,-1
201897GK02607,1,9,0,18,0,1,0,0,0,0,1,1,6,2,66,10,1248,1,6,-1,1,-1
201897GK02607,2,9,0,18,0,1,0,0,0,0,3,1,6,2,21,5,1395,1,-1,-1,1,-1
201897GK02608,1,9,0,18,0,0,0,0,0,0,1,1,6,3,-1,-1,-1,-1,-1,-1,-1,-1
201897GK02608,2,9,0,18,0,0,0,0,0,0,1,1,6,1,48,8,1242,1,11,-1,1,-1
201897GK02609,1,9,0,18,0,8,0,0,0,0,1,1,6,1,67,10,-1,-1,-1,-1,1,-1
201897GK02705,1,19,0,18,0,2,0,0,0,0,1,1,6,1,32,6,1248,2,2,-1,1,-1
201897GK02706,1,1,0,18,0,1,0,0,0,0,1,1,6,1,29,6,-1,-1,-1,-1,1,-1
201897GK02706,2,9,0,7,0,6,0,0,0,0,1,1,6,1,31,6,898,1,2,-1,-1,-1
201897GK02707,1,9,0,18,0,1,0,0,0,0,1,1,6,1,60,9,1995,2,8,-1,3,-1
201897GK02707,2,9,0,9,0,1,0,0,0,0,1,1,6,2,48,8,998,1,5,-1,1,-1
201897GK02709,1,9,0,18,0,0,0,0,0,0,1,1,1,1,-1,-1,1398,1,4,-1,-1,-1
201897GK02709,2,1,0,7,0,0,0,0,0,0,3,1,6,1,14,3,-1,-1,-1,-1,1,-1
201897GK02710,1,8,0,1,0,0,0,0,0,0,2,1,1,1,52,8,1598,2,2,-1,1,-1
201897GK02801,1,9,0,18,0,0,0,0,0,0,1,1,6,2,24,5,1560,2,4,-1,2,-1
201897GK02801,2,9,0,4,0,0,0,0,0,0,2,1,6,2,41,7,1461,2,4,-1,3,-1
201897GK02807,1,9,0,9,0,8,0,0,0,0,0,1,2,1,54,8,1364,1,-1,-1,1,-1
201897GK02807,2,1,0,18,0,8,0,0,0,0,3,1,6,1,47,8,-1,-1,-1,-1,1,-1
201897GK02808,1,9,0,5,0,1,0,0,0,0,1,1,6,1,69,10,1598,2,-1,-1,1,-1
201897GK02808,2,9,0,5,0,1,0,0,0,0,1,1,1,1,25,5,-1,-1,-1,-1,1,-1
201897GK02906,1,19,0,18,0,5,0,0,0,0,4,1,1,1,63,9,2143,2,1,-1,3,-1
201897GK02906,2,1,0,18,0,8,0,0,0,0,1,1,2,1,49,8,-1,-1,-1,-1,1,-1
201897GK02907,1,9,0,18,0,0,0,0,0,0,1,1,6,1,-1,-1,1364,1,8,-1,1,-1
201897GK02907,2,8,0,18,0,0,0,0,0,0,2,1,1,1,56,9,1560,2,4,-1,1,-1
201897GK02907,3,11,0,18,0,0,0,0,0,0,0,1,1,3,-1,-1,-1,-1,-1,-1,-1,-1
201897GK02908,1,9,0,18,0,1,0,0,0,0,1,1,6,2,24,5,1499,2,-1,-1,1,-1
201897GK02908,2,9,0,18,0,1,0,0,0,0,2,1,6,1,62,9,1995,2,2,-1,1,-1
201897GK03001,1,19,0,18,0,8,0,0,0,0,3,1,6,3,-1,-1,-1,-1,-1,-1,-1,-1
201897GK03001,2,9,0,18,0,8,0,0,0,0,4,1,1,2,25,5,1598,2,6,-1,1,-1
201897GK03011,1,9,0,9,0,8,0,0,0,0,3,1,6,1,57,9,1956,2,3,-1,1,-1
201897GK03011,2,9,0,18,0,8,0,0,0,0,1,1,6,1,32,6,1398,1,3,-1,1,-1
201897GK03012,1,9,0,4,0,0,0,0,0,0,3,1,6,2,33,6,2179,2,5,-1,-1,-1
201897GK03110,1,9,0,18,0,6,0,0,0,0,1,1,6,1,38,7,999,1,2,-1,1,-1
201897GK03110,2,9,0,9,0,1,0,0,0,0,3,1,6,1,52,8,1364,1,10,-1,1,-1
201897GK03111,1,9,0,9,0,8,0,0,0,0,1,1,6,1,59,9,1398,1,8,-1,1,-1
201897GK03111,2,1,0,18,0,8,0,0,0,0,3,1,6,1,29,6,-1,-1,-1,-1,-1,-1
201897GK03201,1,9,0,9,0,8,0,0,0,0,1,1,2,2,33,6,1998,1,13,-1,1,-1
201897GK03201,2,5,0,18,0,1,0,0,0,0,1,1,6,1,55,8,1078,1,10,-1,1,-1
201897GK03311,1,8,0,18,0,0,0,0,0,0,1,1,1,1,32,6,1956,2,3,-1,1,-1
201897GK03410,1,9,0,18,0,8,0,0,0,0,1,1,1,1,44,7,1685,2,4,-1,1,-1
201897GK03410,2,9,0,18,0,8,0,0,0,0,4,1,6,2,20,4,998,1,6,-1,1,-1
201897GK03411,1,9,0,9,0,8,0,0,0,0,1,1,6,1,22,5,-1,-1,-1,-1,1,-1
201897GK03411,2,9,0,18,0,8,0,0,1,11,1,1,2,1,55,8,1995,2,1,-1,1,-1
201897GK03510,1,9,0,18,0,1,1,0,7,0,1,1,6,1,52,8,1497,1,15,-1,1,-1
201897GK03510,2,9,0,10,0,1,0,0,0,0,4,1,6,1,58,9,1598,2,3,7,1,7
201897GK03612,1,9,0,4,0,1,0,0,0,0,1,1,6,1,33,6,1984,1,1,-1,1,-1
201897GK03612,2,9,0,4,0,1,0,0,0,0,2,1,2,2,56,9,1149,1,5,-1,1,-1
201897GK03612,3,9,0,4,0,1,0,0,0,0,2,1,6,2,29,6,1598,1,14,-1,1,-1
201897GK03701,1,9,0,16,0,1,0,0,0,0,1,1,6,3,-1,-1,-1,-1,-1,-1,-1,-1
201897GK03710,1,5,0,5,0,0,0,0,0,0,3,1,1,1,34,6,1247,1,4,-1,1,-1
201897GK03710,2,9,0,7,0,0,0,0,0,0,1,1,1,1,43,7,1398,1,2,-1,1,-1
201897GK03712,1,9,0,18,0,1,0,0,0,0,1,1,1,1,64,9,1461,2,1,-1,1,-1
201897GK03712,2,9,0,3,3,2,0,0,0,0,1,1,6,2,69,10,1349,1,9,-1,1,-1
201897GK03810,1,9,0,1,0,0,0,0,0,0,2,1,6,1,54,8,1598,1,6,-1,1,-1
201897GK03810,2,9,0,2,0,0,0,0,0,0,1,1,3,2,31,6,998,1,7,-1,1,-1
201897GK03812,1,8,0,4,0,0,0,0,0,0,1,1,1,1,61,9,1598,2,6,-1,1,-1
201897GK03910,1,9,0,18,0,1,1,0,0,0,1,1,6,3,-1,-1,1968,2,11,-1,-1,-1
201897GK03910,2,9,0,3,0,1,0,0,0,0,2,1,6,2,49,8,1248,1,4,-1,1,-1
201897GK03910,3,9,0,3,0,1,0,0,0,0,2,1,6,1,39,7,1968,1,13,-1,1,-1
201897GK70105,1,9,0,18,0,0,0,4,7,5,1,1,6,1,32,6,1969,2,3,-1,1,-1
201897GK70105,2,19,0,2,0,0,0,0,1,0,1,1,6,1,30,6,1598,2,2,-1,1,-1
201897GK70106,1,5,0,11,0,0,0,0,0,0,1,1,6,1,30,6,1043,1,5,-1,1,-1
201897GK70106,2,9,0,18,0,0,0,0,0,0,2,1,6,2,48,8,1246,1,13,-1,1,-1
201897GK70109,1,9,0,7,0,8,5,0,1,10,4,1,6,2,80,11,898,1,3,-1,1,-1
201897GK70110,1,9,0,18,0,0,0,10,6,4,0,1,6,1,20,4,1598,1,14,-1,1,-1
201897GK70111,1,9,0,18,0,8,0,0,0,0,1,1,6,1,41,7,1229,1,8,-1,1,-1
201897GK70112,1,9,0,18,0,8,0,0,0,0,1,1,6,1,23,5,1995,2,11,-1,1,-1
201897GK70201,1,9,0,18,0,0,0,0,0,0,1,1,6,2,59,9,1461,2,3,-1,1,-1
201897GK70202,1,9,0,18,0,0,0,0,1,1,4,1,6,1,41,7,2000,2,9,-1,1,-1
201897GK70203,1,9,0,9,0,1,0,10,1,7,1,1,2,1,29,6,1560,2,13,-1,1,-1
201897GK70203,2,9,0,18,0,1,0,0,0,0,1,1,2,1,27,6,1229,1,10,-1,1,-1
201897GK70205,1,19,0,5,0,6,0,0,0,0,1,1,1,1,46,8,1598,2,3,-1,1,-1
201897GK70205,2,1,0,18,0,1,0,0,0,0,2,1,6,1,45,7,-1,-1,-1,-1,1,-1
201897GK70206,1,9,0,18,0,8,0,0,0,0,1,1,6,1,22,5,1461,2,2,-1,1,-1
201897GK70206,2,9,0,13,0,8,5,0,1,7,2,1,6,1,24,5,999,1,1,-1,1,-1
201897GK70206,3,9,0,18,0,8,0,0,0,0,2,1,6,2,52,8,1197,1,4,-1,3,-1
201897GK70208,1,5,0,18,0,0,0,0,0,0,1,1,6,1,24,5,645,1,3,-1,1,-1
201897GK70209,1,9,0,9,0,5,0,0,0,0,4,1,6,2,28,6,1598,2,4,-1,3,-1
201897GK70209,2,9,0,18,0,8,0,0,0,0,1,1,6,1,53,8,1461,2,8,-1,1,-1
201897GK70209,3,9,0,18,0,1,0,0,0,0,4,1,6,1,37,7,1461,2,3,-1,3,-1
201897GK70211,1,9,0,18,0,0,0,0,0,6,1,1,6,1,31,6,1968,2,3,-1,1,-1
201897GK70211,2,9,0,18,0,0,0,0,1,9,2,1,6,2,54,8,1398,1,2,-1,1,-1
201897GK70212,1,8,0,18,0,2,0,0,0,0,1,1,6,1,69,10,2499,2,10,-1,1,-1
201897GK70306,1,19,0,18,0,2,0,0,0,0,1,1,2,1,34,6,2198,2,5,-1,3,-1
201897GK70306,2,9,0,3,0,2,0,0,0,0,2,1,2,1,42,7,1598,1,16,-1,1,-1
201897GK70306,3,9,0,3,0,2,0,0,0,0,2,1,2,1,46,8,1956,2,2,-1,-1,-1
201897GK70307,1,9,0,18,0,0,0,0,0,0,4,1,6,1,70,10,1968,2,4,-1,2,-1
201897GK70307,2,8,0,18,0,0,0,0,0,0,4,1,1,1,56,9,1997,2,2,-1,1,-1
201897GK70311,1,9,0,4,0,0,0,0,0,0,1,1,2,1,24,5,2204,2,12,-1,1,-1
201897GK70311,2,9,0,4,0,0,0,0,0,0,2,1,2,2,34,6,1598,2,2,-1,1,-1
201897GK70401,1,9,0,13,0,0,1,0,1,2,3,1,6,1,18,4,-1,-1,-1,-1,1,-1
201897GK70402,1,90,0,18,0,8,0,0,0,0,1,1,6,1,7,2,-1,-1,-1,-1,1,-1
201897GK70402,2,9,0,18,0,1,0,0,0,0,3,1,6,2,32,6,1998,1,17,-1,1,-1
201897GK70405,1,9,0,18,0,1,0,0,0,0,3,1,6,2,22,5,1499,2,1,-1,1,-1
201897GK70405,2,9,0,18,0,5,0,0,0,0,1,1,2,2,39,7,1200,1,1,-1,1,-1
201897GK70409,1,3,0,18,0,1,0,0,0,0,1,1,6,1,18,4,125,1,4,-1,1,-1
201897GK70409,2,9,0,5,0,1,0,0,0,0,2,1,6,1,49,8,1560,2,7,-1,1,-1
201897GK70410,1,19,0,5,0,6,0,0,0,0,1,1,2,1,18,4,1560,2,3,-1,1,-1
201897GK70411,1,9,0,18,0,0,0,0,0,0,1,1,2,1,42,7,1598,2,6,-1,1,-1
201897GK70501,1,21,1,16,0,3,0,0,0,0,3,2,1,1,27,6,-1,-1,-1,-1,-1,-1
201897GK70501,2,19,0,13,0,3,5,0,0,0,4,1,1,1,42,7,2488,2,3,-1,1,-1
201897GK70505,1,9,0,18,0,6,0,0,0,0,1,1,6,1,58,9,1968,2,12,-1,2,-1
201897GK70505,2,9,0,9,0,7,0,0,0,10,3,1,6,1,55,8,1149,1,3,-1,1,-1
201897GK70507,1,9,0,9,0,6,0,0,0,0,3,1,6,1,26,6,1591,1,2,-1,1,-1
201897GK70507,2,9,0,18,0,1,0,0,0,0,4,1,6,2,34,6,1597,2,4,-1,1,-1
201897GK70508,1,9,0,9,0,8,0,0,0,0,1,1,6,2,18,4,1368,1,10,-1,-1,-1
201897GK70508,2,9,0,18,8,5,0,0,0,0,4,1,6,1,33,6,1995,2,8,-1,1,-1
201897GK70509,1,9,0,18,0,1,0,0,0,0,3,1,6,2,36,7,1586,1,-1,-1,1,-1
201897GK70511,1,9,0,9,0,5,0,0,0,0,1,1,6,1,33,6,1999,2,2,-1,3,-1
201897GK70605,1,9,0,7,0,8,0,0,0,0,1,1,6,1,25,5,1349,1,8,-1,1,-1
201897GK70605,2,9,0,18,0,8,0,0,0,0,4,1,6,1,29,6,1399,1,2,-1,1,-1
201897GK70608,1,21,0,11,0,0,0,0,0,0,1,1,6,1,60,9,12809,2,3,-1,1,-1
201897GK70608,2,9,0,12,0,0,2,0,0,0,2,1,6,1,54,8,1598,2,3,-1,1,-1
201897GK70609,1,9,0,16,0,0,2,0,7,0,1,1,6,2,68,10,1242,1,1,-1,1,-1
201897GK70611,1,9,0,18,0,1,0,0,0,0,3,1,6,1,61,9,1997,2,1,-1,1,-1
201897GK70709,1,9,0,16,0,1,2,0,1,4,1,1,6,1,23,5,1998,1,-1,-1,1,-1
201897GK70709,2,9,0,2,0,2,0,0,0,0,2,1,6,3,-1,-1,1968,2,9,-1,-1,-1
201897GK70710,1,9,0,18,0,2,0,0,0,0,2,1,6,2,33,6,1328,1,8,-1,1,-1
201897GK70710,2,9,0,18,0,1,0,0,0,0,1,1,6,1,40,7,2969,2,11,-1,1,-1
201897GK70803,1,9,0,9,0,5,0,0,0,0,1,1,3,2,43,7,1398,1,2,-1,1,-1
201897GK70803,2,9,0,18,0,1,0,0,0,0,1,1,3,1,54,8,1900,2,13,-1,1,-1
201897GK70810,1,9,0,9,0,8,0,0,0,0,1,1,2,2,65,9,999,1,2,-1,1,-1
201897GK70810,2,1,0,17,2,8,0,0,0,0,1,1,6,1,37,7,-1,-1,-1,-1,1,-1
201897GK70909,1,9,0,18,0,0,0,0,0,0,1,1,2,1,37,7,1799,1,11,-1,1,-1
201897GK70909,2,9,0,18,0,0,0,0,0,0,2,1,2,2,33,6,1560,2,4,-1,1,-1
201897GK70909,3,9,0,18,0,0,0,0,0,0,2,1,2,2,34,6,1242,1,3,-1,2,-1
201897GK70909,4,9,0,18,0,0,0,0,0,0,2,1,2,2,23,5,1995,2,3,-1,1,-1
201897GK70909,5,9,0,18,0,0,0,0,0,0,4,1,2,2,34,6,1200,1,4,-1,1,-1
201897GK70910,1,5,0,13,0,1,0,0,0,0,1,1,6,1,48,8,600,1,16,-1,1,-1
201897GK70910,2,9,0,10,0,1,0,0,0,0,2,1,6,1,60,9,1560,2,3,-1,2,-1
201897GK71010,1,3,0,9,0,8,1,0,0,0,3,1,6,1,59,9,-1,-1,-1,-1,1,-1
201897GK71109,1,9,0,18,0,0,0,0,0,0,1,1,1,1,46,8,1598,2,4,-1,1,-1
201897GK71110,1,9,0,18,0,0,0,0,0,0,1,1,6,1,46,8,1598,1,4,-1,1,-1
201897GK71110,2,9,0,4,0,0,0,0,0,0,2,1,2,1,45,7,2967,2,3,-1,1,-1
201897GK71210,1,9,0,6,0,0,0,0,0,0,4,1,6,1,79,11,1399,1,1,-1,1,-1
201897GK71210,2,3,0,18,0,0,2,0,0,0,1,1,2,1,59,9,124,1,2,-1,1,-1
201897GK71310,1,9,0,12,0,0,0,0,0,7,1,1,1,1,22,5,-1,-1,-1,-1,-1,-1
201897GK71610,1,19,0,18,0,0,0,0,0,0,1,1,6,3,-1,-1,-1,-1,-1,-1,-1,-1
201897GK71610,2,9,0,18,0,0,0,0,0,6,2,1,2,1,52,8,1598,1,8,-1,1,-1
201897GP00103,1,9,0,6,0,8,0,0,0,0,1,1,6,1,47,8,1998,1,10,-1,1,-1
201897GP00104,1,9,0,12,0,0,0,0,0,0,3,1,6,3,-1,-1,1995,2,11,-1,-1,-1
201897GP00104,2,8,0,18,0,0,0,0,0,0,4,1,1,1,-1,-1,-1,-1,-1,-1,1,-1
201897GP00105,1,9,0,5,0,8,0,0,0,0,1,1,1,1,65,9,1995,2,3,-1,1,-1
201897GP00105,2,19,0,5,0,8,0,0,1,0,4,1,1,1,37,7,-1,-1,-1,-1,1,-1