Accident_Index,Vehicle_Reference,Vehicle_Type,Towing_and_Articulation,Vehicle_Manoeuvre,Vehicle_Location-Restricted_Lane,Junction_Location,Skidding_and_Overturning,Hit_Object_in_Carriageway,Vehicle_Leaving_Carriageway,Hit_Object_off_Carriageway,1st_Point_of_Impact,Was_Vehicle_Left_Hand_Drive?,Journey_Purpose_of_Driver,Sex_of_Driver,Age_of_Driver,Age_Band_of_Driver,Engine_Capacity_(CC),Propulsion_Code,Age_of_Vehicle,Driver_IMD_Decile,Driver_Home_Area_Type,Vehicle_IMD_Decile
201897GP00106,1,9,0,7,0,8,0,0,0,0,3,1,6,1,32,6,1598,1,7,-1,1,-1
201897GP00109,1,1,0,18,0,8,0,0,0,0,3,1,1,1,41,7,-1,-1,-1,-1,1,-1
201897GP00109,2,9,0,18,0,8,0,0,0,0,1,1,6,1,20,4,1149,1,6,-1,3,-1
201897GP00110,1,19,0,18,0,8,0,0,0,0,3,1,1,1,45,7,1995,2,1,2,1,2
201897GP00110,2,9,0,18,0,8,0,0,0,0,1,1,1,1,53,8,1582,2,6,-1,1,-1
201897GP00111,1,8,0,18,0,1,0,0,0,0,3,1,1,1,57,9,2143,2,3,-1,-1,-1
201897GP00112,1,9,0,18,0,6,0,0,0,0,1,1,6,2,38,7,2143,2,4,-1,1,-1
201897GP00112,2,9,0,18,0,8,0,0,1,1,4,1,6,1,35,6,1956,2,8,-1,1,-1
201897GP00201,1,9,0,9,0,2,0,0,0,0,1,1,2,1,38,7,1149,1,10,-1,1,-1
201897GP00203,1,9,0,18,0,0,0,0,0,0,4,1,6,1,30,6,1242,1,2,-1,1,-1
201897GP00203,2,20,4,18,0,0,0,0,0,0,1,1,1,1,59,9,7698,2,3,-1,1,-1
201897GP00204,1,9,0,18,0,8,0,2,0,0,3,1,6,1,-1,-1,-1,-1,-1,-1,-1,-1
201897GP00206,1,9,0,3,0,1,0,0,0,0,2,1,6,2,35,6,1597,2,4,-1,1,-1
201897GP00206,2,4,0,4,0,1,1,0,0,0,1,1,6,1,41,7,125,1,1,-1,1,-1
201897GP00207,1,1,0,18,0,0,0,4,0,0,1,1,2,1,26,6,-1,-1,-1,-1,1,-1
201897GP00207,2,9,0,2,0,0,0,0,0,0,2,1,6,3,-1,-1,1198,1,4,-1,-1,-1
201897GP00208,1,3,0,18,0,1,0,0,0,0,1,1,6,1,19,4,125,1,4,-1,3,-1
201897GP00208,2,9,0,6,0,2,0,0,0,0,4,1,6,1,21,5,2967,2,1,-1,1,-1
201897GP00209,1,9,0,3,0,0,0,0,0,0,1,1,6,1,25,5,-1,-1,-1,-1,-1,-1
201897GP00212,1,9,0,18,0,2,0,0,0,0,4,1,2,1,23,5,1229,1,7,-1,1,-1
201897GP00301,1,9,0,18,0,8,0,0,0,0,3,1,6,1,39,7,2148,2,15,-1,1,-1
201897GP00301,2,9,0,5,0,8,0,0,0,0,4,1,6,1,60,9,1997,2,1,-1,1,-1
201897GP00302,1,8,0,9,0,8,0,0,0,0,1,1,1,1,60,9,1997,2,2,-1,1,-1
201897GP00304,1,9,0,18,0,8,0,0,0,0,1,1,6,1,43,7,1753,2,7,-1,1,-1
201897GP00304,2,9,0,18,0,8,0,0,0,0,4,1,2,1,38,7,1242,1,3,-1,1,-1
201897GP00306,1,9,0,4,0,0,0,0,0,0,2,1,2,1,35,6,-1,-1,-1,-1,-1,-1
201897GP00306,2,1,0,18,0,0,0,0,0,0,1,1,2,1,35,6,-1,-1,-1,-1,1,-1
201897GP00307,1,19,0,9,0,8,0,0,0,0,1,1,1,1,38,7,1560,2,-1,-1,-1,-1
201897GP00308,1,9,0,18,0,0,0,0,0,0,1,1,1,1,25,5,-1,-1,-1,-1,1,-1
201897GP00308,2,9,0,3,0,0,0,0,0,0,2,1,6,1,39,7,1995,2,13,-1,1,-1
201897GP00309,1,9,0,9,0,2,0,0,0,0,1,1,6,1,34,6,1598,1,6,-1,1,-1
201897GP00310,1,21,4,9,0,8,0,0,0,0,4,2,1,1,47,8,-1,-1,-1,-1,-1,-1
201897GP00310,2,9,0,9,0,8,0,0,0,0,3,1,6,2,32,6,1395,1,2,-1,1,-1
201897GP00311,1,9,0,18,0,0,0,0,0,0,4,1,2,1,24,5,1995,2,2,-1,1,-1
201897GP00401,1,9,0,18,0,8,0,0,0,0,1,1,6,1,49,8,1968,2,1,-1,-1,-1
201897GP00401,2,8,0,5,0,8,0,0,0,0,3,1,1,1,64,9,1560,2,3,-1,-1,-1
201897GP00402,1,3,0,18,0,8,0,0,0,0,1,1,6,1,21,5,125,1,1,-1,1,-1
201897GP00402,2,9,0,5,0,8,0,0,0,0,1,1,6,1,23,5,2148,2,11,-1,1,-1
201897GP00404,1,9,0,1,0,0,0,0,0,0,2,1,6,1,37,7,1968,2,2,-1,1,-1
201897GP00405,1,9,0,7,0,1,0,0,0,0,4,1,6,1,39,7,1149,1,4,-1,1,-1
201897GP00405,2,11,0,18,0,1,0,0,0,0,3,1,1,1,52,8,6696,2,5,-1,-1,-1
201897GP00406,1,9,0,5,0,2,0,0,0,0,1,1,6,2,56,9,3724,7,15,-1,-1,-1
201897GP00408,1,1,0,18,5,0,0,0,0,0,1,1,6,1,30,6,-1,-1,-1,-1,1,-1
201897GP00408,2,9,0,18,0,0,0,0,0,0,4,1,2,1,34,6,1360,1,13,5,1,5
201897GP00409,1,11,0,18,0,1,0,0,0,0,0,1,1,1,43,7,8268,2,15,-1,1,-1
201897GP00410,1,9,0,9,0,6,0,0,0,0,3,1,1,1,49,8,2143,2,3,-1,-1,-1
201897GP00412,1,9,0,5,0,1,0,0,0,0,3,1,1,1,60,9,1598,1,5,-1,1,-1
201897GP00412,2,1,0,18,0,1,0,0,0,0,1,1,2,1,33,6,-1,-1,-1,-1,1,-1
201897GP00503,1,19,0,18,0,1,0,0,0,0,4,1,6,1,55,8,1248,2,14,-1,1,-1
201897GP00504,1,9,0,11,0,1,0,0,0,0,4,1,6,1,71,10,1997,2,8,-1,1,-1
201897GP00504,2,1,0,18,0,1,0,0,0,0,3,1,2,1,43,7,-1,-1,-1,-1,1,-1
201897GP00508,1,9,0,9,0,8,0,0,0,0,4,1,6,1,55,8,2987,2,7,-1,-1,-1
201897GP00508,2,9,0,18,0,8,0,0,0,0,1,1,6,2,21,5,1197,1,4,-1,1,-1
201897GP00509,1,9,0,7,0,1,0,0,0,0,1,1,6,1,65,9,1984,2,5,-1,1,-1
201897GP00509,2,1,0,18,0,8,0,0,0,0,4,1,6,1,36,7,-1,-1,-1,-1,1,-1
201897GP00511,1,8,0,3,0,0,0,0,0,0,2,1,1,1,50,8,1997,2,4,-1,1,-1
201897GP00601,1,11,0,4,2,0,0,0,0,0,1,1,1,1,64,9,6700,2,6,-1,1,-1
201897GP00605,1,9,0,5,0,0,0,0,0,0,1,1,6,1,59,9,-1,-1,-1,-1,1,-1
201897GP00607,1,9,0,18,0,1,0,0,0,0,1,1,6,2,59,9,1461,2,2,-1,1,-1
201897GP00607,2,1,0,9,0,1,0,0,0,0,2,1,6,1,25,5,-1,-1,-1,-1,1,-1
201897GP00608,1,9,0,5,0,8,5,0,0,0,3,1,6,2,26,6,1499,2,1,-1,-1,-1
201897GP00608,2,9,0,18,0,8,0,0,0,0,1,1,1,1,38,7,-1,-1,-1,-1,1,-1
201897GP00610,1,9,0,7,0,1,0,0,0,0,4,1,6,1,54,8,1598,2,-1,-1,1,-1
201897GP00610,2,1,0,18,0,1,0,0,0,0,1,1,1,1,29,6,-1,-1,-1,-1,1,-1
201897GP00611,1,20,0,18,0,8,0,0,0,0,1,1,1,1,65,9,-1,-1,-1,1,1,1
201897GP00611,2,9,0,9,0,8,0,0,0,0,4,1,2,1,58,9,-1,-1,-1,-1,1,-1
201897GP00701,1,9,0,4,0,1,0,0,0,0,2,1,1,1,38,7,1968,2,6,-1,1,-1
201897GP00701,2,9,0,10,0,1,0,0,0,0,1,1,6,1,74,10,1200,1,1,-1,1,-1
201897GP00706,1,1,0,18,0,1,0,0,0,0,1,1,6,3,-1,-1,-1,-1,-1,-1,-1,-1
201897GP00707,1,9,0,4,0,1,0,0,0,0,1,1,2,1,21,5,1242,1,7,-1,1,-1
201897GP00707,2,19,0,18,0,1,0,0,0,0,1,1,1,1,56,9,2198,2,5,-1,1,-1
201897GP00709,1,3,0,12,0,0,0,0,0,0,3,1,2,1,28,6,749,1,-1,-1,1,-1
201897GP00709,2,9,0,18,0,0,0,0,0,0,4,1,6,3,-1,-1,-1,-1,-1,-1,-1,-1
201897GP00710,1,9,0,11,0,1,0,0,0,0,1,1,6,1,56,9,1995,2,6,-1,1,-1
201897GP00710,2,9,0,11,0,1,0,0,0,0,2,1,6,1,46,8,1796,1,7,-1,1,-1
201897GP00712,1,9,0,9,0,1,0,0,0,0,3,1,6,3,-1,-1,-1,-1,-1,-1,-1,-1
201897GP00801,1,9,0,18,0,8,0,0,0,0,1,1,6,2,23,5,998,1,1,-1,1,-1
201897GP00801,2,9,0,18,0,8,0,0,0,0,4,1,1,1,44,7,1798,8,1,-1,1,-1
201897GP00802,1,9,0,4,0,1,0,0,0,0,1,1,6,2,29,6,1968,2,2,-1,1,-1
201897GP00802,2,9,0,4,0,1,0,0,0,0,2,1,6,2,20,4,1198,1,7,-1,2,-1
201897GP00803,1,19,0,11,0,1,0,0,0,0,0,1,1,3,-1,-1,2143,2,4,-1,-1,-1
201897GP00803,2,11,0,18,0,1,0,0,0,0,0,1,1,1,56,9,8268,2,15,-1,1,-1
201897GP00804,1,8,0,5,0,1,0,0,0,0,3,1,1,1,62,9,1997,2,7,-1,1,-1
201897GP00805,1,11,0,5,2,1,0,0,0,0,0,1,1,1,32,6,7300,2,12,-1,1,-1
201897GP00805,2,8,0,11,2,1,0,0,0,0,0,1,1,1,69,10,1997,2,2,-1,1,-1
201897GP00806,1,8,0,10,0,1,0,0,0,0,4,1,1,1,52,8,2143,2,1,-1,-1,-1
201897GP00806,2,4,0,18,0,1,0,0,0,0,3,1,6,1,36,7,999,1,11,-1,2,-1
201897GP00807,1,9,0,5,0,1,0,0,0,0,1,1,6,3,-1,-1,1461,2,3,-1,-1,-1
201897GP00807,2,1,0,18,0,1,0,0,0,0,3,1,6,1,25,5,-1,-1,-1,-1,-1,-1
201897GP00808,1,9,0,18,0,0,0,0,0,0,1,1,6,1,52,8,1598,2,2,-1,1,-1
201897GP00809,1,9,0,18,0,0,0,0,0,0,1,1,6,1,35,6,1598,1,12,-1,1,-1
201897GP00809,2,9,0,3,0,0,0,0,0,0,1,1,6,2,53,8,1461,2,6,-1,1,-1
201897GP00809,3,9,0,3,0,0,0,0,0,0,0,1,6,1,65,9,2143,2,-1,10,1,10
201897GP00903,1,9,0,18,0,2,0,0,0,0,1,1,6,1,26,6,1390,1,7,-1,1,-1
201897GP00904,1,9,0,7,0,8,0,0,0,0,1,1,6,3,-1,-1,-1,-1,-1,-1,-1,-1
201897GP00904,2,1,0,18,0,8,0,0,0,0,1,1,1,1,26,6,-1,-1,-1,-1,1,-1
201897GP00905,1,9,0,18,0,0,0,0,0,0,1,1,6,1,35,6,-1,-1,-1,-1,1,-1
201897GP00908,1,9,0,12,0,1,0,4,0,10,1,1,6,1,34,6,1598,2,9,-1,1,-1
201897GP00908,2,11,0,4,0,1,0,0,0,0,1,1,6,1,32,6,10383,2,-1,-1,1,-1
201897GP00908,3,9,0,2,0,1,0,4,0,0,1,1,6,1,49,8,1339,1,13,-1,1,-1
201897GP00908,4,9,0,2,0,1,0,0,0,0,1,1,6,2,48,8,1200,1,2,-1,1,-1
201897GP00909,1,9,0,18,0,8,0,0,0,0,1,1,6,1,28,6,1560,2,3,-1,1,-1
201897GP00909,2,9,0,18,0,8,0,0,0,0,3,1,1,1,46,8,1968,2,2,-1,1,-1
201897GP01001,1,11,0,18,0,0,0,0,0,0,1,1,1,1,-1,-1,-1,-1,-1,-1,-1,-1
201897GP01005,1,9,0,9,0,5,0,0,0,0,4,1,1,2,49,8,1248,1,6,-1,1,-1
201897GP01005,2,9,0,15,0,1,0,0,0,0,1,1,1,1,21,5,-1,-1,-1,-1,1,-1
201897GP01011,1,9,0,18,0,2,0,0,0,0,1,1,1,1,33,6,1598,2,4,-1,1,-1
201897GP01012,1,9,0,15,0,1,0,0,0,0,4,1,1,1,69,10,1997,2,6,-1,1,-1
201897GP01012,2,1,0,18,0,1,0,0,0,0,3,1,2,2,57,9,-1,-1,-1,-1,1,-1
201897GP01101,1,19,0,5,0,1,0,0,0,0,1,1,6,1,-1,-1,1997,2,1,-1,-1,-1
201897GP01101,2,19,0,3,0,1,0,0,0,0,2,1,1,1,32,6,1248,2,2,-1,1,-1
201897GP01101,3,19,0,3,0,1,0,0,0,0,2,1,1,1,-1,-1,-1,-1,-1,-1,-1,-1
201897GP01102,1,9,0,1,0,1,0,0,0,0,2,1,6,3,-1,-1,2143,2,4,-1,-1,-1
201897GP01103,1,9,0,5,0,0,0,4,0,0,1,1,6,1,45,7,1781,1,14,-1,1,-1
201897GP01103,2,9,0,2,0,0,0,0,0,0,2,1,6,1,38,7,2143,2,6,-1,1,-1
201897GP01105,1,1,0,18,0,1,0,0,0,0,1,1,6,1,49,8,-1,-1,-1,-1,1,-1
201897GP01105,2,9,0,3,0,1,0,0,0,0,2,1,6,2,53,8,1398,1,1,-1,1,-1
201897GP01106,1,9,0,9,0,8,0,0,7,0,4,1,2,2,31,6,1248,1,7,-1,1,-1
201897GP01106,2,9,0,18,0,8,0,0,0,0,1,1,6,1,28,6,2987,2,2,-1,1,-1
201897GP01205,1,9,0,18,0,8,0,0,0,0,1,1,2,1,48,8,1598,1,5,-1,1,-1
201897GP01205,2,8,0,9,0,8,0,0,0,0,4,1,1,1,35,6,1598,2,3,-1,1,-1
201897GP01206,1,9,0,9,0,8,0,0,0,0,4,1,6,1,21,5,1390,1,13,-1,1,-1
201897GP01206,2,1,0,18,0,1,0,0,0,0,3,1,2,2,51,8,-1,-1,-1,-1,1,-1
201897GP01212,1,5,0,18,0,8,0,0,0,0,1,1,6,3,-1,-1,-1,-1,-1,-1,-1,-1
201897GP01302,1,9,0,9,0,8,0,0,0,0,1,1,6,1,27,6,1870,2,13,-1,1,-1
201897GP01302,2,9,0,18,0,8,0,0,0,0,3,1,1,1,56,9,-1,-1,-1,-1,3,-1
201897GP01305,1,9,0,9,0,8,0,0,0,0,1,1,2,1,24,5,1995,2,1,-1,1,-1
201897GP01305,2,1,0,18,0,8,0,0,0,0,3,1,2,1,53,8,-1,-1,-1,-1,1,-1
201897GP01310,1,11,0,7,0,1,0,0,0,0,3,1,1,1,-1,-1,13000,2,2,-1,-1,-1
201897GP01310,2,1,0,3,0,1,0,0,0,0,4,1,6,1,28,6,-1,-1,-1,-1,1,-1
201897GP01406,1,19,0,9,0,6,0,0,0,0,1,1,2,1,35,6,2148,2,10,-1,1,-1
201897GP01406,2,5,0,18,0,1,0,0,0,0,4,1,2,1,39,7,738,1,25,-1,1,-1
201897GP01408,1,9,0,12,0,1,0,0,0,0,3,1,6,3,-1,-1,1896,2,8,-1,-1,-1
201897GP01408,2,9,0,7,0,1,0,0,0,0,4,1,6,2,30,6,1386,1,11,-1,1,-1
201897GP01410,1,9,0,4,0,1,0,0,0,0,4,1,6,1,28,6,1590,1,14,-1,1,-1
201897GP01412,1,9,0,5,0,1,0,0,0,0,3,1,1,1,42,7,1598,2,6,-1,1,-1
201897GP01506,1,8,0,9,0,8,0,0,0,0,1,1,1,1,25,5,1685,2,2,-1,1,-1
201897GP01506,2,8,0,18,0,8,0,0,0,0,4,1,1,1,48,8,1560,2,6,-1,1,-1
201897GP01602,1,11,0,18,0,0,0,0,0,0,4,1,1,1,52,8,6700,2,6,-1,1,-1
201897GP01608,1,10,0,9,0,8,0,0,0,0,4,1,6,2,-1,-1,-1,-1,-1,-1,-1,-1
201897GP01608,2,1,0,18,0,8,0,0,0,0,1,1,2,1,24,5,-1,-1,-1,-1,1,-1
201897GP01609,1,9,0,18,0,0,0,0,0,0,4,1,6,2,20,4,-1,-1,-1,-1,-1,-1
201897GP01611,1,8,0,18,0,0,0,0,0,0,3,1,1,1,50,8,1995,2,-1,-1,1,-1
201897GP01612,1,9,0,9,0,8,0,0,0,0,4,1,2,1,34,6,-1,-1,-1,-1,1,-1
201897GP01612,2,1,0,18,0,8,0,0,0,0,1,1,6,2,29,6,-1,-1,-1,-1,1,-1
201897GP01706,1,9,0,18,0,0,0,0,0,0,4,1,6,1,50,8,1598,2,6,-1,1,-1
201897GP01711,1,9,0,8,0,8,0,0,0,0,3,1,6,1,62,9,1984,1,3,-1,1,-1
201897GP01711,2,9,0,18,0,8,0,0,0,0,4,1,1,1,32,6,1598,2,3,-1,1,-1
201897GP01802,1,9,0,9,8,8,0,0,0,0,0,1,6,1,65,9,1896,2,9,-1,1,-1
201897GP01802,2,11,0,18,0,8,0,0,0,0,0,1,1,1,54,8,-1,-1,-1,-1,1,-1
201897GP01806,1,9,0,4,0,1,0,0,0,0,1,1,2,1,23,5,1339,1,11,-1,1,-1
201897GP01806,2,9,0,4,0,1,0,0,0,0,2,1,2,1,62,9,-1,-1,-1,-1,1,-1
201897GP01906,1,9,0,9,0,5,0,0,0,0,1,1,6,1,45,7,1198,1,6,-1,1,-1
201897GP02011,1,21,4,11,0,0,0,0,0,0,4,1,1,1,63,9,12902,2,2,-1,3,-1
201897GP02011,2,9,0,18,0,0,0,0,0,0,3,1,2,2,32,6,1390,1,11,-1,1,-1
201897GP70102,1,9,0,18,0,0,0,0,0,0,1,1,1,1,67,10,1422,2,2,-1,1,-1
201897GP70102,2,9,0,18,0,0,0,0,0,0,2,1,2,1,68,10,2143,2,1,-1,1,-1
201897GP70104,1,8,0,18,0,0,0,0,0,0,1,1,1,1,38,7,2499,2,9,-1,1,-1
201897GP70105,1,9,0,9,0,8,0,0,0,0,1,1,6,1,26,6,2143,2,1,-1,3,-1
201897GP70106,1,8,0,18,0,8,0,0,0,0,1,1,1,1,64,9,2143,2,4,-1,1,-1
201897GP70106,2,1,0,18,0,8,0,0,0,0,3,1,1,1,32,6,-1,-1,-1,-1,1,-1
201897GP70108,1,11,0,18,0,1,0,0,0,0,1,1,1,1,32,6,7300,2,17,-1,1,-1
201897GP70109,1,9,0,18,0,0,0,0,0,7,4,1,6,1,23,5,1328,1,12,-1,1,-1
201897GP70110,1,9,0,18,0,8,0,0,0,0,1,1,6,1,24,5,2698,2,10,-1,-1,-1
201897GP70110,2,9,0,9,0,8,0,0,0,0,3,1,6,2,36,7,2494,8,-1,-1,3,-1
201897GP70112,1,9,0,18,0,0,0,0,0,0,1,1,1,1,41,7,1461,2,2,-1,1,-1
201897GP70202,1,9,0,18,0,0,0,0,0,0,1,1,6,2,39,7,1998,1,3,-1,1,-1
201897GP70202,2,9,0,4,0,0,0,0,0,0,2,1,6,2,18,4,1390,1,10,-1,3,-1
201897GP70202,3,9,0,4,0,0,0,0,0,0,2,1,6,1,-1,-1,1598,1,3,-1,1,-1
201897GP70202,4,9,0,4,0,0,0,0,0,0,2,1,6,1,-1,-1,-1,-1,-1,-1,1,-1
201897GP70202,5,9,0,4,0,0,0,0,0,0,2,1,6,1,-1,-1,1461,2,2,-1,1,-1
201897GP70202,6,9,0,4,0,0,0,0,0,0,2,1,6,2,25,5,1591,1,1,-1,1,-1
201897GP70203,1,9,0,17,0,1,0,0,0,0,1,1,6,2,34,6,1560,2,5,-1,1,-1
201897GP70203,2,9,0,17,0,1,0,0,0,0,2,1,6,2,19,4,1242,1,6,-1,2,-1
201897GP70204,1,9,0,9,0,8,0,0,0,0,1,1,1,1,53,8,-1,-1,-1,-1,1,-1
201897GP70205,1,19,0,4,0,0,0,0,0,0,1,1,6,2,53,8,1998,2,13,-1,1,-1
201897GP70205,2,9,0,4,0,0,0,0,0,0,2,1,6,2,23,5,898,1,2,-1,-1,-1
201897GP70206,1,9,0,17,0,0,2,0,2,7,4,1,4,1,29,6,1995,2,8,-1,1,-1
201897GP70207,1,9,0,9,0,1,0,0,0,0,1,1,6,2,18,4,1198,1,7,-1,1,-1
201897GP70207,2,1,0,1,0,2,0,0,0,0,1,1,1,1,27,6,-1,-1,-1,-1,1,-1
201897GP70208,1,5,0,18,0,8,0,4,0,10,1,1,6,1,54,8,750,1,11,-1,1,-1
201897GP70208,2,9,0,2,0,1,0,0,0,0,2,1,6,3,-1,-1,1999,2,2,-1,1,-1
201897GP70209,1,9,0,18,0,0,0,0,0,0,1,1,2,1,37,7,1499,2,-1,-1,1,-1
201897GP70209,2,9,0,18,0,0,0,0,0,0,2,1,2,1,68,10,1598,2,5,-1,1,-1
201897GP70209,3,9,0,18,0,0,0,0,0,0,2,1,2,1,47,8,1248,2,11,-1,1,-1
201897GP70209,4,9,0,18,0,0,0,0,0,0,2,1,6,1,38,7,2199,2,8,-1,2,-1
201897GP70209,5,9,0,18,0,0,0,0,0,0,2,1,2,2,36,7,1461,2,1,-1,1,-1
201897GP70210,1,8,0,18,0,0,0,0,0,0,1,1,1,1,37,7,2664,2,17,-1,1,-1
201897GP70210,2,9,0,4,0,0,0,0,0,0,2,1,6,1,24,5,1560,2,3,-1,1,-1
201897GP70212,1,9,0,18,0,0,0,10,8,10,3,1,6,1,26,6,2261,1,2,-1,1,-1
201897GP70212,2,9,0,18,0,0,0,0,0,0,3,1,6,1,58,9,1499,2,-1,-1,1,-1
201897GP70303,1,19,0,18,0,2,0,0,0,0,1,1,1,1,55,8,7790,2,13,-1,2,-1
201897GP70304,1,9,0,1,0,0,0,0,0,0,2,1,1,1,54,8,-1,-1,-1,-1,2,-1
201897GP70306,1,9,0,9,0,8,0,0,0,0,1,1,2,1,28,6,2191,2,4,-1,2,-1
201897GP70306,2,1,0,18,0,8,0,0,0,0,2,1,2,2,22,5,-1,-1,-1,-1,3,-1
201897GP70307,1,9,0,18,0,0,0,0,0,0,1,1,6,2,48,8,1598,1,6,-1,1,-1
201897GP70307,2,9,0,18,0,0,0,0,0,0,2,1,6,2,21,5,1995,2,4,-1,1,-1
201897GP70307,3,9,0,18,0,0,0,0,0,0,2,1,6,1,24,5,1995,2,-1,3,1,3
201897GP70308,1,9,0,18,0,0,1,0,0,7,1,1,6,1,22,5,1390,1,4,-1,1,-1
201897GP70308,2,9,0,11,0,0,0,0,0,0,4,1,1,1,35,6,998,1,-1,-1,1,-1
201897GP70308,3,9,0,18,0,0,0,0,0,0,2,1,6,1,28,6,1968,2,5,-1,1,-1
201897GP70309,1,9,0,6,0,0,0,0,7,10,3,1,6,1,61,9,1896,2,13,-1,-1,-1
201897GP70309,2,9,0,18,0,0,0,0,0,0,1,1,6,1,25,5,1984,1,6,-1,1,-1
201897GP70310,1,9,0,11,0,0,0,0,0,0,3,1,6,1,29,6,-1,-1,-1,-1,1,-1
201897GP70310,2,9,0,11,0,0,0,0,0,0,3,1,1,1,29,6,1598,1,11,-1,1,-1
201897GP70312,1,8,0,4,0,1,0,0,0,0,1,1,6,3,-1,-1,-1,-1,-1,-1,-1,-1
201897GP70406,1,9,0,18,0,8,0,0,0,0,3,1,6,1,69,10,1798,1,7,-1,1,-1
201897GP70406,2,19,0,9,0,8,0,0,0,0,3,1,1,1,43,7,1598,2,2,-1,1,-1
201897GP70409,1,8,0,18,0,0,0,0,0,0,1,1,1,1,32,6,1968,2,4,-1,3,-1
201897GP70409,2,9,0,18,0,0,0,0,0,0,2,1,6,2,47,8,998,1,4,-1,-1,-1
201897GP70411,1,9,0,18,0,1,0,0,0,0,1,1,6,1,64,9,998,1,5,-1,1,-1
201897GP70412,1,9,0,18,0,0,0,0,0,0,2,1,6,1,26,6,1984,1,3,-1,1,-1
201897GP70412,2,9,0,18,0,0,0,0,0,0,1,1,6,1,57,9,1390,1,15,-1,1,-1
201897GP70412,3,9,0,18,0,0,0,0,0,0,1,1,6,2,27,6,1461,2,4,-1,2,-1
201897GP70412,4,9,0,18,0,0,0,0,0,0,1,1,6,1,35,6,1461,2,5,-1,1,-1
201897GP70412,5,9,0,18,0,0,0,0,0,0,1,1,6,1,34,6,1995,2,7,4,2,4
201897GP70412,6,9,0,18,0,0,0,0,0,0,1,1,6,2,20,4,1149,1,14,-1,1,-1
201897GP70503,1,9,0,18,7,1,0,6,1,0,1,1,6,1,34,6,1582,2,6,-1,3,-1
201897GP70503,2,9,0,18,7,1,0,0,1,0,2,1,6,2,30,6,999,1,3,-1,1,-1
201897GP70503,3,9,0,3,0,1,0,0,0,0,2,1,6,2,34,6,-1,-1,-1,-1,2,-1
201897GP70504,1,19,0,18,0,0,0,0,0,0,1,1,1,1,34,6,2198,2,2,-1,3,-1
201897GP70504,2,9,0,18,0,0,0,0,0,0,2,1,1,1,55,8,1995,2,1,-1,1,-1
201897GP70504,3,9,0,18,0,0,0,0,0,0,2,1,1,1,57,9,1396,2,9,-1,1,-1
201897GP70504,4,19,0,18,0,0,0,0,0,0,2,1,1,1,36,7,2198,2,3,-1,1,-1
201897GP70507,1,9,0,4,0,0,0,0,0,0,1,1,6,1,48,8,-1,-1,-1,-1,1,-1
201897GP70507,2,9,0,3,0,0,0,0,0,0,2,1,6,1,31,6,1995,1,8,-1,1,-1
201897GP70507,3,9,0,4,0,0,0,0,0,0,2,1,6,2,48,8,999,1,3,-1,1,-1
201897GP70512,1,9,0,5,0,8,0,0,0,0,3,1,6,1,20,4,1398,1,1,-1,1,-1
201897GP70512,2,9,0,18,9,8,0,0,0,7,1,1,6,2,62,9,1398,1,1,-1,-1,-1
201897GP70608,1,9,0,18,0,0,0,0,0,0,1,1,6,1,19,4,1398,1,5,-1,1,-1
201897GP70608,2,9,0,4,0,0,0,0,0,0,2,1,6,1,47,8,1998,1,1,-1,1,-1
201897GP70608,3,9,0,4,0,0,0,0,0,0,2,1,6,1,66,10,1598,2,3,-1,1,-1
201897GP70608,4,9,0,4,0,0,0,0,0,0,2,1,6,2,23,5,1461,2,3,-1,1,-1
201897GP70611,1,9,0,12,0,0,0,0,0,0,2,1,6,1,59,9,1794,7,14,-1,3,-1
201897GP70611,2,9,0,18,0,0,0,0,0,0,1,1,1,1,24,5,1598,2,1,-1,1,-1
201897GP70612,1,9,0,18,0,0,0,0,0,0,1,1,6,2,25,5,998,1,2,-1,1,-1
201897GP70612,2,9,0,18,0,0,0,0,0,0,2,1,6,2,24,5,1398,1,2,-1,1,-1
201897GP70707,1,9,0,13,0,0,1,0,1,7,1,1,2,2,19,4,1149,1,7,-1,1,-1
201897GP70707,2,9,0,17,0,0,0,0,0,0,2,1,6,1,24,5,1229,1,8,-1,1,-1
201897GP70711,1,9,0,9,0,6,0,0,0,0,1,1,6,1,31,6,1198,1,-1,-1,1,-1
201897GP70711,2,9,0,18,0,1,0,0,0,0,1,1,6,2,22,5,1124,1,12,-1,1,-1
201897GP70803,1,9,0,5,0,2,0,0,0,0,1,1,6,1,37,7,2995,1,-1,-1,1,-1
201897GP70806,1,8,0,18,0,1,0,0,0,0,1,1,1,1,45,7,1968,2,3,-1,1,-1
201897GP70811,1,9,0,18,0,0,0,0,0,0,1,1,6,1,22,5,1598,1,13,-1,1,-1
201897GP70811,2,9,0,4,0,0,0,0,0,0,2,1,6,1,32,6,998,1,1,-1,1,-1
201897GP70812,1,1,0,18,4,8,0,0,0,0,1,1,6,2,47,8,-1,-1,-1,-1,2,-1
201897GP70812,2,8,0,18,0,1,0,0,0,0,3,1,1,1,51,8,-1,-1,-1,-1,1,-1
201897GP70906,1,11,0,18,0,0,0,0,0,0,4,1,1,1,54,8,9000,2,11,-1,3,-1
201897GP70911,1,19,0,18,0,0,0,0,0,0,1,1,6,1,19,4,1968,2,8,-1,1,-1
201897GP70911,2,9,0,4,0,0,0,0,0,0,2,1,6,1,72,10,1997,2,1,-1,1,-1
201897GP70911,3,19,0,4,0,0,0,0,0,0,2,1,6,1,27,6,2143,2,-1,-1,3,-1
201897GP71011,1,9,0,18,0,0,0,0,0,0,1,1,6,2,42,7,1995,1,12,-1,1,-1
201897GP71011,2,9,0,18,0,0,0,0,0,0,2,1,6,2,24,5,1248,1,3,-1,1,-1
201897GP71011,3,9,0,4,0,0,0,0,0,0,2,1,1,1,34,6,-1,-1,-1,-1,1,-1
201897GP71011,4,9,0,4,0,0,0,0,0,0,2,1,6,2,63,9,1398,1,2,-1,-1,-1
201897GP71111,1,11,0,18,0,1,0,0,0,0,1,1,2,1,51,8,4500,2,3,-1,1,-1