Accident_Index,Vehicle_Reference,Vehicle_Type,Towing_and_Articulation,Vehicle_Manoeuvre,Vehicle_Location-Restricted_Lane,Junction_Location,Skidding_and_Overturning,Hit_Object_in_Carriageway,Vehicle_Leaving_Carriageway,Hit_Object_off_Carriageway,1st_Point_of_Impact,Was_Vehicle_Left_Hand_Drive?,Journey_Purpose_of_Driver,Sex_of_Driver,Age_of_Driver,Age_Band_of_Driver,Engine_Capacity_(CC),Propulsion_Code,Age_of_Vehicle,Driver_IMD_Decile,Driver_Home_Area_Type,Vehicle_IMD_Decile
201897GU00102,1,9,0,9,0,6,0,0,0,0,1,1,2,2,47,8,999,1,3,-1,1,-1
201897GU00102,2,9,0,18,0,8,0,0,0,0,4,1,2,2,63,9,998,1,10,-1,1,-1
201897GU00104,1,9,0,9,0,1,0,0,0,0,4,1,6,2,63,9,1597,2,2,-1,3,-1
201897GU00104,2,9,0,18,0,1,0,0,0,0,1,1,2,2,21,5,1598,1,10,-1,1,-1
201897GU00108,1,9,0,11,0,8,0,0,0,0,4,1,6,3,-1,-1,1992,2,10,-1,-1,-1
201897GU00108,2,9,0,18,0,8,0,0,0,0,3,1,1,2,26,6,1398,1,3,-1,-1,-1
201897GU00109,1,9,0,9,0,5,0,0,0,0,4,1,6,1,29,6,1598,2,3,-1,1,-1
201897GU00109,2,11,0,18,0,1,0,0,0,0,1,1,1,1,29,6,3900,2,12,-1,1,-1
201897GU00110,1,90,0,14,0,8,0,0,0,0,1,1,6,3,-1,-1,-1,-1,-1,-1,-1,-1
201897GU00110,2,9,0,9,0,5,0,0,0,0,4,1,6,2,26,6,1598,1,7,-1,1,-1
201897GU00110,3,9,0,3,0,1,0,0,0,0,0,1,6,2,34,6,1598,1,7,-1,1,-1
201897GU00111,1,9,0,18,0,1,0,11,0,4,3,1,6,1,39,7,1685,2,1,-1,1,-1
201897GU00201,1,9,0,18,0,0,0,4,0,0,3,1,6,2,56,9,1685,2,6,-1,1,-1
201897GU00201,2,9,0,2,0,0,0,0,0,0,4,1,6,3,-1,-1,1390,1,6,-1,-1,-1
201897GU00203,1,9,0,10,0,1,0,0,0,0,4,1,3,1,-1,-1,1390,1,14,-1,1,-1
201897GU00203,2,9,0,18,0,1,0,0,0,0,3,1,2,1,25,5,1968,2,1,-1,1,-1
201897GU00204,1,9,0,9,0,1,0,0,0,0,4,1,2,1,47,8,1399,1,8,-1,1,-1
201897GU00204,2,9,0,18,0,1,1,0,0,0,1,1,2,1,50,8,1686,2,5,-1,-1,-1
201897GU00205,1,9,0,5,0,1,0,0,0,0,4,1,6,1,-1,-1,-1,-1,-1,-1,-1,-1
201897GU00208,1,9,0,18,0,0,0,0,0,0,1,1,6,2,36,7,1598,2,4,3,1,3
201897GU00209,1,19,0,6,0,1,0,0,0,0,1,1,6,1,50,8,2198,2,3,-1,1,-1
201897GU00209,2,9,0,18,0,1,0,0,0,0,1,1,6,2,36,7,1968,2,4,-1,1,-1
201897GU00210,1,1,0,18,0,1,0,0,0,0,1,1,6,1,21,5,-1,-1,-1,-1,1,-1
201897GU00210,2,8,0,7,0,2,0,0,0,0,1,1,1,1,51,8,2499,2,11,-1,1,-1
201897GU00211,1,1,0,18,0,8,0,0,0,0,1,1,6,1,22,5,-1,-1,-1,-1,1,-1
201897GU00211,2,9,0,18,0,8,0,0,0,0,4,1,6,2,51,8,1390,1,12,-1,1,-1
201897GU00212,1,19,0,18,0,0,1,0,0,0,1,1,1,1,37,7,1598,2,3,-1,3,-1
201897GU00212,2,9,0,3,0,0,0,0,0,0,2,1,6,1,59,9,2143,2,1,-1,3,-1
201897GU00301,1,8,0,2,0,0,0,0,0,11,1,1,6,3,-1,-1,1997,2,3,-1,-1,-1
201897GU00303,1,9,0,4,0,2,0,0,0,0,1,1,6,1,42,7,1598,2,3,-1,1,-1
201897GU00303,2,9,0,4,0,2,0,0,0,0,2,1,6,2,57,9,1242,1,10,-1,1,-1
201897GU00305,1,19,0,9,0,8,0,0,0,0,1,1,1,1,44,7,1248,2,4,-1,1,-1
201897GU00305,2,1,0,18,0,8,0,0,0,0,4,1,6,2,29,6,-1,-1,-1,-1,1,-1
201897GU00306,1,9,0,9,0,1,0,0,0,0,1,1,6,1,27,6,1248,2,12,-1,1,-1
201897GU00306,2,9,0,18,0,1,0,0,0,0,1,1,6,2,61,9,1242,1,7,-1,1,-1
201897GU00308,1,9,0,4,0,0,0,0,0,0,4,1,6,1,48,8,1198,1,7,-1,1,-1
201897GU00308,2,1,0,18,0,0,0,0,0,0,3,1,6,1,19,4,-1,-1,-1,-1,1,-1
201897GU00310,1,9,0,18,0,0,0,0,0,0,1,1,6,2,26,6,1242,1,5,-1,1,-1
201897GU00310,2,9,0,14,0,0,0,0,0,0,2,1,6,1,59,9,1991,1,1,-1,1,-1
201897GU00402,1,8,0,5,0,6,0,0,0,0,1,1,1,1,55,8,1598,2,7,-1,1,-1
201897GU00402,2,9,0,5,0,6,0,0,0,0,4,1,6,1,23,5,1995,2,2,-1,1,-1
201897GU00404,1,1,0,4,0,0,0,0,0,0,1,1,6,3,-1,-1,-1,-1,-1,-1,-1,-1
201897GU00404,2,8,0,18,0,0,0,0,0,0,4,1,1,1,38,7,2143,2,-1,-1,1,-1
201897GU00406,1,9,0,18,0,0,0,0,0,0,1,1,6,1,-1,-1,1360,1,15,-1,-1,-1
201897GU00408,1,9,0,18,0,2,0,0,1,0,1,1,6,1,47,8,1590,1,13,-1,1,-1
201897GU00408,2,19,0,2,0,1,0,0,1,0,3,1,6,3,-1,-1,1998,2,13,-1,1,-1
201897GU00410,1,9,0,18,0,0,0,0,0,0,1,1,6,2,45,7,1461,2,7,-1,1,-1
201897GU00411,1,9,0,9,0,2,0,0,0,0,3,1,6,1,85,11,1108,1,14,-1,1,-1
201897GU00411,2,5,0,18,0,8,0,0,0,0,1,1,2,1,45,7,599,1,13,-1,1,-1
201897GU00504,1,9,0,13,0,0,0,0,0,0,1,1,1,1,32,6,-1,-1,-1,-1,1,-1
201897GU00504,2,9,0,4,0,0,0,0,0,0,3,1,6,1,52,8,1248,1,6,-1,-1,-1
201897GU00507,1,11,0,5,0,0,0,0,0,0,4,1,1,1,62,9,9400,2,13,-1,1,-1
201897GU00509,1,9,0,17,0,1,1,0,0,0,1,1,6,1,33,6,1598,1,8,-1,1,-1
201897GU00509,2,9,0,4,0,1,0,0,0,0,1,1,1,1,19,4,-1,-1,-1,-1,1,-1
201897GU00511,1,9,0,9,0,1,0,0,0,0,1,1,6,2,38,7,1685,2,4,-1,-1,-1
201897GU00511,2,9,0,18,0,1,0,0,0,0,1,1,6,2,24,5,-1,-1,-1,-1,1,-1
201897GU00512,1,19,0,18,0,0,0,0,0,0,1,1,1,1,31,6,2198,2,3,-1,1,-1
201897GU00512,2,1,0,5,0,0,0,0,0,0,1,1,1,1,23,5,-1,-1,-1,-1,1,-1
201897GU00602,1,9,0,9,0,1,0,0,0,0,1,1,2,1,22,5,1390,1,12,-1,1,-1
201897GU00602,2,9,0,18,0,1,0,0,0,0,1,1,2,1,28,6,1560,2,9,-1,3,-1
201897GU00603,1,9,0,18,2,1,0,0,0,4,1,1,6,1,68,10,1197,1,3,-1,1,-1
201897GU00604,1,8,0,4,0,1,0,0,0,0,4,1,1,1,57,9,2499,2,6,-1,1,-1
201897GU00604,2,9,0,2,0,1,0,0,0,0,3,1,6,2,32,6,1598,2,3,-1,1,-1
201897GU00604,3,9,0,2,0,1,0,0,0,0,2,1,6,2,37,7,1149,1,9,-1,1,-1
201897GU00605,1,3,0,14,0,0,0,0,0,0,1,1,6,1,30,6,124,1,4,-1,1,-1
201897GU00608,1,9,0,4,0,0,0,0,0,0,2,1,6,2,51,8,1998,2,6,-1,-1,-1
201897GU00608,2,9,0,4,0,0,0,0,0,0,1,1,6,1,-1,-1,1422,2,3,-1,-1,-1
201897GU00611,1,9,0,18,2,1,0,0,0,0,3,1,2,2,50,8,1582,2,2,-1,1,-1
201897GU00706,1,19,0,18,0,0,0,0,0,0,1,1,6,1,69,10,1461,2,14,-1,-1,-1
201897GU00708,1,9,0,18,0,1,0,0,0,0,4,1,1,2,34,6,996,1,6,-1,1,-1
201897GU00708,2,9,0,18,0,6,0,0,0,0,1,1,2,2,23,5,1499,1,2,-1,1,-1
201897GU00710,1,19,0,6,0,0,0,0,0,0,3,1,2,1,51,8,1995,2,7,-1,1,-1
201897GU00710,2,9,0,18,0,0,0,0,0,0,1,1,2,1,38,7,1598,2,3,-1,1,-1
201897GU00711,1,20,0,9,0,6,0,0,0,0,4,1,6,1,52,8,3920,2,5,-1,1,-1
201897GU00711,2,9,0,18,0,1,0,0,0,0,3,1,6,2,80,11,1596,1,3,-1,1,-1
201897GU00803,1,9,0,13,0,0,0,0,0,0,4,1,6,1,37,7,1199,1,15,-1,1,-1
201897GU00803,2,1,0,18,0,0,0,0,0,0,3,1,2,1,29,6,-1,-1,-1,-1,1,-1
201897GU00805,1,9,0,5,0,1,0,0,0,0,1,1,1,1,43,7,2400,2,8,-1,1,-1
201897GU00805,2,9,0,3,0,1,0,0,0,0,2,1,6,2,47,8,1198,1,4,-1,1,-1
201897GU00806,1,9,0,9,0,1,0,0,0,0,3,1,1,2,40,7,1598,2,3,-1,1,-1
201897GU00806,2,9,0,18,0,1,1,0,7,10,4,1,1,1,36,7,-1,-1,-1,-1,1,-1
201897GU00808,1,9,0,6,0,0,0,0,0,0,1,1,2,1,41,7,1364,1,13,-1,1,-1
201897GU00808,2,19,0,3,0,0,0,0,0,0,1,1,1,1,56,9,1248,2,6,-1,1,-1
201897GU00809,1,9,0,9,0,8,0,0,0,0,1,1,6,2,67,10,1499,2,-1,-1,1,-1
201897GU00809,2,9,0,18,0,8,0,0,0,0,3,1,2,2,47,8,999,1,1,-1,1,-1
201897GU00901,1,9,0,1,0,1,0,0,0,0,2,1,2,2,42,7,1598,2,1,-1,1,-1
201897GU00902,1,9,0,18,0,1,0,0,0,0,1,1,1,1,27,6,1390,1,7,-1,1,-1
201897GU00902,2,9,0,4,0,1,0,0,0,0,2,1,6,2,31,6,1598,2,2,-1,1,-1
201897GU00905,1,9,0,18,0,0,0,10,1,10,1,1,6,1,24,5,1968,2,11,-1,1,-1
201897GU00908,1,9,0,8,0,1,0,0,0,0,1,1,6,2,64,9,2987,2,7,-1,1,-1
201897GU00908,2,9,0,18,9,1,1,0,1,11,4,1,1,1,63,9,1598,1,-1,-1,1,-1
201897GU00911,1,9,0,7,0,6,0,0,0,0,1,1,3,1,51,8,1399,2,14,-1,1,-1
201897GU00911,2,1,0,18,0,8,0,0,0,0,4,1,4,2,35,6,-1,-1,-1,-1,1,-1
201897GU00912,1,9,0,18,0,0,0,0,0,0,1,1,6,2,24,5,999,1,2,-1,1,-1
201897GU00912,2,9,0,3,0,0,0,0,0,0,2,1,6,2,37,7,999,1,-1,-1,1,-1
201897GU01001,1,19,0,2,0,0,0,0,0,0,3,1,1,1,-1,-1,1598,2,1,-1,-1,-1
201897GU01001,2,1,0,18,0,0,0,8,0,0,4,1,1,1,34,6,-1,-1,-1,-1,1,-1
201897GU01006,1,9,0,18,0,1,0,0,0,0,1,1,6,1,29,6,1229,1,6,-1,1,-1
201897GU01010,1,9,0,9,0,8,0,0,0,0,1,1,6,2,38,7,1229,1,5,-1,1,-1
201897GU01010,2,4,0,18,0,8,0,0,0,0,1,1,6,1,29,6,-1,-1,-1,-1,1,-1
201897GU01011,1,9,0,1,0,0,0,0,0,0,2,1,6,3,-1,-1,-1,-1,-1,-1,-1,-1
201897GU01012,1,9,0,7,0,1,0,0,0,4,1,1,6,1,21,5,2143,2,3,1,1,1
201897GU01012,2,9,0,18,0,1,0,0,0,4,2,1,1,2,44,7,1199,2,5,-1,1,-1
201897GU01101,1,9,0,18,0,0,0,0,0,0,1,1,1,1,39,7,2720,2,11,-1,1,-1
201897GU01101,2,9,0,3,0,0,0,0,0,0,2,1,3,2,52,8,1597,2,2,-1,1,-1
201897GU01101,3,9,0,3,0,0,0,0,0,0,2,1,6,1,28,6,1198,1,5,-1,1,-1
201897GU01105,1,9,0,5,0,1,1,0,0,0,4,1,6,1,22,5,1968,2,3,-1,1,-1
201897GU01105,2,1,0,5,0,1,0,0,0,0,1,1,6,2,19,4,-1,-1,-1,-1,1,-1
201897GU01106,1,9,0,16,0,0,0,10,1,4,3,1,1,1,32,6,1870,2,14,-1,1,-1
201897GU01107,1,9,0,9,0,1,0,0,0,0,4,1,6,1,21,5,1968,2,2,-1,1,-1
201897GU01107,2,9,0,18,0,1,0,0,0,0,1,1,6,1,33,6,2204,2,11,-1,1,-1
201897GU01109,1,9,0,5,0,0,0,0,0,0,3,1,6,1,35,6,1968,2,3,-1,1,-1
201897GU01111,1,8,0,18,0,1,0,0,0,0,3,1,6,1,38,7,1598,2,6,-1,1,-1
201897GU01111,2,9,0,18,0,1,0,0,0,0,4,1,6,2,29,6,999,1,-1,-1,2,-1
201897GU01201,1,9,0,16,0,1,0,0,0,0,1,1,6,1,23,5,1242,1,8,-1,3,-1
201897GU01201,2,9,0,10,0,1,0,0,0,0,2,1,6,1,60,9,1956,2,5,-1,1,-1
201897GU01204,1,9,0,6,0,0,0,0,0,0,1,1,2,2,36,7,1200,1,4,-1,1,-1
201897GU01204,2,9,0,18,0,0,0,0,0,0,3,1,6,2,28,6,1197,1,-1,-1,1,-1
201897GU01206,1,2,0,5,5,0,0,0,0,0,1,1,6,1,-1,-1,-1,-1,-1,-1,-1,-1
201897GU01207,1,9,0,18,0,0,0,0,0,0,1,1,6,2,39,7,1248,1,6,-1,1,-1
201897GU01207,2,9,0,3,0,0,0,0,0,0,2,2,6,1,43,7,-1,-1,-1,-1,-1,-1
201897GU01207,3,9,0,3,0,0,0,0,0,0,2,1,6,2,33,6,1560,2,8,-1,1,-1
201897GU01208,1,1,0,12,0,0,0,0,0,0,3,1,6,1,17,4,-1,-1,-1,-1,1,-1
201897GU01208,2,9,0,18,0,0,0,0,0,0,4,1,6,1,64,9,1461,2,1,-1,1,-1
201897GU01210,1,9,0,9,0,8,0,0,0,0,1,1,6,1,20,4,1499,2,-1,-1,1,-1
201897GU01210,2,19,0,18,0,1,0,0,0,0,1,1,1,1,51,8,2198,2,5,-1,1,-1
201897GU01212,1,9,0,18,0,0,0,4,0,0,1,1,2,1,45,7,1986,2,11,-1,1,-1
201897GU01212,2,9,0,6,0,0,0,0,0,0,2,1,2,1,48,8,1461,2,4,-1,1,-1
201897GU01212,3,9,0,2,0,0,0,0,0,0,3,1,6,3,-1,-1,-1,-1,-1,-1,-1,-1
201897GU01212,4,9,0,2,0,0,0,0,0,0,3,1,6,3,-1,-1,-1,-1,-1,-1,-1,-1
201897GU01301,1,9,0,18,0,1,1,0,0,0,1,1,2,1,19,4,1339,1,11,-1,1,-1
201897GU01301,2,9,0,7,0,1,0,0,0,0,2,1,2,2,49,8,1229,1,4,-1,1,-1
201897GU01304,1,9,0,18,0,0,0,0,0,0,1,1,6,3,-1,-1,-1,-1,-1,-1,-1,-1
201897GU01304,2,9,0,3,0,0,0,0,0,0,2,1,6,1,43,7,-1,-1,-1,-1,1,-1
201897GU01306,1,9,0,18,0,0,0,0,0,0,4,1,2,1,23,5,1800,1,12,-1,1,-1
201897GU01311,1,9,0,9,0,1,0,0,0,0,3,1,6,2,40,7,1598,1,7,-1,1,-1
201897GU01311,2,9,0,18,0,1,0,0,0,0,3,1,6,1,89,11,1796,1,13,-1,1,-1
201897GU01312,1,9,0,18,0,2,0,0,0,0,3,1,6,1,79,11,1360,1,11,-1,1,-1
201897GU01402,1,9,0,18,0,0,0,0,0,0,2,1,2,1,21,5,1368,1,9,-1,1,-1
201897GU01402,2,9,0,18,0,0,0,0,0,0,1,1,2,2,32,6,1398,1,4,-1,-1,-1
201897GU01402,3,9,0,18,0,0,0,0,0,0,1,1,2,2,37,7,1560,2,7,-1,1,-1
201897GU01402,4,9,0,18,0,0,0,0,0,0,1,1,2,1,64,9,2148,2,10,-1,-1,-1
201897GU01404,1,9,0,9,0,6,0,0,0,0,1,1,6,1,51,8,1396,1,14,-1,1,-1
201897GU01406,1,9,0,7,0,1,0,0,0,0,4,1,6,1,71,10,799,2,8,-1,1,-1
201897GU01406,2,1,0,18,0,1,0,0,0,0,1,1,2,1,38,7,-1,-1,-1,-1,1,-1
201897GU01408,1,9,0,11,0,0,0,0,0,0,2,1,6,2,78,11,1499,2,-1,-1,1,-1
201897GU01408,2,9,0,18,0,0,0,0,0,0,1,1,6,2,25,5,1461,2,4,-1,1,-1
201897GU01409,1,9,0,18,0,0,1,0,0,0,1,1,2,2,39,7,1198,1,-1,-1,1,-1
201897GU01409,2,9,0,4,0,0,0,0,0,0,2,1,2,1,44,7,1200,1,6,-1,1,-1
201897GU01410,1,9,0,9,0,1,0,0,0,0,4,1,6,2,40,7,-1,-1,-1,-1,-1,-1
201897GU01410,2,1,0,18,0,1,0,0,0,0,3,1,6,1,23,5,-1,-1,-1,-1,1,-1
201897GU01411,1,4,0,18,0,0,0,0,0,0,4,1,1,1,52,8,-1,-1,-1,-1,1,-1
201897GU01503,1,9,0,6,0,0,0,0,0,0,1,1,6,1,77,11,998,1,5,-1,1,-1
201897GU01503,2,1,0,18,0,0,0,0,0,0,1,1,6,2,25,5,-1,-1,-1,-1,1,-1
201897GU01505,1,9,0,18,0,8,0,0,0,0,1,1,6,1,22,5,1995,2,3,-1,1,-1
201897GU01505,2,9,0,5,0,8,0,0,0,0,3,1,6,1,47,8,-1,-1,-1,-1,1,-1
201897GU01506,1,9,0,18,0,1,0,0,0,0,4,1,6,2,-1,-1,998,1,1,-1,1,-1
201897GU01506,2,5,0,18,0,1,5,0,0,0,3,1,2,1,31,6,644,1,10,-1,1,-1
201897GU01509,1,8,0,17,0,1,0,7,0,0,4,1,1,1,27,6,1560,2,5,-1,1,-1
201897GU01511,1,9,0,8,0,8,0,0,0,0,4,1,6,1,-1,-1,2996,1,7,-1,1,-1
201897GU01511,2,1,0,18,0,8,0,0,0,0,3,1,6,1,46,8,-1,-1,-1,-1,1,-1
201897GU01601,1,19,0,18,0,0,0,0,0,0,4,1,6,3,-1,-1,-1,-1,-1,-1,-1,-1
201897GU01601,2,9,0,7,0,0,0,0,0,7,1,1,6,2,58,9,1229,1,10,-1,1,-1
201897GU01604,1,11,0,4,0,0,0,0,0,0,4,1,1,1,31,6,6700,2,7,-1,1,-1
201897GU01606,1,1,0,18,0,2,1,0,0,0,1,1,2,1,38,7,-1,-1,-1,-1,1,-1
201897GU01606,2,9,0,18,0,1,0,0,0,0,3,1,2,1,61,9,1197,1,1,-1,1,-1
201897GU01608,1,8,0,6,0,0,0,0,0,0,1,1,1,1,-1,-1,1560,2,6,-1,1,-1
201897GU01608,2,9,0,4,0,0,0,0,0,0,4,1,6,2,34,6,1968,2,5,-1,3,-1
201897GU01612,1,9,0,18,0,0,0,0,0,0,1,1,6,1,30,6,1598,2,2,-1,1,-1
201897GU01612,2,9,0,2,0,0,0,0,0,0,2,1,6,2,44,7,1598,1,5,-1,1,-1
201897GU01612,3,9,0,2,0,0,0,0,0,0,2,1,6,3,-1,-1,1598,2,2,-1,-1,-1
201897GU01701,1,9,0,18,0,0,0,0,0,0,1,1,2,1,43,7,-1,-1,-1,-1,2,-1
201897GU01701,2,8,0,4,0,0,0,0,0,0,2,1,3,1,47,8,2499,2,7,-1,1,-1
201897GU01701,3,9,0,4,0,0,0,0,0,0,2,1,2,2,31,6,1422,2,3,-1,3,-1
201897GU01701,4,9,0,4,0,0,0,0,0,0,2,1,6,2,31,6,1968,2,6,-1,1,-1
201897GU01701,5,9,0,3,0,0,0,0,0,0,2,1,6,2,20,4,999,1,1,-1,1,-1
201897GU01703,1,9,0,18,0,8,0,0,3,10,3,1,6,1,85,11,1248,1,-1,-1,1,-1
201897GU01703,2,9,0,18,0,8,0,0,0,0,1,1,6,1,33,6,1995,1,11,-1,1,-1
201897GU01708,1,9,0,4,0,0,0,0,0,0,1,1,6,1,51,8,1995,2,-1,-1,-1,-1
201897GU01708,2,9,0,4,0,0,0,0,0,0,2,1,6,1,52,8,2179,2,10,-1,1,-1
201897GU01708,3,9,0,4,0,0,0,0,0,0,2,2,6,2,55,8,-1,-1,-1,-1,-1,-1
201897GU01708,4,9,0,3,0,0,0,0,0,0,2,1,6,1,73,10,898,1,-1,-1,-1,-1
201897GU01801,1,9,0,9,0,5,1,0,0,0,4,1,6,2,22,5,1229,1,8,-1,-1,-1
201897GU01801,2,9,0,18,0,1,0,0,0,0,1,1,6,1,55,8,1968,2,-1,-1,1,-1
201897GU01806,1,9,0,18,0,0,0,0,0,0,1,1,6,2,56,9,1388,1,14,-1,2,-1
201897GU01806,2,9,0,18,0,0,0,0,0,0,2,1,1,1,47,8,1598,2,2,-1,1,-1
201897GU01809,1,9,0,9,0,6,0,0,0,0,1,1,6,2,31,6,1390,1,15,-1,1,-1
201897GU01809,2,9,0,18,0,6,0,0,0,0,1,1,6,2,46,8,1968,2,10,-1,1,-1
201897GU01811,1,9,0,4,0,1,0,0,0,0,1,1,1,1,28,6,1242,1,5,-1,1,-1
201897GU01811,2,9,0,3,0,1,0,0,0,0,2,1,6,1,36,7,1598,2,5,-1,1,-1
201897GU01811,3,9,0,3,0,1,0,0,0,0,2,1,6,1,24,5,1598,2,5,-1,-1,-1
201897GU01901,1,9,0,13,0,1,0,0,0,0,4,1,6,3,-1,-1,-1,-1,-1,-1,-1,-1
201897GU01901,2,1,0,9,0,5,0,0,0,0,3,1,6,2,40,7,-1,-1,-1,-1,1,-1
201897GU01903,1,9,0,9,0,8,0,0,0,0,1,1,1,1,57,9,1582,2,7,-1,1,-1
201897GU01903,2,1,0,18,0,1,0,0,0,0,1,1,2,1,63,9,-1,-1,-1,-1,1,-1
201897GU01906,1,9,0,1,9,1,0,0,7,11,2,1,6,2,68,10,1461,2,2,-1,-1,-1
201897GU01909,1,9,0,2,0,0,0,0,0,0,4,1,6,2,-1,-1,1598,2,2,-1,-1,-1
201897GU01909,2,1,0,18,0,0,0,8,0,0,1,1,2,1,33,6,-1,-1,-1,-1,1,-1
201897GU01910,1,9,0,18,0,4,0,0,0,0,1,1,6,3,40,7,-1,-1,-1,-1,-1,-1
201897GU01910,2,9,0,5,0,4,0,0,0,0,2,1,6,2,35,6,1395,1,2,-1,2,-1
201897GU02003,1,8,0,18,0,8,0,0,0,0,3,1,1,1,52,8,1598,2,-1,-1,1,-1
201897GU02003,2,9,0,18,0,8,0,0,0,0,4,1,6,1,24,5,1560,2,4,-1,1,-1
201897GU02009,1,9,0,18,0,1,0,0,0,0,4,1,6,2,25,5,1198,1,6,-1,1,-1
201897GU02010,1,9,0,18,0,1,5,4,0,0,4,1,6,1,25,5,1364,1,3,-1,1,-1
201897GU02010,2,20,0,2,0,2,0,0,0,0,4,1,6,3,-1,-1,1995,2,1,-1,-1,-1
201897GU02103,1,9,0,18,0,1,0,0,0,0,1,1,1,2,46,8,1582,2,2,-1,3,-1
201897GU02103,2,9,0,9,0,6,0,0,0,0,3,1,6,1,58,9,1896,2,15,-1,1,-1
201897GU02103,3,9,0,10,0,6,0,0,0,0,1,1,6,2,28,6,1598,2,3,-1,-1,-1
201897GU02110,1,9,0,10,0,6,0,0,0,0,2,1,1,1,45,7,-1,-1,-1,-1,1,-1
201897GU02110,2,1,0,18,0,1,0,0,0,0,1,1,1,1,47,8,-1,-1,-1,-1,1,-1
201897GU02201,1,9,0,7,0,6,0,0,0,0,3,1,6,3,-1,-1,-1,-1,-1,-1,-1,-1
201897GU02201,2,1,0,18,0,6,0,0,0,0,2,1,2,1,39,7,-1,-1,-1,-1,3,-1
201897GU02210,1,9,0,9,0,1,0,0,0,0,1,1,3,1,43,7,1598,2,2,-1,1,-1
201897GU02210,2,19,0,15,0,1,0,0,0,0,4,1,1,2,26,6,1499,2,2,-1,1,-1
201897GU02211,1,9,0,18,0,8,0,10,0,0,3,1,6,1,21,5,1968,2,1,-1,-1,-1
201897GU02211,2,11,0,18,0,8,0,10,0,0,3,1,6,1,23,5,6696,2,5,-1,1,-1
201897GU02212,1,9,0,11,0,0,0,0,0,0,1,1,1,1,46,8,1997,2,6,-1,1,-1
201897GU02401,1,8,0,2,0,0,0,0,0,0,3,1,1,1,24,5,1598,2,4,-1,1,-1
201897GU02401,2,11,0,4,0,0,0,0,0,0,4,1,1,1,63,9,7300,2,12,-1,1,-1
201897GU02409,1,9,0,18,0,1,0,0,0,0,1,1,2,1,20,4,1197,1,2,-1,1,-1
201897GU02410,1,9,0,2,0,2,0,0,0,0,4,1,6,2,53,8,1596,1,11,-1,1,-1
201897GU02410,2,1,0,15,0,1,0,0,0,0,1,1,6,1,29,6,-1,-1,-1,-1,1,-1
201897GU02411,1,9,0,9,0,6,0,0,0,0,1,1,6,2,43,7,1339,1,2,-1,1,-1
201897GU02411,2,9,0,18,0,2,0,0,0,0,3,1,6,2,56,9,1349,1,4,-1,1,-1
201897GU02412,1,9,0,18,0,1,0,0,0,0,1,1,1,1,20,4,999,1,-1,-1,1,-1
201897GU02412,2,9,0,18,0,1,0,0,0,0,3,1,6,1,37,7,1796,1,13,-1,-1,-1
201897GU02501,1,9,0,4,0,0,0,0,0,0,1,1,6,3,-1,-1,-1,-1,-1,-1,-1,-1
201897GU02509,1,9,0,9,0,6,0,0,0,0,3,1,3,2,25,5,2993,2,13,-1,1,-1
201897GU02509,2,5,0,18,0,1,0,0,0,0,1,1,2,1,56,9,899,1,19,-1,1,-1
201897GU02511,1,9,0,7,0,8,0,0,0,0,1,1,3,1,46,8,1560,2,-1,-1,1,-1
201897GU02512,1,1,0,18,0,1,1,0,0,0,1,1,6,1,24,5,-1,-1,-1,-1,1,-1
201897GU02611,1,9,0,18,0,1,1,0,0,7,1,1,6,1,20,4,1995,1,7,10,2,10
201897GU02611,2,9,0,18,0,1,1,0,0,7,1,1,6,1,66,10,1149,1,7,-1,1,-1
201897GU02712,1,9,0,18,0,1,0,0,0,0,1,1,2,1,45,7,1975,1,13,-1,1,-1
201897GU02712,2,9,0,18,0,1,0,0,0,0,1,1,6,1,26,6,1149,1,10,-1,1,-1
201897GU02712,3,9,0,18,0,1,0,0,0,0,3,1,6,1,48,8,1968,2,3,-1,3,-1
201897GU02812,1,9,0,18,0,1,0,0,0,4,1,1,6,1,20,4,-1,-1,-1,-1,1,-1
201897GU02812,2,9,0,2,0,1,0,0,0,4,2,1,6,3,-1,-1,1329,1,6,-1,-1,-1
201897GU02910,1,9,0,1,0,1,0,0,0,0,2,1,2,2,30,6,1998,1,10,-1,1,-1
201897GU03010,1,9,0,3,0,1,0,0,0,0,2,1,6,1,27,6,1896,2,15,-1,1,-1
201897GU03010,2,9,0,5,0,1,0,0,0,0,1,1,6,2,49,8,1999,2,2,-1,1,-1
201897GU03110,1,9,0,7,0,1,0,0,0,0,1,1,6,3,-1,-1,-1,-1,-1,-1,-1,-1
201897GU03110,2,1,0,18,0,8,0,0,0,0,4,1,6,2,22,5,-1,-1,-1,-1,1,-1
201897GU03210,1,9,0,9,0,0,0,0,0,0,1,1,1,2,49,8,-1,-1,-1,-1,1,-1
201897GU70101,1,9,0,9,0,5,0,0,0,0,1,1,6,1,84,11,2143,2,8,-1,1,-1
201897GU70101,2,1,0,18,0,8,0,0,0,0,1,1,6,1,29,6,-1,-1,-1,-1,1,-1
201897GU70106,1,9,0,16,0,0,2,0,1,4,4,1,6,2,29,6,998,1,6,-1,1,-1
201897GU70107,1,9,0,9,0,8,0,0,0,0,4,1,6,2,37,7,1668,1,13,-1,-1,-1
201897GU70107,2,9,0,18,0,6,0,0,0,0,1,1,1,1,43,7,1598,2,7,-1,1,-1
201897GU70109,1,9,0,18,0,0,0,0,0,0,4,1,6,3,-1,-1,-1,-1,-1,-1,-1,-1
201897GU70110,1,21,1,18,0,0,0,0,0,0,1,1,1,1,54,8,12900,2,10,-1,2,-1
201897GU70111,1,9,0,18,0,8,0,0,0,0,1,1,6,1,54,8,1796,1,12,-1,1,-1
201897GU70111,2,9,0,18,0,8,0,0,0,0,1,1,6,2,74,10,1248,1,8,-1,1,-1
201897GU70112,1,9,0,15,0,8,0,0,0,0,1,1,6,1,32,6,999,1,17,-1,1,-1
201897GU70204,1,9,0,18,0,0,0,0,0,0,1,1,6,1,44,7,1388,1,10,-1,1,-1
201897GU70205,1,9,0,16,0,0,2,0,1,6,1,1,6,1,23,5,1197,1,3,-1,1,-1