Accident_Index,Vehicle_Reference,Vehicle_Type,Towing_and_Articulation,Vehicle_Manoeuvre,Vehicle_Location-Restricted_Lane,Junction_Location,Skidding_and_Overturning,Hit_Object_in_Carriageway,Vehicle_Leaving_Carriageway,Hit_Object_off_Carriageway,1st_Point_of_Impact,Was_Vehicle_Left_Hand_Drive?,Journey_Purpose_of_Driver,Sex_of_Driver,Age_of_Driver,Age_Band_of_Driver,Engine_Capacity_(CC),Propulsion_Code,Age_of_Vehicle,Driver_IMD_Decile,Driver_Home_Area_Type,Vehicle_IMD_Decile
201897GU70207,1,9,0,16,0,7,1,4,0,7,4,1,2,1,30,6,1399,1,12,-1,1,-1
201897GU70207,2,9,0,2,0,7,0,0,0,0,2,1,1,1,31,6,2993,2,1,-1,1,-1
201897GU70208,1,9,0,16,0,0,1,0,0,0,1,1,6,2,25,5,1560,2,7,-1,1,-1
201897GU70209,1,4,0,18,0,0,0,0,0,0,4,1,2,1,20,4,498,1,21,-1,1,-1
201897GU70210,1,3,0,18,0,1,2,0,0,0,0,1,6,1,30,6,125,1,-1,-1,1,-1
201897GU70211,1,9,0,7,0,1,0,0,0,0,4,1,6,1,-1,-1,-1,-1,-1,-1,-1,-1
201897GU70211,2,1,0,18,4,1,0,0,0,0,1,1,6,2,55,8,-1,-1,-1,-1,1,-1
201897GU70212,1,9,0,18,0,0,0,0,0,0,1,1,6,1,22,5,998,1,13,-1,1,-1
201897GU70304,1,4,0,18,0,7,0,0,0,0,1,1,6,1,46,8,249,1,13,-1,3,-1
201897GU70304,2,9,0,18,0,8,0,0,0,0,2,1,6,2,40,7,1968,2,6,-1,1,-1
201897GU70304,3,9,0,18,0,8,0,0,0,0,3,1,6,1,57,9,1598,1,9,-1,1,-1
201897GU70310,1,9,0,10,0,1,0,0,0,0,1,1,6,2,19,4,1229,1,3,-1,1,-1
201897GU70310,2,9,0,4,0,1,0,0,0,0,1,1,6,2,46,8,1198,1,5,-1,1,-1
201897GU70311,1,8,0,18,0,0,0,0,0,0,1,1,1,1,66,10,-1,-1,-1,-1,1,-1
201897GU70312,1,9,0,6,0,6,0,0,0,0,3,1,6,1,23,5,2979,1,14,-1,1,-1
201897GU70312,2,19,0,18,0,1,0,0,0,0,1,1,6,1,39,7,2198,2,2,-1,1,-1
201897GU70312,3,9,0,2,0,2,0,0,0,0,3,1,6,3,-1,-1,-1,-1,-1,-1,1,-1
201897GU70404,1,9,0,16,0,8,5,0,7,1,1,1,6,2,35,6,1598,1,12,-1,1,-1
201897GU70407,1,9,0,16,0,0,2,0,7,10,1,1,2,2,54,8,-1,-1,-1,-1,1,-1
201897GU70409,1,9,0,18,0,0,0,0,0,0,1,1,6,1,19,4,1598,2,1,-1,1,-1
201897GU70409,2,9,0,3,0,0,0,0,0,0,2,1,2,1,42,7,1995,2,2,-1,1,-1
201897GU70411,1,9,0,16,0,1,0,0,8,1,1,1,6,1,26,6,2967,2,1,-1,1,-1
201897GU70411,2,9,0,4,0,2,0,0,0,0,1,1,1,1,45,7,2967,2,3,-1,1,-1
201897GU70412,1,9,0,18,0,0,1,0,0,6,3,1,6,2,21,5,1995,1,10,-1,1,-1
201897GU70504,1,11,0,16,0,0,0,0,7,10,1,1,1,1,56,9,6700,2,6,-1,1,-1
201897GU70604,1,9,0,18,0,1,0,0,0,0,1,1,6,1,20,4,1124,1,11,-1,1,-1
201897GU70607,1,9,0,18,0,0,0,0,0,0,1,1,6,2,32,6,1595,1,-1,-1,1,-1
201897GU70607,2,1,0,18,0,0,5,0,0,0,3,1,6,1,15,3,-1,-1,-1,-1,1,-1
201897GU70807,1,9,0,1,0,0,0,0,0,0,3,1,2,1,70,10,1598,1,10,-1,1,-1
201897GU70807,2,19,0,2,0,0,0,0,0,0,4,1,1,1,60,9,2143,2,7,-1,1,-1
201897KA00101,1,9,0,18,0,0,0,8,0,0,3,1,6,1,-1,-1,1560,2,8,-1,1,-1
201897KA00101,2,9,0,2,0,0,0,0,0,0,3,1,6,2,34,6,1997,2,2,-1,1,-1
201897KA00102,1,19,0,18,0,1,0,0,0,0,1,1,6,1,36,7,1560,2,9,-1,1,-1
201897KA00107,1,9,0,18,0,0,0,0,0,0,4,1,6,1,34,6,1968,2,4,-1,-1,-1
201897KA00108,1,9,0,16,0,0,0,0,0,0,0,1,6,1,31,6,2967,2,6,-1,1,-1
201897KA00108,2,9,0,11,0,0,1,0,2,4,1,1,1,1,32,6,1796,1,16,-1,1,-1
201897KA00109,1,9,0,7,0,0,0,0,0,0,1,1,6,1,25,5,1499,2,1,-1,3,-1
201897KA00110,1,9,0,9,0,8,0,0,0,0,0,1,2,1,44,7,1956,2,-1,-1,1,-1
201897KA00110,2,1,0,18,0,8,0,0,0,0,4,1,2,1,51,8,-1,-1,-1,-1,1,-1
201897KA00112,1,9,0,18,0,1,0,0,0,0,1,1,6,1,56,9,1995,2,9,-1,-1,-1
201897KA00112,2,9,0,9,0,1,0,0,1,0,1,1,6,1,28,6,1995,2,3,-1,-1,-1
201897KA00201,1,9,0,18,0,6,1,0,0,0,1,1,6,3,-1,-1,-1,-1,-1,-1,-1,-1
201897KA00201,2,9,0,18,0,1,0,0,8,11,4,1,6,2,54,8,1591,1,2,-1,1,-1
201897KA00204,1,9,0,7,0,5,0,0,0,0,0,1,6,2,44,7,2231,2,6,-1,1,-1
201897KA00204,2,1,0,18,0,2,0,0,0,0,2,1,6,1,29,6,-1,-1,-1,-1,1,-1
201897KA00205,1,9,0,18,0,4,2,0,3,1,3,1,6,1,26,6,2979,1,12,3,1,3
201897KA00211,1,9,0,18,0,1,0,0,0,0,1,1,6,1,23,5,998,1,4,-1,1,-1
201897KA00211,2,9,0,18,0,1,0,0,0,0,1,1,6,1,28,6,1399,1,13,-1,1,-1
201897KA00301,1,11,0,4,0,0,0,0,0,0,1,1,1,1,45,7,-1,-1,-1,-1,-1,-1
201897KA00302,1,9,0,18,0,1,0,0,0,0,1,1,6,2,43,7,1396,2,8,-1,1,-1
201897KA00302,2,9,0,9,0,5,0,0,0,0,3,1,6,2,31,6,1242,1,2,-1,1,-1
201897KA00304,1,19,0,5,0,6,0,0,0,0,1,1,1,1,58,9,2143,2,4,-1,1,-1
201897KA00304,2,21,1,14,0,2,0,0,0,0,3,1,1,1,52,8,12740,2,3,-1,1,-1
201897KA00305,1,9,0,18,0,0,0,0,0,0,4,1,6,1,38,7,-1,-1,-1,-1,1,-1
201897KA00309,1,1,0,18,0,2,0,0,0,0,3,1,6,1,18,4,-1,-1,-1,-1,1,-1
201897KA00309,2,9,0,18,0,2,0,0,0,0,1,1,6,1,36,7,1396,1,4,-1,3,-1
201897KA00311,1,9,0,9,0,6,0,0,0,0,1,1,6,2,61,9,998,1,4,-1,1,-1
201897KA00311,2,9,0,18,0,1,0,0,0,0,3,1,6,1,34,6,1590,1,17,-1,1,-1
201897KA00402,1,9,0,5,0,4,0,0,0,0,3,1,6,2,48,8,998,1,11,-1,1,-1
201897KA00402,2,9,0,18,0,3,0,0,0,0,1,1,6,2,44,7,1560,2,5,-1,1,-1
201897KA00403,1,9,0,18,0,6,0,0,0,0,3,1,6,2,46,8,1328,1,13,-1,1,-1
201897KA00403,2,9,0,18,0,1,1,0,0,0,4,1,6,2,21,5,1398,1,3,-1,1,-1
201897KA00405,1,3,0,18,0,6,0,0,0,0,1,1,2,1,52,8,599,1,17,-1,3,-1
201897KA00405,2,19,0,18,0,6,0,0,0,0,2,1,2,1,38,7,2198,2,8,-1,2,-1
201897KA00409,1,9,0,18,0,8,0,0,0,0,4,1,6,1,19,4,1328,1,10,-1,3,-1
201897KA00409,2,9,0,18,0,8,0,0,0,0,1,1,6,1,60,9,1598,1,1,-1,1,-1
201897KA00411,1,9,0,18,0,1,0,0,0,0,1,1,6,2,38,7,1997,2,1,-1,1,-1
201897KA00411,2,9,0,4,0,1,0,0,0,0,2,1,6,2,51,8,1461,2,1,-1,1,-1
201897KA00411,3,9,0,4,0,1,0,0,0,0,2,1,6,1,34,6,1360,1,8,-1,1,-1
201897KA00411,4,9,0,4,0,1,0,0,0,0,2,1,6,2,37,7,1461,2,5,-1,1,-1
201897KA00501,1,9,0,16,0,5,1,0,7,1,1,1,6,1,25,5,1984,1,3,-1,1,-1
201897KA00503,1,8,0,1,0,1,0,0,0,0,2,1,1,2,-1,-1,1685,2,2,-1,1,-1
201897KA00503,2,9,0,4,0,1,0,0,0,0,1,1,6,2,28,6,1598,1,9,-1,1,-1
201897KA00507,1,1,0,18,0,8,0,0,0,0,3,1,6,1,77,11,-1,-1,-1,-1,1,-1
201897KA00507,2,9,0,9,0,8,0,0,0,0,4,1,6,1,40,7,1591,1,-1,-1,1,-1
201897KA00509,1,5,0,18,0,2,0,0,0,0,3,1,6,1,38,7,-1,-1,-1,-1,-1,-1
201897KA00601,1,9,0,18,0,0,2,7,0,0,1,1,6,1,41,7,-1,-1,-1,-1,1,-1
201897KA00607,1,9,0,18,0,2,0,0,1,7,1,1,6,1,27,6,1395,1,-1,-1,1,-1
201897KA00608,1,19,0,18,0,0,0,0,0,0,3,1,6,3,-1,-1,-1,-1,-1,-1,-1,-1
201897KA00608,2,9,0,2,0,0,0,0,0,0,3,1,6,3,-1,-1,1390,1,13,-1,-1,-1
201897KA00611,1,9,0,9,0,8,0,0,0,0,1,1,6,1,74,10,2398,1,20,-1,1,-1
201897KA00611,2,9,0,3,0,8,0,0,0,0,2,1,2,2,42,7,1349,1,7,-1,1,-1
201897KA00701,1,9,0,7,0,2,0,0,0,0,1,1,6,3,-1,-1,-1,-1,-1,-1,-1,-1
201897KA00701,2,9,0,8,0,2,0,0,0,0,2,1,6,2,36,7,1461,2,2,-1,-1,-1
201897KA00706,1,9,0,9,0,1,0,0,0,0,4,1,6,1,57,9,1598,1,2,-1,1,-1
201897KA00706,2,5,0,18,0,1,0,0,0,0,1,1,6,1,33,6,749,1,9,-1,1,-1
201897KA00707,1,9,0,9,0,1,0,0,0,0,1,1,6,1,19,4,1197,1,2,-1,1,-1
201897KA00707,2,9,0,16,0,1,0,0,0,0,1,1,6,1,33,6,1390,1,11,-1,1,-1
201897KA00708,1,9,0,4,0,1,0,0,0,0,1,1,6,1,91,11,998,1,3,-1,-1,-1
201897KA00708,2,9,0,7,0,5,0,0,0,0,1,1,6,2,59,9,998,1,2,-1,1,-1
201897KA00709,1,9,0,10,0,1,0,0,0,0,2,1,6,1,33,6,1329,1,3,-1,1,-1
201897KA00709,2,19,0,10,0,1,0,0,0,0,1,1,6,1,28,6,2402,2,15,-1,1,-1
201897KA00802,1,9,0,18,0,0,1,0,2,2,1,1,6,2,79,11,998,1,6,-1,1,-1
201897KA00804,1,9,0,5,0,5,0,0,0,0,3,1,6,1,50,8,998,1,5,-1,1,-1
201897KA00804,2,9,0,18,0,5,0,0,0,0,1,1,6,1,30,6,1998,1,10,-1,1,-1
201897KA00806,1,9,0,14,0,1,0,0,0,0,1,1,6,2,34,6,1685,2,3,-1,1,-1
201897KA00807,1,9,0,9,0,1,0,0,0,0,1,1,6,2,27,6,1399,1,1,-1,1,-1
201897KA00812,1,9,0,1,0,1,0,0,0,0,2,1,6,1,76,11,898,1,5,-1,2,-1
201897KA00812,2,9,0,2,0,1,0,0,0,0,2,1,6,2,34,6,1360,1,9,-1,1,-1
201897KA00902,1,19,0,5,0,3,0,0,0,0,1,1,1,1,27,6,1560,2,5,-1,1,-1
201897KA00902,2,1,0,18,0,3,0,0,0,0,4,1,2,2,24,5,-1,-1,-1,-1,1,-1
201897KA00905,1,11,0,18,0,2,0,0,0,0,1,1,1,1,32,6,7300,2,11,-1,1,-1
201897KA00907,1,9,0,4,0,1,0,0,0,0,1,1,2,1,26,6,1398,2,14,-1,1,-1
201897KA00907,2,9,0,4,0,1,0,0,0,0,2,1,2,2,38,7,2143,2,3,-1,1,-1
201897KA00907,3,19,0,4,0,1,0,0,0,0,2,1,1,1,42,7,1598,2,-1,-1,1,-1
201897KA00909,1,9,0,4,0,0,0,0,0,0,1,1,6,2,43,7,1242,1,9,-1,1,-1
201897KA01002,1,5,0,9,0,3,0,0,0,0,1,1,6,1,58,9,749,1,1,-1,1,-1
201897KA01002,2,9,0,5,0,4,0,0,0,0,3,1,6,1,61,9,2656,1,13,-1,1,-1
201897KA01004,1,9,0,18,0,1,0,0,0,0,1,1,6,1,29,6,1598,1,9,-1,1,-1
201897KA01004,2,9,0,18,0,1,0,0,0,0,2,1,6,1,41,7,1248,1,2,-1,1,-1
201897KA01008,1,9,0,4,0,0,0,0,0,0,1,1,6,1,33,6,1598,1,12,-1,1,-1
201897KA01008,2,9,0,3,0,0,0,0,0,0,2,1,6,1,57,9,1229,1,7,-1,1,-1
201897KA01010,1,11,0,18,0,8,0,0,0,0,0,1,1,1,-1,-1,-1,-1,-1,-1,-1,-1
201897KA01011,1,9,0,9,0,8,5,0,0,0,4,1,2,2,19,4,1328,1,14,-1,3,-1
201897KA01011,2,9,0,18,0,8,0,0,0,0,1,1,6,1,60,9,1248,1,6,-1,1,-1
201897KA01012,1,9,0,18,0,1,0,0,0,0,1,1,6,2,20,4,1299,1,10,-1,-1,-1
201897KA01012,2,19,0,3,0,1,0,0,0,0,2,1,6,1,37,7,1248,2,-1,-1,1,-1
201897KA01012,3,9,0,3,0,1,0,0,0,0,2,1,6,1,53,8,1398,1,4,-1,1,-1
201897KA01104,1,9,0,18,0,8,0,0,0,0,1,1,6,1,19,4,1796,1,12,-1,1,-1
201897KA01104,2,9,0,18,0,8,0,0,0,0,3,1,6,1,41,7,1598,2,2,-1,1,-1
201897KA01105,1,19,0,18,0,1,0,0,0,0,1,1,6,1,24,5,1995,2,-1,-1,1,-1
201897KA01105,2,9,0,3,0,1,1,0,0,0,2,1,6,2,26,6,1395,1,3,-1,1,-1
201897KA01107,1,9,0,18,0,0,0,0,0,0,2,1,6,3,-1,-1,-1,-1,-1,-1,-1,-1
201897KA01108,1,9,0,9,0,8,0,0,0,0,3,1,6,2,38,7,1398,1,2,-1,1,-1
201897KA01109,1,9,0,18,0,0,0,0,0,0,1,1,6,1,25,5,999,1,1,-1,1,-1
201897KA01109,2,9,0,2,0,0,0,0,0,0,3,1,6,3,-1,-1,1395,1,3,-1,-1,-1
201897KA01109,3,9,0,2,0,0,0,0,0,0,3,1,6,3,-1,-1,-1,-1,-1,-1,-1,-1
201897KA01111,1,1,0,18,0,8,0,0,0,0,1,1,6,1,30,6,-1,-1,-1,-1,1,-1
201897KA01111,2,8,0,5,0,8,0,0,0,0,1,1,1,1,31,6,1598,2,4,-1,1,-1
201897KA01204,1,9,0,18,0,8,0,0,0,0,1,1,6,1,82,11,1229,1,6,-1,1,-1
201897KA01204,2,9,0,18,0,8,0,0,0,0,1,1,6,2,26,6,1999,2,1,-1,1,-1
201897KA01205,1,5,0,5,0,4,0,0,0,0,0,1,6,1,48,8,781,1,16,-1,1,-1
201897KA01206,1,3,0,18,0,1,0,0,1,11,1,1,6,1,21,5,-1,-1,-1,-1,1,-1
201897KA01207,1,9,0,9,0,1,0,0,0,0,4,1,6,1,39,7,1560,2,6,-1,1,-1
201897KA01207,2,9,0,18,0,1,0,0,0,0,1,1,1,1,39,7,1995,2,14,-1,1,-1
201897KA01211,1,9,0,5,0,6,0,0,0,0,1,1,6,1,31,6,1984,1,8,-1,1,-1
201897KA01211,2,4,0,18,0,1,0,0,0,0,4,1,6,1,18,4,125,1,9,-1,1,-1
201897KA01212,1,9,0,18,0,0,0,0,0,0,1,1,1,1,28,6,1968,2,4,-1,1,-1
201897KA01302,1,21,0,16,0,4,0,0,0,0,3,1,1,3,-1,-1,-1,-1,-1,-1,-1,-1
201897KA01302,2,9,0,16,0,4,0,0,0,0,4,1,6,2,25,5,1240,1,10,-1,1,-1
201897KA01304,1,9,0,7,0,6,0,0,0,0,1,1,6,3,-1,-1,-1,-1,-1,-1,-1,-1
201897KA01309,1,9,0,17,0,0,0,0,0,0,1,1,6,1,68,10,1329,1,2,-1,1,-1
201897KA01309,2,9,0,16,0,0,0,0,0,0,1,1,6,1,71,10,998,1,11,-1,1,-1
201897KA01311,1,9,0,4,0,4,0,0,0,0,4,1,6,2,46,8,1560,2,4,-1,1,-1
201897KA01311,2,9,0,4,0,4,0,0,0,0,3,1,2,1,48,8,998,1,6,-1,1,-1
201897KA01312,1,9,0,18,0,1,0,0,0,0,1,1,6,1,60,9,1995,2,3,-1,1,-1
201897KA01312,2,1,0,18,0,1,0,0,0,0,2,1,2,1,40,7,-1,-1,-1,-1,1,-1
201897KA01402,1,9,0,15,0,3,0,0,0,0,1,1,6,1,23,5,1984,1,3,-1,1,-1
201897KA01402,2,9,0,7,0,4,0,0,1,2,1,1,6,2,31,6,1229,1,5,-1,1,-1
201897KA01403,1,11,0,7,0,2,0,0,0,0,4,1,6,1,24,5,3900,2,14,-1,1,-1
201897KA01404,1,9,0,16,9,0,0,4,1,10,1,1,6,2,70,10,995,1,5,-1,1,-1
201897KA01404,2,9,0,2,0,0,0,0,0,0,2,1,6,3,-1,-1,-1,-1,-1,-1,-1,-1
201897KA01405,1,9,0,5,0,3,0,0,0,0,4,1,6,2,46,8,1360,1,19,-1,1,-1
201897KA01405,2,9,0,5,0,3,0,0,0,0,3,1,6,2,21,5,998,1,11,-1,-1,-1
201897KA01406,1,19,0,5,0,2,0,0,0,0,1,1,1,1,41,7,1995,2,10,-1,1,-1
201897KA01409,1,9,0,18,0,0,0,0,0,0,1,1,2,2,44,7,1597,2,4,-1,1,-1
201897KA01409,2,9,0,3,0,0,0,0,0,0,2,1,1,1,42,7,-1,-1,-1,-1,1,-1
201897KA01411,1,9,0,9,0,1,0,0,0,0,1,1,6,1,49,8,1796,1,9,-1,1,-1
201897KA01412,1,9,0,18,0,0,0,0,0,0,1,1,6,2,27,6,1390,1,3,-1,1,-1
201897KA01412,2,2,0,18,0,0,0,0,0,0,1,1,6,3,-1,-1,-1,-1,-1,-1,1,-1
201897KA01504,1,9,0,6,0,0,0,0,0,0,4,1,6,1,20,4,2143,2,1,-1,1,-1
201897KA01504,2,3,0,18,0,0,0,0,0,0,1,1,2,1,47,8,124,1,1,-1,1,-1
201897KA01508,1,1,0,18,0,0,0,0,0,0,1,1,6,1,58,9,-1,-1,-1,-1,-1,-1
201897KA01508,2,9,0,18,0,0,0,0,0,0,3,1,6,2,57,9,1685,2,2,-1,2,-1
201897KA01509,1,9,0,18,0,1,0,0,0,0,1,1,6,3,-1,-1,-1,-1,-1,-1,-1,-1
201897KA01606,1,9,0,18,0,0,0,11,0,0,1,1,6,1,36,7,2521,1,12,-1,1,-1
201897KA01608,1,9,0,9,0,8,0,0,0,0,3,1,6,2,23,5,998,1,6,-1,3,-1
201897KA01608,2,9,0,18,0,8,0,0,0,0,1,1,2,1,21,5,1598,1,11,-1,1,-1
201897KA01611,1,9,0,9,0,8,0,0,0,0,3,1,2,1,43,7,1956,2,5,-1,1,-1
201897KA01706,1,9,0,9,0,6,0,0,0,0,1,1,6,1,29,6,1499,2,1,-1,1,-1
201897KA01706,2,5,0,18,0,1,0,0,0,0,4,1,6,2,36,7,649,1,10,-1,1,-1
201897KA01708,1,9,0,18,0,0,1,10,8,0,1,1,6,2,24,5,1229,1,8,-1,1,-1
201897KA01708,2,9,0,18,0,0,2,0,1,4,2,1,6,1,35,6,1084,1,-1,-1,1,-1
201897KA01709,1,9,0,9,9,6,0,0,1,0,3,1,6,1,64,9,2995,1,13,-1,1,-1
201897KA01709,2,9,0,2,0,1,0,0,0,0,3,1,6,3,-1,-1,2231,2,11,-1,-1,-1
201897KA01709,3,9,0,2,0,1,0,0,0,0,3,1,6,3,-1,-1,1560,2,10,-1,-1,-1
201897KA01709,4,9,0,2,0,1,0,0,0,0,1,1,6,3,-1,-1,1796,1,7,-1,-1,-1
201897KA01711,1,9,0,1,0,0,0,0,0,0,2,1,6,3,-1,-1,-1,-1,-1,-1,-1,-1
201897KA01911,1,9,0,9,0,8,0,0,0,0,1,1,6,2,53,8,1595,1,8,-1,1,-1
201897KA01911,2,9,0,18,0,8,0,0,0,0,1,1,6,1,92,11,999,1,2,-1,1,-1
201897KA01911,3,9,0,18,0,8,0,0,0,0,1,1,6,2,38,7,-1,-1,-1,-1,1,-1
201897KA02012,1,9,0,1,0,0,0,0,0,0,2,1,6,1,28,6,1997,2,5,-1,1,-1
201897KA02012,2,9,0,4,0,0,0,0,0,0,1,1,1,1,24,5,1248,2,4,-1,1,-1
201897KA02301,1,8,0,7,0,5,0,0,0,0,3,1,1,1,46,8,1598,2,1,-1,-1,-1
201897KA70103,1,9,0,18,0,0,0,0,0,0,1,1,6,1,24,5,-1,-1,-1,-1,1,-1
201897KA70103,2,9,0,18,0,0,1,0,0,0,2,1,2,2,24,5,1198,1,4,-1,-1,-1
201897KA70108,1,9,0,18,0,8,0,0,0,0,1,1,2,1,30,6,1248,1,5,-1,1,-1
201897KA70108,2,9,0,3,0,8,0,0,0,0,2,1,2,1,58,9,1499,1,1,-1,1,-1
201897KA70108,3,9,0,3,0,8,0,0,0,0,2,1,2,1,44,7,2143,2,3,-1,1,-1
201897KA70108,4,9,0,3,0,8,0,0,0,0,2,1,2,2,30,6,1969,2,2,-1,3,-1
201897KA70111,1,9,0,3,0,6,0,0,0,0,1,1,6,1,20,4,998,1,-1,-1,3,-1
201897KA70111,2,9,0,4,0,6,0,0,0,0,2,1,6,2,69,10,-1,-1,-1,-1,1,-1
201897KA70112,1,9,0,18,0,0,0,0,0,0,3,1,6,2,60,9,3222,2,15,-1,1,-1
201897KA70202,1,9,0,18,0,0,0,0,0,0,1,1,6,1,45,7,2987,2,7,-1,1,-1
201897KA70202,2,8,0,18,0,0,0,0,0,0,1,1,6,1,47,8,1560,2,5,-1,1,-1
201897KA70202,3,9,0,4,0,0,0,0,0,0,2,1,6,1,47,8,1685,2,2,-1,1,-1
201897KA70203,1,9,0,17,0,0,2,0,0,7,1,1,6,1,24,5,998,1,4,-1,3,-1
201897KA70208,1,9,0,18,0,0,0,0,0,0,4,1,2,1,58,9,1242,1,10,-1,1,-1
201897KA70211,1,9,0,5,0,0,0,0,0,0,4,1,6,2,45,7,1229,1,10,-1,1,-1
201897KA70211,2,9,0,18,0,0,0,0,0,0,3,1,6,1,39,7,-1,-1,-1,-1,1,-1
201897KA70211,3,9,0,2,0,0,0,0,0,0,4,1,6,2,34,6,1598,2,4,-1,3,-1
201897KA70303,1,19,0,18,0,1,0,0,0,0,3,1,1,1,40,7,-1,-1,-1,-1,1,-1
201897KA70311,1,9,0,18,0,8,0,0,0,0,1,1,2,2,50,8,1686,2,4,-1,1,-1
201897KA70411,1,9,0,16,0,8,0,0,0,0,4,1,6,1,19,4,1598,2,8,-1,1,-1
201897KA70411,2,11,0,18,0,8,0,0,0,0,3,1,1,1,56,9,4250,2,2,-1,1,-1
201897KA70611,1,19,0,9,0,8,0,0,0,0,1,1,2,1,27,6,2198,2,4,-1,1,-1
201897KA70611,2,9,0,15,0,8,0,4,0,0,4,1,6,1,35,6,-1,-1,-1,-1,1,-1
201897KA70611,3,9,0,2,0,1,0,0,0,0,3,1,6,3,-1,-1,1798,2,4,-1,-1,-1
201897KB00101,1,9,0,18,0,0,0,0,0,0,3,1,6,3,-1,-1,-1,-1,-1,-1,-1,-1
201897KB00102,1,9,0,9,0,1,0,0,0,0,4,1,1,2,46,8,1390,1,14,-1,-1,-1
201897KB00102,2,5,0,18,0,1,0,0,0,0,1,1,1,1,46,8,649,1,6,-1,1,-1
201897KB00106,1,9,0,7,0,4,0,0,7,2,4,1,6,1,70,10,1461,2,1,-1,3,-1
201897KB00106,2,9,0,7,0,4,0,0,7,0,1,1,6,1,58,9,-1,-1,-1,-1,1,-1
201897KB00107,1,9,0,4,0,1,0,0,0,0,1,1,2,2,56,9,2231,2,9,-1,-1,-1
201897KB00107,2,9,0,4,0,1,0,0,0,0,2,1,2,2,43,7,1360,1,15,-1,1,-1
201897KB00108,1,9,0,9,0,8,0,0,0,0,1,1,6,2,58,9,-1,-1,-1,-1,1,-1
201897KB00108,2,1,0,13,0,8,0,0,0,0,1,1,2,1,44,7,-1,-1,-1,-1,1,-1
201897KB00110,1,9,0,7,0,3,1,0,1,0,0,1,6,1,18,4,1149,1,9,-1,1,-1
201897KB00111,1,9,0,18,0,0,1,0,0,0,1,1,2,1,31,6,1598,1,8,-1,1,-1
201897KB00111,2,9,0,18,0,0,2,0,0,0,2,1,2,1,21,5,1686,2,4,-1,1,-1
201897KB00111,3,19,0,18,0,0,1,0,4,6,1,1,2,1,78,11,-1,-1,-1,-1,2,-1
201897KB00111,4,9,0,18,0,0,1,0,0,0,1,1,2,2,41,7,1364,1,11,-1,2,-1
201897KB00111,5,21,1,18,0,0,1,0,0,0,2,1,1,1,50,8,12740,2,2,-1,1,-1
201897KB00111,6,9,0,18,0,0,1,0,0,0,2,1,2,1,33,6,1422,2,3,-1,1,-1
201897KB00111,7,9,0,18,0,0,0,0,0,0,2,1,2,1,42,7,1998,1,1,-1,1,-1
201897KB00111,8,9,0,18,0,0,0,0,0,0,2,1,2,1,45,7,1197,1,3,-1,3,-1
201897KB00111,9,9,0,18,0,0,0,0,0,0,2,1,2,2,59,9,1560,2,5,-1,1,-1
201897KB00111,10,9,0,18,0,0,0,0,0,0,2,1,2,1,35,6,-1,-1,-1,-1,1,-1
201897KB00111,11,9,0,18,0,0,0,0,0,0,1,1,6,1,19,4,1349,1,7,-1,1,-1
201897KB00111,12,9,0,18,0,0,0,0,0,0,2,1,6,1,24,5,1242,1,6,-1,1,-1
201897KB00111,13,9,0,18,0,0,0,0,0,0,2,1,6,1,18,4,1398,1,4,-1,3,-1
201897KB00111,14,9,0,18,0,0,0,0,0,0,2,1,6,1,19,4,1586,1,3,-1,1,-1
201897KB00111,15,9,0,18,0,0,0,0,0,0,2,1,6,2,22,5,1995,2,6,-1,1,-1
201897KB00111,16,9,0,18,0,0,0,0,0,0,2,1,6,1,32,6,2995,1,1,-1,1,-1
201897KB00111,17,9,0,18,0,0,0,0,0,0,1,1,6,1,25,5,1242,1,4,-1,1,-1
201897KB00111,18,9,0,18,0,0,0,0,0,0,1,1,6,2,25,5,1149,1,2,-1,1,-1
201897KB00201,1,9,0,4,0,0,0,0,0,0,4,1,6,2,49,8,1197,1,1,-1,3,-1
201897KB00202,1,11,0,5,0,0,0,0,0,0,4,1,1,1,58,9,-1,-1,-1,-1,-1,-1
201897KB00203,1,9,0,5,0,0,0,0,0,0,4,1,6,1,45,7,1995,2,7,-1,1,-1
201897KB00203,2,9,0,3,0,0,0,0,0,0,0,1,6,1,52,8,1598,2,2,-1,1,-1
201897KB00204,1,9,0,13,0,0,0,0,0,0,4,1,6,1,49,8,2204,2,12,-1,3,-1
201897KB00204,2,9,0,18,0,0,0,0,0,0,3,1,6,2,56,9,1991,2,10,-1,3,-1
201897KB00205,1,9,0,18,0,0,1,0,5,6,1,1,6,2,19,4,1240,1,13,-1,1,-1
201897KB00208,1,9,0,4,0,4,0,11,0,0,1,1,2,2,32,6,1582,2,2,-1,-1,-1
201897KB00208,2,9,0,3,0,4,1,0,0,0,2,1,6,2,33,6,1590,1,3,-1,1,-1
201897KB00210,1,9,0,18,0,0,0,0,0,0,1,1,6,1,27,6,1598,1,7,-1,3,-1
201897KB00301,1,19,0,7,0,1,0,0,0,0,2,1,6,1,25,5,-1,-1,-1,-1,1,-1
201897KB00301,2,9,0,18,0,1,0,0,0,0,1,1,6,1,49,8,1388,1,15,-1,1,-1
201897KB00303,1,9,0,18,0,6,0,0,0,0,1,1,6,2,22,5,1362,1,5,-1,1,-1
201897KB00303,2,8,0,18,0,1,0,0,1,10,3,1,1,1,35,6,1598,2,4,-1,1,-1
201897KB00308,1,9,0,13,0,1,0,0,0,0,4,1,2,1,31,6,3000,1,18,-1,2,-1
201897KB00308,2,9,0,9,0,1,0,0,0,0,1,1,6,2,28,6,2231,2,6,-1,1,-1
201897KB00403,1,9,0,5,0,4,0,0,0,0,1,1,6,2,47,8,1796,1,15,-1,1,-1
201897KB00403,2,9,0,3,0,4,0,0,0,0,2,1,6,2,20,4,998,1,7,-1,2,-1
201897KB00404,1,19,0,18,0,0,0,0,0,0,1,1,6,1,-1,-1,2198,2,10,-1,-1,-1
201897KB00404,2,9,0,9,0,0,0,0,0,0,2,1,6,1,36,7,1560,2,7,-1,1,-1
201897KB00405,1,5,0,18,0,0,1,0,0,0,1,1,6,1,28,6,599,1,9,-1,1,-1