Accident_Index,Vehicle_Reference,Vehicle_Type,Towing_and_Articulation,Vehicle_Manoeuvre,Vehicle_Location-Restricted_Lane,Junction_Location,Skidding_and_Overturning,Hit_Object_in_Carriageway,Vehicle_Leaving_Carriageway,Hit_Object_off_Carriageway,1st_Point_of_Impact,Was_Vehicle_Left_Hand_Drive?,Journey_Purpose_of_Driver,Sex_of_Driver,Age_of_Driver,Age_Band_of_Driver,Engine_Capacity_(CC),Propulsion_Code,Age_of_Vehicle,Driver_IMD_Decile,Driver_Home_Area_Type,Vehicle_IMD_Decile
201897LA02706,2,9,0,18,0,0,0,0,0,0,2,1,6,2,24,5,2143,2,2,-1,1,-1
201897LA02709,1,11,0,16,0,0,0,0,0,0,3,1,6,1,49,8,10677,2,-1,-1,1,-1
201897LA02709,2,9,0,17,0,0,0,0,0,0,3,1,6,1,76,11,2967,2,5,8,1,8
201897LA02807,1,9,0,6,0,8,0,0,0,0,4,1,6,2,61,9,1686,2,7,-1,3,-1
201897LA02807,2,1,0,18,0,1,0,0,0,0,1,1,6,1,49,8,-1,-1,-1,-1,3,-1
201897LA02902,1,9,0,18,0,4,0,0,0,0,1,1,6,1,30,6,1796,1,8,-1,1,-1
201897LA02902,2,9,0,3,0,4,0,0,0,0,2,1,6,2,28,6,1364,1,1,-1,1,-1
201897LA02909,1,9,0,18,0,0,0,0,0,0,3,1,6,2,60,9,-1,-1,-1,-1,-1,-1
201897LA03001,1,9,0,18,0,1,0,0,0,0,1,1,6,2,47,8,-1,-1,-1,-1,1,-1
201897LA03001,2,9,0,3,0,1,0,0,0,0,2,1,6,1,46,8,1242,1,12,-1,1,-1
201897LA03009,1,9,0,13,0,0,0,0,0,0,4,1,6,1,60,9,1368,1,1,-1,-1,-1
201897LA03009,2,1,0,18,0,0,0,0,0,0,3,1,6,1,40,7,-1,-1,-1,-1,1,-1
201897LA03010,1,9,0,5,0,3,0,0,0,0,1,1,1,1,28,6,-1,-1,-1,-1,1,-1
201897LA03010,2,9,0,4,0,3,0,0,0,0,2,1,1,1,66,10,-1,-1,-1,-1,1,-1
201897LA03105,1,21,0,4,0,0,0,0,0,0,1,1,1,1,35,6,11021,2,12,-1,1,-1
201897LA03105,2,9,0,4,0,0,0,0,0,0,2,1,2,2,62,9,1461,2,1,-1,1,-1
201897LA03105,3,8,0,4,0,0,0,0,0,0,2,1,2,1,53,8,1422,2,3,-1,1,-1
201897LA03108,1,9,0,9,0,6,0,0,0,0,1,1,6,1,-1,-1,1388,1,7,-1,1,-1
201897LA03108,2,9,0,18,0,1,0,0,0,0,1,1,6,2,58,9,1796,1,11,-1,1,-1
201897LA03202,1,21,1,4,0,0,0,0,0,0,1,1,1,1,49,8,12777,2,4,-1,-1,-1
201897LA03202,2,9,0,4,0,0,0,0,0,0,2,1,6,1,51,8,1560,2,4,-1,2,-1
201897LA03208,1,9,0,18,0,8,0,0,0,0,1,1,6,2,25,5,998,1,17,-1,1,-1
201897LA03208,2,9,0,11,0,3,0,0,0,0,4,1,6,2,45,7,1395,1,2,-1,1,-1
201897LA03209,1,9,0,1,0,1,0,0,0,0,2,1,6,1,-1,-1,-1,-1,-1,-1,-1,-1
201897LA03305,1,9,0,18,0,0,0,0,0,0,1,1,6,2,38,7,1560,2,4,-1,1,-1
201897LA03305,2,9,0,4,0,0,0,0,0,0,2,1,6,1,49,8,1968,2,8,-1,1,-1
201897LA03305,3,9,0,4,0,0,0,0,0,0,2,1,6,1,51,8,1560,2,7,-1,3,-1
201897LA03505,1,5,0,16,0,0,0,0,7,0,3,1,6,1,35,6,649,1,9,-1,1,-1
201897LA03801,1,19,0,18,0,4,0,0,0,0,1,1,1,1,19,4,1461,2,3,-1,1,-1
201897LA03801,2,9,0,4,0,4,0,0,0,0,2,1,6,1,23,5,1968,2,1,-1,-1,-1
201897LA04001,1,9,0,1,0,0,0,0,0,0,2,1,6,3,-1,-1,-1,-1,-1,-1,-1,-1
201897LA04001,2,9,0,2,0,0,0,0,0,0,4,1,6,1,53,8,-1,-1,-1,-1,-1,-1
201897LB00106,1,3,0,4,0,0,1,0,0,0,3,1,6,1,49,8,124,1,1,-1,2,-1
201897LB00106,2,4,0,4,0,0,0,0,0,0,2,1,6,1,38,7,181,1,2,-1,-1,-1
201897LB00110,1,5,0,4,0,8,1,0,0,0,1,1,6,1,57,9,498,1,46,-1,3,-1
201897LB00110,2,9,0,18,0,1,0,0,0,0,1,1,6,1,77,11,999,1,-1,-1,-1,-1
201897LB00201,1,9,0,18,0,0,5,0,1,9,1,1,6,1,31,6,1229,1,8,-1,1,-1
201897LB00202,1,19,0,17,0,0,0,0,1,0,1,1,6,1,20,4,2198,2,4,3,1,3
201897LB00202,2,9,0,16,0,0,0,0,7,0,3,1,6,2,61,9,1600,2,8,-1,3,-1
201897LB00210,1,9,0,17,0,0,0,0,1,9,1,1,6,1,63,9,1461,2,2,-1,-1,-1
201897LB00210,2,21,1,16,0,0,0,10,0,0,0,1,1,1,36,7,-1,-1,-1,-1,2,-1
201897LB00301,1,17,0,18,0,0,0,0,8,9,3,1,6,1,42,7,-1,-1,-1,-1,3,-1
201897LB00307,1,9,0,16,0,0,1,0,0,0,1,1,1,1,24,5,1390,1,8,-1,1,-1
201897LB00307,2,1,0,18,0,0,0,0,0,0,2,1,2,2,61,9,-1,-1,-1,-1,2,-1
201897LB00307,3,1,0,18,0,0,0,0,0,0,2,1,1,1,63,9,-1,-1,-1,-1,2,-1
201897LB00308,1,9,0,17,0,0,2,0,1,9,1,1,6,1,20,4,1242,1,16,3,1,3
201897LB00309,1,9,0,17,8,0,0,0,7,11,1,1,6,2,41,7,1560,2,7,-1,3,-1
201897LB00310,1,9,0,9,0,6,0,0,0,0,3,1,6,1,24,5,-1,-1,-1,-1,-1,-1
201897LB00310,2,9,0,18,0,1,0,0,0,0,1,1,6,1,40,7,1229,1,7,3,1,3
201897LB00311,1,9,0,9,0,5,0,0,0,0,4,1,6,2,63,9,1398,2,6,-1,2,-1
201897LB00311,2,9,0,18,0,8,1,0,0,0,1,1,6,2,39,7,1149,1,13,-1,3,-1
201897LB00404,1,9,0,18,0,0,0,0,0,0,1,1,6,1,39,7,2987,2,8,-1,2,-1
201897LB00404,2,9,0,10,0,0,0,0,0,0,2,1,6,1,54,8,1997,2,1,6,2,6
201897LB00406,1,9,0,3,0,0,0,0,0,0,1,1,6,1,39,7,2494,8,3,-1,1,-1
201897LB00406,2,9,0,3,0,0,0,0,0,0,2,1,6,1,29,6,1560,2,3,-1,1,-1
201897LB00412,1,9,0,18,0,0,0,0,7,10,1,1,6,1,63,9,999,1,1,-1,2,-1
201897LB00507,1,9,0,9,0,5,0,0,7,10,3,1,6,1,53,8,-1,-1,-1,-1,3,-1
201897LB00511,1,9,0,18,0,0,0,0,2,4,1,1,6,2,31,6,1124,1,11,-1,3,-1
201897LB00511,2,21,1,18,0,0,0,0,0,0,0,1,1,1,43,7,12742,2,-1,8,1,8
201897LB00511,3,9,0,18,0,0,0,0,0,0,0,1,6,2,21,5,1390,1,14,-1,-1,-1
201897LB00512,1,9,0,18,0,1,0,0,1,0,1,1,6,2,80,11,1149,1,6,-1,3,-1
201897LB00512,2,9,0,10,0,5,0,0,0,0,2,1,6,2,23,5,1229,1,5,-1,3,-1
201897LB00602,1,9,0,16,0,1,2,0,7,9,1,1,1,2,24,5,1399,2,14,5,3,5
201897LB00607,1,9,0,9,0,6,0,0,0,0,4,1,6,1,54,8,1598,1,15,-1,3,-1
201897LB00607,2,5,0,18,0,8,0,0,0,0,1,1,6,1,68,10,645,1,4,-1,3,-1
201897LB00612,1,9,0,17,0,0,1,0,2,0,1,1,6,2,38,7,1598,1,11,8,2,8
201897LB00701,1,9,0,17,0,0,1,0,1,11,4,1,6,1,46,8,1598,2,6,-1,2,-1
201897LB00804,1,21,1,17,0,0,5,0,1,4,1,1,1,1,45,7,12777,2,3,-1,3,-1
201897LB00809,1,19,0,16,6,0,0,7,7,1,1,1,1,1,27,6,2143,2,4,-1,1,-1
201897LB00811,1,9,0,18,0,0,2,0,7,0,3,1,6,1,17,4,1198,1,10,-1,3,-1
201897LB00903,1,9,0,18,0,0,0,0,0,0,3,1,6,1,70,10,-1,-1,-1,-1,3,-1
201897LB00903,2,9,0,18,0,0,0,0,1,9,3,1,6,2,35,6,1248,1,2,3,1,3
201897LB00903,3,9,0,18,0,0,0,0,0,0,1,1,6,1,50,8,1988,2,13,-1,1,-1
201897LB00905,1,9,0,18,0,0,0,0,1,10,1,1,6,1,57,9,1973,1,18,-1,1,-1
201897LB00906,1,9,0,16,0,0,0,0,0,0,1,1,6,2,36,7,1870,2,12,-1,3,-1
201897LB00911,1,9,0,16,0,0,1,0,0,0,3,1,6,1,22,5,1796,1,11,-1,1,-1
201897LB00911,2,9,0,17,0,0,0,0,0,0,3,1,6,1,31,6,2496,2,16,-1,2,-1
201897LB01010,1,9,0,18,0,0,2,0,7,9,1,1,6,1,19,4,-1,-1,-1,-1,3,-1
201897LB01011,1,9,0,18,0,0,0,0,0,0,4,1,2,2,61,9,-1,-1,-1,-1,-1,-1
201897LB01105,1,5,0,7,0,1,0,0,0,0,4,1,6,1,60,9,798,1,5,-1,-1,-1
201897LB01108,1,9,0,16,0,0,5,0,7,9,1,1,6,1,67,10,1969,1,-1,-1,3,-1
201897LB01112,1,19,0,18,0,8,0,0,0,0,4,1,6,1,-1,-1,-1,-1,-1,-1,-1,-1
201897LB01206,1,9,0,18,0,0,0,0,0,0,1,1,6,1,44,7,2998,2,23,-1,3,-1
201897LB01206,2,9,0,18,0,0,0,0,0,0,1,1,6,1,33,6,999,1,1,-1,1,-1
201897LB01207,1,9,0,18,0,0,0,0,7,0,1,1,6,1,68,10,2143,2,1,-1,-1,-1
201897LB01210,1,9,0,5,0,0,0,0,0,0,2,1,6,1,80,11,1596,1,4,-1,3,-1
201897LB01210,2,19,0,5,0,0,0,0,0,0,1,1,6,1,50,8,2198,2,3,-1,1,-1
201897LB01211,1,9,0,18,0,6,0,0,0,2,1,1,1,1,67,10,1197,1,8,-1,2,-1
201897LB01211,2,9,0,18,0,8,0,0,0,0,1,1,6,2,71,10,1242,1,3,-1,2,-1
201897LB01303,1,9,0,16,0,0,1,0,7,0,1,1,1,1,31,6,2402,2,7,-1,2,-1
201897LB01303,2,9,0,17,0,0,0,0,0,0,1,1,6,1,56,9,1995,2,5,-1,3,-1
201897LB01303,3,21,4,3,0,0,0,0,0,0,0,1,1,1,30,6,-1,-1,-1,-1,-1,-1
201897LB01305,1,9,0,7,0,2,0,0,1,0,1,1,6,2,68,10,1396,1,3,-1,1,-1
201897LB01305,2,9,0,13,0,1,0,0,0,0,1,1,1,1,52,8,-1,-1,-1,-1,1,-1
201897LB01308,1,9,0,17,0,0,0,0,1,1,1,1,6,1,69,10,1796,1,9,-1,3,-1
201897LB01309,1,9,0,9,0,1,0,0,0,0,1,1,6,2,83,11,1868,2,15,-1,2,-1
201897LB01309,2,1,0,18,0,1,0,0,0,0,2,1,6,1,65,9,-1,-1,-1,-1,2,-1
201897LB01311,1,9,0,18,0,1,0,0,0,0,3,1,6,1,67,10,1587,1,14,-1,2,-1
201897LB01311,2,9,0,9,0,1,0,0,0,0,4,1,6,1,33,6,1390,1,6,-1,2,-1
201897LB01312,1,19,0,18,0,0,1,0,7,9,1,1,6,1,36,7,1995,2,1,-1,2,-1
201897LB01312,2,9,0,18,0,0,0,0,1,9,1,1,6,2,39,7,1798,2,5,-1,-1,-1
201897LB01407,1,19,0,17,0,0,0,0,7,10,1,1,1,1,37,7,2998,2,2,-1,2,-1
201897LB01410,1,9,0,16,0,0,0,0,0,0,1,1,6,1,52,8,1149,1,5,-1,3,-1
201897LB01410,2,9,0,17,0,0,0,0,0,0,1,1,1,1,55,8,-1,-1,-1,-1,1,-1
201897LB01411,1,9,0,4,0,0,0,0,7,0,1,1,6,1,24,5,1596,1,3,-1,1,-1
201897LB01501,1,11,0,18,0,8,0,0,0,0,1,1,1,1,23,5,11000,2,11,-1,1,-1
201897LB01501,2,9,0,10,0,8,0,0,0,0,2,1,6,1,24,5,2435,1,18,-1,-1,-1
201897LB01505,1,9,0,9,0,8,0,0,0,0,1,1,6,2,49,8,-1,-1,-1,-1,3,-1
201897LB01605,1,9,0,17,0,0,2,0,1,11,4,1,6,2,46,8,1968,2,7,-1,-1,-1
201897LB01607,1,1,0,16,0,1,0,0,0,0,3,1,6,2,50,8,-1,-1,-1,-1,2,-1
201897LB01607,2,9,0,15,0,1,0,0,0,0,4,1,6,1,67,10,-1,-1,-1,-1,2,-1
201897LB01608,1,9,0,16,0,0,1,0,0,0,1,1,6,2,20,4,1800,1,19,-1,2,-1
201897LB01608,2,19,0,18,0,0,0,0,0,0,1,1,1,1,-1,-1,1997,2,2,-1,-1,-1
201897LB01611,1,9,0,5,0,5,0,0,0,0,1,1,6,1,54,8,1995,2,4,-1,3,-1
201897LB01612,1,9,0,18,0,7,0,0,1,0,3,1,2,1,36,7,1686,2,6,-1,3,-1
201897LB01612,2,21,0,18,0,1,0,0,7,9,1,1,1,1,48,8,6728,2,1,-1,1,-1
201897LB01704,1,9,0,13,0,0,5,0,7,0,4,1,6,1,22,5,1796,1,14,-1,3,-1
201897LB01704,2,9,0,13,0,0,0,0,0,0,3,1,2,1,59,9,1598,2,1,-1,3,-1
201897LB01707,1,9,0,13,0,0,5,0,7,9,1,1,6,1,35,6,1598,1,9,-1,3,-1
201897LB01709,1,9,0,9,0,6,0,0,0,0,0,1,6,2,27,6,1598,1,11,-1,2,-1
201897LB01710,1,9,0,9,0,1,0,0,0,0,1,1,6,1,71,10,2179,2,6,-1,1,-1
201897LB01710,2,5,0,18,0,1,5,0,2,10,2,1,6,1,56,9,1690,1,2,4,2,4
201897LB01710,3,9,0,2,6,2,0,0,0,0,4,1,6,3,-1,-1,1598,2,6,-1,-1,-1
201897LB01712,1,9,0,10,0,0,0,0,0,0,1,1,6,3,-1,-1,-1,-1,-1,-1,-1,-1
201897LB01712,2,3,0,18,0,0,1,0,0,0,4,1,6,1,29,6,250,1,12,-1,1,-1
201897LB01802,1,9,0,18,0,0,2,0,2,11,1,1,6,1,71,10,2184,2,12,-1,3,-1
201897LB01804,1,1,0,16,0,0,0,0,0,0,3,1,6,1,66,10,-1,-1,-1,-1,1,-1
201897LB01804,2,11,0,18,0,0,0,0,0,0,3,1,1,1,33,6,3900,2,12,-1,2,-1
201897LB01805,1,19,0,4,0,0,0,0,0,0,1,1,1,1,36,7,2198,2,10,-1,-1,-1
201897LB01805,2,4,0,4,0,0,0,0,0,0,4,1,2,1,47,8,125,1,2,-1,3,-1
201897LB01805,3,9,0,3,0,0,0,0,0,0,2,1,6,1,55,8,2204,2,11,-1,2,-1
201897LB01807,1,19,0,1,0,1,0,0,0,0,2,1,6,1,60,9,2198,2,2,-1,3,-1
201897LB01809,1,9,0,16,8,0,0,0,7,0,1,1,6,1,23,5,1596,1,11,-1,3,-1
201897LB01810,1,9,0,13,0,0,0,0,1,0,1,1,2,1,26,6,1968,2,6,-1,-1,-1
201897LB01810,2,9,0,18,0,0,0,0,1,9,1,1,2,2,53,8,998,1,11,-1,3,-1
201897LB01901,1,9,0,18,0,0,0,0,0,0,3,1,6,2,81,11,1598,2,5,-1,2,-1
201897LB01903,1,9,0,17,0,0,1,7,0,7,1,1,6,2,33,6,1199,2,5,-1,2,-1
201897LB01905,1,9,0,9,0,5,0,0,0,0,3,1,6,1,70,10,2143,2,1,-1,1,-1
201897LB01905,2,5,0,13,0,1,0,0,0,0,1,1,6,1,67,10,999,1,1,-1,2,-1
201897LB01907,1,5,0,16,0,0,1,7,0,0,1,1,6,1,45,7,883,1,1,-1,1,-1
201897LB02006,1,9,0,18,0,0,2,0,8,9,1,1,6,1,27,6,1086,1,12,-1,3,-1
201897LB02008,1,9,0,17,0,0,2,0,7,1,1,1,6,1,26,6,1229,1,12,5,1,5
201897LB02010,1,5,0,18,0,1,0,0,0,0,1,1,6,1,76,11,-1,-1,-1,-1,2,-1
201897LB02010,2,9,0,10,0,1,0,0,0,0,3,1,6,1,58,9,-1,-1,-1,-1,3,-1
201897LB02010,3,9,0,10,0,1,0,0,0,0,1,1,6,1,74,10,998,1,4,-1,2,-1
201897LB02104,1,5,0,16,0,0,1,0,7,9,1,1,6,1,60,9,750,1,12,-1,1,-1
201897LB02104,2,90,0,17,0,0,5,0,1,9,1,1,1,1,45,7,2987,2,5,-1,3,-1
201897LB02109,1,9,0,16,0,0,0,0,1,11,1,1,1,1,63,9,1598,1,11,-1,2,-1
201897LB02110,1,9,0,18,0,5,5,0,3,11,1,1,6,1,20,4,796,1,9,-1,3,-1
201897LB02112,1,9,0,17,0,0,2,0,7,9,0,1,6,1,18,4,1198,1,6,-1,3,-1
201897LB02201,1,9,0,18,0,1,1,0,0,11,1,1,6,1,24,5,1999,1,10,-1,2,-1
201897LB02201,2,19,0,18,0,1,0,0,0,0,1,1,1,1,28,6,2143,2,5,-1,2,-1
201897LB02209,1,9,0,18,0,0,1,0,1,4,1,1,6,2,87,11,1910,2,11,-1,1,-1
201897LB02212,1,9,0,18,6,0,2,0,7,10,4,1,6,1,23,5,2000,2,14,-1,-1,-1
201897LB02305,1,9,0,17,0,0,0,0,0,0,3,1,2,1,26,6,1390,1,5,-1,3,-1
201897LB02305,2,11,0,16,0,0,0,0,7,7,3,1,1,1,68,10,5900,2,13,-1,3,-1
201897LB02310,1,9,0,16,0,0,2,0,7,4,3,1,6,2,55,8,1596,1,13,-1,1,-1
201897LB02311,1,9,0,7,0,6,0,0,0,0,1,1,1,2,56,9,1461,2,4,-1,3,-1
201897LB02311,2,21,0,18,0,1,0,0,0,0,3,1,1,1,42,7,10837,2,1,6,1,6
201897LB02401,1,19,0,16,0,0,1,10,7,0,1,1,1,1,38,7,2287,2,10,-1,3,-1
201897LB02401,2,19,0,17,0,0,0,0,1,0,1,1,1,1,55,8,1995,2,1,-1,1,-1
201897LB02401,3,9,0,17,0,0,1,0,1,0,1,1,6,1,52,8,2179,2,6,-1,3,-1
201897LB02401,4,9,0,16,0,0,1,0,0,0,1,1,6,2,40,7,1998,2,10,-1,3,-1
201897LB02411,1,9,0,18,0,1,0,0,0,0,4,1,6,1,68,10,1149,1,13,-1,3,-1
201897LB02411,2,9,0,18,0,1,0,0,0,0,4,1,6,2,57,9,1497,8,-1,-1,3,-1
201897LB02501,1,19,0,17,0,0,0,0,1,0,3,1,1,1,23,5,1560,2,5,-1,-1,-1
201897LB02501,2,19,0,17,0,0,0,0,7,0,3,1,1,1,59,9,1997,2,2,-1,-1,-1
201897LB02506,1,5,0,17,0,0,0,0,1,0,0,1,6,1,53,8,-1,-1,-1,-1,-1,-1
201897LB02507,1,5,0,16,0,0,2,0,7,0,4,1,1,1,37,7,1170,1,6,-1,1,-1
201897LB02601,1,9,0,16,0,0,1,5,0,0,2,1,6,2,35,6,2967,2,2,-1,2,-1
201897LB02601,2,9,0,16,0,0,1,7,0,7,1,1,6,1,54,8,1560,2,4,-1,3,-1
201897LB02602,1,9,0,18,0,0,1,0,0,0,1,1,6,1,24,5,1598,1,15,9,3,9
201897LB02602,2,9,0,4,0,0,0,0,0,0,1,1,6,1,74,10,1588,1,15,-1,2,-1
201897LB02707,1,5,0,17,0,0,0,6,0,11,4,1,6,1,64,9,883,1,16,-1,1,-1
201897LB02710,1,9,0,18,0,2,0,0,0,0,4,1,6,2,68,10,1360,1,14,-1,2,-1
201897LB02711,1,9,0,16,0,0,0,0,7,10,1,1,6,1,90,11,999,1,-1,-1,3,-1
201897LB02807,1,9,0,16,0,0,5,0,8,11,3,1,2,2,17,4,1242,1,12,-1,3,-1
201897LB02810,1,9,0,18,0,0,0,0,0,0,1,1,6,1,57,9,1686,2,6,-1,3,-1
201897LB02810,2,9,0,18,0,0,0,0,1,9,1,1,6,2,35,6,1399,1,-1,6,1,6
201897LB03002,1,9,0,17,0,0,0,0,0,0,1,1,6,2,35,6,1149,1,9,-1,3,-1
201897LB03002,2,9,0,16,0,0,0,0,0,0,1,1,6,2,82,11,1598,1,3,-1,3,-1
201897LB03006,1,9,0,7,0,8,0,0,0,0,1,1,2,2,56,9,1198,1,8,-1,2,-1
201897LB03006,2,9,0,9,0,8,0,0,0,0,1,1,2,1,52,8,1388,1,6,-1,2,-1
201897LB03007,1,19,0,4,0,1,1,0,0,0,1,1,2,1,33,6,2143,2,2,8,1,8
201897LB03007,2,19,0,4,0,1,1,0,0,0,1,1,2,1,59,9,1560,2,-1,-1,3,-1
201897LB03007,3,9,0,18,0,1,0,0,0,0,2,1,2,1,53,8,-1,-1,-1,-1,1,-1
201897LB03007,4,9,0,18,0,1,0,0,0,0,0,1,2,1,26,6,1896,2,15,-1,1,-1
201897LB03010,1,9,0,4,0,6,0,0,0,0,1,1,6,1,50,8,1997,2,1,-1,1,-1
201897LB03010,2,4,0,10,0,1,0,0,0,0,2,1,6,1,36,7,-1,-1,-1,10,1,10
201897LB03102,1,9,0,5,0,8,0,0,0,0,4,1,6,2,24,5,1598,2,3,-1,2,-1
201897LB03102,2,5,0,18,0,8,0,0,0,0,1,1,6,1,43,7,937,1,22,-1,2,-1
201897LB03105,1,9,0,18,0,0,0,0,0,0,1,1,2,1,61,9,1388,1,11,-1,3,-1
201897LB03105,2,9,0,3,0,0,0,0,0,0,2,1,6,1,72,10,999,1,4,6,2,6
201897LB03108,1,1,0,18,0,1,0,0,0,0,1,1,2,1,21,5,-1,-1,-1,-1,3,-1
201897LB03108,2,9,0,18,0,1,0,0,0,0,1,1,2,1,58,9,2191,2,3,-1,3,-1
201897LB03302,1,9,0,18,0,0,1,0,8,10,1,1,2,1,19,4,1398,2,9,-1,-1,-1
201897LB03307,1,9,0,18,0,0,5,0,7,11,1,1,6,2,81,11,1461,2,10,-1,3,-1
201897LB03308,1,1,0,17,0,0,1,0,1,10,1,1,6,1,47,8,-1,-1,-1,-1,3,-1
201897LB03406,1,5,0,16,0,0,5,0,0,0,1,1,6,1,57,9,1085,1,21,5,1,5
201897LB03406,2,9,0,17,0,0,1,0,0,0,3,1,6,1,75,10,1968,2,4,-1,3,-1
201897LB03408,1,1,0,18,0,0,0,0,0,0,2,1,6,1,33,6,-1,-1,-1,-1,2,-1
201897LB03408,2,9,0,5,0,0,0,0,0,0,1,1,6,1,41,7,-1,-1,-1,-1,2,-1
201897LB03705,1,9,0,18,0,0,5,0,1,10,1,1,6,2,18,4,1149,1,12,-1,3,-1
201897LB03707,1,9,0,16,0,0,2,0,7,10,1,1,6,1,29,6,1998,1,-1,-1,-1,-1
201897LB03805,1,11,0,18,0,0,0,0,0,0,3,1,1,1,45,7,-1,2,19,-1,2,-1
201897LB03905,1,21,2,7,0,1,0,0,0,0,3,1,1,1,39,7,12809,2,3,-1,1,-1
201897LB03907,1,9,0,16,0,0,0,0,2,11,2,1,6,1,63,9,1229,1,10,-1,1,-1
201897LB04001,1,9,0,1,7,0,0,0,0,0,2,1,6,1,88,11,999,1,2,-1,3,-1
201897LB04107,1,9,0,17,0,0,5,0,7,0,4,1,6,1,21,5,998,1,9,-1,3,-1
201897LB04307,1,5,0,17,0,0,1,0,1,7,4,1,6,1,38,7,954,1,15,-1,1,-1
201897LB04501,1,9,0,17,0,0,5,0,8,0,1,1,2,2,42,7,1596,1,4,-1,3,-1
201897LB70107,1,5,0,16,0,0,0,0,1,0,1,1,6,1,40,7,929,1,18,-1,1,-1
201897LB70107,2,9,0,17,0,0,0,0,1,0,1,1,6,2,40,7,1598,1,12,-1,1,-1
201897NA00102,1,9,0,10,0,8,0,0,0,0,1,1,6,1,19,4,1242,1,7,-1,1,-1
201897NA00102,2,9,0,18,0,8,0,0,0,0,3,1,6,2,29,6,1499,2,1,-1,1,-1
201897NA00105,1,9,0,4,0,1,0,0,0,0,1,1,6,1,66,10,1498,1,2,-1,1,-1
201897NA00105,2,9,0,3,0,1,0,0,0,0,2,1,6,1,36,7,1968,2,9,-1,1,-1
201897NA00105,3,9,0,18,0,8,0,0,0,0,2,1,6,2,65,9,1596,1,4,-1,1,-1
201897NA00107,1,9,0,5,0,4,0,0,0,0,3,1,6,2,46,8,998,1,2,-1,1,-1
201897NA00107,2,4,0,18,0,8,0,0,0,0,1,1,2,1,46,8,124,1,2,-1,1,-1
201897NA00110,1,9,0,18,0,1,0,0,0,0,1,1,6,1,53,8,1896,2,14,-1,1,-1
201897NA00110,2,9,0,9,0,5,0,0,0,0,1,1,6,1,28,6,1149,1,13,-1,1,-1
201897NA00111,1,9,0,18,0,1,0,0,0,0,4,1,1,1,48,8,1248,1,5,-1,1,-1
201897NA00112,1,9,0,15,0,0,0,0,0,0,3,1,6,1,27,6,1896,2,15,-1,1,-1
201897NA00112,2,9,0,15,0,0,0,0,0,0,3,1,6,1,79,11,1461,2,8,-1,3,-1
201897NA00201,1,9,0,5,9,4,0,0,0,0,1,1,6,3,-1,-1,-1,-1,-1,-1,-1,-1
201897NA00202,1,9,0,17,0,0,1,0,0,11,1,1,1,1,33,6,1422,2,3,-1,1,-1
201897NA00207,1,9,0,18,0,3,0,0,0,0,1,1,6,2,20,4,1198,1,5,-1,1,-1
201897NA00207,2,9,0,18,0,3,0,0,0,0,4,1,6,2,26,6,1598,2,3,-1,1,-1
201897NA00208,1,19,0,14,0,0,0,0,0,0,3,1,6,1,24,5,2198,2,3,-1,1,-1
201897NA00208,2,9,0,13,0,0,0,0,7,0,4,1,1,1,24,5,1560,2,4,-1,1,-1
201897NA00208,3,9,0,2,0,0,0,0,7,0,4,1,6,3,-1,-1,1968,2,3,-1,1,-1
201897NA00211,1,9,0,3,0,1,0,0,0,0,4,1,1,1,50,8,-1,-1,-1,-1,1,-1
201897NA00211,2,9,0,16,0,1,0,0,0,0,4,1,6,2,24,5,1364,1,13,-1,1,-1
201897NA00212,1,19,0,18,0,0,0,0,0,2,1,1,1,1,22,5,2402,2,9,-1,3,-1
201897NA00212,2,17,0,2,0,0,0,0,0,0,1,1,6,3,-1,-1,-1,-1,-1,-1,-1,-1
201897NA00301,1,9,0,9,0,8,0,0,0,0,4,1,6,1,28,6,1560,2,5,-1,3,-1
201897NA00301,2,9,0,18,0,1,1,0,0,0,1,1,6,1,40,7,1968,2,10,-1,1,-1
201897NA00302,1,9,0,4,0,1,0,0,0,0,1,1,6,2,29,6,1197,1,2,-1,1,-1
201897NA00302,2,9,0,3,0,1,0,0,0,0,2,1,6,2,19,4,1242,1,14,-1,3,-1
201897NA00305,1,9,0,18,0,4,0,0,0,0,1,1,1,1,22,5,2000,1,9,-1,1,-1
201897NA00305,2,9,0,18,0,4,0,0,0,0,2,1,6,1,37,7,1910,2,12,-1,1,-1
201897NA00309,1,9,0,13,0,0,1,0,7,0,1,1,6,1,22,5,-1,-1,-1,-1,1,-1
201897NA00309,2,9,0,17,0,0,1,0,0,0,1,1,6,2,26,6,1395,1,1,-1,1,-1
201897NA00310,1,9,0,5,0,1,0,4,0,0,1,1,6,2,39,7,2184,2,15,-1,1,-1
201897NA00310,2,19,0,18,0,1,0,0,0,0,1,1,1,1,20,4,1560,2,2,-1,1,-1
201897NA00310,3,19,0,2,0,1,0,0,0,0,1,1,6,3,-1,-1,1753,2,15,-1,-1,-1
201897NA00401,1,8,0,18,0,1,1,0,0,11,4,1,1,1,23,5,1968,2,12,-1,3,-1
201897NA00401,2,8,0,3,0,2,0,0,0,0,4,1,6,1,50,8,1598,2,2,-1,3,-1
201897NA00402,1,19,0,18,0,0,0,0,0,0,4,1,1,1,63,9,2143,2,2,-1,3,-1
201897NA00404,1,9,0,17,0,0,1,0,0,0,1,1,1,2,25,5,1587,1,11,-1,1,-1
201897NA00404,2,19,0,18,0,0,0,0,0,0,1,1,1,1,56,9,1968,2,1,-1,3,-1
201897NA00405,1,9,0,9,0,6,0,0,0,0,1,1,6,2,32,6,1560,2,9,-1,1,-1
201897NA00405,2,9,0,18,0,8,0,0,0,0,4,1,1,1,32,6,1560,2,1,-1,-1,-1
201897NA00406,1,9,0,7,0,6,0,0,0,0,1,1,6,1,37,7,1124,1,16,-1,1,-1