Accident_Index,Vehicle_Reference,Vehicle_Type,Towing_and_Articulation,Vehicle_Manoeuvre,Vehicle_Location-Restricted_Lane,Junction_Location,Skidding_and_Overturning,Hit_Object_in_Carriageway,Vehicle_Leaving_Carriageway,Hit_Object_off_Carriageway,1st_Point_of_Impact,Was_Vehicle_Left_Hand_Drive?,Journey_Purpose_of_Driver,Sex_of_Driver,Age_of_Driver,Age_Band_of_Driver,Engine_Capacity_(CC),Propulsion_Code,Age_of_Vehicle,Driver_IMD_Decile,Driver_Home_Area_Type,Vehicle_IMD_Decile
201897NA00406,2,9,0,4,0,1,0,0,0,0,1,1,6,1,43,7,1598,2,3,-1,1,-1
201897NA00407,1,9,0,14,0,1,0,0,0,0,1,1,6,1,18,4,1248,2,6,-1,1,-1
201897NA00407,2,9,0,18,0,1,0,0,0,0,1,1,6,1,50,8,1598,2,2,-1,1,-1
201897NA00408,1,9,0,18,0,0,0,0,0,0,1,1,6,1,28,6,2979,1,15,-1,1,-1
201897NA00408,2,9,0,4,0,0,0,0,0,0,2,1,6,2,37,7,1242,1,4,-1,1,-1
201897NA00409,1,9,0,17,0,0,1,0,0,0,1,1,1,1,31,6,2979,1,3,-1,1,-1
201897NA00409,2,9,0,2,0,0,0,0,0,0,2,1,6,3,-1,-1,1398,1,2,-1,-1,-1
201897NA00410,1,9,0,9,0,8,0,0,0,0,1,1,6,1,36,7,1598,2,1,-1,1,-1
201897NA00411,1,9,0,7,0,8,0,0,0,0,4,1,6,1,39,7,-1,-1,-1,-1,-1,-1
201897NA00411,2,9,0,18,0,2,0,0,0,0,3,1,6,1,40,7,1968,2,1,-1,1,-1
201897NA00411,3,9,0,10,0,1,0,0,0,0,4,1,6,1,68,10,1560,2,10,-1,1,-1
201897NA00411,4,9,0,10,0,1,0,0,0,0,1,1,6,1,55,8,1582,2,7,-1,1,-1
201897NA00412,1,1,0,18,0,8,0,0,0,0,1,1,6,1,33,6,-1,-1,-1,-1,1,-1
201897NA00412,2,9,0,9,0,6,0,0,0,0,1,1,2,2,22,5,1388,1,13,-1,1,-1
201897NA00501,1,9,0,10,0,1,0,0,0,0,4,1,6,1,56,9,1560,2,4,-1,1,-1
201897NA00501,2,1,0,18,9,1,0,0,0,0,1,1,6,1,12,3,-1,-1,-1,-1,1,-1
201897NA00505,1,9,0,18,0,8,0,0,0,0,1,1,6,1,19,4,898,1,4,-1,1,-1
201897NA00505,2,9,0,18,0,8,0,0,0,0,1,1,6,2,20,4,999,1,-1,-1,-1,-1
201897NA00507,1,9,0,18,0,8,0,0,0,0,1,1,6,2,39,7,1398,1,1,-1,1,-1
201897NA00507,2,9,0,18,0,8,0,0,0,0,4,1,6,1,27,6,1461,2,3,-1,1,-1
201897NA00509,1,9,0,4,0,1,0,0,0,0,4,1,2,1,47,8,1229,1,8,-1,1,-1
201897NA00602,1,9,0,18,0,0,0,7,0,2,1,1,6,2,78,11,996,1,4,-1,1,-1
201897NA00603,1,9,0,18,0,0,0,0,0,0,4,1,6,1,47,8,1498,1,1,-1,1,-1
201897NA00604,1,9,0,7,0,8,0,0,0,0,1,1,6,2,27,6,1499,1,-1,-1,1,-1
201897NA00604,2,9,0,18,0,8,5,0,0,0,4,1,6,1,71,10,1580,8,-1,-1,1,-1
201897NA00605,1,9,0,18,0,1,1,0,0,0,1,1,1,1,20,4,1896,2,13,-1,3,-1
201897NA00605,2,9,0,18,0,6,0,0,0,0,2,1,6,1,24,5,1995,2,5,-1,1,-1
201897NA00608,1,9,0,17,0,0,1,0,2,11,4,1,6,1,42,7,1798,1,12,-1,1,-1
201897NA00609,1,9,0,18,0,4,0,0,0,0,2,1,6,2,47,8,1582,2,2,-1,1,-1
201897NA00609,2,9,0,13,0,4,0,0,0,0,1,1,6,1,-1,-1,2179,2,6,-1,-1,-1
201897NA00702,1,19,0,18,0,0,1,0,0,4,1,1,1,1,48,8,1997,2,13,-1,3,-1
201897NA00702,2,19,0,18,0,0,0,0,0,0,1,1,1,1,43,7,2198,2,6,-1,1,-1
201897NA00706,1,9,0,5,0,4,0,0,0,0,1,1,2,1,26,6,1229,1,7,-1,1,-1
201897NA00706,2,9,0,5,0,4,0,0,0,0,2,1,2,2,40,7,1149,1,14,-1,1,-1
201897NA00709,1,9,0,18,0,4,0,0,0,0,1,1,6,2,58,9,1596,1,2,-1,1,-1
201897NA00709,2,1,0,18,0,3,0,0,0,0,4,1,1,1,48,8,-1,-1,-1,-1,1,-1
201897NA00712,1,20,0,9,0,1,1,0,7,0,3,1,1,1,50,8,4580,2,3,-1,1,-1
201897NA00712,2,90,0,18,0,2,0,0,0,0,3,1,1,1,59,9,-1,-1,-1,-1,1,-1
201897NA00803,1,19,0,6,0,8,0,0,0,0,3,1,2,1,25,5,-1,-1,-1,-1,1,-1
201897NA00803,2,1,0,18,0,8,0,0,0,0,1,1,2,1,35,6,-1,-1,-1,-1,-1,-1
201897NA00804,1,9,0,18,0,1,5,0,0,0,1,1,6,1,83,11,898,1,1,-1,1,-1
201897NA00804,2,9,0,2,0,1,0,0,0,0,2,1,6,3,-1,-1,-1,-1,-1,-1,-1,-1
201897NA00804,3,9,0,2,0,1,5,0,0,0,2,1,6,3,-1,-1,-1,-1,-1,-1,-1,-1
201897NA00804,4,9,0,2,0,1,0,0,0,0,1,1,6,3,-1,-1,-1,-1,-1,-1,-1,-1
201897NA00806,1,5,0,18,0,0,0,0,0,0,1,1,6,1,29,6,1200,1,13,-1,1,-1
201897NA00806,2,9,0,2,0,0,0,0,0,0,2,1,6,3,-1,-1,1968,2,5,-1,1,-1
201897NA00808,1,9,0,7,0,4,0,0,0,0,3,1,6,1,45,7,2204,2,9,-1,1,-1
201897NA00808,2,1,0,18,0,3,0,0,0,0,1,1,6,1,56,9,-1,-1,-1,-1,-1,-1
201897NA00808,3,1,0,18,0,3,0,0,0,0,1,1,6,1,46,8,-1,-1,-1,-1,1,-1
201897NA00810,1,9,0,2,0,1,0,0,0,0,4,1,1,1,54,8,1598,2,1,-1,3,-1
201897NA00902,1,9,0,18,0,0,0,0,0,0,1,1,2,1,25,5,1598,1,11,-1,1,-1
201897NA00906,1,9,0,18,0,4,0,0,0,0,1,1,6,1,36,7,1497,1,14,-1,3,-1
201897NA00906,2,9,0,18,0,4,0,0,0,0,1,1,6,1,54,8,1799,1,10,-1,1,-1
201897NA00909,1,9,0,17,0,0,0,0,0,0,1,1,1,1,37,7,1560,2,11,-1,1,-1
201897NA00909,2,9,0,17,0,0,0,0,0,0,2,1,1,1,44,7,-1,-1,-1,-1,1,-1
201897NA00909,3,9,0,16,0,0,0,0,0,0,0,1,6,1,22,5,2993,2,13,-1,1,-1
201897NA00910,1,9,0,18,0,0,0,0,0,0,1,1,6,2,31,6,1242,1,11,-1,1,-1
201897NA00910,2,9,0,18,0,0,0,0,0,0,3,1,6,2,29,6,1998,1,8,-1,1,-1
201897NA00911,1,9,0,18,0,0,0,0,0,0,0,1,6,2,18,4,1395,1,4,-1,1,-1
201897NA00911,2,9,0,18,0,0,0,0,0,0,0,1,6,1,45,7,1422,2,1,-1,-1,-1
201897NA00912,1,9,0,18,0,0,0,0,0,0,4,1,6,1,27,6,1461,2,2,-1,1,-1
201897NA01002,1,9,0,18,0,0,0,0,0,0,1,1,6,2,21,5,1388,1,16,-1,1,-1
201897NA01003,1,8,0,18,0,4,0,0,0,0,3,1,6,1,29,6,1598,2,4,-1,1,-1
201897NA01003,2,9,0,9,0,4,0,0,0,0,4,1,6,2,34,6,1598,2,1,-1,1,-1
201897NA01005,1,9,0,7,0,8,0,0,0,0,3,1,1,2,43,7,1685,2,5,-1,1,-1
201897NA01005,2,9,0,18,0,1,0,0,0,0,1,1,6,2,20,4,1149,1,3,-1,1,-1
201897NA01008,1,9,0,17,0,0,0,0,0,0,1,1,2,1,30,6,-1,-1,-1,-1,3,-1
201897NA01008,2,9,0,4,0,0,0,0,0,0,1,1,2,1,52,8,1398,2,4,-1,3,-1
201897NA01009,1,9,0,4,0,1,0,0,0,0,4,1,6,2,61,9,996,1,5,-1,3,-1
201897NA01010,1,9,0,10,0,8,0,0,0,0,1,1,6,2,26,6,1796,1,12,-1,1,-1
201897NA01010,2,9,0,18,0,8,0,0,0,0,1,1,2,1,42,7,1968,2,9,-1,1,-1
201897NA01101,1,9,0,17,0,0,1,0,1,0,0,1,6,1,19,4,998,1,10,-1,1,-1
201897NA01103,1,19,0,18,0,2,0,0,0,3,1,1,1,1,32,6,1997,2,1,-1,1,-1
201897NA01103,2,9,0,7,0,5,0,0,0,0,1,1,2,1,49,8,1496,2,2,-1,1,-1
201897NA01106,1,9,0,18,0,0,0,4,0,0,4,1,6,1,55,8,1084,1,-1,-1,1,-1
201897NA01106,2,9,0,2,0,0,0,0,0,0,2,1,6,2,20,4,998,1,5,-1,1,-1
201897NA01108,1,9,0,9,0,8,0,0,0,0,1,1,6,2,21,5,1398,1,3,-1,3,-1
201897NA01108,2,3,0,18,0,8,0,0,0,0,1,1,6,1,28,6,124,1,4,-1,1,-1
201897NA01201,1,9,0,17,0,0,1,0,0,0,1,1,6,1,39,7,-1,-1,-1,3,1,3
201897NA01201,2,11,0,16,0,0,0,0,0,0,1,1,1,1,34,6,6696,2,5,-1,1,-1
201897NA01209,1,19,0,18,0,0,0,0,0,0,3,1,6,1,74,10,1995,2,6,-1,1,-1
201897NA01211,1,9,0,4,0,0,0,0,0,0,1,1,2,1,34,6,2393,2,1,-1,1,-1
201897NA01211,2,9,0,3,0,0,0,0,0,0,2,1,2,1,17,4,1398,1,6,-1,1,-1
201897NA01303,1,9,0,9,0,1,0,0,0,0,1,1,6,1,81,11,1591,1,4,-1,2,-1
201897NA01303,2,9,0,18,0,1,0,0,0,0,1,1,6,1,20,4,1598,1,3,-1,3,-1
201897NA01304,1,9,0,18,0,0,0,0,0,0,1,1,2,2,42,7,1461,2,3,-1,-1,-1
201897NA01304,2,9,0,18,0,0,0,0,0,0,1,1,6,2,37,7,1386,1,10,-1,1,-1
201897NA01304,3,9,0,2,0,0,0,0,0,0,3,1,6,1,-1,-1,998,1,11,-1,-1,-1
201897NA01308,1,9,0,6,0,1,0,0,0,0,1,1,6,1,-1,-1,1398,1,1,-1,1,-1
201897NA01308,2,1,0,4,0,1,0,0,0,0,0,1,6,1,38,7,-1,-1,-1,-1,1,-1
201897NA01401,1,9,0,4,0,8,1,9,3,10,1,1,6,1,56,9,999,1,3,-1,-1,-1
201897NA01402,1,9,0,18,0,1,0,0,0,0,1,1,6,2,27,6,1796,1,6,-1,1,-1
201897NA01402,2,9,0,3,0,1,0,0,0,0,2,1,6,2,31,6,1396,1,7,-1,1,-1
201897NA01404,1,9,0,18,0,0,0,0,0,0,4,1,6,1,18,4,1120,2,1,-1,-1,-1
201897NA01405,1,9,0,18,0,0,0,0,0,0,1,1,6,1,61,9,1248,1,5,-1,1,-1
201897NA01405,2,9,0,18,0,0,0,0,0,0,1,1,6,2,37,7,1242,1,4,-1,1,-1
201897NA01409,1,9,0,9,0,5,1,0,0,0,4,1,6,2,64,9,998,1,1,-1,1,-1
201897NA01409,2,8,0,10,0,1,0,0,0,0,3,1,1,2,45,7,1598,2,1,-1,1,-1
201897NA01409,3,8,0,15,0,8,0,0,0,0,1,1,1,1,60,9,1997,2,4,-1,1,-1
201897NA01412,1,9,0,18,0,1,0,0,0,0,1,1,6,1,29,6,1598,1,6,-1,1,-1
201897NA01502,1,9,0,18,0,1,0,0,0,0,1,1,6,1,47,8,1242,1,15,-1,1,-1
201897NA01503,1,9,0,9,0,6,0,0,0,0,4,1,6,1,65,9,-1,-1,-1,-1,1,-1
201897NA01503,2,9,0,18,0,8,0,0,0,0,3,1,6,2,40,7,1461,2,2,-1,1,-1
201897NA01506,1,9,0,18,0,1,0,0,0,0,1,1,6,3,-1,-1,-1,-1,-1,-1,-1,-1
201897NA01508,1,9,0,18,0,0,0,0,0,0,1,1,1,1,37,7,1398,2,15,-1,1,-1
201897NA01508,2,9,0,4,0,0,0,0,1,0,2,1,1,1,44,7,1596,1,13,-1,1,-1
201897NA01512,1,9,0,9,0,8,0,0,0,0,4,1,6,2,17,4,1499,1,1,-1,-1,-1
201897NA01512,2,9,0,18,0,8,0,0,0,0,1,1,6,1,51,8,1919,2,10,-1,1,-1
201897NA01604,1,9,0,18,0,1,0,0,0,0,1,1,6,1,26,6,1229,1,7,-1,1,-1
201897NA01604,2,9,0,10,0,1,0,0,0,0,2,1,6,2,48,8,898,1,1,-1,1,-1
201897NA01608,1,9,0,18,0,0,0,0,0,0,1,1,1,1,44,7,-1,-1,-1,-1,1,-1
201897NA01608,2,9,0,3,0,0,0,0,0,0,2,1,2,2,56,9,1398,1,2,-1,-1,-1
201897NA01608,3,9,0,10,0,0,0,0,0,0,2,1,6,1,38,7,1560,2,5,-1,1,-1
201897NA01709,1,19,0,5,8,2,0,0,0,0,1,1,6,1,-1,-1,-1,-1,-1,-1,-1,-1
201897NA01709,2,9,0,18,0,1,0,0,0,0,2,1,6,2,18,4,1229,1,6,-1,1,-1
201897NA01711,1,9,0,18,0,0,0,0,0,0,1,1,1,2,23,5,1242,1,3,-1,1,-1
201897NA01711,2,19,0,18,0,0,0,0,0,0,2,1,6,1,51,8,2198,2,4,-1,1,-1
201897NA01801,1,9,0,3,0,1,0,0,0,0,2,1,6,2,47,8,1386,1,15,-1,1,-1
201897NA01801,2,9,0,4,0,1,0,0,0,0,1,1,6,1,47,8,1796,1,13,-1,1,-1
201897NA01803,1,9,0,1,0,6,0,0,0,0,1,1,6,1,29,6,1910,2,13,-1,1,-1
201897NA01803,2,9,0,18,0,1,0,0,0,0,4,1,6,1,20,4,1229,1,5,-1,1,-1
201897NA01803,3,9,0,3,0,1,0,0,0,0,3,1,6,2,23,5,899,1,3,-1,1,-1
201897NA01803,4,19,0,2,0,1,0,0,0,0,1,1,6,3,-1,-1,2143,2,7,-1,-1,-1
201897NA01804,1,9,0,18,0,3,0,0,0,0,1,1,6,2,23,5,1685,2,1,-1,-1,-1
201897NA01804,2,9,0,18,0,3,0,0,0,0,2,1,6,2,30,6,1364,1,2,-1,-1,-1
201897NA01810,1,9,0,12,0,1,0,0,0,0,3,1,1,1,66,10,2987,2,9,-1,1,-1
201897NA01810,2,9,0,18,0,1,0,0,0,0,1,1,3,1,33,6,1598,2,3,-1,1,-1
201897NA01901,1,20,0,15,0,0,0,0,0,0,1,1,6,1,50,8,2402,2,10,-1,1,-1
201897NA01901,2,9,0,4,0,0,1,0,0,0,1,1,3,2,31,6,1560,2,4,-1,-1,-1
201897NA01912,1,9,0,18,0,0,0,0,0,0,4,1,6,2,53,8,1496,2,4,-1,1,-1
201897NA01912,2,9,0,18,0,0,0,0,0,0,0,1,6,2,48,8,1461,2,4,-1,1,-1
201897NA02005,1,9,0,9,0,6,1,0,0,0,1,1,6,2,59,9,1242,1,4,-1,1,-1
201897NA02005,2,9,0,18,0,1,0,0,0,0,3,1,1,1,23,5,1398,2,5,-1,1,-1
201897NA02005,3,9,0,3,0,1,0,0,0,0,1,1,6,2,32,6,1685,2,3,-1,3,-1
201897NA02010,1,9,0,2,0,0,0,0,0,0,2,1,6,1,22,5,998,1,4,-1,3,-1
201897NA02010,2,9,0,18,0,0,0,0,0,0,1,1,6,1,-1,-1,1399,1,9,-1,1,-1
201897NA02011,1,9,0,18,0,0,0,0,0,0,1,1,6,1,20,4,1368,1,3,-1,1,-1
201897NA02105,1,9,0,18,0,4,0,0,0,0,1,1,6,2,-1,-1,1499,2,2,-1,-1,-1
201897NA02105,2,9,0,3,0,4,0,0,0,0,2,1,2,2,32,6,1248,2,6,-1,1,-1
201897NA02107,1,9,0,18,0,0,1,0,0,0,1,1,1,1,45,7,1248,2,9,-1,1,-1
201897NA02107,2,9,0,18,0,0,0,0,0,0,2,1,1,2,47,8,1968,2,3,-1,3,-1
201897NA02112,1,19,0,18,0,0,0,0,0,0,1,1,6,1,62,9,-1,-1,-1,-1,1,-1
201897NA02205,1,1,0,4,0,1,0,0,0,0,3,1,2,1,38,7,-1,-1,-1,-1,3,-1
201897NA02205,2,9,0,13,0,1,0,0,0,0,4,1,2,2,46,8,-1,-1,-1,-1,-1,-1
201897NA02210,1,9,0,18,0,4,0,0,0,0,1,1,6,1,23,5,1360,1,13,-1,1,-1
201897NA02210,2,9,0,9,0,8,0,0,0,0,4,1,6,1,45,7,1364,1,-1,-1,-1,-1
201897NA02210,3,19,0,4,0,1,0,0,0,0,3,1,6,1,37,7,1560,2,-1,-1,-1,-1
201897NA02301,1,9,0,18,0,8,1,0,0,0,1,1,6,1,27,6,1560,2,7,-1,1,-1
201897NA02301,2,9,0,18,0,8,1,0,0,2,2,1,6,1,46,8,-1,-1,-1,-1,1,-1
201897NA02501,1,9,0,18,0,1,1,10,0,2,1,1,6,1,36,7,898,1,1,2,1,2
201897NA70104,1,21,1,18,0,0,0,0,0,0,1,1,1,1,52,8,12742,2,-1,2,1,2
201897NA70104,2,19,0,4,0,0,0,0,0,0,2,1,1,1,42,7,-1,-1,-1,-1,1,-1
201897NA75101,1,9,0,11,0,0,0,0,0,0,0,1,6,3,-1,-1,-1,-1,-1,-1,-1,-1
201897NA75101,2,9,0,18,0,0,0,0,0,0,2,1,2,1,28,6,1598,2,2,-1,1,-1
201897NA75101,3,9,0,18,0,0,0,0,0,0,1,1,2,2,23,5,1398,1,6,-1,1,-1
201897NA75101,4,19,0,4,0,0,0,0,0,0,1,1,2,1,55,8,1995,2,1,-1,1,-1
201897NA75101,5,19,0,18,0,0,0,0,0,0,1,1,2,1,32,6,1560,2,1,-1,1,-1
201897NA75101,6,9,0,18,0,0,0,0,0,0,1,1,2,1,57,9,1496,2,1,-1,1,-1
201897NA75101,7,9,0,18,0,0,0,0,0,0,1,1,2,1,36,7,1995,2,10,-1,1,-1
201897NA75102,1,9,0,18,0,4,0,0,0,0,1,1,6,2,84,11,1461,2,2,-1,1,-1
201897NA75102,2,9,0,9,0,3,0,0,0,0,1,1,6,1,77,11,1598,2,2,-1,3,-1
201897NA75105,1,9,0,18,0,1,0,0,0,0,1,1,6,1,54,8,1998,2,3,-1,3,-1
201897NA75105,2,9,0,18,0,1,0,0,0,0,2,1,6,2,64,9,1339,1,5,-1,1,-1
201897NA75109,1,9,0,9,0,8,0,0,0,0,4,1,6,2,54,8,1910,2,12,-1,-1,-1
201897NA75109,2,9,0,18,0,8,0,0,0,0,1,1,1,1,41,7,-1,-1,-1,-1,3,-1
201897NA75110,1,9,0,18,0,0,0,0,0,0,1,1,6,2,19,4,1242,1,1,-1,-1,-1
201897NA75110,2,9,0,4,0,0,0,0,0,0,2,1,6,1,27,6,1997,2,3,-1,2,-1
201897NA75110,3,9,0,4,0,0,0,0,0,0,2,1,6,2,36,7,2143,2,2,-1,-1,-1
201897NA75110,4,9,0,4,0,0,0,0,0,0,2,1,6,1,40,7,1968,2,1,-1,3,-1
201897NA75110,5,9,0,4,0,0,0,0,0,0,2,1,6,1,44,7,1686,2,6,-1,1,-1
201897NA75110,6,9,0,4,0,0,0,0,0,0,2,1,6,1,42,7,1968,2,2,-1,3,-1
201897NA75112,1,9,0,4,0,0,0,0,0,0,1,1,2,2,21,5,1229,1,2,-1,1,-1
201897NA75112,2,9,0,4,0,0,0,0,0,0,2,1,2,1,44,7,-1,3,-1,-1,3,-1
201897NA75112,3,9,0,4,0,0,0,0,0,0,2,1,2,1,51,8,2143,2,2,-1,1,-1
201897NA75201,1,9,0,18,0,3,1,0,0,0,1,1,6,1,46,8,1968,2,9,-1,3,-1
201897NA75201,2,9,0,18,0,1,0,0,0,0,1,1,1,1,58,9,1499,2,2,-1,3,-1
201897NA75202,1,9,0,9,0,2,0,0,0,0,1,1,6,3,-1,-1,-1,-1,-1,-1,-1,-1
201897NA75202,2,9,0,9,0,5,0,0,0,0,3,1,6,1,55,8,1499,1,2,-1,1,-1
201897NA75203,1,9,0,13,0,0,0,0,0,0,1,1,6,1,22,5,1975,1,12,-1,1,-1
201897NA75203,2,9,0,18,0,0,0,0,0,0,1,1,2,2,36,7,1339,1,7,-1,1,-1
201897NA75205,1,20,0,18,0,1,0,0,0,0,1,1,1,1,50,8,3920,2,10,-1,3,-1
201897NA75206,1,9,0,18,0,2,2,0,0,0,1,1,6,1,27,6,1598,2,5,-1,1,-1
201897NA75206,2,9,0,6,0,2,0,0,0,0,2,1,6,2,63,9,999,1,1,-1,1,-1
201897NA75209,1,9,0,18,0,1,0,0,0,0,1,1,6,2,18,4,1229,1,5,-1,1,-1
201897NA75209,2,9,0,3,0,1,0,0,0,0,2,1,2,1,32,6,2143,2,2,-1,1,-1
201897NA75210,1,3,0,18,0,0,0,0,1,0,1,1,6,1,22,5,645,1,17,-1,1,-1
201897NA75210,2,9,0,18,0,0,0,0,0,0,2,1,6,1,43,7,1796,1,7,-1,1,-1
201897NA75211,1,9,0,17,0,0,1,0,1,2,1,1,1,1,24,5,999,1,5,-1,1,-1
201897NA75212,1,19,0,1,9,0,0,0,0,0,2,1,6,1,23,5,1598,2,7,-1,1,-1
201897NA75304,1,21,1,16,0,1,5,0,7,7,3,1,1,2,38,7,12809,2,2,-1,3,-1
201897NA75306,1,5,0,18,0,0,2,0,0,0,1,1,6,1,39,7,849,1,7,-1,3,-1
201897NA75310,1,9,0,18,0,0,0,0,0,0,1,1,6,1,37,7,1299,1,16,-1,1,-1
201897NA75310,2,9,0,3,0,0,0,0,0,0,2,1,6,1,72,10,1560,2,6,-1,1,-1
201897NA75310,3,19,0,3,0,0,0,0,0,0,2,1,1,1,43,7,2402,2,8,-1,1,-1
201897NA75401,1,9,0,9,0,8,0,0,0,0,1,1,6,1,19,4,1598,1,11,-1,1,-1
201897NA75401,2,9,0,18,0,8,5,0,0,0,3,1,6,2,71,10,1198,1,1,-1,-1,-1
201897NA75402,1,9,0,9,0,1,0,0,0,0,1,1,6,1,20,4,1149,1,8,-1,1,-1
201897NA75402,2,9,0,18,0,3,0,0,1,2,2,1,6,1,40,7,1390,1,11,-1,1,-1
201897NA75406,1,9,0,11,0,3,0,0,0,0,4,1,1,1,55,8,2143,2,5,-1,2,-1
201897NA75406,2,9,0,18,0,3,0,0,0,0,3,1,1,2,40,7,898,1,-1,-1,1,-1
201897NA75407,1,9,0,5,0,7,0,0,0,0,1,1,6,1,51,8,1596,1,16,-1,1,-1
201897NA75407,2,9,0,3,0,1,0,0,0,0,2,1,6,1,61,9,1582,2,4,-1,3,-1
201897NA75410,1,9,0,18,0,1,0,0,0,0,4,1,6,1,32,6,2967,2,5,-1,1,-1
201897NA75410,2,9,0,18,0,1,0,0,0,0,4,1,6,1,56,9,-1,-1,-1,-1,1,-1
201897NA75412,1,19,0,12,0,1,1,0,7,0,1,1,1,1,32,6,2198,2,3,-1,1,-1
201897NA75412,2,9,0,18,0,1,1,0,0,0,1,1,6,1,45,7,1229,1,12,-1,1,-1
201897NA75504,1,9,0,18,0,6,0,0,1,0,3,1,6,2,59,9,1968,2,1,-1,1,-1
201897NA75504,2,9,0,18,0,1,0,0,0,0,4,1,6,1,67,10,1560,2,6,-1,1,-1
201897NA75506,1,9,0,9,0,8,0,0,0,0,1,1,6,1,20,4,1240,1,15,-1,1,-1
201897NA75506,2,9,0,18,0,8,0,0,0,0,1,1,6,1,22,5,1242,1,15,-1,1,-1
201897NA75612,1,9,0,18,0,0,0,0,4,6,1,1,6,2,31,6,1582,2,6,-1,1,-1
201897NA75612,2,9,0,18,0,0,0,0,1,0,1,1,6,1,49,8,1560,2,2,-1,3,-1
201897NA75712,1,9,0,18,0,5,0,0,1,11,1,1,6,1,20,4,998,1,9,-1,1,-1
201897NA75712,2,9,0,2,0,2,0,0,0,0,3,1,6,3,-1,-1,1396,1,8,-1,-1,-1
201897NA75806,1,9,0,18,0,2,1,0,0,0,1,1,1,1,34,6,1968,2,6,-1,1,-1
201897NA75806,2,9,0,4,0,2,0,0,0,0,1,1,1,1,28,6,1968,2,3,-1,1,-1
201897NA75806,3,9,0,4,0,2,0,0,0,0,1,1,6,2,23,5,1390,1,4,-1,1,-1
201897NA75806,4,19,0,4,0,2,0,0,0,0,4,1,1,1,59,9,2143,2,3,-1,3,-1
201897NA75812,1,9,0,9,0,8,0,0,0,0,1,1,2,1,42,7,1498,1,4,-1,1,-1
201897NA75812,2,4,0,18,0,8,0,0,0,0,1,1,2,1,39,7,-1,-1,-1,-1,1,-1
201897NA76006,1,9,0,5,0,1,0,0,0,0,1,1,6,2,46,8,1398,1,1,-1,1,-1
201897NA76106,1,9,0,5,0,1,0,0,0,0,1,1,6,2,53,8,1461,2,2,-1,1,-1
201897NA76106,2,9,0,3,0,2,0,0,0,0,2,1,6,2,49,8,2191,2,2,-1,1,-1
201897NA76206,1,19,0,18,0,0,0,0,0,0,1,1,1,1,26,6,2198,2,3,-1,1,-1
201897NA76206,2,17,0,18,0,0,0,0,0,0,2,1,1,1,52,8,3990,2,9,-1,1,-1
201897NC00102,1,19,0,18,0,0,0,0,0,0,1,1,1,1,31,6,1968,2,1,-1,3,-1
201897NC00102,2,9,0,18,0,0,0,0,1,7,2,1,6,1,81,11,995,1,7,-1,1,-1
201897NC00103,1,9,0,3,0,7,0,0,0,0,1,1,6,1,49,8,1685,2,1,-1,2,-1
201897NC00103,2,9,0,3,0,7,0,0,0,0,2,1,6,1,32,6,1398,1,4,-1,1,-1
201897NC00109,1,9,0,18,0,8,0,0,0,0,3,1,6,2,39,7,1598,2,1,-1,1,-1
201897NC00109,2,9,0,18,0,8,0,0,0,0,4,1,6,1,27,6,1975,1,16,-1,1,-1
201897NC00110,1,3,0,18,0,4,1,0,0,0,0,1,2,1,39,7,124,1,8,-1,2,-1
201897NC00205,1,9,0,17,0,0,0,0,1,1,1,1,6,1,73,10,1596,1,7,-1,1,-1
201897NC00209,1,9,0,4,0,1,0,0,0,0,1,1,6,2,37,7,1198,1,1,-1,2,-1
201897NC00303,1,9,0,18,0,1,1,0,0,7,2,1,6,2,24,5,1461,2,5,-1,1,-1
201897NC00304,1,9,0,18,0,1,0,0,0,0,1,1,6,2,49,8,1753,2,15,-1,1,-1
201897NC00306,1,19,0,18,0,0,0,0,0,0,1,1,1,1,21,5,1499,2,2,-1,1,-1
201897NC00306,2,19,0,3,0,0,0,0,0,0,2,1,1,1,55,8,1995,2,1,-1,3,-1
201897NC00309,1,21,1,18,0,8,0,0,0,0,1,1,1,1,52,8,12780,2,2,-1,1,-1
201897NC00309,2,9,0,10,0,7,0,0,0,0,3,1,1,2,56,9,1499,2,3,-1,1,-1
201897NC00310,1,9,0,18,0,0,0,0,0,0,3,1,6,1,21,5,1242,1,8,-1,3,-1
201897NC00311,1,9,0,9,0,6,0,0,0,0,3,1,6,1,52,8,1339,1,5,-1,3,-1
201897NC00402,1,9,0,9,0,6,0,0,0,0,4,1,6,1,32,6,1999,1,6,-1,2,-1
201897NC00404,1,9,0,18,0,1,0,0,0,0,1,1,6,1,18,4,1461,2,1,-1,2,-1
201897NC00404,2,9,0,3,0,1,0,0,0,0,2,1,2,2,25,5,1685,2,4,-1,2,-1
201897NC00404,3,9,0,3,0,1,0,0,0,0,2,1,6,2,30,6,1598,2,5,-1,2,-1
201897NC00405,1,9,0,3,0,6,0,0,0,0,1,1,6,3,-1,-1,-1,-1,-1,-1,-1,-1
201897NC00405,2,9,0,3,0,6,0,0,0,0,2,1,6,2,24,5,1598,1,5,-1,1,-1
201897NC00406,1,9,0,16,0,0,2,0,0,0,4,1,6,2,17,4,1242,1,6,-1,1,-1
201897NC00410,1,19,0,18,0,4,0,7,7,10,1,1,1,1,51,8,-1,-1,-1,-1,1,-1
201897NC00410,2,9,0,18,0,3,0,7,7,10,3,1,6,2,61,9,1998,1,-1,-1,3,-1
201897NC00501,1,9,0,18,0,0,0,0,0,0,3,1,6,2,54,8,998,1,10,-1,2,-1
201897NC00501,2,21,0,18,0,0,0,0,0,0,3,1,1,1,56,9,12740,2,6,-1,1,-1
201897NC00505,1,9,0,18,0,1,0,0,0,0,3,1,6,1,23,5,1984,1,10,-1,3,-1
201897NC00509,1,9,0,18,0,0,0,0,0,0,4,1,2,2,50,8,1999,1,11,-1,1,-1
201897NC00509,2,1,0,18,0,0,0,0,0,0,1,1,2,1,44,7,-1,-1,-1,-1,2,-1
201897NC00511,1,9,0,1,0,0,0,0,0,0,2,1,2,1,25,5,1461,2,3,-1,1,-1