Accident_Index,Vehicle_Reference,Vehicle_Type,Towing_and_Articulation,Vehicle_Manoeuvre,Vehicle_Location-Restricted_Lane,Junction_Location,Skidding_and_Overturning,Hit_Object_in_Carriageway,Vehicle_Leaving_Carriageway,Hit_Object_off_Carriageway,1st_Point_of_Impact,Was_Vehicle_Left_Hand_Drive?,Journey_Purpose_of_Driver,Sex_of_Driver,Age_of_Driver,Age_Band_of_Driver,Engine_Capacity_(CC),Propulsion_Code,Age_of_Vehicle,Driver_IMD_Decile,Driver_Home_Area_Type,Vehicle_IMD_Decile
201897NC00512,1,9,0,8,0,1,0,0,0,0,2,2,6,1,50,8,1398,1,6,-1,2,-1
201897NC00512,2,9,0,8,0,3,0,0,0,0,0,1,6,1,40,7,1896,2,16,-1,1,-1
201897NC00603,1,90,0,18,0,0,0,0,0,0,4,1,1,1,36,7,-1,-1,-1,-1,1,-1
201897NC00603,2,90,0,18,0,0,0,0,0,0,4,1,1,1,57,9,-1,-1,-1,3,3,3
201897NC00603,3,10,0,18,0,0,0,0,0,0,1,1,3,1,64,9,-1,-1,-1,-1,2,-1
201897NC00605,1,9,0,18,0,0,0,0,0,0,1,1,6,1,41,7,2982,2,17,-1,3,-1
201897NC00605,2,9,0,18,0,0,0,0,0,0,2,1,1,1,50,8,1951,2,13,-1,1,-1
201897NC00606,1,19,0,9,0,1,0,0,0,0,2,1,6,1,41,7,-1,-1,-1,-1,2,-1
201897NC00606,2,9,0,9,0,1,0,0,0,0,3,1,6,2,27,6,1364,1,10,-1,1,-1
201897NC00607,1,9,0,18,0,1,0,0,0,7,1,1,6,1,56,9,998,1,-1,-1,-1,-1
201897NC00608,1,19,0,18,0,1,0,0,0,0,1,1,1,1,55,8,2287,2,7,-1,3,-1
201897NC00608,2,9,0,4,0,1,0,0,0,0,2,1,6,2,35,6,1968,2,3,-1,1,-1
201897NC00611,1,9,0,4,0,0,0,0,0,0,1,1,6,1,40,7,-1,-1,-1,-1,-1,-1
201897NC00611,2,9,0,3,0,0,0,0,0,0,2,1,6,2,30,6,1968,2,3,-1,-1,-1
201897NC00701,1,9,0,9,0,1,0,0,0,0,1,1,2,2,47,8,1461,2,4,-1,1,-1
201897NC00701,2,9,0,4,0,1,0,0,0,0,1,1,3,2,47,8,2993,2,2,-1,3,-1
201897NC00702,1,9,0,17,0,0,1,0,1,2,1,1,6,1,19,4,1197,1,1,-1,-1,-1
201897NC00703,1,9,0,9,0,8,0,0,0,0,1,1,6,2,23,5,1398,1,5,-1,1,-1
201897NC00703,2,9,0,18,0,8,0,0,4,0,1,1,1,1,20,4,-1,-1,-1,-1,1,-1
201897NC00704,1,5,0,18,0,0,1,0,0,0,3,1,6,1,34,6,1247,1,4,-1,1,-1
201897NC00707,1,8,0,3,0,0,0,0,0,0,1,1,1,1,30,6,1995,2,1,-1,1,-1
201897NC00711,1,19,0,18,0,0,0,0,0,0,1,1,6,1,49,8,-1,-1,-1,-1,3,-1
201897NC00711,2,9,0,4,0,0,0,0,0,0,2,1,6,1,-1,-1,1995,2,5,-1,1,-1
201897NC00802,1,9,0,16,0,0,1,0,0,0,1,1,2,1,44,7,-1,-1,-1,-1,1,-1
201897NC00802,2,9,0,17,0,0,0,0,0,0,1,1,6,2,27,6,1560,2,6,-1,2,-1
201897NC00802,3,3,0,17,0,0,0,0,0,0,1,1,2,1,48,8,123,1,3,-1,2,-1
201897NC00804,1,9,0,18,0,1,0,0,1,0,1,1,6,2,30,6,1368,1,6,-1,1,-1
201897NC00804,2,20,0,18,0,8,0,0,0,0,4,1,1,1,44,7,-1,-1,-1,-1,3,-1
201897NC00806,1,9,0,18,0,4,5,10,1,0,1,1,6,1,27,6,1150,1,14,-1,1,-1
201897NC00806,2,9,0,9,0,3,0,0,0,0,4,1,6,1,20,4,1461,2,5,-1,1,-1
201897NC00807,1,9,0,17,0,1,0,0,0,0,1,1,6,2,36,7,1490,1,13,-1,1,-1
201897NC00807,2,9,0,10,0,1,0,0,0,0,2,1,6,1,62,9,1999,2,2,-1,1,-1
201897NC00902,1,9,0,16,0,0,1,0,1,0,1,1,6,2,52,8,998,1,12,-1,3,-1
201897NC00905,1,9,0,18,0,0,0,11,0,0,1,1,6,2,36,7,999,1,5,-1,1,-1
201897NC00905,2,21,4,18,0,0,0,0,0,0,0,1,1,1,51,8,12902,2,3,-1,1,-1
201897NC01001,1,5,0,18,0,6,1,0,0,0,0,1,2,1,33,6,647,1,1,-1,-1,-1
201897NC01002,1,9,0,5,0,6,0,0,0,0,1,1,2,1,31,6,1200,1,5,-1,1,-1
201897NC01002,2,1,0,18,0,1,0,0,0,0,1,1,6,1,45,7,-1,-1,-1,-1,1,-1
201897NC01101,1,9,0,18,0,1,1,0,7,11,1,1,1,1,42,7,899,1,5,-1,1,-1
201897NC01101,2,21,1,18,0,1,0,0,0,0,3,1,1,1,65,9,12740,2,-1,-1,1,-1
201897NC01101,3,9,0,18,0,1,0,0,1,0,1,1,2,2,41,7,1598,1,9,-1,-1,-1
201897NC01101,4,21,1,8,0,1,0,0,0,0,3,1,1,1,49,8,-1,-1,-1,-1,1,-1
201897NC01102,1,9,0,18,0,1,0,0,0,0,1,1,6,2,61,9,1395,1,2,-1,2,-1
201897NC01102,2,1,0,7,0,1,0,0,0,0,4,1,6,1,40,7,-1,-1,-1,-1,3,-1
201897NC01105,1,2,0,18,0,0,0,0,1,0,1,1,2,1,25,5,49,1,9,-1,3,-1
201897NC01107,1,9,0,18,0,0,0,0,0,0,4,1,6,2,39,7,1995,2,9,-1,3,-1
201897NC01107,2,9,0,2,0,0,0,0,0,0,3,1,6,2,38,7,1560,2,9,-1,3,-1
201897NC01301,1,9,0,7,0,1,0,0,0,0,1,1,2,1,18,4,-1,-1,-1,-1,-1,-1
201897NC01301,2,9,0,18,0,8,0,0,0,0,1,1,2,2,42,7,1390,1,4,-1,2,-1
201897NC01305,1,9,0,4,0,1,0,0,0,0,1,1,6,2,22,5,1198,1,6,-1,1,-1
201897NC01305,2,9,0,4,0,1,0,0,0,0,2,1,6,1,43,7,2143,2,3,-1,1,-1
201897NC01501,1,9,0,9,0,2,1,0,7,2,1,1,2,1,56,9,1587,1,11,-1,1,-1
201897NC01601,1,9,0,9,0,1,0,0,0,0,1,1,6,1,28,6,1596,1,11,-1,1,-1
201897NC01601,2,9,0,18,0,1,0,0,0,0,4,1,6,2,45,7,1685,2,5,-1,3,-1
201897NC01702,1,9,0,9,0,5,0,0,0,0,1,1,6,2,55,8,1360,1,11,-1,1,-1
201897NC01902,1,9,0,17,0,0,0,0,1,4,1,1,1,2,26,6,1242,1,9,-1,3,-1
201897NC70102,1,9,0,18,0,0,2,0,5,9,3,1,2,1,40,7,2191,2,3,-1,-1,-1
201897NC70108,1,5,0,18,0,7,0,0,0,0,4,1,6,1,57,9,1078,1,8,-1,1,-1
201897NC75106,1,9,0,16,0,7,1,0,2,7,1,1,6,1,38,7,2993,2,7,-1,1,-1
201897NC75109,1,9,0,18,0,0,0,0,0,0,1,1,6,1,21,5,1242,1,9,-1,1,-1
201897NC75109,2,9,0,18,0,0,0,0,0,0,2,1,6,2,34,6,1229,1,5,-1,2,-1
201897NC75109,3,9,0,18,0,0,0,0,0,0,2,1,6,1,49,8,1560,2,8,-1,1,-1
201897NC75109,4,9,0,18,0,0,0,0,0,0,2,1,6,1,54,8,1598,2,4,-1,1,-1
201897NC75109,5,9,0,18,0,0,0,0,0,0,2,1,6,1,24,5,1968,2,3,-1,-1,-1
201897NC75111,1,9,0,18,0,0,0,0,0,6,1,1,6,1,44,7,1796,1,14,-1,1,-1
201897NC75111,2,9,0,18,0,0,0,0,0,6,2,1,2,2,43,7,1396,1,7,-1,1,-1
201897NC75112,1,9,0,18,0,4,5,10,2,2,1,1,6,1,21,5,1598,1,12,-1,-1,-1
201897NC75203,1,9,0,4,0,1,0,0,0,0,1,1,2,1,56,9,2149,2,11,-1,1,-1
201897NC75203,2,9,0,4,0,1,0,0,0,0,2,1,2,1,52,8,1598,2,2,-1,1,-1
201897NC75203,3,19,0,4,0,1,0,0,0,0,2,1,2,1,19,4,1461,2,4,-1,1,-1
201897NC75204,1,9,0,18,0,8,0,0,0,0,1,1,6,1,20,4,999,1,1,-1,3,-1
201897NC75204,2,9,0,9,0,8,0,0,0,0,1,1,6,2,24,5,1242,1,1,2,1,2
201897NC75208,1,9,0,9,0,8,0,0,0,0,3,1,2,2,60,9,1242,1,6,-1,1,-1
201897NC75208,2,9,0,18,0,3,0,0,0,2,1,1,6,1,27,6,2143,2,-1,-1,-1,-1
201897NC75209,1,19,0,18,0,0,0,0,0,0,1,1,6,2,27,6,2499,2,20,-1,1,-1
201897NC75209,2,19,0,18,0,0,0,0,0,0,2,1,1,1,27,6,-1,-1,-1,-1,-1,-1
201897NC75209,3,19,0,18,0,0,0,0,0,0,2,1,1,1,37,7,2198,2,2,-1,1,-1
201897NC75210,1,20,0,18,0,0,0,0,0,0,1,1,1,1,39,7,-1,-1,-1,-1,1,-1
201897NC75210,2,9,0,4,0,0,0,0,0,0,2,1,6,1,70,10,2179,2,3,-1,1,-1
201897NC75211,1,20,1,11,0,0,0,0,0,0,1,1,1,1,25,5,-1,-1,-1,6,3,6
201897NC75211,2,9,0,18,0,0,1,0,1,7,1,1,6,1,27,6,1968,2,7,2,1,2
201897NC75301,1,9,0,18,0,0,0,0,0,0,0,1,6,3,-1,-1,-1,-1,-1,-1,-1,-1
201897NC75301,2,9,0,12,0,0,0,0,0,0,2,1,2,1,22,5,-1,-1,-1,-1,1,-1
201897NC75301,3,9,0,18,0,0,1,0,0,0,1,1,2,2,30,6,1798,1,1,-1,3,-1
201897NC75304,1,9,0,9,0,6,0,0,0,0,1,1,6,1,27,6,1998,1,1,-1,1,-1
201897NC75304,2,9,0,18,0,1,0,0,0,0,1,1,6,1,21,5,1242,1,9,-1,-1,-1
201897NC75307,1,9,0,13,0,7,0,0,0,0,4,1,6,2,33,6,1560,2,7,-1,2,-1
201897NC75307,2,5,0,16,0,7,0,0,0,0,3,1,6,1,53,8,-1,-1,-1,-1,1,-1
201897NC75308,1,19,0,18,0,0,0,0,0,0,1,1,1,1,20,4,2198,2,3,-1,3,-1
201897NC75308,2,19,0,3,0,0,0,0,0,0,2,1,1,1,21,5,1560,2,2,-1,1,-1
201897NC75308,3,19,0,3,0,0,0,0,0,0,2,1,1,1,49,8,1968,2,7,-1,1,-1
201897NC75309,1,9,0,16,0,0,0,0,0,0,4,1,2,2,30,6,1149,1,8,-1,1,-1
201897NC75309,2,9,0,18,0,0,0,0,0,0,1,1,2,1,45,7,1798,1,8,-1,1,-1
201897NC75310,1,9,0,18,0,0,0,0,2,7,1,1,6,1,35,6,1997,2,2,-1,-1,-1
201897NC75310,2,9,0,18,0,0,0,0,0,0,2,1,6,1,54,8,2967,2,5,-1,2,-1
201897NC75311,1,9,0,1,0,7,0,0,0,0,2,1,1,1,57,9,1796,1,7,-1,1,-1
201897NC75408,1,9,0,10,0,1,0,0,0,0,4,1,6,1,56,9,1598,1,3,-1,1,-1
201897NC75408,2,9,0,18,0,1,0,0,0,0,1,1,6,1,40,7,1995,2,11,-1,1,-1
201897NC75408,3,11,0,8,0,1,0,0,0,0,1,1,1,1,30,6,12900,2,6,-1,1,-1
201897NC75409,1,9,0,18,0,0,1,0,0,0,1,1,6,2,44,7,1999,2,2,-1,1,-1
201897NC75410,1,11,0,3,0,0,0,0,0,0,1,1,1,1,72,10,6370,2,12,-1,1,-1
201897NC75410,2,9,0,3,0,0,0,0,0,0,2,1,6,2,37,7,999,1,1,-1,1,-1
201897NC75410,3,9,0,3,0,0,0,0,0,0,2,1,6,1,33,6,1240,1,13,-1,1,-1
201897NC75410,4,9,0,3,0,0,0,0,0,0,2,1,6,1,59,9,1999,2,-1,-1,1,-1
201897NC75412,1,9,0,18,0,1,0,0,1,1,1,1,6,1,42,7,1560,2,6,-1,1,-1
201897NC75412,2,9,0,3,0,1,0,0,0,0,2,1,6,2,28,6,898,1,2,-1,1,-1
201897NC75507,1,19,0,12,0,0,0,0,0,0,2,1,1,1,29,6,2198,2,2,-1,1,-1
201897NC75507,2,5,0,18,0,0,1,0,0,0,1,1,6,1,34,6,1137,1,15,-1,3,-1
201897NC75510,1,9,0,18,0,0,0,0,0,0,1,1,2,1,31,6,1975,1,14,-1,1,-1
201897NC75510,2,9,0,4,0,0,0,0,0,0,2,1,2,2,57,9,1560,2,11,-1,1,-1
201897NC75608,1,9,0,18,0,0,0,0,0,0,1,1,6,1,19,4,1229,1,12,-1,3,-1
201897NC75608,2,9,0,4,0,0,0,0,0,0,2,1,6,1,30,6,998,1,14,-1,1,-1
201897NC75608,3,9,0,4,0,0,0,0,0,0,3,1,6,1,43,7,1994,1,15,-1,-1,-1
201897NC75608,4,9,0,4,0,0,0,0,0,0,3,1,6,2,34,6,1229,1,6,-1,1,-1
201897NC75612,1,9,0,18,0,0,1,0,5,6,1,1,6,1,56,9,1390,1,16,-1,-1,-1
201897NC75708,1,9,0,18,0,1,0,0,0,0,1,1,6,1,25,5,1956,2,3,-1,1,-1
201897NC75708,2,9,0,3,0,1,0,0,0,0,2,1,6,2,21,5,1242,1,2,-1,1,-1
201897NC75708,3,9,0,10,0,1,0,0,0,0,2,1,6,1,30,6,1956,2,4,-1,1,-1
201897ND00102,1,9,0,18,0,0,0,0,0,0,1,1,6,1,-1,-1,-1,-1,-1,-1,-1,-1
201897ND00103,1,9,0,9,0,1,1,0,0,0,1,1,6,1,65,9,1242,1,11,-1,3,-1
201897ND00103,2,9,0,4,0,1,1,0,0,0,1,1,6,1,62,9,1598,1,12,-1,1,-1
201897ND00107,1,9,0,18,0,1,0,0,0,0,1,1,6,1,25,5,1984,1,4,-1,1,-1
201897ND00107,2,9,0,18,0,1,0,0,0,0,2,1,6,1,42,7,1968,2,6,-1,1,-1
201897ND00108,1,9,0,18,0,2,0,0,0,0,4,1,2,2,36,7,1598,2,1,-1,1,-1
201897ND00111,1,9,0,5,0,1,0,0,0,0,1,1,6,1,-1,-1,-1,-1,-1,-1,-1,-1
201897ND00201,1,19,0,5,0,6,0,0,0,0,1,1,1,1,37,7,1995,2,1,-1,1,-1
201897ND00201,2,9,0,16,0,1,0,0,7,0,1,1,6,1,26,6,1390,1,3,-1,1,-1
201897ND00202,1,9,0,18,0,3,0,7,2,1,1,1,6,2,21,5,898,1,1,-1,1,-1
201897ND00204,1,9,0,18,0,2,0,0,0,0,3,1,6,2,23,5,1242,1,5,-1,-1,-1
201897ND00211,1,9,0,5,0,6,0,0,0,0,3,1,6,2,24,5,1248,2,2,-1,1,-1
201897ND00302,1,9,0,18,0,1,0,0,0,0,3,1,6,3,-1,-1,1198,1,4,-1,-1,-1
201897ND00302,2,9,0,18,0,1,0,0,0,0,4,1,1,2,28,6,1242,1,7,-1,1,-1
201897ND00302,3,9,0,18,0,1,0,0,0,0,4,1,6,2,-1,-1,1399,1,1,-1,3,-1
201897ND00304,1,9,0,18,0,0,0,0,0,0,1,1,6,1,20,4,1596,1,1,-1,1,-1
201897ND00304,2,9,0,4,0,0,0,0,0,0,2,1,6,2,26,6,2143,2,2,-1,1,-1
201897ND00304,3,9,0,3,0,0,0,0,0,0,2,1,6,2,28,6,1242,1,4,-1,1,-1
201897ND00306,1,9,0,14,0,1,0,0,0,0,4,1,6,1,21,5,1598,2,5,-1,1,-1
201897ND00306,2,9,0,18,0,1,0,0,1,0,1,1,6,2,64,9,1149,1,11,-1,3,-1
201897ND00307,1,9,0,18,0,8,0,0,0,0,1,1,6,2,29,6,1968,2,3,-1,-1,-1
201897ND00307,2,9,0,18,0,8,0,0,0,10,3,1,6,1,57,9,1968,2,3,-1,-1,-1
201897ND00309,1,9,0,9,0,1,0,0,0,0,1,1,3,2,32,6,1461,2,4,-1,1,-1
201897ND00309,2,1,0,18,0,1,0,0,0,0,1,1,6,1,32,6,-1,-1,-1,-1,1,-1
201897ND00401,1,9,0,18,0,0,0,0,0,0,1,1,2,1,18,4,1360,1,17,-1,1,-1
201897ND00401,2,9,0,18,0,0,0,0,0,0,1,1,2,2,19,4,1242,1,10,-1,1,-1
201897ND00403,1,9,0,7,0,6,0,0,0,0,1,1,1,1,43,7,1598,2,5,-1,-1,-1
201897ND00403,2,21,0,14,0,1,0,0,0,0,1,1,1,1,46,8,12902,2,5,2,1,2
201897ND00405,1,5,0,9,0,1,0,0,0,0,3,1,2,1,28,6,675,1,3,-1,1,-1
201897ND00405,2,9,0,10,0,1,0,0,0,0,3,1,2,1,48,8,1999,2,2,-1,1,-1
201897ND00407,1,9,0,9,0,6,0,0,0,0,1,1,2,2,43,7,2143,2,5,-1,1,-1
201897ND00407,2,9,0,18,0,8,0,0,0,0,4,1,6,2,75,10,999,1,4,-1,1,-1
201897ND00408,1,9,0,4,0,0,0,0,0,0,1,1,1,1,21,5,1229,1,4,-1,1,-1
201897ND00408,2,9,0,4,0,0,1,0,0,7,2,1,6,1,32,6,1995,2,4,-1,1,-1
201897ND00409,1,9,0,18,0,0,0,0,0,0,1,1,6,3,-1,-1,-1,-1,-1,-1,-1,-1
201897ND00411,1,11,0,4,0,4,0,0,0,0,2,2,1,2,21,5,4500,2,3,-1,3,-1
201897ND00411,2,9,0,4,0,4,0,0,0,0,2,1,6,1,31,6,1199,1,14,-1,1,-1
201897ND00412,1,9,0,7,0,2,0,0,0,0,1,1,6,1,25,5,1998,1,9,-1,1,-1
201897ND00506,1,9,0,17,0,0,0,4,0,0,1,1,6,3,-1,-1,2179,2,7,-1,-1,-1
201897ND00506,2,9,0,2,0,0,0,0,0,0,2,1,6,2,34,6,1598,1,7,-1,1,-1
201897ND00506,3,9,0,3,0,0,0,0,0,0,2,1,6,2,39,7,1461,2,1,-1,3,-1
201897ND00509,1,19,0,18,0,0,0,0,0,0,2,1,6,1,38,7,2198,2,12,-1,1,-1
201897ND00509,2,19,0,18,0,0,0,0,0,0,1,1,6,1,24,5,2198,2,11,-1,1,-1
201897ND00603,1,19,0,18,0,1,0,0,0,0,1,1,2,1,34,6,1248,2,3,-1,-1,-1
201897ND00603,2,9,0,18,0,1,0,0,0,0,1,1,6,2,20,4,999,1,4,-1,1,-1
201897ND00607,1,9,0,18,0,1,0,0,0,0,1,1,6,1,51,8,1499,2,2,-1,1,-1
201897ND00608,1,19,0,9,0,2,0,0,0,0,4,1,1,1,29,6,1248,2,5,-1,-1,-1
201897ND00609,1,9,0,18,0,8,5,9,0,10,1,1,6,1,31,6,1956,2,6,-1,1,-1
201897ND00612,1,9,0,16,0,0,2,0,7,11,1,1,6,2,20,4,1229,1,2,-1,1,-1
201897ND00612,2,9,0,16,0,0,1,0,7,9,1,1,6,1,22,5,2967,2,8,-1,1,-1
201897ND00705,1,9,0,18,0,1,0,0,0,0,1,1,6,3,-1,-1,1968,2,3,-1,-1,-1
201897ND00711,1,9,0,18,0,0,0,0,0,0,1,1,2,1,55,8,-1,-1,-1,-1,1,-1
201897ND00712,1,9,0,18,0,0,0,4,0,0,1,1,6,1,24,5,1499,1,-1,-1,1,-1
201897ND00712,2,9,0,2,0,0,0,0,0,0,2,1,6,1,-1,-1,1149,1,-1,-1,-1,-1
201897ND00805,1,9,0,18,0,4,0,0,0,0,1,1,6,2,43,7,1968,2,11,-1,1,-1
201897ND00805,2,8,0,3,0,4,0,0,0,0,2,1,1,1,58,9,2664,2,16,-1,1,-1
201897ND75101,1,21,1,11,0,0,0,0,0,0,4,1,1,1,60,9,16400,2,4,-1,1,-1
201897ND75101,2,9,0,18,0,0,0,0,0,0,3,1,6,2,28,6,1995,2,5,-1,-1,-1
201897ND75103,1,9,0,4,0,1,0,0,0,0,3,1,6,2,62,9,1198,1,4,-1,3,-1
201897ND75105,1,9,0,18,0,2,1,0,0,0,1,1,6,1,31,6,1910,2,10,-1,1,-1
201897ND75108,1,9,0,4,0,1,0,0,0,0,1,1,6,3,-1,-1,1086,1,14,-1,-1,-1
201897ND75108,2,9,0,3,0,1,0,0,0,0,2,1,6,2,32,6,998,1,5,-1,1,-1
201897ND75108,3,9,0,3,0,1,0,0,0,0,2,1,6,1,62,9,1560,2,5,1,1,1
201897ND75109,1,9,0,5,0,4,0,0,0,0,1,1,2,2,50,8,1364,1,10,-1,-1,-1
201897ND75109,2,9,0,18,0,8,2,0,0,0,4,1,2,2,64,9,998,1,4,-1,1,-1
201897ND75201,1,9,0,18,0,0,0,0,1,11,1,1,1,1,46,8,-1,-1,-1,-1,-1,-1
201897ND75202,1,9,0,18,0,0,0,0,0,0,1,1,6,1,58,9,1598,2,5,-1,1,-1
201897ND75206,1,9,0,9,0,5,0,0,0,0,3,1,6,2,42,7,1242,1,7,-1,-1,-1
201897ND75206,2,5,0,14,0,1,0,0,0,0,1,1,6,1,44,7,649,1,4,-1,1,-1
201897ND75207,1,9,0,13,0,0,0,0,0,0,1,1,6,1,30,6,1229,1,3,-1,1,-1
201897ND75207,2,9,0,9,0,0,0,0,0,0,3,1,6,1,60,9,3248,1,20,-1,1,-1
201897ND75208,1,3,0,18,0,0,0,0,0,0,1,1,6,2,57,9,125,1,5,-1,1,-1
201897ND75210,1,4,0,18,0,4,0,0,0,0,1,1,6,1,59,9,373,1,1,-1,1,-1
201897ND75210,2,9,0,18,0,4,0,0,0,0,2,1,6,1,54,8,1242,1,-1,-1,1,-1
201897ND75301,1,9,0,4,0,0,0,0,0,0,1,1,6,1,21,5,-1,-1,-1,-1,-1,-1
201897ND75301,2,9,0,18,0,0,0,0,0,0,2,1,2,2,23,5,1499,1,1,-1,1,-1
201897ND75301,3,9,0,18,0,0,0,0,0,0,2,1,6,1,25,5,1198,1,4,-1,1,-1
201897ND75302,1,9,0,18,0,3,0,0,0,0,1,1,6,2,72,10,999,1,4,-1,1,-1
201897ND75306,1,9,0,18,0,0,5,0,7,0,1,1,6,2,27,6,2148,2,15,-1,1,-1
201897ND75307,1,9,0,18,0,0,0,0,0,0,1,1,1,1,58,9,-1,-1,-1,-1,1,-1
201897ND75307,2,21,1,2,0,0,0,0,0,0,2,1,1,1,70,10,12900,2,7,-1,2,-1
201897ND75310,1,19,0,18,0,4,2,0,1,7,1,1,6,1,34,6,1998,2,15,-1,1,-1
201897ND75312,1,9,0,18,0,0,5,0,0,0,0,1,6,1,45,7,1590,1,17,-1,1,-1
201897ND75312,2,9,0,2,0,0,5,0,0,0,0,1,6,3,-1,-1,2143,2,9,-1,-1,-1
201897ND75402,1,9,0,18,0,1,0,0,0,0,1,1,6,1,42,7,1242,1,12,-1,1,-1
201897ND75502,1,9,0,16,0,0,2,0,3,0,3,1,6,2,21,5,1242,1,5,-1,1,-1
201897ND75608,1,19,0,1,0,1,0,0,0,0,2,1,6,1,49,8,1598,2,2,-1,1,-1
201897ND75706,1,9,0,18,0,0,0,0,0,0,1,1,6,1,23,5,1984,1,-1,-1,2,-1
201897ND75706,2,9,0,3,0,0,0,0,0,0,2,1,6,2,57,9,1591,1,5,-1,1,-1
201897ND75706,3,9,0,3,0,0,0,0,0,0,2,1,1,1,23,5,1984,1,-1,-1,2,-1
201897ND75706,4,9,0,3,0,0,0,0,0,0,2,1,6,2,20,4,998,1,6,-1,1,-1
201897ND75808,1,19,0,9,0,8,0,0,0,0,4,1,1,1,49,8,2198,2,4,-1,1,-1
201897ND75808,2,9,0,18,0,8,0,0,0,0,1,1,6,2,18,4,1299,1,11,-1,1,-1
201897ND75809,1,19,0,12,0,7,1,0,0,0,1,1,1,1,49,8,2143,2,5,-1,3,-1
201897ND75809,2,9,0,18,0,2,1,0,0,0,2,1,2,1,49,8,1499,2,2,-1,1,-1
201897ND75809,3,9,0,18,0,2,1,0,0,0,2,1,6,1,27,6,1598,1,10,-1,1,-1
201897ND75906,1,9,0,18,0,0,0,0,0,0,1,1,6,1,-1,-1,-1,-1,-1,-1,-1,-1
201897ND75906,2,9,0,18,0,0,0,0,0,0,2,1,6,2,57,9,1396,1,8,-1,1,-1
201897ND75907,1,19,0,18,0,0,0,0,0,0,1,1,2,1,50,8,1560,2,8,-1,1,-1
201897NE00101,1,9,0,18,0,0,0,0,0,0,1,1,2,1,20,4,1598,2,3,-1,1,-1
201897NE00103,1,9,0,18,0,1,0,0,0,0,1,1,6,1,36,7,998,1,1,-1,1,-1
201897NE00107,1,9,0,1,0,1,0,0,0,0,2,1,6,1,29,6,1796,1,13,-1,1,-1
201897NE00107,2,9,0,2,0,1,0,0,0,0,1,1,6,1,29,6,1560,2,4,-1,1,-1
201897NE00108,1,9,0,4,0,0,0,0,0,0,2,1,6,1,38,7,1968,2,9,-1,1,-1
201897NE00108,2,9,0,4,0,0,0,0,0,0,1,1,6,1,51,8,1560,2,2,-1,3,-1
201897NE00108,3,9,0,4,0,0,0,0,0,0,1,1,6,1,37,7,1968,2,3,-1,1,-1
201897NE00111,1,9,0,3,0,0,0,0,0,0,1,1,6,1,55,8,1360,1,12,-1,1,-1
201897NE00111,2,9,0,3,0,0,0,0,0,0,2,1,6,1,49,8,1685,2,1,-1,1,-1
201897NE00112,1,9,0,18,0,4,0,0,0,0,1,1,2,1,20,4,998,1,11,-1,1,-1
201897NE00112,2,9,0,9,0,4,0,0,0,0,3,1,6,1,32,6,1956,2,5,-1,2,-1
201897NE00201,1,9,0,1,0,0,0,0,0,0,2,1,6,2,58,9,1242,1,4,-1,1,-1
201897NE00202,1,9,0,18,0,0,0,0,0,0,1,1,6,3,-1,-1,-1,-1,-1,-1,-1,-1
201897NE00204,1,9,0,18,0,0,0,0,7,2,3,1,1,1,38,7,1598,1,12,-1,1,-1
201897NE00207,1,9,0,9,0,6,0,0,0,0,1,1,2,2,25,5,1242,1,4,-1,2,-1
201897NE00207,2,11,0,18,0,8,0,0,0,0,1,1,1,1,52,8,4250,2,3,-1,-1,-1
201897NE00209,1,9,0,9,0,6,0,0,0,0,1,1,6,1,49,8,1229,1,5,-1,1,-1
201897NE00209,2,9,0,18,0,8,0,0,7,9,4,1,6,1,22,5,1997,1,4,-1,1,-1
201897NE00211,1,9,0,18,0,8,0,0,0,0,1,1,6,1,37,7,1598,2,3,-1,1,-1
201897NE00211,2,9,0,3,0,1,0,0,0,0,2,1,6,2,47,8,998,1,5,-1,1,-1
201897NE00211,3,9,0,3,0,1,0,0,0,0,2,1,6,1,34,6,999,1,1,-1,1,-1
201897NE00212,1,19,0,18,0,3,0,0,0,0,1,1,6,1,52,8,1248,2,10,-1,1,-1
201897NE00303,1,9,0,18,0,3,0,0,0,0,1,1,6,1,21,5,1242,1,4,-1,1,-1
201897NE00303,2,8,0,3,0,3,0,0,0,0,2,1,1,1,45,7,1968,2,5,-1,1,-1
201897NE00306,1,9,0,8,0,1,0,0,0,0,0,1,6,2,41,7,1242,1,4,-1,1,-1
201897NE00306,2,19,0,4,0,1,0,0,0,0,2,1,1,1,18,4,2198,2,4,-1,1,-1
201897NE00309,1,20,1,1,9,2,0,0,0,0,2,1,1,1,51,8,-1,-1,-1,-1,1,-1
201897NE00312,1,9,0,12,0,0,0,0,0,0,0,1,6,1,74,10,1229,1,6,-1,1,-1
201897NE00312,2,9,0,2,0,0,0,0,0,0,2,1,6,3,-1,-1,1598,1,2,-1,-1,-1
201897NE00401,1,9,0,18,0,2,0,0,0,0,3,1,6,2,42,7,1587,1,12,-1,1,-1
201897NE00402,1,9,0,10,0,6,0,0,0,0,1,1,6,1,48,8,1598,1,9,-1,2,-1
201897NE00402,2,9,0,17,0,6,0,0,0,0,3,1,6,1,57,9,1997,2,9,-1,1,-1
201897NE00403,1,9,0,7,0,5,0,0,0,0,1,1,1,2,49,8,-1,3,4,-1,1,-1
201897NE00404,1,9,0,18,0,4,0,0,1,11,3,1,6,2,40,7,1397,1,10,-1,1,-1
201897NE00404,2,9,0,9,0,3,0,0,0,0,4,1,6,1,34,6,1248,2,5,-1,1,-1
201897NE00406,1,9,0,7,0,2,0,0,2,0,3,1,6,2,79,11,-1,-1,-1,-1,1,-1
201897NE00406,2,9,0,18,0,2,0,0,2,0,3,1,6,1,60,9,1769,1,14,-1,1,-1
201897NE00409,1,9,0,18,0,1,0,0,0,0,1,1,6,1,53,8,2184,2,11,-1,1,-1
201897NE00409,2,9,0,4,0,1,0,0,0,0,2,1,6,1,22,5,1339,1,7,-1,1,-1