Accident_Index,Vehicle_Reference,Vehicle_Type,Towing_and_Articulation,Vehicle_Manoeuvre,Vehicle_Location-Restricted_Lane,Junction_Location,Skidding_and_Overturning,Hit_Object_in_Carriageway,Vehicle_Leaving_Carriageway,Hit_Object_off_Carriageway,1st_Point_of_Impact,Was_Vehicle_Left_Hand_Drive?,Journey_Purpose_of_Driver,Sex_of_Driver,Age_of_Driver,Age_Band_of_Driver,Engine_Capacity_(CC),Propulsion_Code,Age_of_Vehicle,Driver_IMD_Decile,Driver_Home_Area_Type,Vehicle_IMD_Decile
201897QA01104,2,9,0,18,0,0,0,0,0,0,2,1,6,2,49,8,1598,1,6,-1,1,-1
201897QA01105,1,9,0,17,0,4,5,10,0,0,1,1,1,1,42,7,-1,-1,-1,-1,1,-1
201897QA01106,1,9,0,12,0,0,0,4,0,0,1,1,6,1,79,11,1198,1,9,-1,1,-1
201897QA01106,2,9,0,2,0,0,0,0,0,0,2,1,2,1,33,6,1685,2,6,-1,1,-1
201897QA01203,1,9,0,18,0,1,0,0,0,0,1,1,6,1,26,6,1364,1,2,-1,1,-1
201897QA01203,2,9,0,3,0,1,0,0,0,0,2,1,6,2,59,9,1560,2,5,-1,1,-1
201897QA01203,3,9,0,3,0,1,0,0,0,0,2,1,6,2,29,6,1998,1,3,-1,1,-1
201897QA01203,4,9,0,3,0,1,0,0,0,0,2,1,6,1,25,5,1398,1,1,-1,-1,-1
201897QA01205,1,9,0,4,0,1,0,0,0,0,4,1,6,2,25,5,1149,1,6,-1,1,-1
201897QA01206,1,2,0,18,0,1,0,0,0,0,1,1,6,1,27,6,599,1,22,-1,1,-1
201897QA01206,2,9,0,18,0,1,0,12,0,0,2,1,6,1,18,4,1329,1,7,-1,1,-1
201897QA01207,1,9,0,1,0,1,0,0,0,0,2,1,6,3,-1,-1,-1,-1,-1,-1,-1,-1
201897QA01211,1,19,0,18,0,0,0,0,0,0,1,1,6,3,-1,-1,1995,2,-1,-1,-1,-1
201897QA01211,2,9,0,18,0,0,0,0,0,0,2,1,6,1,56,9,1586,1,-1,-1,1,-1
201897QA01406,1,9,0,18,0,3,0,0,0,0,4,1,6,2,48,8,1968,2,1,-1,1,-1
201897QA01406,2,9,0,18,0,3,0,0,0,0,3,1,6,1,43,7,1200,1,1,-1,1,-1
201897QA01411,1,9,0,16,0,0,0,0,1,0,4,1,6,1,19,4,-1,-1,-1,-1,1,-1
201897QA01501,1,9,0,3,0,0,1,0,1,11,3,1,1,1,49,8,1149,1,5,-1,3,-1
201897QA01501,2,9,0,3,0,0,1,0,0,0,4,1,1,1,29,6,1968,2,4,-1,2,-1
201897QA01506,1,17,4,13,0,0,0,0,0,0,2,1,2,1,18,4,6056,2,-1,-1,3,-1
201897QA01506,2,1,0,18,0,0,0,0,0,0,1,1,6,1,60,9,-1,-1,-1,-1,3,-1
201897QA01508,1,9,0,18,0,0,0,0,0,0,1,1,6,1,37,7,1398,2,16,-1,-1,-1
201897QA01508,2,9,0,4,0,0,0,0,0,0,2,1,6,2,32,6,1595,1,8,-1,1,-1
201897QA01511,1,9,0,4,0,0,0,0,0,0,1,1,6,2,48,8,1390,1,11,-1,1,-1
201897QA01606,1,9,0,18,0,1,0,0,0,0,1,1,6,2,38,7,898,1,2,-1,2,-1
201897QA01606,2,9,0,10,0,2,0,0,0,0,2,1,6,2,21,5,1398,1,3,-1,1,-1
201897QA01611,1,9,0,18,0,3,0,0,0,0,1,1,6,2,63,9,1499,1,1,-1,1,-1
201897QA01611,2,9,0,18,0,3,0,0,0,0,2,1,6,1,41,7,2143,2,3,-1,1,-1
201897QA01701,1,9,0,18,0,8,0,0,0,0,1,1,6,2,57,9,1396,1,5,-1,1,-1
201897QA01701,2,3,0,18,0,8,0,0,0,0,4,1,1,1,26,6,-1,-1,-1,-1,1,-1
201897QA01801,1,9,0,5,0,1,0,0,0,0,1,1,6,1,18,4,1229,1,7,-1,1,-1
201897QA01801,2,9,0,18,0,8,0,0,0,0,4,1,6,1,54,8,1998,8,-1,-1,1,-1
201897QA01803,1,9,0,16,0,0,0,0,0,0,1,1,6,1,22,5,1598,2,3,-1,1,-1
201897QA01803,2,9,0,17,0,0,0,0,0,0,1,1,6,1,44,7,1968,2,6,-1,3,-1
201897QA75108,1,9,0,18,0,1,0,0,0,0,1,1,6,1,46,8,1560,2,3,-1,1,-1
201897QA75108,2,9,0,18,0,1,0,0,0,0,2,1,6,1,48,8,2494,8,-1,-1,1,-1
201897QA75111,1,9,0,18,0,0,0,0,0,0,1,1,6,2,44,7,1685,2,1,-1,-1,-1
201897QA75111,2,9,0,4,0,0,0,0,4,11,2,1,2,1,36,7,1598,1,5,-1,1,-1
201897QA75112,1,21,1,5,0,0,0,0,0,8,4,1,1,1,55,8,12809,2,-1,-1,1,-1
201897QA75206,1,1,0,5,0,0,0,0,0,0,3,1,1,1,54,8,-1,-1,-1,-1,1,-1
201897QA75206,2,9,0,16,0,0,0,0,0,0,1,1,6,1,78,11,1598,2,1,-1,1,-1
201897QA75310,1,17,4,7,0,5,3,0,0,0,3,1,1,1,72,10,-1,2,6,-1,3,-1
201897QB00101,1,9,0,18,0,0,0,0,7,2,1,1,1,2,31,6,1598,1,6,-1,1,-1
201897QB00102,1,9,0,18,0,1,0,0,0,0,4,1,6,1,55,8,999,1,1,-1,1,-1
201897QB00108,1,9,0,18,0,8,0,0,0,0,4,1,6,1,67,10,1591,1,-1,-1,1,-1
201897QB00108,2,9,0,9,0,6,0,0,0,0,1,1,1,1,26,6,-1,-1,-1,-1,1,-1
201897QB00111,1,9,0,16,0,7,0,0,0,0,1,1,2,2,21,5,1328,1,8,-1,3,-1
201897QB00111,2,9,0,16,0,7,0,0,0,0,3,2,6,1,-1,-1,1956,2,3,-1,-1,-1
201897QB00201,1,9,0,18,0,0,0,0,0,0,1,1,6,1,41,7,1596,1,12,-1,1,-1
201897QB00202,1,9,0,4,0,0,0,0,0,0,1,1,6,2,44,7,1796,1,12,-1,1,-1
201897QB00202,2,9,0,4,0,0,0,0,0,0,2,1,6,2,66,10,1360,1,13,-1,1,-1
201897QB00202,3,9,0,4,0,0,0,0,0,0,2,1,6,1,-1,-1,1794,1,14,-1,1,-1
201897QB00204,1,9,0,12,0,3,0,0,7,1,1,1,6,1,26,6,1499,2,3,-1,1,-1
201897QB00205,1,9,0,5,8,0,0,10,1,11,3,1,6,2,58,9,-1,-1,-1,-1,1,-1
201897QB00205,2,9,0,4,0,0,0,0,0,0,4,1,6,2,44,7,1198,1,4,-1,1,-1
201897QB00206,1,9,0,3,0,1,0,0,0,0,1,1,1,1,30,6,-1,-1,-1,-1,-1,-1
201897QB00206,2,9,0,3,0,1,0,0,0,0,2,1,6,1,22,5,1198,1,6,-1,1,-1
201897QB00206,3,9,0,3,0,1,0,0,0,0,2,1,3,2,55,8,1200,1,-1,-1,1,-1
201897QB00208,1,9,0,16,0,0,0,0,7,2,4,1,6,1,51,8,1318,1,1,-1,1,-1
201897QB00211,1,9,0,18,0,0,0,0,0,0,1,1,2,2,25,5,1998,1,1,-1,1,-1
201897QB00212,1,9,0,12,6,7,0,0,0,0,3,1,6,2,56,9,1248,1,3,-1,1,-1
201897QB00212,2,90,0,17,6,8,0,0,0,0,4,1,1,1,64,9,-1,-1,-1,-1,3,-1
201897QB00301,1,9,0,18,0,8,0,9,0,10,1,1,6,1,26,6,2204,2,12,-1,1,-1
201897QB00301,2,9,0,18,0,8,0,0,0,0,3,1,6,2,50,8,1598,2,3,-1,1,-1
201897QB00304,1,9,0,4,0,0,0,0,0,0,1,1,2,1,20,4,1388,1,14,-1,3,-1
201897QB00304,2,9,0,3,0,0,0,0,0,0,2,1,2,2,18,4,1229,1,6,-1,2,-1
201897QB00304,3,9,0,3,0,0,0,0,0,0,2,1,2,2,29,6,1995,2,1,-1,2,-1
201897QB00304,4,9,0,3,0,0,0,0,0,0,2,1,2,1,40,7,1968,2,3,-1,2,-1
201897QB00305,1,9,0,18,0,1,0,0,0,0,4,1,2,2,56,9,1598,1,16,-1,1,-1
201897QB00306,1,9,0,1,9,1,0,0,1,0,2,1,6,2,-1,-1,-1,-1,-1,-1,-1,-1
201897QB00308,1,9,0,18,0,0,0,0,7,11,1,1,6,1,45,7,1461,2,4,-1,2,-1
201897QB00308,2,9,0,18,0,0,0,0,0,0,3,1,1,1,62,9,1598,2,2,-1,1,-1
201897QB00309,1,1,0,17,0,0,0,0,0,0,1,1,6,1,9,2,-1,-1,-1,-1,1,-1
201897QB00309,2,9,0,17,0,0,0,0,0,0,3,1,2,2,59,9,998,1,3,-1,1,-1
201897QB00311,1,9,0,9,0,1,0,0,1,0,1,1,6,2,21,5,1390,1,12,-1,2,-1
201897QB00311,2,9,0,18,0,1,0,0,1,0,1,1,6,1,47,8,1598,1,4,-1,2,-1
201897QB00402,1,9,0,13,0,0,0,0,0,0,2,1,6,2,20,4,1968,2,2,-1,3,-1
201897QB00402,2,9,0,13,0,0,0,0,0,0,4,1,1,1,43,7,1560,2,2,-1,1,-1
201897QB00409,1,21,1,18,0,0,0,11,0,0,0,1,1,1,48,8,12902,2,2,-1,1,-1
201897QB00409,2,9,0,18,0,0,0,0,0,0,1,1,2,2,25,5,1200,1,2,-1,1,-1
201897QB00412,1,9,0,9,0,8,0,0,0,0,4,1,2,1,53,8,2967,2,2,-1,1,-1
201897QB00502,1,9,0,9,0,8,0,0,0,0,1,1,2,1,62,9,1560,2,4,-1,1,-1
201897QB00502,2,9,0,18,0,8,0,0,0,0,1,1,6,2,40,7,1968,2,3,-1,3,-1
201897QB00503,1,9,0,18,0,0,0,4,0,0,1,1,6,1,32,6,1242,1,2,-1,2,-1
201897QB00503,2,9,0,2,0,0,0,0,7,0,2,1,6,3,-1,-1,1598,1,6,-1,-1,-1
201897QB00504,1,9,0,1,0,0,0,0,0,0,2,1,6,1,72,10,1461,2,1,-1,1,-1
201897QB00506,1,9,0,18,0,3,0,0,0,0,3,1,6,2,49,8,2261,1,-1,-1,1,-1
201897QB00506,2,9,0,18,0,3,0,0,0,0,4,1,6,2,55,8,1149,1,7,-1,2,-1
201897QB00507,1,9,0,18,0,8,0,0,0,0,0,1,6,2,69,10,1242,1,6,-1,1,-1
201897QB00507,2,9,0,18,0,8,0,0,0,0,2,1,6,1,46,8,1995,2,2,-1,3,-1
201897QB00507,3,9,0,18,0,8,0,0,0,0,1,1,6,1,38,7,-1,-1,-1,-1,1,-1
201897QB00601,1,9,0,18,0,0,0,0,0,0,1,1,6,1,44,7,1396,1,17,-1,3,-1
201897QB00604,1,9,0,9,0,8,0,0,0,0,1,1,2,2,61,9,1461,2,1,-1,1,-1
201897QB00604,2,9,0,18,0,8,0,0,0,0,3,1,6,1,36,7,1998,1,1,-1,1,-1
201897QB00611,1,9,0,15,0,0,0,4,0,0,1,1,6,1,79,11,1461,2,2,-1,1,-1
201897QB00611,2,9,0,2,9,0,0,0,0,0,0,1,6,3,-1,-1,1229,1,3,-1,-1,-1
201897QB00612,1,19,0,18,0,0,0,0,0,0,4,1,1,1,49,8,2298,2,-1,-1,1,-1
201897QB00701,1,19,0,17,0,0,0,0,0,0,4,1,1,2,50,8,-1,-1,-1,-1,1,-1
201897QB00703,1,9,0,18,0,0,0,0,0,0,1,1,6,2,63,9,1364,1,1,-1,3,-1
201897QB00706,1,9,0,4,0,1,0,0,0,0,1,1,1,1,52,8,-1,-1,-1,-1,1,-1
201897QB00706,2,9,0,3,0,1,0,0,0,0,2,1,6,1,63,9,2179,2,8,-1,1,-1
201897QB00707,1,9,0,7,0,1,0,0,0,0,1,1,1,1,57,9,1598,2,2,-1,2,-1
201897QB00707,2,9,0,7,0,1,0,0,0,0,1,1,6,1,40,7,1600,1,14,-1,1,-1
201897QB00708,1,9,0,16,0,1,0,0,0,0,3,1,6,2,68,10,1198,1,8,1,1,1
201897QB00708,2,9,0,7,0,1,0,0,0,0,3,1,6,1,22,5,1590,1,16,-1,1,-1
201897QB00709,1,9,0,7,0,1,0,0,0,0,3,1,6,1,80,11,1598,1,10,-1,1,-1
201897QB00805,1,9,0,4,0,1,0,0,0,0,2,1,6,1,62,9,1596,1,4,-1,1,-1
201897QB00805,2,9,0,4,0,1,0,0,0,0,1,1,6,2,18,4,-1,-1,-1,-1,1,-1
201897QB00809,1,9,0,9,0,5,0,0,1,0,1,1,2,1,34,6,1896,2,16,-1,1,-1
201897QB00809,2,9,0,18,0,1,0,0,0,0,1,1,3,2,38,7,1598,1,5,-1,3,-1
201897QB00810,1,9,0,7,0,8,0,0,0,0,1,1,6,1,80,11,1248,2,11,-1,1,-1
201897QB00811,1,9,0,18,0,0,0,0,0,0,1,1,6,2,76,11,998,1,5,-1,2,-1
201897QB00902,1,9,0,1,0,0,0,0,0,0,2,1,6,2,24,5,1364,1,9,-1,1,-1
201897QB00902,2,9,0,2,0,0,0,0,0,0,1,1,6,2,49,8,1995,2,6,-1,1,-1
201897QB00903,1,9,0,16,0,0,2,0,2,0,1,1,2,1,24,5,1229,1,13,-1,1,-1
201897QB00905,1,9,0,3,0,4,0,0,0,0,4,1,6,2,83,11,1242,1,3,-1,1,-1
201897QB00905,2,9,0,18,0,4,1,0,0,0,3,1,6,1,17,4,1242,1,2,-1,1,-1
201897QB00906,1,19,0,18,0,0,0,0,1,7,1,1,1,1,39,7,1598,2,-1,-1,3,-1
201897QB00909,1,19,0,18,0,0,0,0,0,0,4,1,1,1,-1,-1,2198,2,2,-1,-1,-1
201897QB00910,1,9,0,6,0,6,0,0,4,0,3,1,6,1,54,8,1999,2,2,-1,2,-1
201897QB00910,2,9,0,18,0,8,0,0,0,0,1,1,6,1,22,5,2993,2,3,-1,1,-1
201897QB00910,3,9,0,18,0,8,1,0,0,0,1,1,6,1,28,6,1998,1,13,-1,1,-1
201897QB01001,1,1,0,1,6,0,0,0,0,0,2,1,6,1,48,8,-1,-1,-1,-1,1,-1
201897QB01004,1,9,0,5,0,6,0,0,0,0,4,1,1,1,57,9,1461,2,5,-1,1,-1
201897QB01004,2,9,0,5,0,6,0,0,0,0,3,1,6,1,44,7,1364,2,8,-1,1,-1
201897QB01005,1,9,0,15,0,0,0,0,0,0,4,1,6,2,75,10,1560,2,1,-1,1,-1
201897QB01008,1,9,0,16,0,0,0,0,7,0,1,1,6,1,36,7,1796,1,13,-1,1,-1
201897QB01008,2,9,0,17,0,0,0,0,7,0,1,1,2,2,42,7,1596,1,10,-1,1,-1
201897QB01010,1,9,0,11,9,1,2,0,0,0,3,1,3,2,68,10,1198,1,4,-1,1,-1
201897QB01010,2,9,0,18,0,1,1,0,0,0,3,1,3,2,84,11,1240,1,15,-1,1,-1
201897QB01101,1,9,0,17,0,1,1,0,1,11,4,1,6,2,45,7,2204,2,13,-1,3,-1
201897QB01106,1,9,0,18,0,0,1,0,8,4,3,1,6,3,-1,-1,1198,1,8,-1,1,-1
201897QB01107,1,9,0,18,6,0,0,0,0,0,1,1,6,2,45,7,1968,2,1,-1,1,-1
201897QB01107,2,8,0,2,6,0,0,0,0,0,0,1,2,1,62,9,1685,2,2,-1,1,-1
201897QB01202,1,9,0,17,0,0,0,0,1,2,4,1,6,1,73,10,1798,1,1,-1,1,-1
201897QB01203,1,9,0,18,0,1,0,0,0,0,1,1,6,1,74,10,1360,1,7,-1,1,-1
201897QB01203,2,9,0,9,0,1,0,0,0,0,3,1,6,2,18,4,999,1,4,-1,2,-1
201897QB01205,1,9,0,5,0,6,0,0,0,0,4,1,6,3,-1,-1,-1,-1,-1,-1,-1,-1
201897QB01205,2,9,0,18,0,1,1,0,1,0,3,1,6,2,39,7,1149,1,11,-1,3,-1
201897QB01206,1,9,0,9,0,8,0,0,0,0,1,1,6,2,25,5,1198,1,4,-1,3,-1
201897QB01206,2,9,0,18,0,1,0,0,0,0,1,1,6,1,18,4,1390,1,11,-1,2,-1
201897QB01210,1,9,0,18,0,0,0,11,8,2,1,1,2,2,75,10,1349,1,9,-1,1,-1
201897QB01302,1,9,0,17,0,0,1,10,6,11,1,1,6,1,23,5,1998,2,13,-1,1,-1
201897QB01304,1,20,0,4,0,3,0,0,0,0,1,1,1,1,25,5,2143,2,7,-1,1,-1
201897QB01304,2,9,0,4,0,3,0,0,0,0,2,1,2,1,-1,-1,1590,1,15,-1,-1,-1
201897QB01305,1,1,0,18,0,1,0,0,0,0,1,1,6,1,6,2,-1,-1,-1,-1,2,-1
201897QB01305,2,9,0,18,0,1,0,0,0,0,3,1,6,2,23,5,1242,1,11,-1,2,-1
201897QB01306,1,9,0,7,0,3,0,0,1,0,3,1,6,2,56,9,1598,1,1,-1,1,-1
201897QB01306,2,9,0,4,0,3,0,0,0,0,0,1,6,2,40,7,1461,2,3,-1,1,-1
201897QB01310,1,9,0,7,0,3,0,0,0,0,4,1,6,1,50,8,2687,1,13,-1,1,-1
201897QB01312,1,9,0,7,0,6,0,0,0,0,1,1,6,2,50,8,1242,1,7,-1,1,-1
201897QB01312,2,9,0,18,0,1,0,0,0,0,4,1,2,2,40,7,2191,2,3,-1,1,-1
201897QB01403,1,9,0,12,0,7,0,0,0,0,1,1,6,2,84,11,898,1,2,-1,1,-1
201897QB01403,2,9,0,3,0,7,0,0,0,0,2,1,6,1,76,11,2143,2,2,-1,-1,-1
201897QB01403,3,9,0,3,0,7,0,0,0,0,2,1,6,2,42,7,1560,2,1,-1,1,-1
201897QB01405,1,11,0,18,0,0,0,0,0,0,1,1,1,1,54,8,4461,2,4,-1,1,-1
201897QB01409,1,9,0,13,0,8,0,0,0,0,1,1,6,2,27,6,1781,1,14,-1,1,-1
201897QB01409,2,9,0,9,0,8,0,0,0,0,3,1,6,1,55,8,999,1,1,-1,1,-1
201897QB01501,1,9,0,18,0,1,0,0,0,0,4,1,6,1,67,10,998,1,4,-1,1,-1
201897QB01503,1,21,0,11,0,0,0,0,0,0,1,1,6,1,32,6,10677,2,4,-1,1,-1
201897QB01503,2,9,0,18,0,0,0,0,0,0,2,1,6,2,20,4,999,1,3,-1,1,-1
201897QB01508,1,9,0,7,0,1,0,0,0,0,1,1,6,1,27,6,1360,1,11,-1,1,-1
201897QB01508,2,1,0,18,0,1,0,0,0,0,4,1,6,1,54,8,-1,-1,-1,-1,1,-1
201897QB01511,1,9,0,4,0,8,0,0,0,0,1,1,6,2,62,9,2143,2,-1,-1,1,-1
201897QB01511,2,19,0,2,0,8,0,0,0,0,4,1,6,3,-1,-1,2299,2,2,-1,-1,-1
201897QB01601,1,9,0,5,0,1,0,0,0,0,1,1,6,2,48,8,1560,2,7,-1,3,-1
201897QB01601,2,9,0,18,0,1,0,7,0,0,3,1,6,2,31,6,1997,2,2,-1,-1,-1
201897QB01603,1,19,0,11,0,5,0,0,1,0,0,1,6,3,-1,-1,-1,-1,-1,-1,-1,-1
201897QB01603,2,4,0,18,0,7,1,0,0,0,0,1,2,1,21,5,-1,-1,-1,-1,1,-1
201897QB01610,1,9,0,7,0,6,0,0,0,0,1,1,6,2,35,6,1499,1,3,-1,3,-1
201897QB01610,2,9,0,5,0,1,0,0,0,0,4,1,6,1,19,4,998,1,5,-1,1,-1
201897QB01611,1,9,0,18,0,0,0,0,0,0,1,1,6,3,-1,-1,-1,-1,-1,-1,-1,-1
201897QB01611,2,9,0,3,0,0,0,0,0,0,2,1,6,1,50,8,1956,2,7,-1,2,-1
201897QB01612,1,9,0,4,0,0,0,0,0,0,1,1,6,1,30,6,2143,2,-1,-1,1,-1
201897QB01612,2,9,0,18,0,0,0,0,0,0,2,1,6,1,68,10,2926,2,15,-1,1,-1
201897QB01705,1,9,0,9,0,1,0,0,0,0,1,1,6,1,58,9,1461,2,2,-1,1,-1
201897QB01705,2,1,0,18,0,1,0,0,0,0,1,1,6,1,45,7,-1,-1,-1,-1,1,-1
201897QB01803,1,9,0,9,0,1,0,0,0,0,3,1,6,1,35,6,-1,-1,-1,-1,1,-1
201897QB01803,2,9,0,18,0,1,0,0,0,0,4,1,6,1,-1,-1,1242,1,2,-1,-1,-1
201897QB01804,1,9,0,9,0,6,0,0,0,0,1,1,1,1,56,9,1968,2,7,-1,1,-1
201897QB01809,1,9,0,18,0,4,0,0,0,0,1,1,6,3,-1,-1,1149,1,17,-1,-1,-1
201897QB01809,2,9,0,9,0,4,0,0,0,0,3,1,6,1,55,8,1997,2,1,-1,1,-1
201897QB01810,1,9,0,18,0,0,0,0,0,0,4,1,6,2,56,9,1242,1,6,-1,1,-1
201897QB01811,1,9,0,18,0,0,0,0,0,0,1,1,6,1,73,10,1149,1,2,-1,1,-1
201897QB01902,1,9,0,3,0,1,0,0,0,0,2,1,1,1,38,7,1596,1,9,-1,1,-1
201897QB01902,2,9,0,3,0,1,0,0,0,0,2,1,1,1,38,7,2268,2,7,-1,1,-1
201897QB01903,1,9,0,1,0,0,0,0,0,0,2,1,6,2,45,7,1598,2,2,-1,1,-1
201897QB01909,1,9,0,17,0,0,0,0,0,0,1,1,6,2,76,11,1398,1,8,-1,1,-1
201897QB01910,1,9,0,18,0,1,0,0,0,0,2,1,6,1,24,5,1229,1,9,-1,1,-1
201897QB01910,2,9,0,4,0,1,0,0,0,0,2,1,6,2,32,6,1968,2,-1,-1,1,-1
201897QB01912,1,9,0,18,0,0,0,0,0,0,1,1,6,1,45,7,1598,1,5,-1,-1,-1
201897QB01912,2,9,0,2,0,0,0,0,0,0,3,1,1,1,36,7,-1,-1,-1,-1,1,-1
201897QB02002,1,9,0,18,0,8,0,0,0,0,1,1,1,2,26,6,1461,2,4,-1,3,-1
201897QB02002,2,11,0,3,0,8,0,0,0,0,2,1,3,1,53,8,12600,2,15,-1,1,-1
201897QB02010,1,9,0,1,0,5,0,0,0,0,2,1,6,1,29,6,2179,2,4,-1,1,-1
201897QB02010,2,9,0,8,0,2,0,0,0,0,3,1,6,2,36,7,1560,2,6,-1,2,-1
201897QB02012,1,9,0,7,0,3,0,0,0,0,4,1,2,2,42,7,1591,1,3,-1,1,-1
201897QB02110,1,9,0,5,0,0,0,0,0,0,4,1,2,2,45,7,1248,1,5,-1,1,-1
201897QB02209,1,9,0,18,0,4,0,0,0,0,1,1,1,1,32,6,1560,2,3,-1,1,-1
201897QB02209,2,9,0,18,0,3,0,0,0,0,3,1,6,1,26,6,1560,2,3,-1,1,-1
201897QB02409,1,9,0,16,0,1,0,0,1,0,2,1,6,2,37,7,1399,2,6,-1,1,-1
201897QB02409,2,1,0,18,0,3,5,0,0,0,0,1,2,1,63,9,-1,-1,-1,-1,1,-1
201897QB02412,1,9,0,10,0,8,0,10,7,0,1,1,6,1,59,9,1995,2,3,-1,1,-1
201897QB02412,2,9,0,18,0,1,0,0,0,0,1,1,6,2,51,8,1395,1,1,-1,2,-1
201897QB02412,3,9,0,8,0,1,0,0,0,0,1,1,6,1,29,6,1120,2,6,-1,1,-1
201897QB75102,1,9,0,16,0,5,5,0,7,1,1,1,6,2,41,7,1242,1,5,-1,1,-1
201897QB75105,1,4,0,17,0,0,0,10,2,0,1,1,6,1,37,7,233,1,9,-1,2,-1
201897QB75106,1,9,0,18,0,0,0,0,1,11,1,1,6,2,68,10,3200,2,4,-1,2,-1
201897QB75109,1,19,0,18,0,0,1,2,4,6,1,1,1,1,50,8,1995,2,1,-1,-1,-1
201897QB75109,2,21,0,2,0,0,0,0,0,0,2,1,1,3,-1,-1,6700,2,4,-1,-1,-1
201897QB75109,3,19,0,12,0,0,0,0,0,0,1,1,3,1,40,7,2494,2,13,-1,1,-1
201897QB75110,1,9,0,9,0,7,0,0,0,0,3,1,6,1,32,6,1995,2,-1,-1,1,-1
201897QB75110,2,9,0,18,0,1,0,0,0,0,1,1,6,1,80,11,1598,2,1,-1,1,-1
201897QB75111,1,9,0,18,0,1,0,4,0,0,1,1,6,1,42,7,3628,2,11,-1,3,-1
201897QB75111,2,9,0,3,0,1,0,0,0,0,3,1,6,1,20,4,1398,2,12,-1,1,-1
201897QB75111,3,9,0,3,0,1,0,0,0,0,2,1,6,1,31,6,1242,1,2,-1,1,-1
201897QB75111,4,9,0,3,0,1,0,0,0,0,4,1,6,2,25,5,1598,1,1,-1,1,-1
201897QB75112,1,9,0,17,0,1,0,0,2,0,1,1,6,1,80,11,1149,1,9,-1,-1,-1
201897QB75204,1,5,0,18,0,0,1,0,0,0,4,1,6,1,27,6,645,1,13,-1,1,-1
201897QB75204,2,9,0,18,0,0,0,0,0,0,1,1,6,1,70,10,1997,1,-1,-1,1,-1
201897QB75204,3,9,0,18,0,0,0,0,0,0,3,1,6,2,47,8,1461,2,1,-1,1,-1
201897QB75205,1,9,0,18,0,0,0,0,0,0,1,1,6,1,21,5,1997,2,1,-1,-1,-1
201897QB75205,2,9,0,4,0,0,0,0,0,0,2,1,6,2,32,6,1242,1,11,-1,-1,-1
201897QB75205,3,19,0,4,0,0,0,0,0,0,2,1,2,1,48,8,2402,2,11,-1,-1,-1
201897QB75206,1,20,1,11,0,0,0,0,0,0,4,1,1,1,28,6,-1,-1,-1,-1,-1,-1
201897QB75206,2,9,0,18,0,0,1,0,1,7,3,1,6,1,85,11,998,1,1,-1,1,-1
201897QB75210,1,19,0,18,0,0,0,0,0,0,1,1,1,1,33,6,2143,2,-1,-1,1,-1
201897QB75210,2,9,0,4,0,0,0,0,0,0,2,1,2,2,32,6,1395,1,1,-1,1,-1
201897QB75301,1,9,0,18,0,1,1,0,1,7,2,1,6,1,27,6,2231,2,8,-1,3,-1
201897QB75302,1,9,0,3,0,3,0,0,0,0,1,1,2,2,49,8,1229,1,1,-1,-1,-1
201897QB75302,2,9,0,5,0,3,0,0,0,0,2,1,2,2,32,6,1968,2,2,-1,-1,-1
201897QB75308,1,9,0,17,0,2,0,0,0,0,0,1,6,3,-1,-1,-1,-1,-1,-1,-1,-1
201897QB75308,2,11,0,9,0,2,0,0,0,0,0,1,1,1,19,4,4250,2,2,-1,3,-1
201897QB75309,1,9,0,18,0,3,0,0,3,1,1,1,6,1,75,10,999,1,-1,-1,1,-1
201897QB75309,2,90,2,2,0,8,0,0,1,0,3,1,6,3,-1,-1,-1,-1,-1,-1,-1,-1
201897QB75310,1,9,0,4,0,0,0,0,0,0,2,1,2,1,49,8,1596,1,11,-1,1,-1
201897QB75310,2,19,0,4,0,0,0,0,0,0,1,1,1,1,20,4,1560,2,1,-1,2,-1
201897QB75310,3,21,0,4,0,0,0,0,0,0,1,1,1,1,59,9,10677,2,3,-1,1,-1
201897QB75312,1,9,0,18,0,0,0,0,7,0,1,1,6,1,43,7,1461,2,11,-1,-1,-1
201897QB75312,2,9,0,18,0,0,0,0,0,0,2,1,6,1,31,6,999,1,-1,-1,-1,-1
201897QB75312,3,9,0,4,0,0,0,0,0,0,2,1,6,2,53,8,1499,2,1,-1,-1,-1
201897QB75312,4,9,0,4,0,0,0,0,0,0,2,1,6,2,24,5,2979,1,1,-1,1,-1
201897QB75312,5,9,0,4,0,0,0,0,0,0,1,1,6,2,38,7,1796,2,5,3,1,3
201897QB75312,6,9,0,4,0,0,0,0,0,0,1,1,6,2,25,5,1248,1,7,-1,-1,-1
201897QB75312,7,9,0,4,0,0,0,0,0,0,2,1,6,1,42,7,3311,8,11,8,1,8
201897QB75312,8,9,0,4,0,0,0,0,0,0,1,1,6,2,30,6,2993,2,1,-1,1,-1
201897QB75312,9,9,0,4,0,0,0,0,0,0,2,1,6,2,32,6,1246,1,10,7,1,7
201897QB75403,1,9,0,12,0,2,0,0,0,0,3,1,6,1,35,6,1598,2,4,-1,1,-1
201897QB75403,2,9,0,18,0,2,0,0,0,0,4,1,6,1,48,8,1461,2,13,-1,1,-1
201897QB75404,1,9,0,1,0,0,0,0,0,0,1,1,6,1,22,5,998,1,5,-1,1,-1
201897QB75404,2,9,0,18,0,0,0,0,0,0,2,1,2,1,32,6,1598,1,5,-1,1,-1
201897QB75404,3,9,0,2,0,0,0,0,0,0,0,1,6,2,84,11,999,1,4,-1,1,-1
201897QB75405,1,9,0,16,0,1,1,0,1,7,1,1,6,1,55,8,1796,1,10,-1,1,-1
201897QB75406,1,9,0,18,0,0,0,0,0,0,1,1,1,2,18,4,1364,1,1,-1,1,-1
201897QB75406,2,9,0,3,0,0,0,0,0,0,2,1,6,2,18,4,1499,1,4,-1,1,-1
201897QB75409,1,19,0,18,0,0,0,0,0,0,1,1,1,1,43,7,2143,2,1,5,1,5