Accident_Index,Vehicle_Reference,Vehicle_Type,Towing_and_Articulation,Vehicle_Manoeuvre,Vehicle_Location-Restricted_Lane,Junction_Location,Skidding_and_Overturning,Hit_Object_in_Carriageway,Vehicle_Leaving_Carriageway,Hit_Object_off_Carriageway,1st_Point_of_Impact,Was_Vehicle_Left_Hand_Drive?,Journey_Purpose_of_Driver,Sex_of_Driver,Age_of_Driver,Age_Band_of_Driver,Engine_Capacity_(CC),Propulsion_Code,Age_of_Vehicle,Driver_IMD_Decile,Driver_Home_Area_Type,Vehicle_IMD_Decile
201897QB75409,2,9,0,18,0,0,0,0,1,0,2,1,6,2,59,9,1086,1,11,-1,3,-1
201897QB75411,1,9,0,18,0,0,0,0,0,0,1,1,6,1,34,6,1997,2,4,-1,1,-1
201897QB75411,2,5,0,18,0,0,0,0,0,0,1,1,6,1,24,5,645,1,9,-1,1,-1
201897QB75501,1,9,0,17,0,1,1,0,0,7,3,1,6,2,32,6,1200,1,5,-1,1,-1
201897QB75509,1,9,0,18,0,0,0,0,0,0,1,1,6,1,28,6,1968,2,2,-1,1,-1
201897QB75510,1,21,1,18,0,4,5,0,0,0,3,1,1,1,41,7,12900,2,4,-1,1,-1
201897QB75602,1,21,1,18,0,0,1,0,0,0,1,1,1,1,54,8,10518,2,12,-1,2,-1
201897QB75602,2,19,0,4,0,0,0,0,0,0,2,1,1,1,32,6,2198,2,3,-1,1,-1
201897QB75602,3,19,0,4,0,0,0,0,0,0,2,1,1,1,55,8,2198,2,5,-1,1,-1
201897QB75606,1,9,0,13,0,0,1,0,1,0,1,1,6,2,54,8,1598,1,2,-1,1,-1
201897QB75606,2,9,0,18,0,0,0,0,0,0,1,1,6,2,62,9,898,1,1,-1,2,-1
201897QB75608,1,9,0,18,0,1,0,0,7,1,1,1,6,1,44,7,1395,1,-1,-1,3,-1
201897QB75610,1,20,1,11,0,0,0,0,0,0,4,1,1,1,62,9,-1,-1,-1,-1,-1,-1
201897QB75610,2,9,0,18,0,0,0,0,0,6,2,1,6,1,40,7,1399,2,10,-1,1,-1
201897QB75703,1,9,0,18,0,0,0,4,0,0,4,1,6,2,41,7,1398,1,16,-1,1,-1
201897QB75703,2,9,0,2,0,0,0,0,0,0,0,1,6,3,-1,-1,1560,2,7,-1,1,-1
201897QB75703,3,9,0,2,0,0,0,0,1,2,2,1,6,3,-1,-1,1398,1,4,-1,1,-1
201897QB75703,4,9,0,2,0,0,0,0,1,0,2,1,6,3,-1,-1,1242,1,7,-1,1,-1
201897QB75706,1,21,1,18,0,1,0,0,0,0,1,1,1,1,-1,-1,10837,2,7,-1,-1,-1
201897QB75706,2,9,0,3,0,1,0,0,0,0,2,1,6,1,83,11,1197,1,3,10,1,10
201897QB75708,1,9,0,5,0,7,0,0,0,0,3,1,6,1,36,7,1686,2,15,-1,1,-1
201897QB75708,2,9,0,18,0,1,0,0,0,0,4,1,6,1,80,11,999,1,-1,-1,1,-1
201897QB75710,1,11,0,18,0,0,1,0,1,0,1,1,1,1,63,9,4250,2,3,-1,1,-1
201897QB75710,2,21,1,4,0,0,1,0,0,0,2,1,1,1,59,9,12777,2,-1,-1,1,-1
201897QB75711,1,9,0,18,0,1,0,0,0,0,3,1,1,2,40,7,1995,2,5,-1,1,-1
201897QB75802,1,9,0,17,0,0,1,0,7,11,1,1,6,2,19,4,1242,1,6,-1,3,-1
201897QB75902,1,9,0,9,0,1,0,0,0,0,0,1,6,1,31,6,1587,1,10,-1,1,-1
201897QB75902,2,5,0,18,0,1,0,0,1,11,4,1,6,1,45,7,1198,1,27,-1,1,-1
201897QB76002,1,21,1,18,0,0,0,0,0,0,1,1,1,1,36,7,12740,2,4,3,1,3
201897QB76002,2,19,0,18,0,0,0,0,0,0,2,1,1,2,47,8,2143,2,1,9,1,9
201897QC00101,1,10,0,18,0,0,0,0,0,0,1,1,1,1,21,5,-1,-1,-1,-1,3,-1
201897QC00102,1,9,0,18,0,0,0,0,0,0,1,1,6,1,62,9,1798,2,5,-1,2,-1
201897QC00102,2,9,0,3,0,0,0,0,0,0,2,1,6,2,68,10,1329,1,5,-1,-1,-1
201897QC00102,3,9,0,3,0,0,0,0,0,0,2,1,6,2,20,4,1360,1,11,-1,1,-1
201897QC00103,1,9,0,18,0,0,1,0,1,11,1,1,6,1,67,10,1956,2,8,-1,3,-1
201897QC00104,1,9,0,18,0,0,0,0,0,0,1,1,6,1,46,8,2967,2,1,-1,3,-1
201897QC00104,2,9,0,18,0,0,0,0,7,0,2,1,6,2,27,6,999,1,3,-1,-1,-1
201897QC00104,3,9,0,18,0,0,0,0,0,0,2,1,6,1,28,6,1595,1,24,-1,3,-1
201897QC00107,1,5,0,13,0,1,1,0,7,0,3,1,6,1,62,9,1170,1,11,-1,3,-1
201897QC00107,2,9,0,10,0,1,0,0,0,0,3,1,6,1,57,9,1956,2,8,-1,1,-1
201897QC00108,1,9,0,16,0,0,1,0,8,11,3,1,6,1,18,4,1229,1,5,-1,3,-1
201897QC00201,1,90,0,18,0,0,0,0,0,0,0,1,1,1,71,10,-1,-1,-1,-1,3,-1
201897QC00202,1,9,0,18,0,1,0,0,0,0,1,1,6,2,45,7,1968,2,3,-1,3,-1
201897QC00202,2,9,0,9,0,5,0,0,0,0,1,1,6,2,27,6,1461,2,4,-1,1,-1
201897QC00203,1,9,0,17,0,1,2,0,7,0,3,1,6,2,24,5,1299,1,11,-1,2,-1
201897QC00205,1,5,0,18,0,0,0,0,0,0,3,1,6,1,30,6,999,1,4,-1,1,-1
201897QC00205,2,9,0,4,0,0,0,0,0,0,4,1,6,1,55,8,1368,1,2,-1,3,-1
201897QC00207,1,9,0,18,0,0,0,0,0,0,1,1,6,1,37,7,996,1,4,-1,2,-1
201897QC00207,2,9,0,18,0,0,0,0,0,0,3,1,6,1,50,8,1969,2,1,-1,1,-1
201897QC00210,1,9,0,5,0,8,0,0,0,0,1,1,6,2,34,6,1461,2,1,-1,3,-1
201897QC00210,2,19,0,18,0,8,0,0,0,0,4,1,1,1,35,6,1996,2,7,-1,1,-1
201897QC00303,1,9,0,18,0,1,0,0,0,0,1,1,2,1,48,8,-1,-1,-1,-1,3,-1
201897QC00306,1,1,0,18,0,0,0,4,0,0,1,1,6,1,66,10,-1,-1,-1,-1,3,-1
201897QC00306,2,9,0,2,0,0,0,0,0,0,2,1,6,1,66,10,1329,1,4,-1,1,-1
201897QC00307,1,9,0,18,0,0,2,0,1,11,1,1,6,1,36,7,1995,2,13,-1,1,-1
201897QC00308,1,9,0,13,0,1,1,10,1,0,3,1,2,1,58,9,1598,1,15,-1,-1,-1
201897QC00308,2,9,0,18,0,1,1,10,1,9,3,1,6,1,83,11,2987,2,1,-1,-1,-1
201897QC00309,1,9,0,18,0,0,0,0,1,0,1,1,6,1,28,6,1560,2,5,-1,2,-1
201897QC00309,2,9,0,18,0,0,0,10,1,4,1,1,6,2,23,5,1398,1,2,-1,3,-1
201897QC00401,1,9,0,18,0,0,2,0,1,11,4,1,6,2,23,5,1149,1,11,-1,2,-1
201897QC00404,1,9,0,18,0,1,1,0,0,0,1,1,6,1,29,6,1560,2,3,-1,2,-1
201897QC00404,2,9,0,4,0,1,0,0,0,0,2,1,6,2,67,10,1598,1,9,-1,3,-1
201897QC00404,3,9,0,4,0,1,0,0,0,0,2,1,2,1,27,6,1995,2,4,-1,1,-1
201897QC00408,1,9,0,18,0,0,1,0,0,0,1,1,6,1,19,4,1242,1,11,-1,3,-1
201897QC00408,2,9,0,18,0,0,0,0,0,0,1,1,6,2,48,8,1997,1,2,-1,3,-1
201897QC00409,1,9,0,16,0,0,1,0,0,0,1,1,6,2,26,6,1149,1,8,-1,3,-1
201897QC00409,2,9,0,17,0,0,0,0,0,0,1,1,6,1,17,4,1248,2,11,-1,-1,-1
201897QC00501,1,9,0,18,0,0,0,0,7,11,4,1,6,1,30,6,-1,-1,-1,-1,2,-1
201897QC00501,2,21,1,18,0,0,0,0,0,0,1,1,1,1,32,6,12742,2,1,-1,-1,-1
201897QC00502,1,9,0,18,0,0,0,0,7,11,3,1,6,1,79,11,1560,2,13,-1,3,-1
201897QC00502,2,9,0,18,0,0,0,0,0,0,3,1,6,2,53,8,2967,1,15,-1,2,-1
201897QC00505,1,9,0,18,0,0,5,0,0,0,1,1,6,1,75,10,1794,1,13,-1,1,-1
201897QC00505,2,9,0,2,9,0,0,0,0,11,1,1,6,3,-1,-1,1586,1,2,-1,-1,-1
201897QC00508,1,3,0,18,0,4,1,0,0,0,4,1,2,1,47,8,125,1,1,-1,3,-1
201897QC00510,1,9,0,18,0,1,1,0,0,0,1,1,2,2,65,9,1248,1,3,5,3,5
201897QC00510,2,9,0,9,0,5,0,0,0,0,2,1,6,1,38,7,1956,2,4,-1,1,-1
201897QC00511,1,9,0,9,0,8,0,0,0,0,1,2,6,2,63,9,998,1,7,-1,3,-1
201897QC00511,2,9,0,18,0,8,0,0,0,0,4,1,6,1,18,4,1686,2,13,-1,2,-1
201897QC00605,1,9,0,18,0,4,0,0,0,0,3,1,6,2,74,10,998,1,3,-1,3,-1
201897QC00605,2,9,0,18,0,4,0,0,0,0,4,1,6,1,38,7,1364,1,-1,-1,3,-1
201897QC00606,1,9,0,18,0,0,0,0,1,11,1,1,2,1,18,4,-1,-1,-1,-1,3,-1
201897QC00607,1,9,0,9,0,6,0,0,0,0,1,1,2,1,26,6,1968,2,8,-1,3,-1
201897QC00607,2,9,0,18,0,1,5,0,0,0,4,1,1,1,39,7,-1,-1,-1,-1,3,-1
201897QC00608,1,9,0,4,0,0,0,0,0,0,1,1,6,2,68,10,1968,2,-1,-1,2,-1
201897QC00608,2,9,0,4,0,0,0,0,0,0,2,1,6,2,69,10,1386,1,9,-1,1,-1
201897QC00609,1,9,0,16,0,0,0,0,1,11,4,1,2,2,60,9,1560,2,2,-1,1,-1
201897QC00610,1,9,0,16,0,0,0,0,7,0,1,1,6,1,22,5,1798,1,2,-1,2,-1
201897QC00610,2,9,0,16,0,0,0,0,0,0,2,1,2,2,55,8,1461,2,2,-1,1,-1
201897QC00611,1,9,0,18,0,2,0,0,1,0,1,1,6,1,79,11,2171,2,15,-1,3,-1
201897QC00611,2,9,0,2,0,2,0,0,1,0,2,1,6,3,-1,-1,1242,1,7,-1,-1,-1
201897QC00611,3,9,0,2,0,2,0,0,0,0,1,1,6,3,-1,-1,-1,-1,-1,-1,-1,-1
201897QC00612,1,9,0,11,0,0,0,0,0,0,0,1,6,3,-1,-1,-1,-1,-1,-1,-1,-1
201897QC00612,2,9,0,18,0,0,0,0,1,11,1,1,6,1,34,6,1896,2,13,-1,2,-1
201897QC00702,1,3,0,18,0,0,1,10,1,11,4,1,6,2,22,5,125,1,1,-1,3,-1
201897QC00705,1,4,0,18,0,0,0,0,1,0,1,1,6,1,55,8,1157,1,20,-1,1,-1
201897QC00707,1,9,0,4,0,1,0,0,0,0,1,1,1,1,31,6,1360,1,7,-1,1,-1
201897QC00707,2,19,0,2,0,1,0,0,0,0,2,1,6,1,39,7,1598,2,3,-1,1,-1
201897QC00707,3,9,0,2,0,1,0,0,0,0,2,1,6,1,45,7,-1,-1,-1,-1,1,-1
201897QC00801,1,8,0,16,0,1,1,0,7,11,1,1,6,1,37,7,1997,2,9,-1,1,-1
201897QC00802,1,9,0,18,0,8,0,0,0,0,1,1,1,1,41,7,-1,-1,-1,-1,-1,-1
201897QC00802,2,9,0,4,0,2,0,0,0,0,2,1,6,2,71,10,1560,2,11,-1,3,-1
201897QC00803,1,9,0,18,0,0,0,0,0,0,1,1,6,3,-1,-1,1396,2,1,-1,-1,-1
201897QC00803,2,9,0,2,0,0,0,0,0,0,2,1,6,3,-1,-1,1560,2,6,-1,-1,-1
201897QC00806,1,9,0,18,0,1,0,0,0,0,3,1,2,2,23,5,998,1,7,-1,1,-1
201897QC00807,1,9,0,13,0,0,2,10,2,4,1,1,6,1,28,6,995,1,9,-1,1,-1
201897QC00808,1,19,0,7,6,3,0,0,7,4,1,1,6,1,26,6,1753,2,10,-1,2,-1
201897QC00809,1,9,0,17,0,0,1,0,8,7,3,1,6,2,66,10,1364,1,1,-1,3,-1
201897QC00809,2,9,0,18,0,0,0,0,0,0,3,1,6,2,60,9,1999,2,1,-1,3,-1
201897QC00811,1,9,0,18,0,0,0,0,7,11,1,1,6,1,75,10,1596,1,7,-1,-1,-1
201897QC00901,1,9,0,18,0,1,0,0,0,0,1,1,6,1,50,8,1242,1,9,-1,-1,-1
201897QC00903,1,9,0,4,0,0,0,0,0,0,1,1,6,1,19,4,1364,1,12,-1,3,-1
201897QC00905,1,9,0,9,0,8,0,0,0,0,3,1,2,1,42,7,1984,1,2,-1,1,-1
201897QC00905,2,5,0,18,0,8,0,0,0,0,1,1,6,1,57,9,1441,1,1,-1,3,-1
201897QC00906,1,5,0,18,0,0,0,0,0,0,3,1,6,1,53,8,749,1,3,-1,2,-1
201897QC00908,1,19,0,18,0,1,0,0,0,0,1,1,6,1,27,6,-1,-1,-1,-1,1,-1
201897QC00908,2,9,0,10,0,1,0,0,0,0,2,2,6,2,30,6,1149,1,3,-1,1,-1
201897QC00909,1,9,0,18,0,0,0,0,0,0,1,1,6,1,29,6,1781,2,14,-1,3,-1
201897QC00909,2,9,0,4,0,0,0,0,0,0,2,1,6,1,63,9,1591,1,-1,-1,3,-1
201897QC00912,1,9,0,5,9,0,0,0,0,11,3,1,6,2,20,4,1242,1,1,-1,2,-1
201897QC00912,2,19,0,2,9,0,0,0,0,0,4,1,6,1,50,8,2298,2,5,-1,-1,-1
201897QC01003,1,9,0,18,0,0,2,0,1,11,1,1,6,1,19,4,1399,2,10,-1,3,-1
201897QC01004,1,9,0,17,0,0,2,0,7,11,1,1,6,2,40,7,1794,1,18,-1,3,-1
201897QC01011,1,9,0,18,0,0,0,0,0,0,4,1,3,2,54,8,1598,1,9,-1,3,-1
201897QC01012,1,9,0,13,0,0,0,0,0,0,2,1,6,1,18,4,998,1,3,-1,-1,-1
201897QC01012,2,9,0,13,0,0,1,0,0,0,1,1,6,1,20,4,1598,1,4,-1,-1,-1
201897QC01012,3,9,0,18,0,0,0,0,0,0,1,1,6,1,36,7,-1,-1,-1,8,1,8
201897QC01101,1,9,0,9,0,0,1,0,0,0,4,1,2,2,56,9,2993,2,3,-1,3,-1
201897QC01104,1,9,0,18,0,1,2,0,0,0,4,1,1,1,31,6,1229,1,3,-1,3,-1
201897QC01104,2,9,0,9,0,6,0,0,0,0,1,1,6,1,77,11,1997,2,4,-1,2,-1
201897QC01105,1,9,0,9,0,6,0,10,1,2,1,1,6,2,21,5,1598,1,12,-1,2,-1
201897QC01105,2,9,0,18,0,1,0,4,7,11,1,1,6,2,24,5,1248,1,1,-1,3,-1
201897QC01105,3,9,0,2,9,2,0,0,0,0,3,1,6,3,60,9,1797,8,4,-1,1,-1
201897QC01111,1,9,0,18,0,0,2,0,1,4,1,1,1,2,49,8,1998,1,15,-1,3,-1
201897QC01201,1,9,0,16,0,0,0,0,0,0,1,1,6,1,28,6,2993,2,4,-1,-1,-1
201897QC01201,2,19,0,17,0,0,0,0,0,0,3,1,6,1,38,7,1995,2,1,-1,3,-1
201897QC01209,1,9,0,18,0,0,0,11,0,0,1,1,1,1,29,6,-1,-1,-1,-1,2,-1
201897QC01211,1,19,0,18,0,8,1,4,1,0,1,1,1,1,46,8,2298,2,3,-1,1,-1
201897QC01211,2,9,0,10,0,8,0,0,8,0,2,1,2,1,20,4,998,1,-1,-1,1,-1
201897QC01211,3,20,0,18,0,8,0,0,0,0,0,1,1,1,45,7,4500,2,1,-1,-1,-1
201897QC01301,1,21,1,18,0,0,3,0,0,11,2,1,1,1,55,8,10518,2,10,-1,1,-1
201897QC01311,1,9,0,15,0,8,0,0,0,0,0,1,6,3,40,7,-1,-1,-1,-1,-1,-1
201897QC01311,2,9,0,18,0,8,0,0,0,0,1,1,2,1,47,8,1984,1,-1,-1,3,-1
201897QC01311,3,9,0,18,0,8,0,0,0,0,2,1,2,1,39,7,1968,2,4,-1,1,-1
201897QC01312,1,9,0,7,0,8,1,0,3,0,1,1,6,1,23,5,1896,2,13,-1,2,-1
201897QC01405,1,9,0,18,0,0,0,4,0,0,4,1,6,2,72,10,1998,1,-1,-1,1,-1
201897QC01405,2,19,0,2,0,0,0,0,0,0,3,1,6,3,-1,-1,1997,2,13,-1,-1,-1
201897QC01504,1,9,0,9,0,5,0,0,0,0,1,1,6,2,53,8,1399,1,2,-1,3,-1
201897QC01504,2,5,0,4,0,6,0,0,0,0,3,1,6,1,57,9,1043,1,4,-1,1,-1
201897QC01505,1,11,0,17,0,0,0,0,0,0,1,1,1,1,64,9,4500,2,3,-1,1,-1
201897QC01505,2,9,0,16,0,0,0,0,0,0,1,1,6,2,43,7,998,1,-1,-1,3,-1
201897QC01604,1,8,0,18,0,0,1,0,0,0,1,1,1,1,25,5,1499,2,2,-1,1,-1
201897QC01604,2,8,0,4,0,0,0,0,0,0,3,1,1,1,50,8,-1,-1,-1,-1,2,-1
201897QC01604,3,8,0,4,0,0,0,0,0,0,3,1,1,2,67,10,1896,2,15,-1,1,-1
201897QC01609,1,9,0,9,0,7,0,0,0,0,3,1,2,2,28,6,1461,2,1,-1,1,-1
201897QC01609,2,9,0,17,0,7,0,0,0,0,1,1,2,2,38,7,1560,2,7,-1,2,-1
201897QC01611,1,5,0,17,0,1,0,0,0,0,1,1,6,1,39,7,645,1,17,-1,1,-1
201897QC01611,2,9,0,9,0,6,0,0,0,0,3,1,6,1,60,9,998,1,15,-1,3,-1
201897QC01709,1,4,0,16,0,1,5,0,0,0,1,1,6,1,48,8,847,1,1,-1,1,-1
201897QC01709,2,9,0,17,0,1,0,0,0,0,1,1,6,2,63,9,1999,2,-1,-1,3,-1
201897QC70201,1,9,0,18,0,0,1,0,4,6,1,1,2,2,55,8,1197,1,1,-1,1,-1
201897QC70301,1,21,0,18,0,0,0,0,4,6,1,1,1,1,44,7,10837,2,5,-1,1,-1
201897QC75101,1,9,0,18,0,0,1,0,2,0,1,1,1,1,51,8,2993,2,3,-1,1,-1
201897QC75101,2,21,1,18,0,0,0,0,0,0,4,1,1,1,57,9,12777,2,1,2,1,2
201897QC75102,1,9,0,9,0,6,0,0,0,0,1,1,6,1,80,11,1398,1,3,-1,1,-1
201897QC75102,2,9,0,18,0,1,0,0,0,0,1,1,6,1,68,10,1197,1,1,-1,3,-1
201897QC75106,1,9,0,12,0,0,0,0,4,6,1,1,2,2,48,8,1560,2,-1,-1,3,-1
201897QC75106,2,21,1,18,0,0,0,0,0,0,1,1,1,1,56,9,12777,2,2,-1,3,-1
201897QC75106,3,19,0,18,0,0,0,0,0,0,0,1,2,1,27,6,1560,2,4,-1,1,-1
201897QC75112,1,9,0,18,0,0,0,0,1,11,1,2,6,1,29,6,-1,-1,-1,1,1,1
201897QC75201,1,9,0,18,0,4,2,0,0,0,1,1,6,1,46,8,2967,2,2,1,1,1
201897QC75201,2,9,0,8,0,3,5,0,7,0,4,1,2,1,70,10,1997,2,2,-1,1,-1
201897QC75203,1,9,0,16,0,0,0,0,0,0,3,1,6,1,25,5,1598,1,5,-1,1,-1
201897QC75203,2,9,0,17,0,0,0,0,1,7,3,1,6,2,70,10,1248,1,4,-1,1,-1
201897QC75203,3,9,0,18,0,0,0,0,2,11,3,1,6,1,33,6,1596,1,10,-1,1,-1
201897QC75205,1,9,0,15,0,1,0,0,0,0,1,1,6,1,58,9,1395,1,1,-1,1,-1
201897QC75205,2,9,0,9,0,1,0,0,7,1,3,1,6,2,66,10,1598,1,10,-1,2,-1
201897QC75209,1,21,0,18,0,0,0,0,0,0,1,1,1,1,26,6,10837,2,3,2,1,2
201897QC75209,2,21,1,3,0,0,0,0,0,0,2,1,1,1,40,7,16400,2,2,8,1,8
201897QC75210,1,20,0,7,0,4,5,0,0,0,3,1,1,1,34,6,12777,2,9,-1,2,-1
201897QC75211,1,9,0,18,0,0,0,0,1,0,1,1,6,1,78,11,1969,2,4,10,2,10
201897QC75211,2,9,4,18,0,0,3,0,1,11,2,1,6,2,61,9,3059,2,19,5,3,5
201897QC75302,1,9,0,13,0,0,1,0,1,7,4,1,6,2,27,6,1364,1,3,-1,-1,-1
201897QC75304,1,21,1,18,0,0,0,0,0,0,0,2,1,1,23,5,-1,-1,-1,-1,-1,-1
201897QC75304,2,21,1,18,0,0,0,11,0,0,1,1,1,1,56,9,6692,2,6,8,1,8
201897QC75304,3,9,0,18,0,0,1,11,0,6,2,1,1,1,46,8,1995,2,4,-1,3,-1
201897QC75304,4,19,0,18,0,0,1,0,0,0,1,1,1,1,30,6,-1,-1,-1,-1,-1,-1
201897QC75305,1,5,0,16,0,0,1,0,0,0,3,1,6,1,51,8,1170,1,8,-1,3,-1
201897QC75308,1,9,0,17,0,0,0,0,1,0,1,1,6,1,32,6,698,1,14,-1,3,-1
201897QC75308,2,19,0,16,0,0,5,0,1,0,3,1,2,1,61,9,2198,2,4,-1,1,-1
201897QC75311,1,9,0,18,0,0,0,0,0,0,1,1,6,2,18,4,1197,1,1,-1,2,-1
201897QC75311,2,9,0,18,0,0,0,0,0,0,2,1,6,2,31,6,1398,1,-1,-1,1,-1
201897QC75312,1,9,0,18,0,0,0,0,0,0,1,1,6,1,41,7,1393,2,16,-1,3,-1
201897QC75312,2,9,0,18,0,0,0,0,0,0,1,1,6,1,35,6,1390,1,7,-1,3,-1
201897QC75401,1,9,0,18,0,0,2,0,1,11,1,1,2,1,40,7,2435,1,18,-1,3,-1
201897QC75402,1,20,1,18,0,1,0,0,1,7,1,1,1,1,51,8,-1,-1,-1,-1,1,-1
201897QC75404,1,9,0,18,0,4,0,0,0,0,1,1,6,1,45,7,1598,2,3,-1,1,-1
201897QC75404,2,9,0,18,0,3,0,0,0,0,4,1,6,2,29,6,1995,2,8,6,3,6
201897QC75406,1,21,1,16,0,0,4,0,0,0,3,1,1,1,40,7,12809,2,1,-1,1,-1
201897QC75407,1,9,0,16,9,1,1,0,1,11,4,1,6,1,29,6,1461,2,9,-1,1,-1
201897QC75408,1,21,1,18,0,0,0,0,0,0,0,1,1,1,58,9,12740,2,3,5,3,5
201897QC75408,2,19,0,13,0,0,0,0,0,0,4,1,1,1,29,6,2299,2,3,-1,-1,-1
201897QC75502,1,9,0,18,0,0,2,0,1,11,1,1,1,1,41,7,1997,2,4,-1,3,-1
201897QC75504,1,5,0,17,0,0,1,0,1,11,4,1,2,1,51,8,899,1,24,-1,3,-1
201897QC75506,1,9,0,18,0,0,1,0,1,7,1,1,2,1,64,9,1596,1,15,-1,1,-1
201897QC75508,1,9,0,18,0,1,0,0,1,1,2,1,6,2,21,5,1329,1,7,7,1,7
201897QC75508,2,9,0,18,0,1,0,0,1,1,1,1,6,2,33,6,1399,1,7,-1,3,-1
201897QC75512,1,19,0,16,0,0,2,0,7,11,1,1,6,1,66,10,2402,2,10,-1,3,-1
201897QC75512,2,9,0,17,0,0,2,0,1,11,1,1,6,2,68,10,2401,2,12,-1,3,-1
201897QC75601,1,9,0,18,0,0,1,0,7,6,1,1,2,1,38,7,3200,1,12,-1,1,-1
201897QC75602,1,21,1,18,0,0,1,0,0,6,1,1,1,1,40,7,10677,2,3,1,1,1
201897QC75605,1,19,0,16,0,0,0,0,7,4,1,1,1,1,46,8,2143,2,1,1,1,1
201897QC75608,1,5,0,18,0,0,2,0,1,7,4,1,6,1,54,8,998,1,12,-1,2,-1
201897QC75701,1,9,0,9,0,1,0,0,0,0,1,1,6,2,30,6,1560,2,5,-1,3,-1
201897QC75701,2,1,0,5,0,1,0,0,0,0,3,1,6,1,85,11,-1,-1,-1,-1,1,-1
201897QC75706,1,19,0,18,0,0,2,0,1,11,1,1,1,1,51,8,-1,-1,-1,-1,-1,-1
201897QC75709,1,9,0,4,0,1,0,0,0,0,1,1,6,1,46,8,2231,2,2,-1,3,-1
201897QC75709,2,9,0,3,0,1,0,0,0,0,2,1,1,1,67,10,3200,2,7,-1,3,-1
201897QC75711,1,9,0,18,0,0,1,0,1,6,1,1,6,1,43,7,1364,1,9,-1,-1,-1
201897QC75808,1,9,0,18,0,0,0,0,0,0,1,1,6,1,18,4,1968,2,11,-1,3,-1
201897QC75809,1,9,0,18,0,8,0,0,0,0,1,1,6,1,61,9,1598,1,13,-1,1,-1
201897QC75809,2,9,0,18,0,8,0,0,7,11,4,1,6,1,67,10,1582,2,2,-1,1,-1
201897QC75909,1,21,0,18,0,0,0,0,0,0,1,1,1,1,51,8,10837,2,1,-1,1,-1
201897QC75909,2,9,0,18,0,0,0,0,0,0,2,1,6,2,42,7,999,1,2,-1,1,-1
201897QC76006,1,4,0,17,0,0,2,0,1,11,1,1,6,1,44,7,400,1,24,-1,1,-1
201897QD00105,1,8,0,9,0,4,0,0,0,0,1,1,1,1,58,9,1598,2,4,-1,1,-1
201897QD00105,2,10,0,18,0,3,0,0,0,0,2,1,1,1,56,9,-1,-1,-1,-1,-1,-1
201897QD00108,1,9,0,18,0,2,5,4,0,0,3,1,6,1,24,5,999,1,1,-1,1,-1
201897QD00108,2,9,0,2,0,2,0,0,0,0,3,1,6,3,-1,-1,1461,2,3,-1,-1,-1
201897QD00203,1,9,0,18,0,1,0,0,0,0,1,1,2,2,53,8,1969,2,3,-1,3,-1
201897QD00203,2,9,0,9,0,5,0,0,0,0,1,1,2,1,24,5,1587,1,12,-1,1,-1
201897QD00205,1,9,0,9,0,5,0,0,0,0,1,1,6,2,43,7,1242,1,4,-1,2,-1
201897QD00205,2,8,0,18,0,1,0,0,0,0,1,1,1,1,51,8,-1,-1,-1,-1,1,-1
201897QD00302,1,9,0,18,0,8,0,0,0,10,4,1,6,2,32,6,1796,1,10,-1,1,-1
201897QD00302,2,9,0,5,0,8,0,0,0,0,1,1,6,1,32,6,1968,2,2,-1,1,-1
201897QD00304,1,9,0,16,0,6,2,0,1,11,1,2,6,2,69,10,1968,2,3,-1,1,-1
201897QD00311,1,9,0,10,0,1,0,0,0,0,4,1,6,1,24,5,995,1,5,-1,1,-1
201897QD00311,2,9,0,10,0,1,0,0,0,0,4,1,6,1,22,5,1995,2,-1,-1,1,-1
201897QD00406,1,9,0,5,0,1,0,0,0,0,1,1,2,1,24,5,2698,2,7,-1,1,-1
201897QD00406,2,19,0,5,0,6,0,0,0,0,3,1,1,1,39,7,2198,2,10,-1,1,-1
201897QD00407,1,20,0,4,0,1,0,0,0,0,1,1,1,1,52,8,11705,2,9,-1,1,-1
201897QD00407,2,9,0,4,0,1,0,0,0,0,2,1,2,1,53,8,1968,2,-1,-1,1,-1
201897QD00408,1,9,0,6,0,1,0,0,0,0,3,1,6,2,72,10,1200,1,-1,-1,1,-1
201897QD00408,2,9,0,14,0,1,0,0,0,0,1,1,1,1,70,10,1968,2,9,-1,1,-1
201897QD00410,1,9,0,11,2,0,0,0,0,0,4,1,1,1,31,6,-1,-1,-1,-1,1,-1
201897QD00410,2,1,0,18,2,0,0,0,0,0,1,1,2,1,37,7,-1,-1,-1,-1,1,-1
201897QD00502,1,9,0,1,6,0,0,0,0,0,2,1,2,2,26,6,1598,2,5,-1,3,-1
201897QD00505,1,19,0,18,0,1,1,0,0,0,1,1,2,1,43,7,1598,2,3,-1,1,-1
201897QD00508,1,19,0,17,0,8,0,0,0,0,3,1,6,1,31,6,2148,2,10,-1,1,-1
201897QD00508,2,1,0,17,0,8,0,0,0,0,4,1,6,2,59,9,-1,-1,-1,-1,2,-1
201897QD00509,1,9,0,18,0,2,0,0,0,0,1,1,6,2,63,9,998,1,4,-1,1,-1
201897QD00509,2,9,0,18,0,1,5,0,0,11,3,1,6,1,19,4,2143,2,1,-1,1,-1
201897QD00511,1,9,0,9,0,1,0,0,0,0,1,1,2,1,56,9,2967,2,2,-1,1,-1
201897QD00511,2,1,0,18,0,1,0,0,0,0,1,1,2,1,46,8,-1,-1,-1,-1,1,-1
201897QD00512,1,9,0,18,0,1,0,0,0,2,3,1,6,2,64,9,1086,1,12,-1,1,-1
201897QD00602,1,19,0,16,0,0,0,0,7,11,1,1,1,1,31,6,1995,2,1,-1,3,-1