Accident_Index,Vehicle_Reference,Vehicle_Type,Towing_and_Articulation,Vehicle_Manoeuvre,Vehicle_Location-Restricted_Lane,Junction_Location,Skidding_and_Overturning,Hit_Object_in_Carriageway,Vehicle_Leaving_Carriageway,Hit_Object_off_Carriageway,1st_Point_of_Impact,Was_Vehicle_Left_Hand_Drive?,Journey_Purpose_of_Driver,Sex_of_Driver,Age_of_Driver,Age_Band_of_Driver,Engine_Capacity_(CC),Propulsion_Code,Age_of_Vehicle,Driver_IMD_Decile,Driver_Home_Area_Type,Vehicle_IMD_Decile
201897QD00606,1,9,0,18,0,0,0,4,0,0,1,1,1,2,37,7,1598,2,2,-1,1,-1
201897QD00606,2,9,0,2,0,0,0,0,0,0,2,1,6,3,-1,-1,1598,1,10,-1,-1,-1
201897QD00701,1,9,0,16,0,0,1,0,0,0,1,1,6,1,62,9,-1,-1,-1,-1,1,-1
201897QD00701,2,11,0,17,0,0,0,0,0,0,1,1,1,1,30,6,4250,2,4,-1,1,-1
201897QD00702,1,9,0,18,0,1,0,0,0,0,1,1,6,1,25,5,1560,2,4,-1,1,-1
201897QD00702,2,19,0,4,0,1,0,0,0,0,2,1,6,1,27,6,2143,2,4,-1,1,-1
201897QD00703,1,9,0,7,0,5,1,0,0,0,1,1,6,2,32,6,1968,2,5,-1,1,-1
201897QD00703,2,9,0,4,8,1,0,0,0,0,1,1,6,2,34,6,1596,1,9,-1,1,-1
201897QD00705,1,9,0,18,0,0,0,0,0,0,4,1,6,1,48,8,1597,1,16,-1,1,-1
201897QD00707,1,9,0,18,0,0,0,0,0,0,1,1,6,1,20,4,1364,1,12,-1,1,-1
201897QD00801,1,90,0,18,9,1,1,0,0,0,1,1,6,1,-1,-1,-1,-1,-1,-1,-1,-1
201897QD00806,1,19,0,1,0,8,0,0,0,0,2,1,2,1,32,6,2198,2,3,-1,1,-1
201897QD00806,2,9,0,3,0,1,0,0,0,0,1,1,2,2,43,7,1395,1,3,-1,1,-1
201897QD00807,1,9,0,16,9,1,1,0,1,11,1,1,6,1,33,6,2616,1,11,-1,2,-1
201897QD00808,1,9,0,8,0,2,0,0,0,0,3,1,6,1,29,6,1084,1,-1,-1,1,-1
201897QD00901,1,9,0,18,0,4,0,0,0,0,1,1,1,1,34,6,1910,2,12,-1,1,-1
201897QD00901,2,9,0,18,0,3,0,0,0,0,4,1,6,1,47,8,2967,2,2,-1,1,-1
201897QD00904,1,9,0,17,0,0,0,0,0,0,1,1,2,1,29,6,1995,2,4,-1,1,-1
201897QD00904,2,9,0,16,0,0,0,0,0,0,1,1,6,2,41,7,1999,2,2,-1,1,-1
201897QD00904,3,9,0,16,0,0,0,0,0,0,1,1,6,2,55,8,1084,1,1,-1,1,-1
201897QD00906,1,9,0,7,0,1,0,0,0,0,1,1,1,2,52,8,1910,2,11,-1,-1,-1
201897QD00906,2,9,0,18,0,1,0,0,0,0,1,1,6,1,29,6,1685,2,5,-1,1,-1
201897QD00911,1,19,0,18,0,8,0,0,0,7,1,1,6,3,-1,-1,1996,2,7,-1,-1,-1
201897QD00911,2,9,0,18,0,8,0,0,0,0,2,1,6,2,53,8,1329,1,7,-1,1,-1
201897QD00911,3,9,0,18,0,8,0,0,0,7,2,1,6,2,63,9,996,1,5,-1,1,-1
201897QD00912,1,9,0,9,0,1,0,0,0,0,1,1,6,1,20,4,1199,2,5,-1,1,-1
201897QD00912,2,9,0,18,0,1,0,0,0,0,1,1,6,1,69,10,998,1,2,-1,-1,-1
201897QD01001,1,21,0,5,6,1,0,0,0,10,1,1,1,1,58,9,-1,-1,-1,-1,-1,-1
201897QD01005,1,9,0,6,0,1,0,0,0,0,4,1,6,1,65,9,1560,2,3,-1,1,-1
201897QD01005,2,9,0,5,0,1,0,0,0,0,3,1,6,1,63,9,1560,2,1,-1,1,-1
201897QD01007,1,19,0,1,6,0,0,0,0,0,2,1,6,1,-1,-1,-1,-1,-1,-1,-1,-1
201897QD01112,1,9,0,9,0,2,0,0,0,0,1,1,6,2,36,7,1968,2,4,-1,1,-1
201897QD01208,1,9,0,4,0,0,0,0,0,0,1,1,2,2,36,7,1968,2,4,-1,1,-1
201897QD01211,1,9,0,13,0,1,0,0,0,0,1,1,6,2,33,6,1596,1,10,-1,1,-1
201897QD01211,2,9,0,17,0,1,0,0,0,0,1,1,6,2,24,5,1242,1,10,-1,1,-1
201897QD01311,1,9,0,9,0,6,0,0,0,0,1,1,1,1,42,7,2143,2,1,-1,1,-1
201897QD01311,2,1,0,18,0,8,0,0,0,0,4,1,1,1,58,9,-1,-1,-1,-1,1,-1
201897QD01409,1,9,0,18,0,0,0,0,0,0,1,1,6,2,39,7,1997,2,13,-1,1,-1
201897QD01411,1,9,0,9,0,8,0,0,0,0,1,1,6,1,60,9,1390,1,16,-1,3,-1
201897QD01411,2,9,0,18,0,8,0,0,0,0,1,1,6,1,32,6,1995,1,8,-1,1,-1
201897QD01511,1,9,0,18,0,5,0,0,0,0,1,1,2,1,41,7,1596,1,11,-1,1,-1
201897QD01809,1,9,0,10,0,1,0,0,0,0,1,1,6,1,30,6,1968,2,2,-1,1,-1
201897QD01809,2,9,0,10,0,1,0,0,0,0,2,1,6,1,63,9,1753,2,10,-1,1,-1
201897QD01809,3,9,0,10,0,1,0,0,0,0,2,1,6,1,64,9,1968,2,5,-1,1,-1
201897QD01809,4,9,0,10,0,1,0,0,0,0,2,2,6,2,29,6,1398,1,5,-1,1,-1
201897QD02009,1,9,0,10,0,6,0,0,0,0,4,1,1,1,26,6,1596,1,5,-1,1,-1
201897QD02009,2,9,0,10,0,8,0,0,0,0,3,1,1,2,42,7,1995,2,3,-1,1,-1
201897QD75101,1,5,0,18,0,1,0,0,0,0,1,1,6,1,49,8,999,1,6,-1,1,-1
201897QD75101,2,9,0,10,0,6,0,0,0,0,3,1,6,2,52,8,1398,1,5,-1,1,-1
201897QD75102,1,9,0,18,0,0,0,0,0,0,1,1,6,2,52,8,1598,2,6,-1,1,-1
201897QD75109,1,9,0,17,0,1,0,0,7,4,4,1,6,1,26,6,1368,1,14,-1,1,-1
201897QD75110,1,9,0,15,0,0,0,0,0,0,2,1,6,2,51,8,1499,2,-1,-1,1,-1
201897QD75110,2,9,0,18,0,0,0,0,0,0,1,1,6,2,29,6,1149,1,16,-1,1,-1
201897QD75202,1,9,0,18,0,2,0,0,2,2,1,1,6,1,32,6,1368,1,10,-1,1,-1
201897QD75211,1,9,0,9,0,8,0,0,0,0,4,1,6,1,29,6,1598,1,4,-1,1,-1
201897QD75211,2,5,0,18,0,8,0,0,0,0,1,1,6,1,24,5,883,1,-1,-1,1,-1
201897T001396,1,9,0,18,0,8,0,0,0,0,4,1,6,1,70,10,-1,-1,-1,-1,-1,-1
201897T001396,2,9,0,18,0,1,0,0,1,11,1,1,6,1,36,7,-1,-1,-1,-1,2,-1
201897UA00102,1,9,0,18,0,8,0,0,0,0,1,1,6,3,-1,-1,-1,-1,-1,-1,-1,-1
201897UA00103,1,9,0,9,0,2,1,10,7,9,1,1,6,1,64,9,1242,1,5,-1,1,-1
201897UA00111,1,9,0,5,0,2,0,0,0,0,3,1,6,1,26,6,1984,1,1,-1,2,-1
201897UA00111,2,9,0,18,0,1,0,0,7,0,1,1,6,2,21,5,1242,1,5,-1,2,-1
201897UA00202,1,11,0,18,0,1,0,0,0,0,1,1,1,2,19,4,9000,2,17,-1,2,-1
201897UA00202,2,19,0,9,0,1,0,0,0,0,2,1,1,1,36,7,-1,-1,-1,-1,1,-1
201897UA00205,1,9,0,16,0,4,0,0,0,0,1,1,2,1,64,9,1499,1,1,-1,3,-1
201897UA00205,2,8,0,4,0,4,0,0,0,0,2,1,1,1,53,8,1997,2,3,-1,1,-1
201897UA00206,1,9,0,18,0,8,0,9,3,1,1,1,2,2,54,8,1461,2,1,-1,1,-1
201897UA00212,1,19,0,16,0,0,2,0,1,11,1,1,6,1,36,7,1995,2,6,-1,3,-1
201897UA00308,1,9,0,18,0,0,0,0,1,9,4,1,6,2,42,7,2400,2,9,-1,1,-1
201897UA00310,1,9,0,4,0,1,0,0,0,0,1,1,6,1,40,7,1242,1,6,-1,2,-1
201897UA00401,1,11,0,5,8,1,0,0,0,0,4,1,6,1,54,8,6871,2,10,-1,1,-1
201897UA00404,1,19,0,18,0,1,0,0,0,0,1,1,6,1,28,6,1686,2,13,-1,1,-1
201897UA00404,2,9,0,9,0,1,0,0,0,0,2,1,6,2,27,6,1149,1,7,-1,1,-1
201897UA00405,1,9,0,1,0,6,0,0,0,0,2,1,1,1,47,8,-1,-1,-1,-1,2,-1
201897UA00408,1,9,0,18,0,0,0,10,1,11,1,1,6,1,39,7,1968,2,12,-1,1,-1
201897UA00410,1,9,0,18,0,0,0,0,0,0,4,1,3,1,18,4,1242,1,6,-1,1,-1
201897UA00504,1,9,0,5,0,0,0,0,0,0,1,1,6,2,41,7,1149,1,10,-1,2,-1
201897UA00504,2,9,0,18,0,0,0,0,0,0,1,1,6,1,22,5,1598,2,5,-1,3,-1
201897UA00505,1,9,0,6,0,0,0,0,0,0,3,1,6,1,36,7,1598,1,5,-1,1,-1
201897UA00505,2,9,0,18,0,0,0,0,0,0,1,1,6,2,18,4,999,1,9,-1,1,-1
201897UA00508,1,9,0,5,0,4,0,0,0,0,1,1,6,1,37,7,1896,2,11,-1,3,-1
201897UA00508,2,9,0,18,0,3,0,0,0,0,2,1,6,2,38,7,1600,1,17,-1,1,-1
201897UA00509,1,8,0,17,0,0,0,0,0,0,3,1,1,1,56,9,1560,2,5,-1,1,-1
201897UA00509,2,9,0,16,0,0,0,0,0,0,1,1,1,2,22,5,998,1,14,-1,1,-1
201897UA00510,1,5,0,18,0,1,0,0,0,0,1,1,6,1,44,7,998,1,-1,-1,1,-1
201897UA00512,1,9,0,15,0,0,0,0,1,4,1,1,6,1,18,4,899,1,4,-1,1,-1
201897UA00512,2,9,0,7,0,0,0,0,0,0,4,1,1,2,37,7,-1,-1,-1,-1,1,-1
201897UA00601,1,9,0,1,0,0,0,0,0,0,2,1,6,1,47,8,1600,2,7,-1,1,-1
201897UA00609,1,9,0,9,0,6,0,0,0,0,4,1,6,2,41,7,1968,2,6,-1,2,-1
201897UA00609,2,9,0,18,0,1,0,0,0,0,1,1,2,1,31,6,2000,1,11,-1,3,-1
201897UA00611,1,9,0,18,0,0,0,0,0,0,3,1,6,2,56,9,1968,2,2,-1,2,-1
201897UA00612,1,9,0,4,0,0,1,0,0,0,1,1,1,1,32,6,-1,-1,-1,-1,1,-1
201897UA00612,2,9,0,3,0,0,0,0,0,0,2,1,1,2,52,8,1242,1,5,-1,3,-1
201897UA00612,3,9,0,3,0,0,0,0,0,0,2,1,1,1,17,4,-1,-1,-1,-1,1,-1
201897UA00705,1,9,0,4,0,0,0,0,0,0,1,1,6,1,35,6,-1,-1,-1,-1,1,-1
201897UA00705,2,8,0,4,0,0,0,0,0,0,1,1,6,1,47,8,1598,2,1,-1,-1,-1
201897UA00705,3,9,0,4,0,0,0,0,0,0,2,1,6,2,30,6,1398,1,1,-1,1,-1
201897UA00801,1,9,0,18,0,1,0,0,0,0,1,1,6,1,65,9,1595,1,13,-1,-1,-1
201897UA00802,1,9,0,18,0,0,1,0,7,2,1,1,6,2,74,10,1242,1,5,-1,1,-1
201897UA00805,1,90,0,18,0,0,0,0,0,0,4,1,6,3,-1,-1,-1,-1,-1,-1,-1,-1
201897UA00806,1,9,0,4,0,2,0,0,0,0,4,1,6,2,29,6,1339,1,15,-1,3,-1
201897UA00808,1,9,0,16,0,0,1,0,7,11,1,1,6,1,26,6,1368,1,7,-1,1,-1
201897UA00812,1,9,0,9,0,8,0,0,0,0,4,1,6,1,24,5,1598,1,6,-1,2,-1
201897UA00812,2,9,0,18,0,8,0,0,0,0,3,1,6,2,53,8,1598,1,5,-1,2,-1
201897UA00904,1,9,0,4,0,2,0,0,0,0,1,1,6,2,26,6,1360,1,16,-1,1,-1
201897UA00904,2,9,0,4,0,2,0,0,0,0,2,1,6,1,83,11,1360,1,7,-1,1,-1
201897UA00905,1,9,0,18,0,6,0,0,0,0,1,1,6,3,33,6,1995,2,9,-1,-1,-1
201897UA00905,2,9,0,18,0,8,0,0,1,0,3,1,1,1,53,8,1598,2,3,-1,2,-1
201897UA00908,1,9,0,18,0,2,0,0,0,0,1,1,6,1,30,6,-1,-1,-1,-1,-1,-1
201897UA00911,1,9,0,18,0,0,0,0,0,0,4,1,6,2,22,5,998,1,3,-1,1,-1
201897UA00912,1,9,0,5,0,6,0,0,0,0,1,1,6,1,69,10,1591,1,-1,-1,-1,-1
201897UA00912,2,9,0,18,0,1,0,0,0,0,3,1,6,1,26,6,1591,1,-1,-1,-1,-1
201897UA01003,1,9,0,18,0,0,5,10,7,11,1,1,6,1,21,5,1242,1,5,-1,1,-1
201897UA01005,1,9,0,7,0,8,0,0,0,0,1,1,2,1,22,5,2993,2,11,-1,1,-1
201897UA01005,2,9,0,18,0,8,0,0,0,0,1,1,2,2,46,8,1796,1,4,-1,3,-1
201897UA01109,1,19,0,18,0,8,2,0,4,7,1,1,6,1,48,8,1996,2,5,-1,1,-1
201897UA01110,1,9,0,1,0,0,0,0,0,0,2,1,6,2,27,6,1999,1,10,-1,1,-1
201897UA01203,1,9,0,4,0,4,0,0,0,0,1,1,6,1,70,10,1398,1,4,-1,1,-1
201897UA01203,2,9,0,4,0,4,0,0,0,0,2,1,6,1,37,7,1461,2,1,-1,1,-1
201897UA01205,1,9,0,9,0,5,0,0,0,0,1,1,2,1,29,6,998,1,14,-1,1,-1
201897UA01205,2,1,0,18,0,8,0,0,0,0,3,1,2,1,42,7,-1,-1,-1,-1,1,-1
201897UA01207,1,9,0,13,0,1,0,0,0,0,0,1,6,3,-1,-1,-1,-1,-1,-1,-1,-1
201897UA01207,2,11,0,9,0,1,0,0,0,0,0,1,1,1,52,8,9000,2,4,-1,1,-1
201897UA01211,1,9,0,18,0,0,0,0,0,0,1,1,6,1,-1,-1,1968,2,1,-1,-1,-1
201897UA01211,2,9,0,18,0,0,0,0,0,0,2,1,6,2,21,5,973,1,15,-1,1,-1
201897UA01304,1,9,0,18,0,0,0,0,0,0,4,1,6,2,54,8,1560,2,7,-1,1,-1
201897UA01408,1,21,0,11,0,8,0,0,0,0,1,1,1,1,-1,-1,9365,2,9,-1,1,-1
201897UA01408,2,9,0,18,0,8,0,0,1,0,4,1,6,2,18,4,1360,1,11,-1,1,-1
201897UA01409,1,9,0,17,0,1,1,0,1,9,4,1,6,2,70,10,2231,2,5,-1,1,-1
201897UA01411,1,9,0,16,0,0,1,0,2,11,1,1,6,2,22,5,1248,2,7,-1,2,-1
201897UA01502,1,9,0,9,0,6,0,0,0,0,1,1,6,1,33,6,1997,2,10,-1,1,-1
201897UA01502,2,1,0,18,0,8,0,0,0,0,4,1,6,1,57,9,-1,-1,-1,-1,1,-1
201897UA01504,1,9,0,6,0,6,0,0,0,0,3,1,6,1,60,9,1198,1,11,-1,1,-1
201897UA01504,2,9,0,18,0,8,0,0,0,0,4,1,6,1,42,7,1896,2,10,-1,1,-1
201897UA01506,1,1,0,14,0,0,0,0,0,0,1,1,6,1,42,7,-1,-1,-1,-1,1,-1
201897UA01506,2,9,0,2,0,0,0,0,0,0,2,1,6,2,23,5,1399,1,7,-1,1,-1
201897UA01512,1,9,0,14,0,0,0,0,0,0,1,1,6,2,42,7,1398,1,7,-1,1,-1
201897UA01512,2,11,0,3,0,0,0,0,0,0,2,1,1,1,32,6,6700,2,1,-1,1,-1
201897UA01603,1,9,0,18,0,0,0,0,0,0,1,1,6,1,40,7,-1,-1,-1,-1,-1,-1
201897UA01603,2,9,0,3,0,0,0,0,0,0,2,1,6,1,46,8,1246,1,11,-1,-1,-1
201897UA01603,3,9,0,3,0,0,0,0,0,0,2,1,6,2,79,11,1388,1,8,-1,1,-1
201897UA01608,1,9,0,18,0,1,0,0,0,0,1,1,6,2,60,9,2972,1,15,9,3,9
201897UA01608,2,9,0,3,0,1,0,0,0,0,2,1,6,1,28,6,1956,2,5,-1,1,-1
201897UA01608,3,9,0,3,0,1,0,0,0,0,2,1,6,2,31,6,898,1,5,-1,1,-1
201897UA01608,4,8,0,3,0,1,0,0,0,0,2,1,6,2,54,8,1998,2,3,-1,1,-1
201897UA01610,1,9,0,17,0,0,0,0,0,0,1,1,6,2,36,7,1968,2,10,-1,1,-1
201897UA01610,2,9,0,16,0,0,0,0,0,0,1,1,6,2,54,8,1496,2,-1,-1,2,-1
201897UA01611,1,9,0,18,0,0,0,0,0,0,4,1,6,1,20,4,998,1,4,-1,2,-1
201897UA01703,1,9,0,18,0,0,0,0,0,0,1,1,6,1,65,9,1149,1,3,-1,1,-1
201897UA01703,2,9,0,18,0,0,0,0,0,11,1,1,2,2,59,9,999,1,2,-1,1,-1
201897UA01709,1,9,0,17,0,2,1,0,1,9,1,1,6,2,47,8,1596,1,14,-1,1,-1
201897UA01801,1,9,0,18,0,0,0,0,0,0,1,1,3,2,39,7,1200,1,4,-1,1,-1
201897UA01802,1,9,0,4,0,0,0,0,0,0,4,1,2,2,18,4,1229,1,5,-1,1,-1
201897UA01803,1,9,0,6,0,0,0,0,0,0,3,1,6,1,21,5,1598,1,2,-1,1,-1
201897UA01803,2,9,0,18,0,0,0,0,0,0,1,1,6,2,76,11,1686,2,13,-1,1,-1
201897UA01809,1,11,0,4,2,2,0,0,0,0,3,1,1,1,22,5,6370,2,2,-1,3,-1
201897UA01911,1,19,0,17,0,0,1,0,1,11,1,1,1,1,59,9,2299,2,6,-1,2,-1
201897UA02004,1,9,0,18,0,1,0,0,0,0,1,1,3,2,33,6,1586,1,1,-1,1,-1
201897UA02004,2,9,0,3,0,1,0,0,0,0,2,1,6,1,56,9,1422,2,10,-1,1,-1
201897UA02004,3,9,0,3,0,1,0,0,0,0,2,1,3,2,44,7,1598,1,9,-1,1,-1
201897UA02007,1,9,0,9,0,6,0,0,0,0,0,1,6,3,-1,-1,-1,-1,-1,-1,-1,-1
201897UA02007,2,1,0,18,0,1,0,0,0,0,0,1,6,1,25,5,-1,-1,-1,-1,3,-1
201897UA02008,1,9,0,18,0,0,0,4,0,0,1,1,6,1,32,6,2521,1,13,-1,2,-1
201897UA02008,2,9,0,6,0,0,0,0,0,0,4,1,6,1,45,7,998,1,2,-1,2,-1
201897UA02008,3,9,0,2,0,0,0,0,0,0,4,1,6,3,-1,-1,1910,2,13,-1,-1,-1
201897UA02010,1,9,0,13,0,0,0,0,0,0,3,1,2,1,19,4,1330,1,22,-1,3,-1
201897UA02010,2,19,0,18,0,0,2,0,1,11,2,1,2,1,48,8,2488,2,6,-1,3,-1
201897UA02012,1,9,0,9,0,6,0,0,0,0,1,1,2,2,50,8,1198,1,6,-1,2,-1
201897UA02012,2,9,0,18,0,1,0,0,0,0,3,1,2,1,56,9,1398,1,7,-1,-1,-1
201897UA02101,1,9,0,18,0,8,0,0,0,0,3,1,3,2,31,6,2231,2,7,-1,2,-1
201897UA02104,1,9,0,18,0,0,0,0,0,0,1,1,6,2,29,6,-1,-1,-1,-1,2,-1
201897UA02104,2,9,0,3,0,0,0,0,0,0,2,1,6,2,30,6,1149,1,5,-1,1,-1
201897UA02106,1,19,0,18,0,4,0,0,0,0,0,1,6,3,-1,-1,-1,-1,-1,-1,-1,-1
201897UA02106,2,9,0,18,0,3,0,0,0,0,4,1,1,2,41,7,1229,1,6,-1,1,-1
201897UA02107,1,19,0,18,0,1,0,0,0,0,1,1,1,1,48,8,2299,2,2,-1,1,-1
201897UA02107,2,9,0,3,0,4,0,0,0,0,2,1,6,1,60,9,1242,1,5,-1,1,-1
201897UA02110,1,9,0,9,0,8,0,0,0,0,3,1,6,1,75,10,2143,2,2,-1,3,-1
201897UA02112,1,19,0,18,0,0,0,0,0,0,1,1,6,1,29,6,1998,2,12,-1,2,-1
201897UA02112,2,9,0,3,0,0,0,0,0,0,2,1,6,1,66,10,1364,1,3,-1,-1,-1
201897UA02205,1,9,0,18,0,0,0,0,0,0,1,1,2,1,18,4,1360,1,12,-1,1,-1
201897UA02205,2,9,0,18,0,0,0,0,0,0,1,1,6,2,50,8,1910,2,10,-1,2,-1
201897UA02207,1,9,0,18,0,1,0,0,0,0,1,1,6,2,64,9,998,1,4,-1,3,-1
201897UA02207,2,9,0,3,0,1,0,0,0,0,2,1,6,1,53,8,1560,2,9,-1,-1,-1
201897UA02207,3,9,0,3,0,1,0,0,0,0,2,1,6,2,33,6,1999,2,1,-1,-1,-1
201897UA02305,1,9,0,12,0,3,0,0,0,0,0,1,6,3,-1,-1,-1,-1,-1,-1,-1,-1
201897UA02305,2,5,0,13,0,3,5,0,0,0,0,1,6,1,44,7,865,1,5,-1,1,-1
201897UA02402,1,9,0,18,0,1,1,0,0,0,1,1,6,2,73,10,998,1,3,-1,1,-1
201897UA02402,2,9,0,18,0,1,0,0,0,0,1,1,6,1,84,11,1461,2,4,-1,1,-1
201897UA02402,3,9,0,18,0,1,1,0,0,0,1,1,1,1,68,10,1956,2,5,-1,1,-1
201897UA02407,1,9,0,18,0,0,5,0,0,0,1,1,6,2,38,7,1199,1,14,-1,-1,-1
201897UA02407,2,9,0,2,0,0,0,0,0,0,1,1,6,3,-1,-1,4398,1,14,-1,-1,-1
201897UA02412,1,9,0,18,0,1,0,0,0,0,1,1,6,1,47,8,1560,2,7,-1,3,-1
201897UA02501,1,9,0,18,0,2,0,0,0,0,1,1,6,1,78,11,999,1,4,-1,1,-1
201897UA02504,1,9,0,18,0,0,0,0,0,0,1,1,6,1,48,8,1197,1,1,-1,2,-1
201897UA02504,2,9,0,3,0,0,0,0,0,0,2,1,6,1,40,7,1685,2,1,-1,1,-1
201897UA02601,1,9,0,9,0,8,0,0,0,0,3,1,6,2,37,7,1998,2,4,-1,2,-1
201897UA02601,2,9,0,18,0,8,0,0,0,0,1,1,6,1,61,9,1398,1,1,-1,1,-1
201897UA02701,1,9,0,5,0,0,0,0,0,0,1,1,1,2,41,7,1229,1,3,-1,1,-1
201897UA02801,1,9,0,7,0,2,0,0,0,0,1,1,1,1,60,9,1753,2,8,-1,1,-1
201897UA02812,1,9,0,9,0,0,0,0,0,0,0,1,1,1,54,8,1398,1,-1,-1,1,-1
201897UA02812,2,4,0,18,0,0,1,0,0,0,0,1,6,1,40,7,-1,-1,-1,-1,2,-1
201897UA03012,1,9,0,12,0,0,0,0,0,0,4,1,6,3,-1,-1,-1,-1,-1,-1,-1,-1
201897UA03012,2,1,0,18,0,0,0,0,0,0,3,1,6,1,50,8,-1,-1,-1,-1,1,-1
201897UA70101,1,1,0,18,0,6,0,0,0,0,3,1,6,2,11,3,-1,-1,-1,-1,1,-1
201897UA70101,2,19,0,18,0,8,0,0,0,0,4,1,1,1,27,6,2143,2,2,-1,1,-1
201897UA70102,1,9,0,9,0,8,0,0,0,0,1,1,6,1,57,9,1242,1,6,-1,1,-1
201897UA70102,2,1,0,18,0,8,1,0,0,0,1,1,1,1,53,8,-1,-1,-1,-1,1,-1
201897UA70102,3,9,0,3,0,1,0,0,0,0,3,1,6,2,26,6,1799,1,10,-1,-1,-1
201897UA70104,1,1,0,18,0,0,0,0,0,0,1,1,6,1,33,6,-1,-1,-1,-1,1,-1
201897UA70104,2,9,0,5,0,0,0,0,0,0,3,1,6,1,22,5,1364,1,4,-1,1,-1
201897UA70108,1,9,0,5,0,0,0,0,0,0,3,1,6,1,61,9,-1,-1,-1,-1,2,-1
201897UA70109,1,9,0,14,0,0,0,0,7,0,1,1,6,2,46,8,1364,1,1,-1,1,-1
201897UA70109,2,11,0,2,0,0,0,0,0,0,0,1,1,1,52,8,6700,2,1,-1,3,-1
201897UA70110,1,2,0,18,9,6,0,0,0,0,4,1,6,1,35,6,-1,-1,-1,-1,-1,-1
201897UA70110,2,9,0,18,0,2,0,0,0,0,1,1,1,2,58,9,1242,1,3,-1,-1,-1
201897UA70111,1,11,0,5,0,0,0,0,0,0,1,1,1,1,61,9,4500,2,8,-1,1,-1
201897UA70112,1,9,0,7,0,6,0,0,0,0,3,1,6,1,50,8,1499,2,4,-1,1,-1
201897UA70112,2,3,0,18,0,1,2,0,0,0,3,1,6,1,24,5,124,1,3,-1,1,-1
201897UA70201,1,9,0,18,0,0,0,6,1,0,1,1,6,1,59,9,1598,2,5,-1,1,-1
201897UA70203,1,19,0,5,0,3,0,0,0,0,4,1,2,1,39,7,1461,2,1,-1,-1,-1
201897UA70203,2,1,0,18,0,8,0,0,0,0,2,1,2,1,58,9,-1,-1,-1,-1,-1,-1
201897UA70204,1,9,0,13,0,0,0,0,1,11,1,1,6,1,85,11,1248,1,3,-1,2,-1
201897UA70204,2,9,0,17,0,0,0,0,1,0,1,1,6,1,68,10,998,1,8,-1,1,-1
201897UA70204,3,9,0,17,0,0,0,0,0,0,1,1,2,2,27,6,1598,2,3,-1,1,-1
201897UA70204,4,9,0,16,0,0,0,0,0,0,4,1,6,2,62,9,-1,-1,-1,-1,2,-1
201897UA70205,1,9,0,18,0,0,0,0,0,0,1,1,6,1,51,8,1242,1,14,-1,1,-1
201897UA70205,2,19,0,4,0,0,0,0,0,0,2,1,1,1,59,9,1995,2,1,-1,1,-1
201897UA70208,1,9,0,16,0,0,0,0,0,0,1,1,2,1,20,4,-1,-1,-1,-1,1,-1
201897UA70208,2,1,0,17,0,0,0,0,1,0,1,1,6,1,56,9,-1,-1,-1,-1,1,-1
201897UA70208,3,9,0,17,0,0,0,0,0,0,1,1,6,1,41,7,1560,2,5,-1,1,-1
201897UA70209,1,1,0,18,0,1,0,0,0,0,1,1,6,1,9,2,-1,-1,-1,-1,2,-1
201897UA70209,2,9,0,7,0,2,0,0,0,0,3,1,6,2,41,7,1242,1,4,-1,2,-1
201897UA70211,1,8,0,9,0,6,0,0,1,11,3,1,1,1,58,9,1997,2,8,-1,1,-1
201897UA70211,2,9,0,18,0,1,0,0,0,0,1,1,6,1,22,5,1998,1,8,-1,1,-1
201897UA70301,1,9,0,13,0,0,5,0,7,11,1,1,6,1,33,6,1396,1,16,-1,2,-1
201897UA70302,1,9,0,5,0,0,0,0,0,0,3,1,6,2,39,7,1796,1,8,-1,1,-1
201897UA70302,2,5,0,18,0,0,0,0,0,0,1,1,6,1,21,5,599,1,18,-1,1,-1
201897UA70304,1,9,0,9,0,8,0,0,0,0,1,1,6,1,71,10,1988,2,14,-1,-1,-1
201897UA70304,2,11,0,18,0,1,0,0,0,0,1,1,1,1,35,6,6700,2,2,-1,1,-1
201897UA70308,1,9,0,16,0,1,0,0,0,0,1,1,6,1,27,6,1582,2,2,-1,1,-1
201897UA70308,2,19,0,17,0,2,0,0,0,0,1,1,2,1,43,7,2198,2,6,-1,1,-1
201897UA70402,1,1,0,18,0,0,0,0,0,0,1,1,6,2,34,6,-1,-1,-1,-1,1,-1
201897UA70408,1,11,0,4,0,1,0,0,0,0,0,1,1,1,50,8,4500,2,5,-1,3,-1
201897UA70408,2,9,0,10,0,1,0,0,0,0,0,1,6,2,17,4,1328,1,12,-1,3,-1
201897UA70409,1,21,0,13,0,1,1,0,7,0,1,1,1,1,45,7,-1,-1,-1,-1,1,-1
201897UA70409,2,9,0,9,0,5,1,0,7,0,3,1,6,2,29,6,1242,1,7,-1,2,-1
201897UA70410,1,9,0,18,0,0,2,0,1,7,4,1,6,1,67,10,1586,1,12,-1,1,-1
201897UA70502,1,1,0,18,0,0,0,0,0,0,1,1,6,1,44,7,-1,-1,-1,-1,3,-1
201897UA70503,1,19,0,17,0,0,0,0,0,0,1,1,1,1,49,8,2287,2,3,-1,2,-1
201897UA70503,2,9,0,4,0,0,0,0,0,0,2,1,6,1,49,8,1997,2,4,-1,-1,-1
201897UA70505,1,9,0,18,0,0,0,0,0,0,1,1,6,2,49,8,1598,1,11,-1,1,-1
201897UA70506,1,5,0,11,0,3,0,0,0,0,4,1,6,1,56,9,1170,1,5,3,3,3
201897UA70506,2,9,0,18,0,3,0,0,0,0,3,1,6,2,51,8,1582,2,4,-1,1,-1
201897UA70507,1,9,0,18,0,1,0,0,0,0,1,1,6,2,66,10,2143,2,-1,-1,2,-1
201897UA70507,2,9,0,10,0,5,0,0,0,0,2,1,6,2,31,6,1995,2,8,-1,1,-1
201897UA70510,1,9,0,18,0,0,0,0,0,0,1,1,6,2,59,9,1586,1,15,-1,1,-1