Accident_Index,Vehicle_Reference,Vehicle_Type,Towing_and_Articulation,Vehicle_Manoeuvre,Vehicle_Location-Restricted_Lane,Junction_Location,Skidding_and_Overturning,Hit_Object_in_Carriageway,Vehicle_Leaving_Carriageway,Hit_Object_off_Carriageway,1st_Point_of_Impact,Was_Vehicle_Left_Hand_Drive?,Journey_Purpose_of_Driver,Sex_of_Driver,Age_of_Driver,Age_Band_of_Driver,Engine_Capacity_(CC),Propulsion_Code,Age_of_Vehicle,Driver_IMD_Decile,Driver_Home_Area_Type,Vehicle_IMD_Decile
201897UA70512,1,9,0,17,0,0,5,0,2,3,1,1,6,1,34,6,1896,2,18,-1,2,-1
201897UA70605,1,5,0,18,0,1,0,0,0,0,1,1,6,1,52,8,998,1,1,-1,1,-1
201897UA70605,2,9,0,9,0,2,0,0,0,0,3,1,6,1,18,4,1598,2,7,-1,2,-1
201897UA70607,1,9,0,18,9,0,0,0,7,4,1,1,6,1,29,6,1200,1,3,-1,2,-1
201897UA70608,1,9,0,5,0,8,0,0,0,0,0,1,6,1,38,7,1998,2,10,-1,1,-1
201897UA70608,2,9,0,18,0,8,1,10,7,2,1,1,2,1,19,4,998,1,5,-1,1,-1
201897UA70611,1,1,0,18,0,8,0,0,0,0,1,1,6,1,11,3,-1,-1,-1,-1,1,-1
201897UA70611,2,9,0,18,0,8,0,0,0,0,1,1,1,1,52,8,1995,2,4,-1,1,-1
201897UA70612,1,9,0,6,0,0,0,0,0,0,4,1,6,2,54,8,1200,1,1,-1,-1,-1
201897UA70702,1,9,0,16,0,1,0,0,0,0,4,1,6,1,49,8,1560,2,10,-1,3,-1
201897UA70705,1,9,0,16,0,0,0,0,0,0,1,1,6,1,81,11,1242,1,2,-1,1,-1
201897UA70705,2,9,0,17,0,0,0,0,0,0,1,1,6,2,43,7,1197,1,1,-1,3,-1
201897UA70706,1,9,0,18,0,0,0,0,0,0,1,1,6,1,25,5,998,1,8,-1,1,-1
201897UA70707,1,9,0,18,0,8,0,0,0,0,1,1,6,1,37,7,2148,2,9,-1,1,-1
201897UA70707,2,9,0,9,0,8,0,0,0,0,3,1,6,1,22,5,1399,1,2,-1,1,-1
201897UA70708,1,9,0,12,0,7,0,0,0,0,1,1,6,1,19,4,1598,2,4,-1,1,-1
201897UA70708,2,1,0,18,0,1,0,0,0,0,2,1,6,1,54,8,-1,-1,-1,-1,3,-1
201897UA70802,1,9,0,17,0,0,1,0,8,7,1,1,6,1,23,5,2171,1,17,-1,1,-1
201897UA70804,1,9,0,16,0,0,0,0,7,0,1,1,6,1,26,6,1390,1,13,-1,1,-1
201897UA70804,2,9,0,17,0,0,0,0,1,0,1,1,6,1,67,10,1386,1,9,-1,1,-1
201897UA70805,1,5,0,18,0,1,5,2,1,1,1,1,6,1,29,6,1000,1,13,-1,1,-1
201897UA70810,1,9,0,9,0,8,0,0,0,0,3,1,2,1,35,6,1968,2,2,-1,2,-1
201897UA70810,2,9,0,18,0,8,0,0,0,0,1,1,6,1,78,11,1339,1,6,-1,1,-1
201897UA70811,1,9,0,18,0,0,5,4,7,2,1,1,6,2,44,7,1796,1,13,-1,1,-1
201897UA70811,2,9,0,2,0,0,0,0,0,0,1,1,6,3,-1,-1,1499,2,3,-1,-1,-1
201897UA70811,3,9,0,2,0,0,0,0,0,0,1,1,6,3,-1,-1,996,1,4,-1,-1,-1
201897UA70904,1,19,0,18,0,0,0,0,1,0,3,1,1,2,83,11,-1,-1,-1,-1,-1,-1
201897UA70904,2,19,0,18,0,0,0,0,1,11,1,1,2,1,23,5,1560,2,4,-1,2,-1
201897UA70907,1,19,0,18,0,2,0,0,0,0,0,1,6,1,20,4,1499,2,-1,-1,2,-1
201897UA70907,2,9,0,18,0,1,2,4,0,0,1,1,6,1,21,5,1197,1,2,-1,2,-1
201897UA70907,3,9,0,2,0,1,0,0,0,0,2,1,6,2,25,5,998,1,3,-1,2,-1
201897UA70908,1,9,0,15,0,1,0,0,0,0,4,1,6,1,25,5,1329,1,9,-1,1,-1
201897UA70908,2,9,0,2,0,1,0,0,0,0,0,1,1,1,51,8,-1,-1,-1,-1,1,-1
201897UA70911,1,21,0,18,0,0,0,5,0,0,1,1,1,1,61,9,7698,2,4,-1,1,-1
201897UA70911,2,9,0,18,0,0,0,0,0,0,3,1,6,1,56,9,1995,2,1,-1,2,-1
201897UA71006,1,17,0,18,0,0,5,0,7,11,3,1,1,1,53,8,-1,-1,-1,-1,1,-1
201897UA71007,1,9,0,18,0,0,1,0,7,4,1,1,6,1,26,6,1984,1,4,-1,1,-1
201897UA71106,1,9,0,18,0,0,0,0,0,0,1,1,6,1,18,4,998,1,6,-1,1,-1
201897UA71106,2,9,0,18,0,0,0,0,0,0,1,1,6,2,18,4,1248,1,1,-1,1,-1
201897UA71107,1,5,0,9,9,0,1,0,1,4,1,1,6,2,55,8,-1,-1,-1,-1,1,-1
201897UA71111,1,9,0,18,0,0,0,0,0,0,1,1,1,1,61,9,-1,-1,-1,-1,1,-1
201897UA71207,1,9,0,18,0,0,0,0,0,0,3,1,6,1,24,5,1597,1,10,-1,1,-1
201897UA71307,1,5,0,15,0,0,2,0,1,0,1,1,6,1,47,8,998,1,15,-1,1,-1
201897UA71311,1,9,0,9,0,8,0,0,7,0,4,2,1,2,38,7,1560,2,6,-1,-1,-1
201897UA71311,2,9,0,18,0,8,0,0,0,0,1,1,6,2,75,10,1242,1,6,-1,3,-1
201897UA71311,3,9,0,2,0,2,0,0,0,0,2,1,6,2,49,8,2993,2,2,-1,-1,-1
201897UA71311,4,9,0,2,0,2,0,0,0,0,3,1,6,1,27,6,1198,1,1,-1,1,-1
201897UA71407,1,9,0,18,0,0,0,7,1,1,1,1,6,2,29,6,1598,1,6,-1,1,-1
201897UA71407,2,9,0,5,8,0,0,0,0,0,2,1,6,1,60,9,1968,2,3,-1,1,-1
201897UC00101,1,9,0,18,0,1,0,0,1,11,1,1,6,2,24,5,1399,1,8,-1,1,-1
201897UC00102,1,9,0,4,0,1,0,0,0,0,1,1,6,1,54,8,1968,2,2,-1,1,-1
201897UC00105,1,9,0,18,0,0,0,0,0,0,4,1,6,3,-1,-1,-1,-1,-1,-1,-1,-1
201897UC00105,2,9,0,2,0,0,0,0,0,0,3,1,6,2,27,6,1461,2,6,-1,2,-1
201897UC00106,1,9,0,7,0,1,0,0,0,0,0,1,6,1,46,8,1598,1,5,-1,1,-1
201897UC00108,1,9,0,16,0,0,1,0,1,11,1,1,6,2,29,6,1598,1,13,-1,2,-1
201897UC00109,1,9,0,18,0,0,5,4,0,0,1,1,6,1,38,7,1596,1,11,-1,1,-1
201897UC00109,2,19,0,2,0,0,0,0,0,0,3,1,6,3,-1,-1,2442,2,1,-1,-1,-1
201897UC00109,3,9,0,2,0,0,0,0,0,0,1,1,6,3,-1,-1,1595,1,13,-1,-1,-1
201897UC00111,1,9,0,18,0,0,1,4,0,0,1,1,6,1,48,8,1598,2,2,-1,2,-1
201897UC00111,2,9,0,2,0,0,0,0,0,0,2,1,6,1,38,7,1598,2,6,-1,3,-1
201897UC00203,1,9,0,18,0,0,1,0,0,0,1,1,6,1,83,11,1248,1,3,-1,2,-1
201897UC00203,2,19,0,2,0,0,0,0,0,0,1,1,6,3,-1,-1,1560,2,11,-1,-1,-1
201897UC00204,1,9,0,18,0,4,0,0,1,0,1,1,6,1,26,6,1363,2,13,-1,1,-1
201897UC00204,2,21,0,18,0,8,0,0,0,0,4,1,1,1,38,7,12902,2,5,-1,1,-1
201897UC00205,1,9,0,14,0,1,0,0,0,0,4,1,6,2,34,6,1618,1,3,-1,2,-1
201897UC00205,2,9,0,9,0,6,0,0,0,0,1,1,6,2,29,6,1360,1,6,-1,1,-1
201897UC00207,1,9,0,5,0,6,0,0,0,0,1,1,2,2,20,4,1364,1,1,-1,3,-1
201897UC00209,1,9,0,4,0,0,0,0,0,0,1,1,6,2,28,6,1797,8,3,-1,3,-1
201897UC00209,2,9,0,3,0,0,0,0,0,0,2,1,6,2,41,7,1968,2,5,-1,3,-1
201897UC00209,3,9,0,3,0,0,0,0,0,0,2,1,6,2,23,5,1496,1,3,-1,3,-1
201897UC00212,1,9,0,5,0,8,0,0,0,0,1,1,6,1,45,7,1587,1,10,-1,1,-1
201897UC00212,2,9,0,18,0,8,0,0,0,0,3,1,6,2,23,5,1595,1,11,-1,1,-1
201897UC00304,1,8,0,18,0,0,0,0,0,0,4,1,1,1,30,6,1560,2,6,-1,2,-1
201897UC00306,1,3,0,18,0,0,1,0,1,0,4,1,6,1,39,7,125,1,-1,-1,3,-1
201897UC00311,1,9,0,18,0,0,0,0,0,0,1,1,6,1,26,6,2319,1,14,-1,2,-1
201897UC00311,2,9,0,2,0,0,0,0,0,0,1,1,6,3,-1,-1,1390,1,5,-1,-1,-1
201897UC00311,3,9,0,2,0,0,0,0,0,0,2,1,6,3,-1,-1,1598,2,2,-1,-1,-1
201897UC00311,4,9,0,2,0,0,0,0,0,0,2,1,6,3,-1,-1,1796,1,4,-1,-1,-1
201897UC00401,1,9,0,18,0,1,0,0,0,0,1,1,6,1,-1,-1,-1,-1,-1,-1,-1,-1
201897UC00401,2,9,0,9,0,1,0,0,0,0,2,1,6,2,49,8,1198,1,3,-1,3,-1
201897UC00403,1,9,0,5,0,6,0,0,0,0,3,1,6,1,74,10,1560,2,7,-1,2,-1
201897UC00403,2,9,0,18,0,1,0,0,0,0,1,1,6,2,62,9,1242,1,9,-1,2,-1
201897UC00404,1,9,0,2,0,0,0,0,1,10,1,1,2,1,22,5,999,1,10,-1,1,-1
201897UC00406,1,9,0,4,0,0,0,0,0,0,1,1,6,1,32,6,1598,1,6,-1,1,-1
201897UC00406,2,9,0,18,0,0,0,0,0,0,1,1,6,1,24,5,998,1,5,-1,1,-1
201897UC00409,1,22,0,18,0,8,0,0,0,0,3,1,6,1,57,9,-1,-1,-1,-1,2,-1
201897UC00409,2,9,0,9,0,8,0,0,0,0,4,1,6,1,85,11,1198,1,9,-1,3,-1
201897UC00410,1,9,0,9,0,4,0,0,0,0,1,1,2,2,50,8,1968,2,8,-1,1,-1
201897UC00410,2,1,0,7,0,3,0,0,0,0,4,1,2,1,33,6,-1,-1,-1,-1,1,-1
201897UC00412,1,9,0,18,0,2,0,0,0,0,4,1,1,2,47,8,998,1,5,-1,1,-1
201897UC00504,1,9,0,18,0,0,0,0,0,0,1,1,1,1,24,5,1299,1,13,-1,1,-1
201897UC00504,2,9,0,4,0,0,0,0,0,0,2,1,1,2,25,5,1598,2,5,-1,3,-1
201897UC00505,1,9,0,3,0,1,0,0,0,0,1,1,6,2,50,8,999,1,2,-1,1,-1
201897UC00505,2,9,0,3,0,4,0,0,0,0,2,1,6,1,41,7,1998,1,15,-1,-1,-1
201897UC00506,1,9,0,18,0,0,0,0,0,10,3,1,6,1,21,5,1596,1,2,-1,3,-1
201897UC00506,2,9,0,18,0,0,0,0,0,11,3,1,6,2,53,8,1499,2,2,-1,2,-1
201897UC00510,1,9,0,17,0,8,0,0,0,0,1,1,6,1,69,10,1598,2,3,-1,3,-1
201897UC00511,1,9,0,18,0,0,0,0,0,0,2,1,6,1,40,7,1968,2,12,-1,3,-1
201897UC00511,2,9,0,18,0,0,0,0,0,0,1,1,6,2,17,4,1399,2,10,-1,2,-1
201897UC00511,3,9,0,4,0,0,0,0,0,0,0,1,6,2,31,6,1995,1,11,-1,2,-1
201897UC00512,1,9,0,18,0,4,0,0,0,0,1,1,6,2,78,11,1248,1,7,-1,2,-1
201897UC00512,2,9,0,9,0,3,0,0,0,0,4,1,6,1,67,10,1242,1,9,-1,2,-1
201897UC00604,1,19,0,18,0,0,0,0,0,0,1,1,6,1,19,4,2494,2,10,-1,3,-1
201897UC00604,2,9,0,3,0,0,0,0,0,0,2,1,6,2,59,9,1200,1,-1,-1,1,-1
201897UC00604,3,9,0,3,0,0,0,0,0,0,2,1,6,2,52,8,1598,2,3,-1,3,-1
201897UC00604,4,9,0,3,0,0,0,0,0,0,2,1,6,1,58,9,1798,1,12,10,1,10
201897UC00605,1,9,0,18,0,1,0,0,0,0,1,1,6,1,26,6,1598,2,2,-1,3,-1
201897UC00605,2,9,0,4,0,1,0,0,0,0,2,1,6,1,24,5,1968,2,1,-1,1,-1
201897UC00607,1,9,0,18,0,1,0,0,0,0,1,1,6,2,55,8,1798,8,1,-1,3,-1
201897UC00607,2,9,0,7,0,5,0,0,0,0,2,1,6,1,31,6,1968,2,8,-1,3,-1
201897UC00609,1,9,0,4,0,0,0,0,0,0,1,1,1,1,27,6,1995,1,7,-1,1,-1
201897UC00609,2,9,0,4,0,0,0,0,0,0,2,1,6,2,31,6,1598,1,14,-1,1,-1
201897UC00611,1,9,0,18,0,1,0,0,0,0,1,1,6,1,34,6,1685,2,1,-1,1,-1
201897UC00611,2,9,0,18,0,8,1,0,0,0,1,1,6,2,20,4,1149,1,5,-1,1,-1
201897UC00612,1,5,0,4,0,0,1,0,0,0,3,1,6,1,39,7,649,1,11,-1,1,-1
201897UC00703,1,9,0,18,0,1,0,0,0,0,1,1,6,2,31,6,1299,1,12,-1,-1,-1
201897UC00703,2,9,0,9,0,6,0,0,0,0,3,1,6,2,84,11,1329,1,9,-1,2,-1
201897UC00705,1,9,0,1,0,1,0,0,0,0,2,1,6,1,46,8,-1,-1,-1,-1,1,-1
201897UC00705,2,9,0,9,0,8,0,0,0,0,3,1,6,2,18,4,1242,1,9,-1,1,-1
201897UC00706,1,9,0,18,0,0,0,0,0,0,4,1,6,2,58,9,1560,2,8,-1,2,-1
201897UC00708,1,9,0,16,0,0,0,0,0,0,4,1,6,1,73,10,898,1,2,-1,2,-1
201897UC00708,2,9,0,2,0,0,0,0,0,0,3,1,6,3,-1,-1,1896,2,14,-1,-1,-1
201897UC00709,1,9,0,7,0,6,0,0,0,0,1,1,6,3,-1,-1,-1,-1,-1,-1,-1,-1
201897UC00709,2,1,0,18,4,1,0,0,0,0,1,1,2,1,17,4,-1,-1,-1,-1,3,-1
201897UC00710,1,9,0,18,0,0,1,0,1,9,4,1,6,2,22,5,1206,1,5,-1,2,-1
201897UC00711,1,9,0,18,9,0,1,0,1,9,2,1,6,2,41,7,1910,2,13,-1,2,-1
201897UC00803,1,9,0,18,0,4,0,0,0,0,4,1,2,1,45,7,2179,2,11,-1,1,-1
201897UC00803,2,9,0,18,0,4,0,0,0,0,1,1,2,1,40,7,1956,2,1,-1,1,-1
201897UC00810,1,9,0,18,0,0,0,0,1,2,1,1,6,2,27,6,-1,-1,-1,-1,1,-1
201897UC00901,1,9,0,4,0,0,0,0,0,0,1,1,1,3,-1,-1,-1,-1,-1,-1,-1,-1
201897UC00902,1,19,0,18,0,0,0,0,0,0,4,1,6,3,-1,-1,2148,2,9,-1,-1,-1
201897UC00906,1,9,0,18,0,1,0,0,0,0,3,1,6,3,-1,-1,-1,-1,-1,-1,-1,-1
201897UC00909,1,9,0,4,0,4,0,0,0,0,1,1,6,1,-1,-1,1582,2,-1,-1,-1,-1
201897UC00909,2,9,0,3,0,4,0,0,0,0,2,1,6,2,24,5,1242,1,3,-1,1,-1
201897UC00910,1,11,0,5,0,2,0,0,0,0,4,1,1,1,60,9,6871,2,8,-1,-1,-1
201897UC00912,1,19,0,1,0,0,0,0,0,0,2,1,1,1,44,7,2143,2,3,-1,1,-1
201897UC00912,2,3,0,3,0,0,0,0,0,0,1,1,1,1,53,8,125,1,1,-1,2,-1
201897UC01005,1,11,0,4,0,1,0,0,0,0,0,1,1,1,63,9,4580,2,11,-1,1,-1
201897UC01007,1,9,0,18,0,6,0,0,0,0,4,1,6,1,62,9,1591,1,2,-1,1,-1
201897UC01007,2,9,0,18,0,1,0,0,0,0,3,1,6,1,61,9,1461,2,5,-1,1,-1
201897UC01009,1,9,0,4,0,0,0,0,0,0,1,1,6,3,-1,-1,-1,-1,-1,-1,-1,-1
201897UC01009,2,9,0,3,0,0,0,0,0,0,2,1,6,2,59,9,1390,1,4,-1,1,-1
201897UC01009,3,9,0,3,0,0,0,0,0,0,0,1,1,2,32,6,1798,8,-1,-1,1,-1
201897UC01012,1,9,0,18,0,0,0,0,0,0,3,1,6,2,52,8,2143,2,3,-1,3,-1
201897UC01012,2,9,0,18,0,0,0,0,0,0,3,1,6,2,39,7,1390,1,11,-1,2,-1
201897UC01012,3,9,0,18,0,0,0,0,0,0,1,1,2,1,38,7,-1,-1,-1,-1,2,-1
201897UC01102,1,9,0,5,0,1,0,0,0,0,1,1,6,2,35,6,995,1,5,-1,1,-1
201897UC01102,2,19,0,4,0,1,0,0,0,0,2,1,6,3,-1,-1,-1,-1,-1,-1,-1,-1
201897UC01103,1,9,0,13,0,1,0,7,0,0,1,1,2,1,44,7,1994,1,16,-1,3,-1
201897UC01103,2,17,0,1,0,5,0,0,0,0,0,1,1,1,16,4,-1,2,21,-1,3,-1
201897UC01105,1,9,0,6,0,1,0,0,0,0,4,1,6,1,55,8,1975,1,10,-1,1,-1
201897UC01105,2,5,0,18,0,1,0,0,0,0,1,1,2,1,59,9,1215,1,1,-1,1,-1
201897UC01105,3,19,0,2,0,1,0,0,0,0,3,1,6,3,-1,-1,1995,2,1,-1,-1,-1
201897UC01111,1,9,0,11,0,3,0,0,0,0,3,1,6,2,64,9,1685,2,4,-1,3,-1
201897UC01111,2,9,0,11,0,3,0,0,0,0,4,1,6,1,59,9,998,1,1,-1,-1,-1
201897UC01202,1,9,0,18,0,0,2,0,1,0,2,1,2,1,43,7,1598,2,6,-1,1,-1
201897UC01202,2,9,0,13,0,0,0,0,4,6,1,1,6,1,55,8,2204,2,11,-1,1,-1
201897UC01203,1,9,0,9,0,1,0,0,0,0,1,1,6,2,61,9,1896,2,17,-1,2,-1
201897UC01203,2,9,0,18,0,1,0,0,0,0,3,1,6,2,39,7,1598,2,2,-1,2,-1
201897UC01210,1,1,0,18,4,1,0,0,0,0,1,1,4,1,14,3,-1,-1,-1,-1,1,-1
201897UC01210,2,9,0,2,4,1,0,0,0,0,2,1,3,3,-1,-1,1560,2,7,-1,-1,-1
201897UC01211,1,9,0,17,0,0,1,0,0,0,1,1,2,2,28,6,1296,1,11,-1,3,-1
201897UC01211,2,9,0,16,0,0,1,0,0,0,1,1,6,2,45,7,1199,2,6,-1,3,-1
201897UC01211,3,9,0,2,0,0,0,0,0,0,1,1,6,3,40,7,1496,2,4,-1,-1,-1
201897UC01211,4,9,0,2,0,0,0,0,0,0,1,1,6,3,40,7,1242,1,4,-1,2,-1
201897UC01305,1,9,0,16,0,0,0,0,1,2,1,1,6,1,49,8,1598,1,5,-1,2,-1
201897UC01402,1,9,0,18,0,1,0,0,0,0,1,1,6,1,45,7,1395,8,3,-1,1,-1
201897UC01402,2,9,0,3,0,1,0,0,0,0,2,1,6,2,32,6,1598,2,3,-1,1,-1
201897UC01407,1,9,0,18,0,1,1,0,0,0,1,1,6,1,60,9,2982,2,3,-1,3,-1
201897UC01407,2,9,0,3,0,1,0,0,0,0,2,1,6,1,50,8,1197,1,1,-1,3,-1
201897UC01407,3,9,0,3,0,1,0,0,0,0,2,1,6,1,37,7,2998,1,1,-1,1,-1
201897UC01409,1,9,0,18,0,0,0,0,0,0,4,1,1,2,64,9,1246,1,12,-1,1,-1
201897UC01505,1,9,0,18,0,1,0,0,0,0,1,1,6,1,17,4,1398,2,4,-1,-1,-1
201897UC01505,2,9,0,3,0,1,0,0,0,0,2,1,6,2,45,7,1398,1,7,-1,1,-1
201897UC01507,1,9,0,18,0,1,0,0,0,0,3,1,6,1,63,9,1969,2,2,-1,1,-1
201897UC01507,2,9,0,18,0,1,0,0,0,0,1,1,6,1,26,6,1299,1,16,-1,1,-1
201897UC01509,1,9,0,16,0,2,2,0,7,0,1,1,6,1,35,6,-1,-1,-1,-1,1,-1
201897UC01512,1,9,0,18,0,0,1,0,0,0,1,1,6,1,29,6,-1,-1,-1,-1,1,-1
201897UC01605,1,8,0,11,0,1,0,0,0,0,4,1,1,1,47,8,2199,2,6,-1,1,-1
201897UC01605,2,9,0,4,0,1,0,0,0,0,3,1,2,2,26,6,999,1,3,-1,1,-1
201897UC01712,1,9,0,18,0,1,0,0,7,11,1,1,6,1,24,5,1998,1,9,-1,2,-1
201897UC01809,1,9,0,18,0,0,0,0,0,0,4,1,6,1,71,10,1560,2,2,-1,2,-1
201897UC01912,1,19,0,1,0,0,0,4,0,11,4,1,1,1,51,8,2143,2,3,-1,2,-1
201897UC01912,2,9,0,2,0,0,0,0,0,0,4,1,6,3,33,6,2987,2,4,-1,2,-1
201897UC40102,1,9,0,5,0,2,0,0,0,0,1,1,6,1,71,10,996,1,8,-1,2,-1
201897UC40103,1,9,0,4,0,1,0,0,0,0,4,1,1,1,36,7,1560,2,4,-1,2,-1
201897UC40103,2,9,0,9,0,1,0,0,0,0,3,1,2,2,44,7,1596,1,13,-1,2,-1
201897UC40104,1,9,0,4,0,1,0,0,0,0,1,1,2,2,45,7,2720,2,9,-1,3,-1
201897UC40104,2,9,0,4,0,1,0,0,0,0,1,1,2,2,53,8,1461,2,8,-1,1,-1
201897UC40104,3,9,0,4,0,1,0,0,0,0,2,1,6,1,43,7,1598,1,3,-1,3,-1
201897UC40104,4,9,0,4,0,1,0,0,0,0,1,1,2,1,39,7,1997,1,3,-1,1,-1
201897UC40105,1,9,0,18,0,0,0,0,0,0,1,1,6,3,-1,-1,-1,-1,-1,-1,-1,-1
201897UC40105,2,9,0,4,0,0,0,0,0,0,2,1,6,1,52,8,1560,2,6,-1,3,-1
201897UC40106,1,9,0,9,0,6,0,0,0,0,3,1,6,2,79,11,1200,1,3,-1,3,-1
201897UC40106,2,11,0,18,0,8,0,0,0,0,1,1,1,1,31,6,4500,2,5,-1,2,-1
201897UC40107,1,9,0,18,0,0,0,10,0,0,1,1,2,1,38,7,-1,-1,-1,-1,3,-1
201897UC40107,2,5,0,18,0,0,0,0,0,0,3,1,2,1,54,8,1130,1,18,-1,1,-1
201897UC40108,1,9,0,18,0,1,0,0,0,0,1,1,6,2,50,8,1397,1,9,-1,2,-1
201897UC40108,2,9,0,10,0,1,0,0,0,0,2,1,6,2,29,6,1968,2,2,-1,3,-1
201897UC40110,1,9,0,18,0,0,0,0,0,0,1,1,6,1,32,6,1796,1,17,-1,2,-1
201897UC40110,2,9,0,2,0,0,0,0,0,0,2,1,6,3,-1,-1,-1,-1,-1,-1,-1,-1
201897UC40112,1,9,0,18,0,6,0,4,0,0,4,1,6,1,42,7,1499,2,1,-1,3,-1
201897UC40112,2,9,0,2,0,1,0,0,0,0,4,1,6,2,39,7,1560,2,5,-1,3,-1
201897UC40201,1,9,0,18,0,0,1,0,0,0,1,1,2,2,50,8,2400,2,2,-1,3,-1
201897UC40201,2,9,0,18,0,0,1,0,0,0,1,1,6,1,58,9,2400,2,7,-1,3,-1
201897UC40203,1,9,0,16,0,0,0,0,0,0,1,1,6,2,53,8,1499,2,2,-1,3,-1
201897UC40203,2,9,0,17,0,0,0,0,0,0,1,1,6,1,49,8,-1,-1,-1,-1,1,-1
201897UC40206,1,9,0,18,0,0,1,0,0,0,1,1,6,2,39,7,1199,1,4,-1,1,-1
201897UC40206,2,9,0,4,0,0,0,0,0,0,2,1,6,1,46,8,-1,-1,-1,-1,2,-1
201897UC40207,1,21,1,18,0,0,0,0,0,0,0,1,1,1,60,9,12740,2,5,5,3,5
201897UC40207,2,9,0,18,0,0,1,0,0,0,0,1,1,1,26,6,-1,-1,-1,-1,1,-1
201897UC40207,3,9,0,18,0,0,1,0,1,0,2,1,6,2,23,5,1598,2,4,-1,-1,-1
201897UC40207,4,9,0,18,0,0,1,0,0,0,1,1,6,1,65,9,1685,2,2,-1,3,-1
201897UC40210,1,9,0,18,0,0,0,0,0,0,3,1,1,1,54,8,-1,-1,-1,-1,2,-1
201897UC40211,1,9,0,4,0,0,1,0,0,0,1,1,6,1,64,9,1598,1,8,-1,2,-1
201897UC40211,2,9,0,3,0,0,0,0,0,0,2,1,6,1,57,9,1240,1,12,-1,1,-1
201897UC40211,3,9,0,3,0,0,0,0,0,0,2,1,6,2,52,8,999,1,-1,-1,1,-1
201897UC40301,1,9,0,16,0,0,1,0,0,0,1,1,6,1,21,5,1364,1,3,-1,3,-1
201897UC40301,2,9,0,17,0,0,0,0,0,0,3,1,6,1,33,6,1560,2,5,-1,2,-1
201897UC40303,1,9,0,17,0,8,0,0,0,0,1,1,2,2,25,5,-1,-1,-1,-1,2,-1
201897UC40303,2,9,0,4,0,8,0,0,0,0,2,1,2,1,31,6,1591,1,6,-1,2,-1
201897UC40304,1,9,0,4,0,1,0,0,0,0,1,1,6,1,22,5,1796,1,11,-1,-1,-1
201897UC40304,2,9,0,4,0,1,0,0,0,0,2,1,6,2,46,8,1598,1,9,-1,2,-1
201897UC40304,3,9,0,3,0,1,0,0,0,0,2,1,6,2,42,7,1395,1,2,-1,3,-1
201897UC40305,1,9,0,16,0,0,0,0,1,11,1,1,2,1,30,6,1596,1,8,-1,2,-1
201897UC40307,1,9,0,9,0,1,0,0,0,0,3,1,6,1,58,9,1229,1,3,-1,3,-1
201897UC40307,2,9,0,18,0,1,5,0,7,11,1,1,6,1,79,11,1999,2,2,-1,2,-1
201897UC40308,1,9,0,18,0,0,5,4,0,0,1,1,6,1,42,7,1242,1,15,-1,2,-1
201897UC40308,2,9,0,2,0,0,0,0,0,0,2,1,6,3,-1,-1,1364,1,-1,-1,-1,-1
201897UC40310,1,9,0,1,0,0,0,0,0,0,2,1,6,1,28,6,1596,1,7,-1,-1,-1
201897UC40310,2,9,0,2,0,0,0,0,0,0,2,1,6,3,-1,-1,1686,2,15,-1,-1,-1
201897UC40401,1,9,0,9,0,8,0,0,0,0,4,1,6,1,46,8,1995,2,8,-1,3,-1
201897UC40401,2,9,0,18,0,8,0,0,0,0,1,1,6,1,25,5,1968,2,11,-1,3,-1
201897UC40403,1,9,0,16,0,0,1,0,0,0,1,1,2,1,27,6,1910,2,12,-1,3,-1
201897UC40403,2,9,0,17,0,0,0,0,0,0,1,1,2,1,26,6,1199,1,15,-1,2,-1
201897UC40408,1,9,0,18,0,0,0,0,0,0,1,1,6,3,-1,-1,2000,1,19,-1,-1,-1
201897UC40408,2,9,0,18,0,0,0,0,0,0,1,1,6,1,68,10,1560,2,5,-1,3,-1
201897UC40409,1,1,0,18,0,1,0,0,0,0,1,1,6,1,47,8,-1,-1,-1,-1,1,-1
201897UC40409,2,19,0,10,0,1,0,0,0,0,2,1,2,1,34,6,2198,2,7,-1,2,-1
201897UC40501,1,9,0,4,0,1,0,0,0,0,1,1,6,1,48,8,1598,1,12,-1,3,-1
201897UC40501,2,9,0,4,0,1,0,0,0,0,2,1,3,1,50,8,998,1,1,-1,2,-1
201897UC40502,1,9,0,18,0,1,1,0,0,0,1,1,6,1,82,11,1560,2,1,-1,2,-1
201897UC40502,2,9,0,10,0,1,0,0,0,0,2,1,6,1,31,6,2401,2,15,-1,3,-1
201897UC40506,1,9,0,4,0,0,0,0,0,0,0,1,6,1,62,9,1598,1,9,-1,3,-1
201897UC40506,2,1,0,18,0,0,0,0,0,0,4,1,6,1,10,2,-1,-1,-1,-1,-1,-1
201897UC40601,1,9,0,9,0,1,0,0,0,0,4,1,6,1,85,11,1995,2,3,-1,3,-1
201897UC40601,2,9,0,18,0,1,0,0,0,0,1,1,6,2,62,9,1560,2,10,-1,3,-1
201897UC40602,1,9,0,4,0,0,0,0,0,0,2,1,6,1,42,7,1199,1,16,-1,3,-1
201897UC40602,2,9,0,18,0,0,0,0,0,0,1,1,6,2,37,7,1910,2,12,-1,3,-1
201897UC40603,1,9,0,9,0,1,0,0,0,0,4,1,6,2,22,5,1397,1,10,-1,3,-1
201897UC40603,2,9,0,18,0,1,0,0,0,0,1,1,6,2,55,8,698,1,11,-1,3,-1
201897UC40607,1,9,0,18,0,0,0,0,0,0,1,1,6,1,61,9,1560,2,1,-1,3,-1
201897UC40607,2,9,0,18,0,0,0,0,0,0,1,1,2,2,39,7,1968,2,4,-1,3,-1
201897UC40706,1,5,0,16,0,0,1,0,0,0,3,1,6,1,50,8,998,1,18,-1,1,-1
201897UC40707,1,19,0,9,0,1,0,0,0,0,0,1,6,1,59,9,5880,2,5,-1,1,-1
201897UC40707,2,9,0,18,0,1,0,0,0,0,1,1,6,2,49,8,1956,2,4,-1,2,-1