Accident_Index,Vehicle_Reference,Vehicle_Type,Towing_and_Articulation,Vehicle_Manoeuvre,Vehicle_Location-Restricted_Lane,Junction_Location,Skidding_and_Overturning,Hit_Object_in_Carriageway,Vehicle_Leaving_Carriageway,Hit_Object_off_Carriageway,1st_Point_of_Impact,Was_Vehicle_Left_Hand_Drive?,Journey_Purpose_of_Driver,Sex_of_Driver,Age_of_Driver,Age_Band_of_Driver,Engine_Capacity_(CC),Propulsion_Code,Age_of_Vehicle,Driver_IMD_Decile,Driver_Home_Area_Type,Vehicle_IMD_Decile
201897UC40707,3,9,0,10,0,1,0,0,0,0,3,1,6,2,31,6,1390,1,8,-1,2,-1
201897UC40801,1,9,0,17,0,0,0,0,1,4,1,1,6,2,50,8,1968,2,6,-1,3,-1
201897UC40806,1,9,0,16,0,0,5,0,1,11,1,1,6,1,18,4,1590,1,14,-1,1,-1
201897UC40807,1,19,0,6,8,0,0,0,0,0,3,1,6,1,43,7,1995,2,1,-1,1,-1
201897UC40807,2,1,0,18,0,0,0,0,0,0,3,1,6,1,25,5,-1,-1,-1,-1,2,-1
201897UC40901,1,9,0,16,0,0,2,0,1,8,3,1,6,1,19,4,1328,1,12,-1,3,-1
201897UC40903,1,9,0,5,0,1,0,0,0,0,4,1,1,1,32,6,1598,1,5,-1,2,-1
201897UC41003,1,9,0,18,0,4,0,0,0,0,1,1,6,1,39,7,1753,2,10,-1,1,-1
201897UC70101,1,9,0,17,0,0,1,0,1,0,1,1,2,2,56,9,-1,-1,-1,-1,3,-1
201897UC70102,1,19,0,18,0,0,1,0,0,0,1,1,6,2,75,10,2477,2,10,-1,3,-1
201897UC70102,2,9,0,18,0,0,0,0,0,0,1,1,6,1,54,8,2926,2,15,-1,2,-1
201897UC70103,1,9,0,18,0,0,1,0,0,0,1,1,6,1,37,7,-1,-1,-1,-1,2,-1
201897UC70104,1,9,0,16,0,0,1,0,1,4,1,1,6,1,24,5,5000,1,7,-1,1,-1
201897UC70105,1,9,0,5,0,1,0,0,0,0,1,1,6,1,56,9,898,1,2,-1,1,-1
201897UC70105,2,9,0,18,0,4,0,0,0,0,2,1,2,2,32,6,2967,2,5,-1,2,-1
201897UC70106,1,9,0,18,0,1,0,0,1,2,1,1,6,2,20,4,1240,1,8,-1,1,-1
201897UC70106,2,9,0,18,0,1,0,0,0,0,4,1,6,2,38,7,1685,2,4,-1,-1,-1
201897UC70107,1,9,0,18,0,0,0,0,0,0,1,1,2,2,19,4,1461,2,9,-1,1,-1
201897UC70109,1,9,0,18,0,0,0,4,0,0,1,1,6,1,77,11,1598,1,11,-1,1,-1
201897UC70109,2,9,0,2,0,0,0,0,0,0,2,1,1,1,52,8,-1,-1,-1,-1,2,-1
201897UC70110,1,5,0,18,0,0,0,0,0,0,3,1,6,1,42,7,1137,1,21,-1,2,-1
201897UC70111,1,9,0,18,0,1,0,4,0,0,1,1,6,2,88,11,1388,1,11,-1,3,-1
201897UC70111,2,21,1,2,9,2,0,0,0,0,2,1,1,3,-1,-1,12740,2,3,-1,-1,-1
201897UC70112,1,9,0,18,0,0,0,0,0,0,1,1,6,1,71,10,1461,2,3,-1,1,-1
201897UC70112,2,9,0,18,0,0,0,0,4,6,1,1,6,1,22,5,1398,1,-1,-1,1,-1
201897UC70208,1,9,0,9,0,8,0,0,0,0,4,1,6,1,21,5,1686,2,5,-1,2,-1
201897UC70208,2,4,0,18,0,1,0,0,0,0,1,1,6,1,75,10,249,1,19,-1,1,-1
201897UC70209,1,9,0,14,0,0,0,11,0,0,4,1,6,2,69,10,2184,2,13,-1,3,-1
201897UC70210,1,9,0,9,0,1,0,0,0,0,1,1,3,2,44,7,999,1,1,-1,1,-1
201897UC70211,1,9,0,9,0,6,0,0,0,0,3,1,6,2,36,7,2993,2,3,-1,3,-1
201897UC70211,2,2,0,18,0,1,5,0,7,0,4,1,2,1,57,9,-1,-1,-1,-1,-1,-1
201897UC70302,1,9,0,18,0,0,0,0,0,0,1,1,6,2,32,6,1560,2,7,-1,1,-1
201897UC70303,1,9,0,18,0,0,5,0,7,0,1,1,6,1,26,6,1360,1,13,-1,2,-1
201897UC70303,2,9,0,18,0,0,0,0,2,7,3,1,6,2,35,6,2231,2,5,-1,3,-1
201897UC70303,3,9,0,18,0,0,0,0,0,0,1,1,6,1,23,5,1997,2,1,-1,2,-1
201897UC70305,1,5,0,14,0,1,0,0,0,0,1,1,2,1,52,8,899,1,19,-1,2,-1
201897UC70305,2,9,0,10,0,1,0,0,0,0,2,1,2,1,24,5,2993,2,12,-1,3,-1
201897UC70305,3,19,0,3,0,1,0,0,0,0,0,1,2,1,33,6,1560,2,2,-1,2,-1
201897UC70305,4,9,0,3,0,1,0,0,0,0,0,1,2,2,21,5,1200,1,3,-1,2,-1
201897UC70306,1,9,0,16,0,0,0,0,0,0,1,1,6,2,19,4,1242,1,9,-1,2,-1
201897UC70306,2,9,0,18,0,0,0,0,0,0,1,1,6,2,61,9,998,1,-1,-1,3,-1
201897UC70307,1,9,0,18,0,0,0,0,0,0,4,1,6,1,26,6,1598,2,4,-1,1,-1
201897UC70309,1,9,0,3,0,0,0,0,0,0,1,1,6,2,21,5,1229,1,4,-1,2,-1
201897UC70309,2,9,0,3,0,0,0,0,0,0,2,1,6,2,40,7,1242,1,1,-1,1,-1
201897UC70310,1,1,0,9,0,1,0,0,0,0,3,1,6,1,13,3,-1,-1,-1,-1,3,-1
201897UC70310,2,9,0,18,0,1,0,0,0,0,1,1,6,2,31,6,1598,2,8,-1,3,-1
201897UC70311,1,9,0,18,0,0,5,0,0,0,1,1,6,2,91,11,1198,1,7,-1,3,-1
201897UC70311,2,9,0,2,0,0,0,0,0,0,4,1,6,3,-1,-1,1248,2,8,-1,-1,-1
201897UC70312,1,19,0,14,0,0,1,0,0,0,1,1,6,1,27,6,1686,2,14,-1,1,-1
201897UC70312,2,9,0,18,0,0,1,0,0,0,1,1,6,1,43,7,1995,1,10,-1,3,-1
201897UC70312,3,19,4,2,0,0,0,0,0,0,0,1,6,3,-1,-1,2402,2,12,-1,3,-1
201897UC70401,1,9,0,18,0,1,0,0,0,0,1,1,6,2,85,11,1242,1,4,-1,2,-1
201897UC70401,2,9,0,18,0,1,0,0,0,0,2,1,6,1,45,7,1796,1,7,-1,2,-1
201897UC70402,1,9,0,14,0,1,1,0,1,0,1,1,6,1,28,6,1896,2,10,-1,1,-1
201897UC70402,2,9,0,10,0,5,0,0,0,0,3,1,2,1,34,6,1497,1,14,-1,1,-1
201897UC70402,3,9,0,3,0,2,0,0,0,0,2,1,6,1,56,9,2720,2,9,-1,3,-1
201897UC70402,4,9,0,3,0,2,0,0,0,0,2,1,1,1,31,6,-1,-1,-1,-1,1,-1
201897UC70403,1,9,0,10,0,2,0,0,0,0,3,1,6,2,73,10,1339,1,9,-1,1,-1
201897UC70403,2,3,0,18,0,1,0,0,0,0,1,1,6,1,28,6,125,1,2,-1,-1,-1
201897UC70405,1,9,0,9,0,1,0,0,0,0,3,1,6,2,26,6,1461,2,5,-1,1,-1
201897UC70405,2,11,0,18,0,1,0,0,0,0,1,1,1,1,24,5,10838,2,2,-1,1,-1
201897UC70406,1,9,0,18,0,1,0,0,1,0,4,1,6,1,18,4,1398,1,1,-1,2,-1
201897UC70406,2,9,0,18,0,1,0,0,0,1,1,1,6,1,47,8,1598,2,-1,-1,2,-1
201897UC70408,1,17,4,9,0,5,0,0,0,0,3,1,1,1,60,9,-1,2,10,-1,3,-1
201897UC70408,2,5,0,18,0,1,2,0,1,0,3,1,2,1,61,9,1340,1,22,-1,3,-1
201897UC70409,1,9,0,16,0,0,0,0,8,4,1,1,6,2,81,11,1398,1,1,-1,3,-1
201897UC70409,2,19,0,18,0,0,0,0,0,0,4,1,1,1,48,8,2463,2,13,-1,2,-1
201897UC70410,1,9,0,18,0,0,1,0,0,0,1,1,6,2,24,5,1242,1,9,-1,3,-1
201897UC70410,2,9,0,18,0,0,0,0,0,0,1,1,1,1,57,9,1560,2,3,-1,2,-1
201897UC70509,1,9,0,18,0,0,0,0,7,0,1,1,6,1,69,10,1395,1,3,-1,-1,-1
201897UC70509,2,9,0,18,0,0,0,0,1,0,1,1,6,2,77,11,1498,1,7,-1,1,-1
201897UC70510,1,9,0,18,0,0,0,0,0,0,1,1,6,1,30,6,1797,8,4,-1,-1,-1
201897UC70512,1,9,0,18,0,0,0,0,0,0,1,1,6,2,47,8,999,1,1,-1,3,-1
201897UC70512,2,9,0,18,0,0,0,0,0,0,2,1,1,2,63,9,1582,2,5,-1,2,-1
201897UC70602,1,9,0,18,0,2,2,0,0,0,1,1,6,1,61,9,998,1,14,-1,2,-1
201897UC70602,2,9,0,2,0,2,0,0,0,0,3,1,6,3,-1,-1,1596,1,9,-1,-1,-1
201897UC70606,1,9,0,9,0,2,0,0,0,0,4,1,1,2,34,6,1686,2,4,-1,2,-1
201897UC70606,2,5,0,18,0,1,0,0,0,0,1,1,2,1,32,6,645,1,13,-1,3,-1
201897UC70609,1,9,0,13,0,0,1,0,6,6,1,1,6,1,71,10,-1,-1,-1,-1,3,-1
201897UC70610,1,9,0,18,0,1,0,0,0,0,1,1,6,2,39,7,998,1,4,-1,3,-1
201897UC70612,1,9,0,18,0,0,0,0,0,0,1,1,6,1,37,7,1998,1,16,-1,3,-1
201897UC70612,2,9,0,18,0,0,1,0,0,0,1,1,6,2,22,5,998,1,4,-1,3,-1
201897UC70612,3,9,0,18,0,0,1,0,0,0,0,1,6,2,31,6,999,1,-1,-1,1,-1
201897UC70706,1,9,0,3,0,1,0,0,0,0,1,1,2,1,25,5,899,1,4,-1,1,-1
201897UC70708,1,9,0,18,0,0,1,0,1,0,0,1,6,1,58,9,1968,2,8,-1,1,-1
201897UC70712,1,19,0,18,0,1,0,0,0,0,4,1,1,1,65,9,2148,2,9,-1,1,-1
201897UC70712,2,9,0,18,0,1,0,0,0,0,1,1,2,1,41,7,1598,2,-1,-1,2,-1
201897UC70808,1,5,0,13,0,1,2,0,7,0,1,1,6,1,29,6,675,1,8,-1,3,-1
201897UC70808,2,19,4,9,0,1,0,0,0,0,2,1,1,1,55,8,1898,2,-1,-1,1,-1
201897UC70809,1,9,0,18,0,0,2,0,1,9,1,1,6,1,29,6,1598,1,12,-1,2,-1
201897UC70812,1,9,0,18,0,0,0,0,0,0,1,1,2,2,45,7,1364,2,5,-1,3,-1
201897UC70812,2,17,0,18,0,0,0,0,0,0,1,1,1,1,46,8,-1,2,12,-1,3,-1
201897UC70912,1,9,0,18,0,0,0,0,0,0,1,1,6,1,50,8,1796,1,11,-1,1,-1
201897UC71012,1,9,0,13,0,0,0,0,0,0,1,1,6,2,44,7,2720,2,9,-1,2,-1
201897UC71012,2,11,0,18,0,0,0,0,0,0,0,1,1,1,56,9,9000,2,4,-1,1,-1
201897UC71112,1,9,0,18,0,0,0,0,0,0,1,1,6,1,26,6,2143,2,8,-1,2,-1
201897UC71112,2,9,0,2,0,0,0,0,0,0,1,1,6,1,60,9,2993,2,5,-1,2,-1
201897UC71112,3,9,0,2,0,0,0,0,0,0,4,1,6,3,-1,-1,1149,1,10,-1,-1,-1
201897UD00102,1,9,0,9,0,5,0,0,0,0,0,1,6,3,-1,-1,-1,-1,-1,-1,-1,-1
201897UD00102,2,3,0,18,0,1,0,0,0,0,0,1,6,1,16,4,-1,-1,-1,-1,1,-1
201897UD00104,1,9,0,18,0,2,0,0,0,0,1,1,6,2,50,8,999,1,3,-1,2,-1
201897UD00104,2,9,0,17,0,1,0,0,0,0,1,1,6,1,79,11,1461,2,4,-1,1,-1
201897UD00109,1,9,0,17,0,0,1,0,1,9,1,1,6,2,18,4,1086,1,8,-1,1,-1
201897UD00110,1,9,0,10,0,1,0,0,0,0,1,1,2,2,54,8,1598,2,2,-1,1,-1
201897UD00110,2,9,0,18,0,1,0,0,0,0,1,1,6,1,59,9,2148,2,14,-1,1,-1
201897UD00202,1,9,0,18,0,3,0,0,0,0,1,1,2,2,64,9,1598,1,2,-1,1,-1
201897UD00205,1,9,0,9,0,8,0,0,0,0,1,1,1,2,59,9,898,1,4,-1,2,-1
201897UD00205,2,9,0,18,0,8,0,0,0,0,1,1,6,1,45,7,1998,1,12,-1,3,-1
201897UD00206,1,9,0,9,0,8,0,0,0,0,1,1,6,1,25,5,1399,1,2,-1,1,-1
201897UD00206,2,9,0,18,0,8,0,0,1,11,1,1,6,2,27,6,1956,2,6,-1,3,-1
201897UD00209,1,9,0,18,0,8,0,0,0,0,4,1,6,2,69,10,1499,2,1,-1,3,-1
201897UD00209,2,19,0,18,0,6,0,0,0,0,3,1,6,1,35,6,1996,2,7,-1,2,-1
201897UD00211,1,9,0,18,0,0,1,0,1,4,1,1,6,2,49,8,1598,1,9,-1,2,-1
201897UD00212,1,9,0,16,0,0,2,0,1,4,1,1,2,1,22,5,2143,2,6,-1,1,-1
201897UD00301,1,19,0,17,0,0,2,0,1,11,1,1,6,1,61,9,1997,2,12,-1,3,-1
201897UD00304,1,9,0,18,0,0,0,0,0,0,0,1,6,2,38,7,1998,2,9,-1,1,-1
201897UD00304,2,9,0,18,0,0,0,0,1,3,1,1,1,1,23,5,-1,-1,-1,-1,1,-1
201897UD00403,1,9,0,18,6,1,0,0,0,0,1,1,6,1,68,10,1329,1,6,-1,3,-1
201897UD00403,2,1,0,18,6,1,0,0,0,0,3,1,6,1,39,7,-1,-1,-1,-1,1,-1
201897UD00405,1,5,0,16,0,0,0,0,1,0,1,1,6,1,62,9,645,1,4,-1,2,-1
201897UD00405,2,9,0,17,0,0,0,0,0,0,3,1,6,2,33,6,1499,2,2,-1,1,-1
201897UD00408,1,9,0,16,0,0,1,0,1,9,1,1,6,2,41,7,1991,2,13,-1,3,-1
201897UD00501,1,9,0,18,0,0,1,0,1,1,1,1,6,2,21,5,998,1,4,-1,1,-1
201897UD00507,1,1,0,18,0,0,0,0,0,0,0,1,1,1,47,8,-1,-1,-1,-1,-1,-1
201897UD00507,2,9,0,2,0,0,0,0,0,0,3,1,6,2,-1,-1,998,1,2,-1,2,-1
201897UD00603,1,9,0,18,0,4,0,0,0,0,3,1,6,2,78,11,999,1,-1,-1,1,-1
201897UD00603,2,17,4,18,0,8,0,0,0,0,1,1,1,1,27,6,6788,2,6,-1,2,-1
201897UD00604,1,9,0,18,0,8,0,0,3,11,3,1,6,2,17,4,998,1,12,-1,1,-1
201897UD00604,2,9,0,18,0,8,0,0,3,11,3,1,6,2,56,9,1461,2,3,-1,3,-1
201897UD00610,1,9,0,18,0,3,2,0,1,10,1,1,2,1,32,6,1229,1,5,-1,2,-1
201897UD00612,1,9,0,3,0,4,0,0,0,0,1,1,1,1,56,9,1499,2,2,-1,-1,-1
201897UD00612,2,9,0,3,0,4,0,0,0,0,2,1,1,2,41,7,1685,2,1,-1,-1,-1
201897UD00704,1,9,0,15,0,1,0,0,0,0,4,1,6,1,68,10,1200,1,-1,-1,1,-1
201897UD00706,1,9,0,11,0,0,0,4,0,0,1,1,6,1,58,9,998,1,7,-1,3,-1
201897UD00706,2,9,0,2,0,0,0,0,0,0,2,1,6,3,-1,-1,1398,1,8,-1,-1,-1
201897UD00709,1,8,0,18,0,0,0,4,1,0,4,1,1,1,25,5,1598,2,-1,-1,1,-1
201897UD00709,2,9,0,2,0,0,0,0,0,0,3,1,6,3,-1,-1,1995,2,1,-1,3,-1
201897UD00711,1,9,0,9,0,4,0,0,0,0,1,1,6,2,70,10,1242,1,9,-1,1,-1
201897UD00711,2,9,0,18,0,3,0,0,0,0,1,1,6,1,24,5,1995,2,5,-1,2,-1
201897UD00801,1,9,0,18,0,0,0,0,7,2,1,1,6,2,17,4,-1,-1,-1,-1,1,-1
201897UD00802,1,9,0,18,0,1,0,0,0,0,1,1,1,1,43,7,1598,2,2,-1,3,-1
201897UD00803,1,9,0,17,0,0,2,0,0,0,1,1,1,2,19,4,1242,1,5,-1,-1,-1
201897UD00807,1,9,0,18,0,0,0,0,0,0,1,1,6,1,49,8,1997,2,1,-1,1,-1
201897UD00807,2,9,0,18,0,0,0,0,0,0,1,1,1,1,23,5,-1,-1,-1,-1,1,-1
201897UD00811,1,9,0,18,0,0,1,0,8,11,3,1,6,2,57,9,1598,1,2,-1,3,-1
201897UD00901,1,9,0,5,0,3,0,0,0,0,1,1,6,1,76,11,1598,1,6,-1,2,-1
201897UD00901,2,19,0,5,0,3,0,0,0,0,2,1,6,1,47,8,2198,2,4,2,1,2
201897UD00905,1,3,0,12,0,0,0,0,0,0,1,1,6,1,26,6,125,1,1,-1,1,-1
201897UD00905,2,9,0,4,0,0,0,0,0,0,2,1,6,2,48,8,898,1,1,-1,1,-1
201897UD00906,1,8,0,9,0,8,0,0,0,0,1,1,1,1,52,8,1598,2,2,-1,1,-1
201897UD00906,2,5,0,18,0,8,0,0,0,0,3,1,6,1,20,4,124,1,18,-1,1,-1
201897UD00909,1,9,0,18,0,0,0,0,0,0,1,1,2,1,27,6,1956,2,3,-1,3,-1
201897UD00909,2,17,0,18,0,0,0,0,0,0,4,1,1,1,31,6,4400,2,3,-1,2,-1
201897UD00909,3,9,4,18,0,0,0,0,0,0,1,1,2,1,26,6,-1,-1,-1,-1,3,-1
201897UD00911,1,9,0,16,0,1,2,0,1,11,1,1,1,1,23,5,1086,1,13,-1,3,-1
201897UD00912,1,9,0,5,0,0,0,0,0,0,1,1,2,1,45,7,-1,-1,-1,-1,2,-1
201897UD01002,1,1,0,9,0,5,0,0,0,0,2,1,6,1,75,10,-1,-1,-1,-1,1,-1
201897UD01002,2,9,0,13,0,1,0,0,0,0,1,1,2,1,29,6,1587,1,11,-1,2,-1
201897UD01003,1,9,0,18,0,0,0,0,0,0,1,1,6,2,29,6,998,1,3,-1,1,-1
201897UD01008,1,9,0,15,0,0,0,0,0,0,1,1,1,2,32,6,-1,-1,-1,-1,1,-1
201897UD01010,1,9,0,18,0,0,0,0,0,0,1,1,6,1,89,11,1997,1,4,-1,1,-1
201897UD01010,2,9,0,18,0,0,0,0,0,0,3,1,6,1,45,7,1461,2,-1,-1,3,-1
201897UD01010,3,9,0,18,0,0,0,0,1,0,1,1,6,1,30,6,1997,2,4,-1,3,-1
201897UD01011,1,19,0,7,0,1,0,0,0,0,3,1,2,1,52,8,1995,2,-1,-1,1,-1
201897UD01011,2,3,0,18,0,1,0,0,7,0,1,1,2,1,27,6,125,1,13,-1,3,-1
201897UD01012,1,9,0,18,0,8,0,0,0,0,4,1,6,2,38,7,1360,1,11,-1,1,-1
201897UD01101,1,9,0,18,0,0,1,0,0,0,0,1,6,2,72,10,1560,2,3,-1,3,-1
201897UD01103,1,9,0,18,0,8,0,0,3,0,3,1,1,1,48,8,-1,-1,-1,-1,1,-1
201897UD01103,2,9,0,18,0,8,0,0,1,0,1,1,6,1,74,10,1910,2,9,-1,3,-1
201897UD01108,1,9,0,18,0,1,0,0,0,0,1,1,2,2,66,10,1395,1,3,-1,1,-1
201897UD01108,2,9,0,3,0,1,0,0,0,0,2,1,3,2,36,7,1796,1,11,-1,3,-1
201897UD01108,3,9,0,10,0,1,0,0,0,0,2,1,2,2,54,8,1149,1,2,-1,1,-1
201897UD01109,1,9,0,18,0,0,0,0,7,11,3,1,6,1,44,7,999,1,-1,-1,1,-1
201897UD01109,2,9,0,2,0,0,0,0,0,0,2,1,6,3,-1,-1,1390,1,14,-1,-1,-1
201897UD01110,1,9,0,18,0,8,0,0,0,0,3,1,6,2,19,4,1398,1,3,-1,3,-1
201897UD01110,2,9,0,18,0,8,1,7,0,10,4,1,6,1,37,7,998,1,8,-1,3,-1
201897UD01111,1,9,0,14,0,0,0,0,0,0,4,1,6,1,50,8,2184,2,2,-1,1,-1
201897UD01201,1,9,0,18,0,1,0,0,0,0,1,1,6,1,22,5,1461,2,1,-1,2,-1
201897UD01201,2,9,0,18,0,1,0,0,0,0,3,1,6,2,18,4,1398,1,2,-1,3,-1
201897UD01203,1,9,0,18,0,0,0,0,0,0,1,1,6,1,62,9,1910,2,10,-1,1,-1
201897UD01203,2,9,0,3,0,0,0,0,0,0,2,1,2,2,33,6,1968,2,3,-1,1,-1
201897UD01203,3,9,0,3,0,0,0,0,5,0,2,1,6,2,60,9,999,1,3,-1,3,-1
201897UD01301,1,5,0,17,0,0,1,0,1,0,1,1,2,1,48,8,1170,1,4,-1,-1,-1
201897UD01310,1,9,0,18,0,0,1,0,1,11,1,1,6,2,17,4,1198,1,8,-1,1,-1
201897UD01311,1,9,0,9,0,8,0,0,0,0,0,1,6,3,-1,-1,-1,-1,-1,-1,-1,-1
201897UD01311,2,1,0,18,0,8,0,0,0,0,0,1,1,1,49,8,-1,-1,-1,-1,1,-1
201897UD01401,1,9,0,7,0,0,0,0,0,0,3,1,1,2,27,6,998,1,8,-1,1,-1
201897UD01401,2,9,0,18,0,0,0,0,0,0,1,1,6,1,36,7,2191,2,3,-1,-1,-1
201897UD01403,1,9,0,7,0,2,1,0,0,11,1,1,1,1,38,7,1560,2,7,-1,1,-1
201897UD01405,1,9,0,18,0,1,0,0,1,11,1,1,6,1,70,10,1560,2,-1,-1,1,-1
201897UD01405,2,9,0,2,0,2,0,0,0,0,2,1,6,3,-1,-1,1499,1,-1,-1,-1,-1
201897UD01410,1,9,0,9,0,4,0,0,0,0,3,1,6,2,43,7,1461,2,4,-1,1,-1
201897UD01410,2,1,0,18,0,5,0,0,0,0,1,1,2,1,23,5,-1,-1,-1,-1,1,-1
201897UD01412,1,9,0,16,0,0,2,0,7,11,1,1,2,2,35,6,1329,1,6,-1,1,-1
201897UD01503,1,9,0,5,0,6,0,0,0,0,3,1,6,2,48,8,2143,2,2,-1,-1,-1
201897UD01503,2,9,0,18,0,2,0,0,0,0,4,1,6,2,80,11,998,1,5,-1,1,-1
201897UD01505,1,9,0,11,0,0,0,0,0,0,1,1,6,2,44,7,1560,2,1,-1,1,-1
201897UD01505,2,9,0,4,0,0,0,0,0,0,2,1,6,1,47,8,1598,1,7,-1,-1,-1
201897UD01505,3,9,0,4,0,0,0,0,0,0,2,1,6,2,40,7,1796,1,11,-1,-1,-1
201897UD01505,4,9,0,4,0,0,0,0,0,0,2,1,6,2,26,6,1598,2,6,-1,1,-1
201897UD01505,5,9,0,4,0,0,0,0,0,0,0,1,6,1,52,8,2204,2,10,-1,-1,-1
201897UD01506,1,1,0,18,0,0,0,0,0,0,1,1,6,2,45,7,-1,-1,-1,-1,1,-1
201897UD01506,2,9,0,2,0,0,0,0,0,0,0,1,6,1,76,11,1769,1,16,-1,-1,-1
201897UD01510,1,9,0,18,0,0,0,0,0,0,4,1,2,2,24,5,1598,1,7,-1,-1,-1
201897UD01603,1,9,0,1,0,1,0,0,0,0,2,1,6,1,64,9,1596,1,9,-1,3,-1
201897UD01701,1,9,0,10,0,5,0,0,0,0,4,1,6,1,56,9,999,1,2,-1,3,-1
201897UD01701,2,9,0,18,0,1,0,0,0,0,1,1,6,1,29,6,1199,1,16,-1,3,-1
201897UD01708,1,9,0,18,0,0,2,0,1,9,4,1,6,2,22,5,1598,1,16,-1,3,-1
201897UD01710,1,9,0,18,0,0,0,0,0,0,1,1,6,1,17,4,1242,1,12,-1,1,-1
201897UD01710,2,9,0,18,0,0,0,0,0,0,3,1,6,2,42,7,1998,1,9,-1,1,-1
201897UD01805,1,9,0,9,0,1,0,0,0,0,1,1,6,1,82,11,1598,1,12,-1,1,-1
201897UD01805,2,9,0,18,0,8,0,0,0,0,3,1,6,1,71,10,999,1,-1,-1,3,-1
201897UD01810,1,90,0,18,0,1,0,0,0,0,3,1,6,1,67,10,-1,2,21,-1,1,-1
201897UD01810,2,1,0,18,0,1,0,0,0,0,1,1,6,1,58,9,-1,-1,-1,-1,1,-1
201897UD01910,1,9,0,18,0,1,0,0,0,0,1,1,6,1,28,6,1200,1,1,-1,1,-1
201897UD01910,2,9,0,18,0,1,0,0,0,0,2,1,6,1,32,6,1968,2,8,-1,1,-1
201897UD02001,1,9,0,5,0,4,0,0,0,0,1,1,6,2,45,7,1200,1,2,-1,1,-1
201897UD02001,2,1,0,16,4,4,0,0,0,0,1,1,6,1,63,9,-1,-1,-1,-1,3,-1
201897UD02005,1,9,0,4,0,0,0,0,0,0,1,1,6,2,30,6,1999,2,-1,-1,1,-1
201897UD02005,2,9,0,4,0,0,0,0,0,0,2,1,6,1,49,8,1149,1,6,-1,3,-1
201897UD02005,3,9,0,4,0,0,0,0,0,0,2,1,6,1,33,6,1200,1,2,-1,3,-1
201897UD02101,1,9,0,5,0,6,0,0,0,0,3,1,6,1,74,10,1910,2,8,-1,1,-1
201897UD02101,2,9,0,18,0,1,0,0,7,0,4,1,3,2,39,7,-1,-1,-1,-1,1,-1
201897UD02205,1,9,0,5,0,4,0,0,0,0,1,1,6,1,67,10,1686,2,5,-1,2,-1
201897UD02205,2,9,0,18,0,3,0,0,0,11,4,1,6,1,77,11,1598,2,4,-1,1,-1
201897UD02305,1,9,0,17,0,0,0,0,0,0,1,1,6,1,23,5,1560,2,6,-1,3,-1
201897UD02305,2,9,5,16,0,0,0,0,0,0,1,1,6,1,36,7,1968,2,3,-1,3,-1
201897UD02405,1,3,0,16,0,0,0,0,0,0,1,1,6,1,56,9,124,1,9,-1,3,-1
201897UD02405,2,9,0,17,0,0,0,0,0,0,3,1,6,1,31,6,-1,-1,-1,-1,3,-1
201897UD70101,1,9,0,18,0,8,0,0,7,0,1,1,1,1,36,7,1560,2,3,-1,1,-1
201897UD70101,2,9,0,18,0,8,0,0,1,1,3,1,1,2,32,6,1398,1,4,-1,1,-1
201897UD70102,1,8,0,18,0,1,0,0,0,0,4,1,1,1,53,8,1560,2,2,-1,1,-1
201897UD70105,1,9,0,18,0,0,0,0,0,0,3,1,6,1,56,9,1596,1,12,-1,1,-1
201897UD70108,1,4,0,9,0,8,0,0,0,0,3,1,6,1,71,10,400,1,62,-1,1,-1
201897UD70109,1,9,0,9,0,3,0,0,0,0,1,1,6,1,71,10,1591,1,5,-1,1,-1
201897UD70109,2,5,0,18,0,3,0,0,0,0,4,1,6,1,43,7,749,1,16,-1,1,-1
201897UD70110,1,9,0,3,0,1,0,0,0,0,0,1,2,2,20,4,1199,2,6,-1,3,-1
201897UD70110,2,5,0,18,0,1,0,0,0,0,4,1,6,1,41,7,599,1,20,-1,-1,-1
201897UD70111,1,9,0,16,0,0,0,0,0,0,1,1,6,1,75,10,998,1,10,-1,1,-1
201897UD70111,2,17,0,18,0,0,0,0,1,0,1,1,1,1,34,6,-1,-1,-1,-1,3,-1
201897UD70204,1,9,0,18,0,0,0,0,0,0,1,1,6,3,-1,-1,-1,-1,-1,-1,-1,-1
201897UD70207,1,9,0,16,0,0,0,0,0,0,1,1,6,1,46,8,-1,-1,-1,-1,1,-1
201897UD70207,2,9,0,18,0,0,0,0,0,0,1,1,6,1,63,9,1388,1,13,-1,3,-1
201897UD70208,1,21,1,11,0,0,0,0,0,0,4,1,1,1,27,6,15607,2,12,-1,-1,-1
201897UD70208,2,9,0,18,0,0,1,0,1,4,3,1,6,2,36,7,1956,2,4,-1,3,-1
201897UD70209,1,9,0,18,0,0,0,0,0,0,3,1,6,1,59,9,1598,1,15,-1,-1,-1
201897UD70210,1,9,0,18,9,1,0,0,3,11,1,1,6,1,35,6,1998,2,12,-1,1,-1
201897UD70210,2,9,0,18,0,1,0,0,0,0,0,1,1,1,26,6,1248,2,4,-1,1,-1
201897UD70211,1,9,0,18,0,2,0,0,0,0,1,1,6,1,35,6,1686,2,5,-1,3,-1
201897UD70211,2,3,0,9,0,3,0,0,0,0,2,1,6,1,30,6,998,1,10,-1,1,-1
201897UD70212,1,9,0,18,0,0,0,0,0,0,1,1,6,1,51,8,1498,1,-1,-1,1,-1
201897UD70302,1,9,0,4,0,0,0,0,0,0,1,1,6,2,35,6,1898,1,14,-1,-1,-1
201897UD70302,2,9,0,4,0,0,0,0,0,0,2,1,6,1,72,10,2143,2,1,-1,-1,-1
201897UD70305,1,4,0,18,0,1,0,0,0,0,1,1,1,1,25,5,125,1,1,-1,2,-1
201897UD70305,2,9,0,18,0,1,0,0,0,0,2,1,1,2,34,6,1560,2,4,-1,1,-1