Accident_Index,Vehicle_Reference,Vehicle_Type,Towing_and_Articulation,Vehicle_Manoeuvre,Vehicle_Location-Restricted_Lane,Junction_Location,Skidding_and_Overturning,Hit_Object_in_Carriageway,Vehicle_Leaving_Carriageway,Hit_Object_off_Carriageway,1st_Point_of_Impact,Was_Vehicle_Left_Hand_Drive?,Journey_Purpose_of_Driver,Sex_of_Driver,Age_of_Driver,Age_Band_of_Driver,Engine_Capacity_(CC),Propulsion_Code,Age_of_Vehicle,Driver_IMD_Decile,Driver_Home_Area_Type,Vehicle_IMD_Decile
201897UD70305,3,9,0,18,0,1,0,0,0,0,0,1,1,2,49,8,1995,2,10,-1,1,-1
201897UD70306,1,3,0,18,0,3,0,0,0,0,1,1,6,1,49,8,-1,-1,-1,-1,1,-1
201897UD70306,2,9,0,4,0,1,0,0,0,0,1,1,6,1,51,8,-1,-1,-1,-1,3,-1
201897UD70307,1,9,0,17,0,1,0,10,7,11,1,1,6,1,74,10,1598,1,15,-1,1,-1
201897UD70308,1,9,0,18,0,0,0,0,0,0,1,1,2,1,31,6,1461,2,7,-1,1,-1
201897UD70309,1,19,0,18,0,0,0,0,0,0,1,1,6,1,29,6,1598,2,2,-1,1,-1
201897UD70309,2,9,0,3,0,0,0,0,0,0,2,1,6,2,65,9,1318,1,-1,-1,1,-1
201897UD70309,3,9,0,3,0,0,0,0,0,0,2,1,6,2,53,8,1597,2,1,-1,1,-1
201897UD70309,4,9,0,3,0,0,0,0,0,0,2,1,6,1,40,7,998,1,4,-1,3,-1
201897UD70401,1,9,0,5,0,4,0,0,0,0,1,1,6,2,28,6,1197,1,2,-1,1,-1
201897UD70401,2,9,0,18,0,3,1,0,1,11,2,1,1,1,65,9,1598,2,2,-1,3,-1
201897UD70402,1,9,0,18,0,0,0,0,0,0,1,1,2,1,21,5,1968,2,1,-1,2,-1
201897UD70402,2,9,0,3,0,0,0,0,0,0,2,1,1,1,60,9,-1,-1,-1,-1,1,-1
201897UD70402,3,9,0,3,0,0,0,0,0,0,0,1,1,1,62,9,-1,-1,-1,-1,3,-1
201897UD70404,1,9,0,18,0,0,0,0,0,0,1,1,1,1,34,6,1798,1,8,-1,-1,-1
201897UD70404,2,9,0,18,0,0,0,0,0,0,2,1,6,1,50,8,1461,2,-1,-1,-1,-1
201897UD70406,1,17,4,7,0,8,0,0,0,0,4,1,1,1,69,10,6596,2,1,-1,3,-1
201897UD70406,2,5,0,16,0,1,1,0,0,0,3,1,6,1,58,9,1340,1,8,-1,3,-1
201897UD70407,1,9,0,18,0,0,1,0,0,0,1,1,6,2,22,5,1242,1,14,-1,1,-1
201897UD70407,2,9,0,3,0,0,0,0,0,0,2,1,6,1,26,6,1499,2,3,-1,2,-1
201897UD70409,1,9,0,18,0,1,1,0,0,0,1,1,6,1,18,4,1242,1,10,-1,3,-1
201897UD70409,2,9,0,4,0,1,0,0,0,0,2,1,6,1,83,11,1318,1,1,-1,1,-1
201897UD70412,1,9,0,18,0,0,5,0,7,11,1,1,1,2,36,7,1586,1,12,-1,3,-1
201897UD70501,1,9,0,18,0,0,1,0,0,0,1,1,6,2,32,6,1396,1,6,-1,3,-1
201897UD70501,2,9,0,18,0,0,0,0,0,0,1,1,6,1,44,7,1199,1,4,-1,3,-1
201897UD70503,1,9,0,4,0,0,0,0,0,0,1,1,6,1,75,10,1386,1,7,-1,1,-1
201897UD70503,2,9,0,4,0,0,0,0,0,0,2,1,6,1,43,7,1956,2,5,-1,1,-1
201897UD70503,3,9,0,4,0,0,0,0,1,0,1,1,6,1,41,7,1242,1,10,-1,1,-1
201897UD70504,1,9,0,7,0,1,0,0,0,0,4,1,6,2,44,7,1368,1,2,-1,1,-1
201897UD70504,2,1,0,18,0,1,0,0,0,0,1,1,6,1,52,8,-1,-1,-1,-1,3,-1
201897UD70505,1,9,0,18,0,0,0,0,0,0,1,1,6,2,73,10,1596,1,3,-1,1,-1
201897UD70505,2,9,0,3,0,0,0,0,0,0,2,1,2,1,55,8,1497,2,1,-1,1,-1
201897UD70505,3,9,0,3,0,0,0,0,0,0,2,1,2,1,28,6,1560,2,2,-1,1,-1
201897UD70506,1,9,0,18,0,0,0,0,0,0,1,1,6,2,81,11,1388,1,1,-1,1,-1
201897UD70506,2,9,0,18,0,0,0,0,0,0,1,1,6,1,39,7,1896,2,13,-1,1,-1
201897UD70511,1,9,0,18,0,1,0,0,0,0,1,1,6,2,33,6,1686,2,5,-1,-1,-1
201897UD70511,2,9,0,3,0,1,0,0,0,0,2,1,6,1,31,6,1582,2,4,-1,-1,-1
201897UD70511,3,9,0,18,0,1,0,0,1,0,1,1,6,1,37,7,1399,1,8,-1,-1,-1
201897UD70601,1,9,0,18,0,0,1,0,7,11,1,1,6,1,28,6,-1,-1,-1,-1,1,-1
201897UD70605,1,9,0,10,0,2,0,0,0,0,3,1,6,2,66,10,1339,8,7,-1,-1,-1
201897UD70606,1,9,0,4,0,1,0,0,0,0,3,1,6,1,44,7,1398,2,9,-1,1,-1
201897UD70606,2,5,0,4,0,1,0,0,0,0,2,1,6,1,25,5,1552,1,10,-1,1,-1
201897UD70612,1,9,0,18,9,0,0,0,1,0,1,1,6,2,49,8,1598,1,5,-1,1,-1
201897UD70701,1,9,0,18,0,0,0,0,0,0,1,1,6,1,66,10,1997,2,3,-1,2,-1
201897UD70701,2,9,0,18,0,0,1,0,1,11,1,1,6,1,58,9,5998,1,6,-1,-1,-1
201897UD70706,1,9,0,4,0,1,0,0,0,0,1,1,6,2,53,8,1499,2,3,-1,1,-1
201897UD70706,2,5,0,3,0,1,0,0,0,0,2,1,6,1,60,9,1250,1,10,-1,1,-1
201897UD70707,1,19,0,18,0,0,0,0,7,11,1,1,6,1,41,7,2488,2,11,-1,3,-1
201897UD70711,1,9,0,5,0,6,0,0,0,0,3,1,2,2,20,4,1229,1,10,-1,3,-1
201897UD70711,2,9,0,17,0,1,0,0,0,0,1,1,6,2,49,8,1586,1,12,-1,3,-1
201897UD70801,1,9,0,16,0,0,0,0,0,0,1,1,6,1,81,11,1390,1,15,-1,-1,-1
201897UD70801,2,9,0,18,0,0,0,0,0,0,1,1,6,1,74,10,1598,1,17,-1,-1,-1
201897UD70811,1,19,0,9,0,0,0,0,0,0,1,1,1,1,42,7,2287,2,1,-1,1,-1
201897UD70811,2,9,0,18,0,0,0,0,0,0,1,1,2,2,30,6,1560,2,4,-1,1,-1
201897UD70812,1,1,0,5,0,4,0,0,0,0,1,1,1,1,40,7,-1,-1,-1,-1,1,-1
201897UD70812,2,1,0,18,0,3,0,0,0,0,2,1,6,2,17,4,-1,-1,-1,-1,1,-1
201897UD70906,1,9,0,9,0,5,0,0,0,0,1,1,6,2,44,7,1560,2,1,-1,1,-1
201897UD70906,2,5,0,18,0,1,0,0,0,0,1,1,6,1,48,8,937,1,22,-1,2,-1
201897UD70911,1,9,0,9,0,6,0,0,0,0,1,1,6,1,32,6,1598,2,4,-1,1,-1
201897UD70911,2,9,0,18,0,8,0,0,0,0,1,1,6,2,24,5,1242,1,2,-1,3,-1
201897UD71006,1,9,0,3,0,0,0,0,0,0,1,1,6,1,29,6,1197,1,3,-1,1,-1
201897UD71006,2,9,0,4,0,0,0,0,0,0,2,1,6,1,34,6,2143,2,5,-1,1,-1
201897UD71011,1,11,0,18,0,0,0,0,0,0,1,1,1,1,37,7,6700,2,3,-1,-1,-1
201897UD71011,2,9,0,4,0,0,0,0,0,0,2,1,1,1,57,9,999,1,-1,-1,-1,-1
201897UD71111,1,9,0,18,0,0,1,0,4,6,1,1,6,2,33,6,1984,1,1,-1,1,-1
201897UD71111,2,9,0,18,0,0,0,0,0,0,4,1,6,1,31,6,1968,2,13,-1,1,-1
201897UD71211,1,9,0,18,0,0,0,0,0,0,1,1,2,1,44,7,1499,8,1,-1,1,-1
201897UD71211,2,17,4,18,0,0,0,0,1,11,1,1,1,1,53,8,-1,2,2,-1,3,-1
2018981100318,1,9,0,17,0,0,0,0,7,9,1,1,6,1,18,4,1596,1,11,-1,1,-1
2018981100418,1,20,0,9,0,2,0,0,0,0,2,1,1,1,20,4,-1,-1,-1,1,2,1
2018981100418,2,9,0,17,0,1,0,0,0,0,1,1,6,1,71,10,-1,-1,-1,-1,3,-1
2018981100518,1,9,0,7,0,0,0,0,0,0,1,1,6,1,35,6,1499,2,2,-1,3,-1
2018981100518,2,8,0,18,0,0,0,0,0,0,3,1,1,1,-1,-1,1910,2,11,-1,3,-1
2018981100518,3,9,0,2,0,0,0,0,0,0,2,1,6,3,-1,-1,1560,2,11,-1,-1,-1
2018981100518,4,9,0,8,0,0,0,0,0,0,2,1,6,2,29,6,1910,2,12,-1,1,-1
2018981100618,1,19,0,13,0,8,0,0,7,0,1,1,1,2,22,5,-1,-1,-1,-1,-1,-1
2018981100618,2,17,4,9,0,1,0,0,1,0,3,1,1,1,30,6,4400,2,8,-1,3,-1
2018981100918,1,9,0,17,0,0,1,0,1,4,3,1,6,2,73,10,1349,1,9,-1,3,-1
2018981101518,1,21,1,18,0,0,0,0,0,0,1,1,1,1,39,7,12900,2,9,-1,-1,-1
2018981101518,2,3,0,18,0,0,1,0,1,0,1,1,6,1,22,5,125,1,1,-1,3,-1
2018981102118,1,9,0,18,0,0,1,0,1,4,1,1,6,1,38,7,1995,2,9,-1,1,-1
2018981102118,2,9,0,16,0,0,0,0,0,0,1,1,6,2,31,6,1997,2,8,-1,3,-1
2018981102318,1,9,0,4,0,0,1,4,0,0,1,1,2,1,23,5,1590,1,13,-1,3,-1
2018981102318,2,9,0,4,0,0,0,0,0,0,2,1,2,1,28,6,1590,1,14,-1,3,-1
2018981102318,3,9,0,2,0,0,0,0,0,0,4,1,6,1,53,8,-1,-1,-1,-1,3,-1
2018981102418,1,5,0,16,0,1,1,0,7,1,1,1,6,1,47,8,749,1,2,-1,3,-1
2018981103518,1,9,0,18,0,1,0,0,0,0,4,1,6,1,21,5,2393,2,-1,-1,3,-1
2018981103518,2,9,0,18,0,1,0,0,0,0,1,1,6,2,43,7,1998,2,12,7,2,7
2018981103718,1,9,0,4,0,1,1,0,0,0,1,1,6,1,28,6,1870,2,12,-1,1,-1
2018981103718,2,9,0,8,0,1,0,0,0,0,2,1,6,2,51,8,1781,1,14,-1,1,-1
2018981103918,1,21,1,17,0,0,5,0,1,1,4,1,1,1,38,7,12740,2,4,-1,-1,-1
2018981104118,1,9,0,18,0,0,1,6,1,3,1,1,2,1,40,7,-1,-1,-1,-1,3,-1
2018981104718,1,9,0,9,0,6,0,0,0,0,3,1,6,1,74,10,1582,2,1,-1,1,-1
2018981104718,2,9,0,17,0,1,1,0,7,0,1,1,1,1,38,7,1199,1,15,-1,1,-1
2018981104818,1,9,0,9,0,8,0,0,3,0,1,1,6,1,21,5,1596,1,10,-1,3,-1
2018981104818,2,9,0,18,0,1,0,0,7,0,3,1,6,1,38,7,1753,2,8,-1,3,-1
2018981104818,3,9,0,4,0,1,0,0,0,0,1,1,6,2,43,7,1398,2,6,-1,3,-1
2018981105018,1,9,0,16,0,0,1,0,0,0,1,1,6,1,21,5,1242,1,9,-1,3,-1
2018981105018,2,9,0,17,0,0,0,0,0,0,1,1,6,1,53,8,1560,2,2,-1,1,-1
2018981105418,1,9,0,9,0,8,0,0,0,0,4,1,6,2,88,11,973,1,15,-1,1,-1
2018981105418,2,3,0,18,0,1,5,0,0,0,1,1,6,1,44,7,125,1,4,-1,1,-1
2018981105618,1,9,0,18,0,0,0,0,0,0,1,1,6,1,76,11,2199,2,7,-1,3,-1
2018981105718,1,5,0,6,0,0,1,0,1,9,4,1,6,1,33,6,599,1,26,-1,1,-1
2018981106118,1,9,0,18,0,0,0,0,1,4,1,1,2,2,22,5,1229,1,4,-1,3,-1
2018981106218,1,19,0,1,0,0,0,11,0,0,2,1,1,1,55,8,1560,2,3,-1,1,-1
2018981106318,1,9,0,17,0,0,2,10,7,11,1,1,6,1,48,8,-1,-1,-1,-1,3,-1
2018981106718,1,9,0,18,0,0,0,0,0,0,1,1,6,1,67,10,-1,-1,-1,-1,3,-1
2018981107018,1,10,0,16,0,0,0,0,1,0,1,1,1,1,66,10,2998,2,13,-1,1,-1
2018981107918,1,21,1,16,0,0,0,0,7,7,3,1,1,1,24,5,-1,-1,-1,-1,-1,-1
2018981107918,2,9,0,17,0,0,0,0,1,0,0,1,6,1,71,10,1560,2,10,-1,-1,-1
2018981107918,3,9,0,17,0,0,5,0,1,0,3,1,6,2,43,7,-1,-1,-1,-1,-1,-1
2018981107918,4,9,4,17,0,0,0,0,0,0,3,1,6,1,70,10,-1,-1,-1,-1,-1,-1
2018981108218,1,9,0,9,0,5,0,11,0,0,1,1,6,1,73,10,1998,1,-1,-1,3,-1
2018981108218,2,5,0,18,0,1,1,11,0,0,0,1,6,1,49,8,1199,1,16,-1,3,-1
2018981108718,1,9,0,13,0,0,0,0,0,0,3,1,6,1,20,4,1725,1,-1,-1,3,-1
2018981108718,2,5,0,13,0,0,5,0,8,10,1,1,6,1,24,5,636,1,2,6,3,6
2018981108718,3,19,0,18,0,0,0,0,0,0,0,1,6,3,-1,-1,-1,-1,-1,-1,-1,-1
2018981109018,1,5,0,17,0,0,1,0,1,4,4,1,6,1,55,8,599,1,15,7,1,7
2018981109118,1,11,0,18,0,0,0,0,0,0,3,1,1,1,42,7,4250,2,8,-1,1,-1
2018981109118,2,21,0,18,0,0,0,0,0,0,3,1,1,1,21,5,12740,2,3,-1,2,-1
2018981109518,1,9,0,14,0,1,0,0,1,0,4,1,6,1,50,8,1598,1,3,-1,1,-1
2018981109518,2,9,0,9,0,8,0,0,1,0,3,1,6,2,53,8,1968,2,9,-1,1,-1
2018981109818,1,9,0,18,0,1,0,10,1,11,1,1,6,1,19,4,998,1,3,-1,1,-1
2018981109818,2,9,0,10,0,2,0,0,0,0,3,1,6,2,50,8,1348,1,10,-1,3,-1
2018981109818,3,9,0,9,0,1,0,0,0,0,0,1,6,3,-1,-1,-1,-1,-1,-1,-1,-1
2018981110218,1,9,0,18,0,0,0,0,0,0,1,1,6,1,-1,-1,-1,-1,-1,-1,-1,-1
2018981110418,1,9,0,18,0,0,5,0,0,0,1,1,2,2,18,4,1328,1,8,-1,2,-1
2018981110618,1,9,0,10,0,1,0,0,0,0,2,1,3,2,34,6,1242,1,2,-1,3,-1
2018981110618,2,19,0,18,0,1,1,0,0,0,1,1,1,1,25,5,2198,2,6,2,2,2
2018981110818,1,5,0,16,0,0,1,0,0,0,3,1,6,1,51,8,1301,1,1,-1,2,-1
2018981110818,2,9,0,17,0,0,0,0,0,0,3,1,6,2,39,7,999,1,1,-1,3,-1
2018981111118,1,9,0,9,0,6,0,0,0,0,1,1,6,2,54,8,1598,1,14,-1,1,-1
2018981111118,2,9,0,17,0,1,0,0,0,0,4,1,6,2,36,7,1598,1,12,-1,3,-1
2018981111618,1,9,0,5,0,6,0,0,0,0,1,1,6,1,80,11,1388,1,12,-1,3,-1
2018981111618,2,9,0,18,0,8,0,0,7,2,1,1,6,2,30,6,1399,2,12,-1,3,-1
2018981111818,1,9,0,18,0,3,5,0,7,0,3,1,6,2,70,10,2495,2,21,-1,3,-1
2018981112118,1,9,0,17,0,0,2,0,1,11,4,1,6,2,18,4,1364,1,12,-1,3,-1
2018981112318,1,9,4,18,0,0,0,0,0,0,0,1,6,1,38,7,4999,1,9,-1,3,-1
2018981112318,2,19,0,18,0,0,2,11,0,7,1,1,1,1,51,8,1248,2,5,-1,1,-1
2018981112418,1,9,0,16,0,2,5,0,2,3,1,1,6,2,18,4,1229,1,10,-1,3,-1
2018981112518,1,9,0,18,0,1,0,0,0,0,1,1,1,2,22,5,998,1,-1,-1,3,-1
2018981112518,2,9,0,9,0,5,0,0,0,0,3,1,1,2,59,9,1910,2,10,-1,3,-1
2018981112918,1,19,0,18,0,0,0,0,1,3,1,1,1,1,50,8,1995,2,2,-1,1,-1
2018981113518,1,9,0,17,0,0,5,0,1,3,1,1,6,1,80,11,1596,1,2,-1,2,-1
2018981113718,1,9,0,18,0,1,1,0,1,0,1,1,6,2,57,9,1248,2,9,-1,2,-1
2018981113718,2,9,0,5,0,5,1,0,7,1,0,1,2,1,39,7,999,1,3,-1,2,-1
2018981113818,1,9,0,17,0,0,5,0,7,9,3,1,6,1,80,11,1598,2,-1,-1,2,-1
2018981113918,1,9,0,13,0,1,0,0,7,11,1,1,6,1,70,10,1595,1,1,4,3,4
2018981114918,1,9,0,18,0,0,0,4,0,0,1,1,2,2,46,8,1596,1,9,-1,3,-1
2018981114918,2,9,4,2,0,0,0,0,0,0,0,1,1,1,59,9,2999,2,18,-1,3,-1
2018981115118,1,9,0,16,0,0,2,0,1,11,1,1,6,1,20,4,1997,1,12,-1,3,-1
2018982102018,1,9,0,17,0,0,0,0,0,0,3,1,6,1,68,10,2400,2,8,-1,3,-1
2018982102018,2,10,0,18,0,0,0,0,1,0,3,1,6,1,56,9,-1,-1,-1,-1,2,-1
2018982102918,1,9,0,18,0,1,0,0,0,0,1,1,6,1,64,9,999,1,-1,-1,3,-1
2018982102918,2,19,0,18,0,1,0,0,0,0,2,1,2,1,52,8,2198,2,3,3,1,3
2018982102918,3,9,0,18,0,1,0,0,0,0,2,1,1,1,52,8,1318,1,1,4,1,4
2018982103118,1,9,0,18,0,1,0,0,0,0,3,1,6,1,58,9,1896,2,15,-1,2,-1
2018982103118,2,1,0,9,0,6,0,0,0,0,4,1,6,1,37,7,-1,-1,-1,-1,2,-1
2018982103318,1,4,0,4,7,0,1,0,1,11,1,1,6,1,42,7,124,1,9,-1,1,-1
2018982103518,1,9,0,18,0,0,1,0,7,11,1,1,6,2,63,9,999,1,8,-1,3,-1
2018982103618,1,9,0,13,0,0,1,0,1,4,2,1,6,2,38,7,1242,1,10,-1,2,-1
2018982103718,1,9,0,13,0,8,0,0,7,4,1,1,1,1,50,8,2393,2,1,-1,3,-1
2018982103718,2,9,0,9,0,1,0,0,0,0,3,1,6,2,28,6,1242,1,10,-1,2,-1
2018982103918,1,9,0,5,0,6,0,0,0,0,3,1,6,2,48,8,1461,2,3,-1,3,-1
2018982103918,2,9,0,18,0,1,0,0,7,0,1,1,6,2,43,7,1242,1,4,-1,3,-1
2018982104018,1,9,0,18,0,0,0,0,0,0,4,1,6,3,-1,-1,-1,-1,-1,-1,-1,-1
2018982104418,1,9,0,2,0,0,0,0,0,0,3,1,6,2,51,8,1997,2,8,-1,2,-1
2018982104418,2,1,0,18,0,0,0,8,0,0,1,1,6,2,81,11,-1,-1,-1,-1,2,-1
2018982104518,1,9,0,9,0,1,0,0,0,0,4,1,6,2,90,11,998,1,2,-1,3,-1
2018982104518,2,5,0,18,0,1,0,0,0,0,1,1,6,1,29,6,998,1,12,-1,3,-1
2018982106118,1,4,0,8,0,1,1,0,0,0,1,1,6,1,19,4,124,1,11,-1,3,-1
2018982106118,2,9,-1,18,-1,8,-1,0,-1,0,-1,1,-1,3,-1,-1,-1,-1,-1,-1,-1,-1
2018982106218,1,20,0,16,0,0,0,0,7,11,3,1,1,1,39,7,2998,2,12,-1,2,-1
2018982106318,1,9,0,9,0,6,0,0,0,0,1,1,6,2,22,5,1198,1,6,-1,-1,-1
2018982106318,2,4,0,16,0,1,0,0,7,0,3,1,6,1,63,9,599,1,7,-1,3,-1
2018982106518,1,9,0,18,0,0,0,0,7,4,3,1,6,1,79,11,1598,2,2,-1,-1,-1
2018982106618,1,9,0,18,0,0,5,0,7,11,1,1,6,1,71,10,1242,1,3,-1,2,-1
2018982108618,1,9,0,13,0,8,0,0,7,0,1,1,6,2,79,11,-1,-1,-1,-1,-1,-1
2018982108618,2,17,0,9,0,8,0,0,0,0,2,1,6,1,47,8,4400,2,3,-1,3,-1
2018982108818,1,2,0,18,0,2,0,0,1,0,3,1,6,2,16,4,49,1,22,-1,3,-1
2018982108818,2,9,0,18,0,1,0,0,0,0,1,1,6,1,51,8,2254,1,17,-1,3,-1
2018982109018,1,9,0,17,0,0,0,0,2,4,1,1,6,1,23,5,2993,2,13,-1,3,-1
2018982109318,1,9,0,7,0,1,1,0,3,11,1,1,6,1,17,4,998,1,4,-1,3,-1
2018982109318,2,9,0,7,0,1,1,0,3,11,1,1,6,1,18,4,1998,1,16,-1,2,-1
2018982109418,1,9,0,10,0,1,0,0,0,0,2,1,1,1,40,7,1956,2,6,-1,3,-1
2018982109418,2,9,0,18,0,1,0,0,0,0,1,1,6,1,72,10,1339,1,7,-1,3,-1
2018982109718,1,90,4,9,0,0,2,0,7,0,2,1,1,1,55,8,-1,-1,-1,-1,3,-1
2018982109718,2,9,0,13,0,0,0,0,0,0,1,1,2,2,28,6,-1,-1,-1,-1,3,-1
2018982110018,1,19,0,18,0,0,5,0,1,0,3,1,1,1,31,6,2143,2,-1,3,1,3
2018982110018,2,9,0,18,0,0,0,0,0,0,3,1,6,2,36,7,1560,2,9,-1,3,-1
2018982110218,1,9,0,18,0,0,0,0,0,0,1,1,6,1,83,11,1198,1,-1,-1,-1,-1
2018982110218,2,9,0,18,0,0,0,0,0,0,1,1,6,2,67,10,1951,2,13,-1,3,-1
2018982110218,3,9,3,18,0,0,0,0,1,4,3,1,6,1,52,8,1399,1,7,8,1,8
2018982110318,1,9,0,18,0,1,0,0,0,0,1,1,6,1,75,10,1461,2,8,-1,3,-1
2018982110318,2,9,0,10,0,1,0,0,7,9,2,1,6,2,57,9,1242,1,4,-1,2,-1
2018982110418,1,9,0,18,0,0,1,0,1,4,1,1,6,1,18,4,1596,1,5,-1,2,-1
2018982110418,2,9,0,13,0,0,0,0,1,3,4,1,6,1,18,4,1986,2,12,-1,3,-1
2018982110418,3,9,0,13,0,0,0,0,1,11,3,1,6,1,17,4,1390,1,7,-1,3,-1
2018982110718,1,9,0,18,0,4,0,0,0,0,1,1,6,2,58,9,1199,1,14,-1,3,-1
2018982110718,2,9,0,3,0,4,0,0,0,0,2,1,6,2,63,9,-1,-1,-1,-1,3,-1
2018982111018,1,20,0,2,0,0,0,0,0,0,3,1,1,1,39,7,3920,2,12,-1,3,-1
2018982111018,2,19,0,14,0,0,0,0,0,0,4,1,1,1,54,8,2287,2,5,-1,3,-1
2018982111418,1,9,0,17,0,0,0,0,7,11,1,1,2,2,21,5,1229,1,12,-1,1,-1
2018982111518,1,9,0,16,0,0,0,0,1,0,1,1,2,2,51,8,1242,1,5,-1,3,-1
2018982111518,2,9,0,17,0,0,0,0,0,0,1,1,6,1,33,6,2967,2,2,4,1,4
2018982112418,1,21,0,7,0,6,0,0,0,0,4,1,1,1,50,8,-1,-1,-1,-1,2,-1
2018983100118,1,10,0,18,0,0,0,0,0,0,1,1,6,1,27,6,-1,-1,-1,-1,3,-1
2018983100118,2,19,0,18,0,0,0,0,0,11,1,1,1,1,55,8,2299,2,4,-1,3,-1
2018983100418,1,9,0,18,0,4,0,0,0,0,1,1,6,2,24,5,1995,2,4,-1,1,-1
2018983100418,2,9,0,18,0,8,0,0,0,0,4,1,6,2,38,7,1796,1,13,-1,1,-1
2018983100918,1,9,4,18,0,0,3,0,1,7,1,1,1,1,45,7,-1,-1,-1,-1,2,-1
2018983100918,2,9,0,18,0,0,0,0,0,0,1,1,6,1,47,8,-1,-1,-1,-1,1,-1
2018983101318,1,9,0,18,0,2,0,0,0,0,1,1,6,2,31,6,1968,2,2,-1,2,-1
2018983101718,1,9,0,18,0,0,0,0,0,0,1,1,3,1,82,11,1198,1,12,-1,3,-1
2018983101818,1,9,0,9,0,0,1,0,1,0,1,1,6,1,53,8,1246,1,10,-1,2,-1
2018983102318,1,9,0,16,0,0,1,0,2,11,1,1,6,2,23,5,1490,1,12,-1,3,-1
2018983103618,1,9,0,18,0,0,0,0,0,0,4,1,6,3,-1,-1,-1,-1,-1,-1,-1,-1
2018983103818,1,9,0,17,0,0,1,0,0,0,1,1,6,1,52,8,1995,2,3,-1,3,-1
2018983103818,2,9,0,18,0,0,0,0,0,0,1,1,6,1,66,10,1598,2,2,-1,3,-1
2018983104118,1,9,0,18,0,0,5,0,1,0,0,1,6,1,19,4,1398,1,8,-1,3,-1
2018983104218,1,19,0,16,0,0,0,0,7,0,1,1,1,1,63,9,2287,2,2,-1,1,-1
2018983104218,2,21,0,18,0,0,0,0,0,0,1,1,1,1,55,8,8970,2,10,-1,1,-1
2018983104418,1,9,0,18,0,0,0,0,0,0,1,1,6,1,31,6,1229,1,10,-1,3,-1
2018983104918,1,9,0,18,0,3,0,0,0,0,1,1,6,1,46,8,1598,1,12,-1,1,-1
2018983105018,1,19,0,18,0,0,0,0,0,0,4,1,1,1,23,5,-1,-1,-1,-1,1,-1
2018983105318,1,9,0,7,0,1,0,0,0,0,1,1,2,1,36,7,1796,1,11,-1,1,-1
2018983105318,2,9,0,18,0,8,0,0,0,0,1,1,6,2,29,6,1685,2,1,-1,3,-1
2018983105618,1,9,0,18,0,0,0,0,0,0,1,1,6,1,21,5,1995,2,11,-1,3,-1
2018983105618,2,9,0,18,0,0,0,0,0,0,2,1,6,1,41,7,1956,2,5,-1,3,-1
2018983105818,1,21,2,18,0,0,0,0,0,0,1,2,1,1,62,9,-1,-1,-1,2,1,2
2018983105818,2,19,0,18,0,0,0,0,0,0,1,1,1,1,34,6,2143,2,5,-1,1,-1
2018983106218,1,9,0,18,0,0,1,0,1,11,1,1,2,2,19,4,-1,-1,-1,-1,3,-1
2018983106318,1,9,0,18,0,0,1,11,7,0,1,1,6,2,26,6,1398,1,5,-1,1,-1
2018983107318,1,9,0,5,0,0,0,0,0,0,1,1,6,1,28,6,-1,-1,-1,-1,1,-1
2018983107318,2,3,0,18,0,0,0,0,0,0,2,1,2,2,22,5,125,1,2,-1,3,-1
2018983107418,1,9,0,17,0,0,2,0,7,11,1,1,6,1,20,4,1598,1,13,-1,2,-1
2018983107618,1,9,0,18,0,0,0,0,0,0,1,1,1,2,53,8,1229,1,6,-1,1,-1
2018983108018,1,9,0,18,0,0,5,0,0,0,4,1,6,1,24,5,1360,1,14,-1,3,-1
2018983108218,1,9,0,16,0,0,0,0,7,0,1,1,6,1,47,8,1995,2,11,-1,3,-1
2018983108218,2,9,0,17,0,0,0,0,0,0,3,1,6,2,22,5,1242,1,2,-1,3,-1
2018983108218,3,9,0,17,0,0,0,0,0,0,3,1,2,2,33,6,1969,2,3,-1,3,-1
2018983108718,1,9,0,3,0,4,0,0,0,0,2,1,2,2,22,5,1598,2,2,-1,3,-1
2018983108718,2,19,0,3,0,4,0,0,-1,0,1,1,-1,1,-1,-1,-1,-1,-1,-1,-1,-1
2018983109118,1,9,0,18,0,1,0,0,0,0,1,1,6,1,-1,-1,1248,1,5,-1,1,-1
2018983109118,2,9,0,3,0,8,0,0,0,0,2,1,2,2,46,8,1598,1,13,-1,1,-1
2018983109218,1,9,0,18,0,1,1,0,2,3,1,1,6,1,32,6,-1,-1,-1,-1,1,-1
2018983109318,1,9,0,6,0,1,0,0,0,0,3,1,2,1,48,8,2143,2,1,-1,3,-1
2018983109318,2,9,0,18,0,1,0,0,7,0,1,1,2,2,50,8,1598,1,10,-1,1,-1
2018983109718,1,9,0,18,0,0,1,0,2,7,4,1,6,1,58,9,2143,2,3,7,1,7
2018983109818,1,9,0,18,0,0,0,0,0,3,1,1,1,1,44,7,-1,-1,-1,-1,1,-1
2018983110218,1,9,0,9,0,5,0,0,0,0,4,1,6,1,34,6,1997,1,14,-1,2,-1
2018983110218,2,9,0,18,0,1,0,0,0,0,1,1,6,2,63,9,-1,-1,-1,-1,1,-1
2018983110218,3,9,0,10,0,1,0,0,0,0,1,1,6,2,22,5,1246,1,10,-1,3,-1
2018983110218,4,9,0,8,0,1,0,0,0,0,3,1,6,2,57,9,1685,2,1,-1,2,-1
2018983110418,1,21,1,17,0,0,5,0,1,9,1,1,1,1,30,6,12740,2,3,7,1,7