Accident_Index,Vehicle_Reference,Vehicle_Type,Towing_and_Articulation,Vehicle_Manoeuvre,Vehicle_Location-Restricted_Lane,Junction_Location,Skidding_and_Overturning,Hit_Object_in_Carriageway,Vehicle_Leaving_Carriageway,Hit_Object_off_Carriageway,1st_Point_of_Impact,Was_Vehicle_Left_Hand_Drive?,Journey_Purpose_of_Driver,Sex_of_Driver,Age_of_Driver,Age_Band_of_Driver,Engine_Capacity_(CC),Propulsion_Code,Age_of_Vehicle,Driver_IMD_Decile,Driver_Home_Area_Type,Vehicle_IMD_Decile
2018983110518,1,9,0,18,0,0,0,0,7,11,1,1,6,2,56,9,1598,2,7,-1,3,-1
2018983110718,1,9,0,18,0,0,0,4,0,0,4,1,6,2,74,10,1598,2,4,-1,1,-1
2018983110718,2,9,0,2,0,0,0,0,0,0,3,1,6,3,-1,-1,1796,1,8,-1,-1,-1
2018983110818,1,9,0,18,0,0,2,0,1,3,1,1,6,2,53,8,1398,1,6,4,1,4
2018983110918,1,1,0,18,0,0,0,0,0,0,1,1,6,1,10,2,-1,-1,-1,-1,1,-1
2018983110918,2,9,0,18,0,0,0,0,0,0,1,1,6,2,28,6,1598,1,6,-1,1,-1
2018983111818,1,9,0,16,0,0,1,0,0,11,1,1,6,1,32,6,1360,1,8,-1,1,-1
2018983112018,1,9,0,18,0,0,0,0,0,0,1,1,2,1,18,4,1390,1,5,-1,3,-1
2018983112118,1,9,0,18,0,0,0,0,0,0,1,1,2,1,18,4,1242,1,16,-1,3,-1
2018983112118,2,9,0,3,0,0,0,0,0,0,2,1,6,2,67,10,998,1,3,-1,3,-1
2018983112118,3,9,0,10,0,0,0,0,0,0,2,1,1,2,39,7,1582,2,3,-1,1,-1
2018983112318,1,9,0,18,0,0,0,0,0,0,1,1,3,1,40,7,1586,1,3,-1,1,-1
2018983113218,1,21,1,18,0,0,5,0,1,11,1,1,1,1,29,6,12777,2,2,-1,-1,-1
2018983113618,1,9,0,18,0,0,0,0,1,11,1,1,6,1,51,8,1596,1,17,-1,3,-1
2018983114418,1,9,0,18,0,0,0,0,0,0,1,1,6,1,-1,-1,1910,2,10,-1,-1,-1
2018983114418,2,9,0,3,0,0,0,0,0,0,2,1,6,2,40,7,1198,1,9,-1,1,-1
2018983114618,1,9,0,18,0,0,0,0,0,0,4,1,6,3,-1,-1,-1,-1,-1,-1,-1,-1
2018983114618,2,1,0,18,0,0,0,0,0,0,3,1,6,1,53,8,-1,-1,-1,-1,3,-1
2018983114718,1,9,0,18,0,0,0,0,0,0,1,1,6,2,18,4,1341,1,15,-1,2,-1
2018983114718,2,9,0,3,0,0,0,0,0,0,2,1,6,2,42,7,1686,2,8,3,1,3
2018983115118,1,1,0,18,0,0,0,0,0,0,1,1,6,2,63,9,-1,-1,-1,-1,1,-1
2018983115418,1,9,0,5,0,0,0,0,0,0,4,1,6,1,21,5,1149,1,7,-1,1,-1
2018983115418,2,9,0,18,0,0,0,0,0,0,4,1,6,2,59,9,998,1,10,-1,1,-1
2018983115518,1,9,0,16,0,0,5,0,1,0,1,1,6,1,17,4,1951,2,14,-1,3,-1
2018983115618,1,9,0,9,0,6,0,0,0,0,1,1,6,2,24,5,899,1,4,-1,1,-1
2018983115618,2,9,0,18,0,1,0,0,0,0,4,1,6,2,47,8,1390,1,13,-1,1,-1
2018983115718,1,9,0,18,0,0,0,0,0,0,1,1,6,1,61,9,1997,2,14,-1,3,-1
2018983115718,2,9,0,1,0,0,0,0,0,0,3,1,6,1,51,8,1998,2,14,-1,1,-1
2018983116118,1,19,0,18,0,6,0,0,1,0,4,1,2,1,55,8,1560,2,2,-1,3,-1
2018983116118,2,9,0,18,0,8,0,0,1,0,1,1,6,1,72,10,1998,2,12,-1,3,-1
2018983116818,1,9,0,18,0,0,0,0,0,11,1,1,6,2,64,9,1364,1,2,-1,3,-1
2018983117718,1,9,0,18,0,0,0,0,0,0,0,1,6,1,22,5,1995,2,8,-1,2,-1
2018983118318,1,9,0,18,0,8,0,0,0,0,1,1,6,2,42,7,2993,2,2,-1,3,-1
2018983118318,2,1,0,18,0,8,0,0,0,0,4,1,6,2,60,9,-1,-1,-1,-1,1,-1
2018983118418,1,9,0,18,0,1,0,0,0,0,1,1,6,1,32,6,1390,1,14,-1,1,-1
2018983118418,2,19,0,3,0,1,0,0,0,0,2,1,1,1,53,8,2143,2,-1,-1,1,-1
2018983118418,3,9,0,3,0,1,0,0,0,0,2,1,6,2,51,8,898,1,4,-1,3,-1
2018983118618,1,9,0,18,0,0,0,0,0,0,4,1,6,2,47,8,1598,1,8,-1,3,-1
2018983118618,2,1,0,12,0,0,0,0,0,0,3,1,6,1,-1,-1,-1,-1,-1,-1,-1,-1
2018983118818,1,9,0,18,0,0,0,0,0,0,1,1,6,2,79,11,-1,-1,-1,-1,1,-1
2018983118818,2,1,0,18,0,0,0,0,0,0,1,1,6,1,8,2,-1,-1,-1,-1,1,-1
2018983118918,1,9,0,18,0,0,5,0,1,1,1,1,1,2,64,9,1248,1,3,-1,3,-1
2018983119218,1,9,0,9,0,5,0,0,0,0,1,1,6,1,51,8,1968,2,6,-1,1,-1
2018983119218,2,1,0,18,0,1,5,0,0,0,1,1,2,1,59,9,-1,-1,-1,-1,1,-1
2018983119418,1,9,0,18,0,1,0,0,0,0,1,1,6,1,34,6,1499,2,3,3,1,3
2018983119418,2,19,0,10,0,1,0,0,0,0,2,1,1,1,52,8,1560,2,3,-1,3,-1
2018983119618,1,9,0,18,0,0,0,0,7,4,1,1,1,1,22,5,-1,-1,-1,-1,1,-1
2018983120318,1,9,0,16,0,0,5,0,0,4,1,1,6,1,60,9,1896,2,9,-1,3,-1
2018983120618,1,9,0,2,6,2,0,0,0,0,3,1,6,1,38,7,-1,-1,-1,-1,1,-1
2018983120618,2,1,0,14,0,1,0,0,0,0,4,1,6,1,15,3,-1,-1,-1,-1,1,-1
2018983120718,1,9,0,18,0,1,0,11,0,0,1,1,6,2,79,11,1798,1,3,-1,1,-1
2018983120918,1,9,0,9,0,1,0,6,1,0,1,1,2,2,35,6,1956,2,8,-1,3,-1
2018983120918,2,19,0,18,0,1,0,6,1,0,1,1,1,1,25,5,1598,2,3,-1,3,-1
2018983121218,1,9,0,13,0,0,1,11,0,0,3,1,1,1,60,9,1956,2,6,-1,1,-1
2018983121218,2,9,0,13,0,0,1,11,0,0,3,1,1,2,51,8,1149,1,5,-1,1,-1
2018983121218,3,9,0,18,0,0,1,11,1,9,1,1,6,1,61,9,1597,1,14,-1,1,-1
2018983121418,1,21,1,18,0,0,5,0,1,11,4,1,1,1,64,9,12777,2,2,-1,3,-1
2018983121718,1,4,0,18,0,0,5,0,7,0,4,1,6,1,52,8,398,1,25,-1,3,-1
2018983121718,2,19,0,18,0,0,0,0,0,0,0,1,6,1,52,8,-1,-1,-1,-1,1,-1
2018983121818,1,5,0,18,0,1,0,0,0,0,1,1,6,1,60,9,-1,-1,-1,-1,-1,-1
2018983121818,2,9,0,4,0,1,0,0,0,0,2,1,6,1,83,11,1248,1,1,-1,3,-1
2018983121818,3,9,0,18,0,2,0,0,0,0,1,1,6,2,54,8,2179,2,15,-1,3,-1
2018983121918,1,9,0,6,0,0,0,0,0,0,3,1,6,1,31,6,1910,2,14,-1,3,-1
2018983121918,2,1,0,18,0,0,0,0,0,0,1,1,6,1,48,8,-1,-1,-1,-1,1,-1
2018983122118,1,9,0,18,0,1,0,0,0,0,1,1,6,2,24,5,2996,2,10,-1,3,-1
2018983122118,2,9,0,10,0,1,0,0,7,0,2,1,1,2,22,5,1598,2,2,-1,3,-1
2018983122418,1,9,0,18,0,0,1,0,0,0,3,1,6,1,24,5,1968,2,6,-1,2,-1
2018983122418,2,21,1,18,0,0,0,0,0,0,1,1,1,1,48,8,12777,2,1,9,1,9
2018983122618,1,9,0,18,0,0,0,0,0,0,3,1,6,1,63,9,1496,1,2,-1,1,-1
2018983122618,2,9,0,18,0,0,5,0,1,0,3,1,6,1,47,8,875,1,3,-1,2,-1
2018983123118,1,9,0,18,0,0,0,0,0,0,4,1,6,2,32,6,1998,2,13,9,1,9
2018983123518,1,5,0,17,0,8,1,0,0,0,3,1,6,1,25,5,599,1,15,-1,3,-1
2018983123618,1,9,0,17,0,0,1,10,7,9,1,1,6,2,51,8,1560,2,9,-1,3,-1
2018983123618,2,9,0,16,0,0,0,10,1,0,3,1,6,1,40,7,-1,-1,-1,-1,1,-1
2018983124118,1,9,0,18,0,1,0,0,0,0,1,1,6,2,36,7,1796,1,11,-1,3,-1
2018983124118,2,9,0,10,0,1,0,0,1,0,2,1,6,2,32,6,999,1,4,-1,2,-1
2018983124118,3,9,4,18,0,1,0,0,0,0,1,1,6,1,79,11,-1,-1,-1,-1,3,-1
2018983124618,1,9,0,9,0,8,0,0,0,0,1,1,2,1,53,8,1998,2,12,-1,1,-1
2018983124618,2,2,0,18,0,1,0,0,0,0,1,1,2,1,54,8,102,1,11,-1,1,-1
2018983124818,1,9,0,18,0,0,0,0,1,0,3,1,1,1,22,5,2261,1,1,-1,3,-1
2018983124818,2,9,0,13,0,0,1,0,8,11,4,1,1,1,71,10,2400,2,3,8,3,8
2018983124818,3,9,4,18,0,0,0,0,0,0,0,1,1,1,70,10,-1,-1,-1,6,3,6
2018983124818,4,17,0,18,0,0,0,0,0,0,0,1,1,1,19,4,6728,2,2,-1,3,-1
2018983125318,1,9,0,16,0,0,5,0,7,9,1,1,6,1,17,4,1199,1,15,-1,3,-1
2018983125818,1,3,0,18,0,1,1,0,1,0,0,1,6,1,45,7,125,1,-1,-1,2,-1
2018983126118,1,9,0,17,0,0,0,0,7,4,1,1,1,1,31,6,1968,2,11,-1,-1,-1
2018983126318,1,9,0,16,0,0,0,0,0,0,1,1,6,2,43,7,2477,2,11,-1,3,-1
2018983126318,2,10,0,3,0,0,0,0,0,0,2,1,1,1,60,9,2198,2,10,-1,1,-1
2018983126318,3,21,1,17,0,0,0,0,0,0,3,1,1,1,61,9,14190,2,17,-1,1,-1
2018983126718,1,9,0,1,0,0,0,0,7,11,3,1,6,2,84,11,999,1,3,10,1,10
2018983126918,1,19,0,3,0,1,0,0,0,0,1,1,2,1,55,8,1686,2,14,-1,2,-1
2018983126918,2,9,0,18,0,1,0,0,0,0,2,1,2,1,54,8,1598,1,14,-1,3,-1
2018983126918,3,9,0,10,0,1,0,0,0,0,2,1,6,2,32,6,1598,2,2,-1,2,-1
2018983127118,1,9,0,13,0,8,0,0,0,0,0,1,6,1,38,7,1997,2,6,-1,3,-1
2018983127118,2,5,0,13,0,8,5,10,7,9,0,1,6,1,61,9,1441,1,4,-1,1,-1
2018983127118,3,9,0,18,0,8,0,0,0,0,0,1,6,2,64,9,1398,1,7,-1,1,-1
2018983127618,1,9,0,13,0,0,0,0,7,0,1,1,6,1,20,4,-1,-1,-1,-1,3,-1
2018983127618,2,9,0,4,0,0,0,0,0,0,2,1,6,1,17,4,1198,1,13,-1,3,-1
2018983127618,3,9,0,18,0,0,1,1,0,0,1,1,6,1,17,4,-1,-1,-1,-1,3,-1
2018983128018,1,19,0,16,0,0,1,0,1,0,1,2,1,1,38,7,-1,-1,-1,-1,-1,-1
2018983128018,2,9,0,17,0,0,1,0,7,0,1,1,6,1,35,6,1364,1,13,-1,1,-1
2018983128118,1,9,0,17,0,0,0,0,0,11,4,1,2,1,17,4,-1,-1,-1,-1,3,-1
2018983128418,1,9,0,16,0,0,0,0,7,4,1,1,6,1,29,6,1461,2,1,-1,1,-1
2018983128418,2,9,0,17,0,0,0,0,7,0,4,1,6,1,39,7,-1,-1,-1,-1,1,-1
2018983128918,1,19,0,18,0,1,0,0,0,0,1,1,1,1,50,8,1499,2,3,-1,1,-1
2018983128918,2,9,0,10,0,1,0,0,0,0,2,1,1,2,49,8,1398,2,11,-1,3,-1
2018983128918,3,19,0,18,0,1,5,0,0,0,1,1,1,1,39,7,2298,2,-1,-1,1,-1
2018983129918,1,9,0,9,0,6,0,0,0,0,1,1,6,2,21,5,1229,1,12,-1,3,-1
2018983129918,2,9,0,18,0,1,0,0,7,0,1,1,1,1,30,6,1968,2,6,-1,3,-1
2018983130018,1,9,0,18,0,1,0,0,0,0,1,1,6,1,79,11,-1,-1,-1,-1,1,-1
2018983130018,2,9,0,18,0,1,0,0,0,0,2,1,6,1,83,11,1299,1,14,-1,1,-1
2018983130018,3,9,0,18,0,1,0,0,0,1,2,1,6,2,49,8,996,1,4,-1,1,-1
2018983130018,4,9,0,18,0,1,0,0,0,0,1,1,6,1,55,8,-1,-1,-1,-1,3,-1
2018983130218,1,19,0,18,0,1,0,0,0,0,1,1,1,1,24,5,1560,2,7,-1,3,-1
2018983130218,2,21,0,4,0,2,0,0,0,0,2,1,1,1,61,9,-1,-1,-1,-1,3,-1
2018983130818,1,9,0,18,0,0,0,0,1,11,4,1,6,2,30,6,1461,2,4,-1,1,-1
2018983131118,1,5,0,18,0,0,2,11,1,9,1,1,6,1,63,9,249,1,11,-1,3,-1
2018983131218,1,9,0,13,0,0,0,0,0,0,2,1,6,1,78,11,1498,1,-1,8,3,8
2018983131218,2,9,0,13,0,0,0,0,0,0,1,1,6,2,25,5,1598,1,6,-1,1,-1
2018983132818,1,9,0,4,0,0,0,0,0,0,2,1,6,1,54,8,1956,2,-1,-1,1,-1
2018983132818,2,9,0,18,0,0,0,0,0,0,1,1,6,1,47,8,999,1,3,-1,3,-1
2018983133018,1,21,1,16,0,0,5,0,0,7,3,1,1,1,55,8,12809,2,2,-1,-1,-1
2018983133418,1,19,0,18,0,0,0,0,0,0,1,1,1,1,52,8,2143,2,1,1,1,1
2018983133418,2,9,0,18,0,0,0,0,0,0,1,1,6,1,46,8,1956,2,5,-1,3,-1
2018983133418,3,21,0,2,6,0,0,0,0,0,3,1,1,1,54,8,12419,2,4,-1,3,-1
2018983133818,1,11,0,18,0,0,0,0,0,0,4,1,1,1,55,8,4580,2,11,-1,3,-1
2018983133818,2,1,0,18,9,0,0,0,0,0,1,1,4,1,6,2,-1,-1,-1,-1,3,-1
2018983134018,1,9,4,18,0,0,0,0,0,0,4,1,1,1,54,8,2198,2,6,-1,3,-1
2018983134518,1,10,0,18,0,0,0,0,0,0,1,1,6,1,84,11,-1,-1,-1,-1,1,-1
2018983134518,2,9,0,18,0,0,0,0,0,0,1,1,6,2,74,10,1318,1,2,-1,1,-1
2018983134918,1,9,0,18,0,0,-1,0,0,0,1,1,6,1,-1,-1,-1,-1,-1,-1,-1,-1
2018984100518,1,9,0,18,0,0,5,0,0,4,3,1,2,2,21,5,1399,2,9,-1,3,-1
2018984100618,1,9,4,18,0,0,0,0,0,0,1,1,2,1,30,6,-1,-1,-1,-1,3,-1
2018984100618,2,9,0,4,0,0,0,0,0,0,2,1,2,2,42,7,875,1,5,-1,2,-1
2018984100818,1,9,0,13,0,0,1,0,1,2,1,1,6,1,69,10,1398,1,3,-1,2,-1
2018984100918,1,9,0,16,0,0,5,0,0,0,4,1,6,1,17,4,998,1,9,-1,3,-1
2018984101218,1,9,0,18,0,0,0,0,7,11,1,1,6,1,87,11,1997,2,9,-1,2,-1
2018984101218,2,9,0,2,0,0,1,0,1,11,2,1,6,3,-1,-1,1995,2,6,-1,-1,-1
2018984101318,1,21,1,4,0,0,0,0,0,0,2,1,1,1,51,8,10308,2,7,1,1,1
2018984101318,2,9,0,18,0,0,1,0,0,0,1,1,6,2,51,8,2191,2,3,-1,1,-1
2018984101718,1,9,0,18,0,0,5,0,7,11,1,1,6,1,42,7,1598,2,1,-1,3,-1
2018984101818,1,9,0,18,0,0,1,0,0,0,1,1,6,1,26,6,1399,1,1,-1,1,-1
2018984101818,2,19,0,18,0,0,1,0,0,0,1,1,6,1,38,7,1870,2,15,-1,1,-1
2018984102718,1,9,0,18,0,1,1,0,0,0,3,1,2,1,56,9,1398,1,1,-1,3,-1
2018984102718,2,9,0,18,0,1,1,0,0,0,1,1,2,1,53,8,2149,2,10,-1,3,-1
2018984102818,1,9,0,17,0,4,0,0,0,0,1,1,6,1,32,6,1364,1,12,-1,2,-1
2018984102818,2,3,0,18,0,3,0,0,0,0,2,1,2,2,50,8,125,1,5,-1,2,-1
2018984102918,1,9,0,18,0,0,2,0,1,11,1,1,2,2,48,8,898,1,2,-1,3,-1
2018984103218,1,9,0,18,0,0,0,0,0,0,1,1,6,3,-1,-1,-1,-1,-1,-1,-1,-1
2018984103918,1,9,0,18,0,0,1,0,5,6,1,1,6,2,34,6,1598,2,7,-1,3,-1
2018984104018,1,9,0,18,0,0,1,0,1,11,1,1,6,2,33,6,1339,1,11,-1,3,-1
2018984104118,1,9,0,18,0,0,1,0,1,11,1,1,6,1,60,9,1598,1,16,-1,3,-1
2018984104318,1,9,0,9,0,1,0,0,0,0,3,1,2,2,39,7,899,1,5,-1,2,-1
2018984104318,2,4,0,14,0,1,0,0,0,0,4,1,6,1,19,4,125,1,3,-1,3,-1
2018984104418,1,9,0,5,0,6,0,0,1,1,1,1,1,1,71,10,-1,-1,-1,-1,-1,-1
2018984104418,2,21,1,18,0,1,0,0,0,0,1,1,1,1,64,9,15607,2,10,-1,1,-1
2018984104718,1,9,0,18,0,0,0,0,0,0,1,1,2,1,45,7,1499,2,2,-1,2,-1
2018984104718,2,9,0,18,0,0,0,0,0,0,2,1,6,1,21,5,1197,1,2,-1,3,-1
2018984105418,1,9,0,16,0,0,5,0,7,7,3,1,6,1,45,7,1910,2,12,-1,3,-1
2018984105818,1,20,0,18,0,0,0,0,0,0,3,1,1,1,63,9,2998,2,1,2,1,2
2018984105818,2,9,0,18,0,0,0,0,0,0,3,1,6,2,26,6,1598,1,11,-1,1,-1
2018984106118,1,5,0,16,0,0,1,6,7,0,4,1,6,1,60,9,1002,1,17,-1,3,-1
2018984106218,1,19,0,18,0,0,0,0,0,0,4,1,1,1,42,7,1461,2,3,8,1,8
2018984106218,2,21,1,18,0,0,0,0,0,0,2,1,1,1,54,8,16120,2,6,5,1,5
2018984106618,1,9,0,18,0,1,0,0,0,0,1,1,2,1,19,4,1951,2,16,-1,3,-1
2018984106618,2,9,0,8,0,2,0,0,0,0,2,1,6,2,27,6,1685,2,2,-1,1,-1
2018984107218,1,17,4,9,0,5,0,0,0,0,3,1,1,1,56,9,-1,2,6,-1,3,-1
2018984107218,2,9,0,13,0,1,0,0,0,0,1,1,6,1,43,7,1197,1,1,-1,2,-1
2018984107318,1,5,0,13,0,0,0,0,7,0,1,1,6,1,45,7,988,1,14,-1,1,-1
2018984107318,2,9,0,18,0,0,0,0,0,0,1,1,6,1,56,9,998,1,4,-1,1,-1
2018984107318,3,9,0,18,0,0,0,0,0,0,0,1,6,2,66,10,1339,1,7,-1,3,-1
2018984107418,1,19,0,13,0,1,0,0,7,10,4,1,1,1,31,6,1560,2,2,-1,1,-1
2018984107418,2,9,0,9,0,8,0,0,0,0,3,1,6,1,77,11,999,1,1,-1,3,-1
2018984107518,1,9,0,18,0,0,0,0,5,6,3,1,6,1,74,10,2435,1,18,8,1,8
2018984107718,1,9,0,4,0,0,0,0,0,0,1,1,6,1,57,9,3628,2,11,-1,1,-1
2018984107718,2,5,0,18,0,0,0,11,0,0,3,1,6,1,28,6,749,1,9,-1,1,-1
2018984107718,3,5,0,18,0,0,0,0,0,0,1,1,6,1,27,6,988,1,17,-1,1,-1
2018984108018,1,19,0,13,0,0,5,0,0,0,4,1,6,1,48,8,2298,2,2,-1,3,-1
2018984108018,2,17,0,9,0,0,0,0,0,0,3,1,1,1,41,7,6788,2,3,-1,3,-1
2018984108118,1,19,0,9,0,1,0,0,1,0,0,1,6,3,-1,-1,-1,-1,-1,-1,-1,-1
2018984108118,2,5,0,18,0,1,0,0,0,0,2,1,6,2,58,9,1200,1,20,-1,3,-1
2018984108118,3,5,0,18,0,1,1,0,0,0,3,1,6,1,61,9,1340,1,44,-1,3,-1
2018984108218,1,5,0,17,0,2,2,0,1,0,3,1,6,1,48,8,-1,-1,-1,-1,-1,-1
2018984108318,1,9,0,16,0,0,0,0,0,0,1,1,6,2,19,4,1896,2,11,-1,2,-1
2018984108318,2,9,0,17,0,0,0,0,0,0,1,1,6,2,18,4,998,1,10,-1,3,-1
2018984108418,1,9,0,16,0,0,0,6,8,0,1,1,6,1,20,4,1900,2,11,-1,2,-1
2018984108818,1,3,0,9,0,5,5,0,0,0,3,1,2,2,19,4,114,1,4,-1,3,-1
2018984109018,1,5,0,17,0,0,0,0,0,0,4,1,6,1,45,7,-1,-1,-1,-1,-1,-1
2018984109018,2,9,0,16,0,0,0,0,0,0,4,1,6,2,76,11,1198,1,15,-1,3,-1
2018984109418,1,3,0,17,0,1,1,0,0,0,4,1,6,2,25,5,125,1,3,-1,3,-1
2018984109518,1,4,0,18,0,0,1,0,0,0,3,1,6,1,60,9,-1,-1,-1,-1,-1,-1
2018984109618,1,19,0,18,0,0,0,0,4,0,1,1,1,1,34,6,1995,2,-1,-1,1,-1
2018984109618,2,19,0,4,0,0,0,0,1,0,2,1,1,1,67,10,2148,2,8,-1,2,-1
2018984109618,3,9,0,4,0,0,0,0,4,0,4,1,6,2,31,6,1598,1,5,5,1,5
2018984109718,1,3,0,7,0,0,5,0,0,9,4,1,6,1,34,6,124,1,33,-1,2,-1
2018984109918,1,19,0,9,0,1,0,0,0,0,4,1,6,1,65,9,1598,2,4,-1,3,-1
2018984109918,2,9,0,18,0,1,0,0,0,0,3,1,6,2,47,8,1229,1,10,-1,2,-1
2018984110318,1,9,0,9,0,1,0,0,0,0,1,1,6,2,24,5,1242,1,14,-1,3,-1
2018984110318,2,9,0,18,0,1,0,0,7,0,1,1,6,2,51,8,1596,1,7,-1,2,-1
2018984110318,3,9,0,8,0,1,0,0,0,0,0,1,6,1,62,9,1461,2,7,-1,3,-1
2018984110518,1,9,0,17,0,0,0,0,7,3,1,1,6,2,27,6,1998,1,13,2,1,2
2018984110618,1,5,0,17,0,0,1,0,1,11,1,1,6,1,47,8,649,1,10,3,1,3
2018984111118,1,5,0,17,0,8,1,0,0,0,4,1,6,1,55,8,1198,1,4,7,1,7
2018984111318,1,9,0,18,0,0,0,0,7,11,1,1,6,1,49,8,1598,2,7,-1,2,-1
2018984111418,1,9,0,18,0,0,2,0,8,11,1,1,1,1,29,6,1560,2,8,-1,2,-1
2018984111518,1,5,0,17,0,0,5,0,1,0,0,1,6,1,53,8,1050,1,10,6,1,6
2018984111618,1,19,0,13,0,0,5,0,8,3,4,1,1,1,40,7,2143,2,4,9,1,9
2018984111618,2,9,0,18,0,0,0,0,1,7,3,1,6,1,32,6,1800,1,13,-1,3,-1
2018984111618,3,9,0,18,0,0,0,0,1,0,4,1,6,2,22,5,1896,2,14,-1,3,-1
2018984111818,1,9,0,16,0,1,0,0,8,10,1,1,6,1,33,6,-1,-1,-1,2,1,2
2018984111818,2,9,0,18,0,2,0,0,0,0,4,1,2,1,54,8,2993,2,2,-1,3,-1
2018984111918,1,9,0,18,0,0,0,0,0,0,1,1,6,2,68,10,1248,1,5,-1,1,-1
2018984111918,2,9,0,18,0,0,0,0,0,0,1,1,6,1,70,10,3628,2,9,-1,1,-1
2018984111918,3,9,0,18,0,0,0,0,0,0,2,1,6,1,23,5,1560,2,4,-1,1,-1
2018984111918,4,9,0,18,0,0,0,0,0,0,0,1,6,1,-1,-1,1339,1,7,-1,-1,-1
2018984112018,1,21,1,18,0,0,0,4,1,11,1,1,1,2,62,9,12809,2,4,-1,3,-1
2018984112018,2,21,1,2,0,0,0,0,0,0,2,1,1,1,56,9,12900,2,11,6,1,6
2018984112218,1,9,0,17,0,0,1,0,1,11,1,1,6,2,37,7,1598,1,6,-1,1,-1
2018984112418,1,9,0,18,0,0,2,0,8,0,3,1,6,1,17,4,1242,1,14,-1,3,-1
2018984112518,1,9,0,18,0,0,1,0,1,0,1,1,1,2,56,9,-1,-1,-1,-1,2,-1
2018984112518,2,17,4,18,0,0,0,0,0,0,3,1,1,1,23,5,-1,2,1,7,3,7
2018984112718,1,9,0,18,0,1,5,0,1,7,1,1,6,1,72,10,1896,2,10,10,1,10
2018984112818,1,9,0,18,0,1,0,0,0,0,2,1,6,1,61,9,1984,2,8,-1,3,-1
2018984112818,2,9,0,18,0,1,0,0,0,0,1,1,6,1,57,9,2987,2,13,-1,2,-1
2018984113018,1,21,1,18,0,8,0,0,0,0,1,1,1,1,61,9,15607,2,4,-1,1,-1
2018984113018,2,19,4,7,0,5,0,0,1,7,2,1,1,1,51,8,2198,2,2,-1,3,-1
2018984113318,1,9,0,18,0,0,5,11,1,4,1,1,1,1,54,8,2993,2,12,3,1,3
2018984113618,1,9,0,16,0,0,5,0,0,0,1,1,6,1,91,11,1396,1,7,-1,3,-1
2018984113618,2,9,0,3,0,0,0,0,0,0,1,1,6,1,29,6,1596,1,13,-1,1,-1
2018984113618,3,9,0,3,0,0,0,0,0,0,1,1,6,1,56,9,-1,-1,-1,-1,3,-1
2018984114018,1,11,0,4,0,0,0,0,0,0,1,1,1,2,58,9,6696,2,6,-1,3,-1
2018984114318,1,9,0,9,0,2,0,0,0,0,3,1,2,2,20,4,1461,2,3,-1,3,-1
2018984114318,2,9,0,18,0,1,1,0,0,0,2,1,6,1,56,9,1560,2,8,8,1,8
2018984114518,1,9,0,18,0,2,0,0,0,0,4,1,6,2,53,8,1597,2,1,-1,3,-1
2018984114618,1,9,0,5,0,0,0,0,0,0,1,1,3,2,28,6,1685,2,4,-1,2,-1
2018984114918,1,21,1,18,0,1,1,0,0,0,1,1,1,1,58,9,12740,2,5,-1,3,-1
2018984114918,2,9,0,18,0,1,0,0,0,0,2,1,2,1,36,7,2204,2,9,-1,2,-1
2018984114918,3,9,0,18,0,1,0,0,0,0,2,1,3,1,33,6,1598,2,-1,-1,1,-1
2018984115118,1,9,0,17,0,8,0,11,0,0,1,1,2,2,33,6,996,1,5,-1,1,-1
2018984115218,1,9,0,18,0,0,5,0,4,6,3,1,6,1,53,8,1598,2,2,-1,1,-1
2018984115318,1,9,0,4,0,1,1,0,0,0,2,1,6,2,19,4,1398,1,2,-1,3,-1
2018984115318,2,9,0,4,0,1,1,0,0,0,2,1,6,2,47,8,1242,1,4,-1,3,-1
2018984115318,3,9,0,4,0,1,1,0,0,0,1,1,6,1,46,8,1598,2,3,-1,3,-1
2018984115418,1,19,0,18,7,0,0,4,0,0,1,1,1,1,29,6,2143,2,1,-1,-1,-1
2018984115418,2,19,0,2,7,0,0,0,0,7,2,1,1,1,54,8,2143,2,3,7,1,7
2018984115518,1,9,0,16,0,0,1,0,0,0,1,1,6,1,25,5,1900,2,14,-1,1,-1
2018984115518,2,9,0,17,0,0,0,0,1,0,1,1,6,1,55,8,1968,2,1,-1,3,-1
2018984115718,1,9,0,18,0,0,0,0,0,0,1,1,6,1,24,5,998,1,7,-1,3,-1
2018984115718,2,9,0,18,0,0,0,0,0,0,1,1,6,1,63,9,2993,2,14,-1,3,-1
2018984115918,1,21,1,18,7,0,0,4,0,0,1,1,1,1,54,8,10837,2,3,-1,1,-1
2018984115918,2,9,0,2,6,0,0,0,1,0,2,1,6,3,-1,-1,1397,1,11,-1,-1,-1
2018984116018,1,9,0,9,0,0,0,0,0,0,3,1,6,1,67,10,998,1,4,-1,3,-1
2018984116018,2,9,0,15,0,0,1,0,7,4,4,1,6,1,24,5,3000,2,21,-1,3,-1
2018984116018,3,9,0,2,6,0,0,0,0,0,4,1,6,3,-1,-1,2400,2,5,-1,-1,-1
2018984116318,1,2,0,18,0,1,1,0,0,0,3,1,1,1,60,9,49,1,10,-1,3,-1
2018984116418,1,9,0,18,0,0,0,12,0,0,1,1,2,2,21,5,899,1,5,-1,2,-1